"CRN","ARRIVAL_TM","AUTOMOBILE_COUNT","BELTED_DEATH_COUNT","BELTED_SUSP_SERIOUS_INJ_COUNT","BICYCLE_COUNT","BICYCLE_DEATH_COUNT","BICYCLE_SUSP_SERIOUS_INJ_COUNT","BUS_COUNT","CHLDPAS_DEATH_COUNT","CHLDPAS_SUSP_SERIOUS_INJ_COUNT","COLLISION_TYPE","COMM_VEH_COUNT","CONS_ZONE_SPD_LIM","COUNTY","CRASH_MONTH","CRASH_YEAR","DAY_OF_WEEK","DEC_LATITUDE","DEC_LONGITUDE","DISPATCH_TM","DISTRICT","DRIVER_COUNT_16YR","DRIVER_COUNT_17YR","DRIVER_COUNT_18YR","DRIVER_COUNT_19YR","DRIVER_COUNT_20YR","DRIVER_COUNT_50_64YR","DRIVER_COUNT_65_74YR","DRIVER_COUNT_75PLUS","EST_HRS_CLOSED","FATAL_COUNT","HEAVY_TRUCK_COUNT","HORSE_BUGGY_COUNT","HOUR_OF_DAY","ILLUMINATION","INJURY_COUNT","INTERSECTION_RELATED","INTERSECT_TYPE","LANE_CLOSED","LATITUDE","LN_CLOSE_DIR","LOCATION_TYPE","LONGITUDE","MAX_SEVERITY_LEVEL","MCYCLE_DEATH_COUNT","MCYCLE_SUSP_SERIOUS_INJ_COUNT","MOTORCYCLE_COUNT","MUNICIPALITY","NONMOTR_COUNT","NONMOTR_DEATH_COUNT","NONMOTR_SUSP_SERIOUS_INJ_COUNT","NTFY_HIWY_MAINT","PED_COUNT","PED_DEATH_COUNT","PED_SUSP_SERIOUS_INJ_COUNT","PERSON_COUNT","POLICE_AGCY","POSSIBLE_INJ_COUNT","RDWY_SURF_TYPE_CD","RELATION_TO_ROAD","ROADWAY_CLEARED","ROAD_CONDITION","SCH_BUS_IND","SCH_ZONE_IND","SECONDARY_CRASH","SMALL_TRUCK_COUNT","SPEC_JURIS_CD","SUSP_MINOR_INJ_COUNT","SUSP_SERIOUS_INJ_COUNT","SUV_COUNT","TCD_FUNC_CD","TCD_TYPE","TFC_DETOUR_IND","TIME_OF_DAY","TOTAL_UNITS","TOT_INJ_COUNT","UNBELTED_OCC_COUNT","UNB_DEATH_COUNT","UNB_SUSP_SERIOUS_INJ_COUNT","UNK_INJ_DEG_COUNT","UNK_INJ_PER_COUNT","URBAN_RURAL","VAN_COUNT","VEHICLE_COUNT","WEATHER1","WEATHER2","WORKERS_PRES","WORK_ZONE_IND","WORK_ZONE_LOC","WORK_ZONE_TYPE","WZ_CLOSE_DETOUR","WZ_FLAGGER","WZ_LAW_OFFCR_IND","WZ_LN_CLOSURE","WZ_MOVING","WZ_OTHER","WZ_SHLDER_MDN","WZ_WORKERS_INJ_KILLED"
"2016023653","1126","2","0","0","0","0","0","0","0","0","4","0","","02","2","2016","2","40.352757","-79.821461","1125","11","0","0","0","0","0","1","0","1","","0","0","0","","","0","","1","","40 21:09.924","","0","79 49:17.259","0","0","0","0","2477","0","0","0","N","0","0","0","3","02477","0","","1.0","","1","N","N","","0","","0","0","0","","3","","","2","0","0","0","0","0","0","2","0","2","","","","N","","","","","","","","","",""
"2016023264","1540","0","0","0","0","0","0","0","0","0","7","0","","02","2","2016","3","40.582137","-79.911465","1538","11","0","0","0","0","0","0","0","1","1","0","0","0","","","0","","0","","40 34:55.694","3","0","79 54:41.273","0","0","0","0","2209","0","0","0","N","0","0","0","1","02209","0","","5.0","","1","N","N","","1","","0","0","0","","0","N","","1","0","1","0","0","0","0","1","0","1","","","","N","","","","","","","","","",""
"2016021771","2306","0","0","0","0","0","0","0","0","0","1","0","","02","2","2016","3","40.338951","-79.959626","2300","11","0","0","0","0","1","0","0","0","","0","0","0","","","0","","0","","40 20:20.222","","0","79 57:34.653","0","0","0","0","2454","0","0","0","N","0","0","0","3","02454","0","","1.0","","1","N","N","","1","","0","0","1","","2","","","2","0","0","0","0","0","0","2","0","2","","","","N","","","","","","","","","",""
"2016022383","1101","0","0","0","0","0","0","0","0","0","5","0","","02","2","2016","5","40.449321","-79.999035","1053","11","0","0","0","0","0","0","0","0","","0","0","0","","","0","","1","","40 26:57.555","","0","79 59:56.527","0","0","0","0","2301","0","0","0","N","0","0","0","2","02301","0","","1.0","","1","N","N","","0","","0","0","2","","0","","","2","0","0","0","0","0","0","2","0","2","","","","N","","","","","","","","","",""
"2016022465","2035","1","0","0","0","0","0","0","0","0","1","0","","02","2","2016","4","40.439333","-79.768611","2032","11","0","0","0","0","0","2","0","0","","0","0","0","","","3","","0","","40 26:21.600","","0","79 46:07.000","3","0","0","0","2446","0","0","0","N","0","0","0","3","02446","0","","1.0","","9","N","N","","0","","1","0","0","","2","","","2","3","3","0","0","2","0","2","1","2","","","","N","","","","","","","","","",""
"2016023116","1317","1","0","0","0","0","0","0","0","0","7","0","","02","2","2016","6","40.459033","-79.9658","1306","11","0","0","0","0","0","0","0","0","","0","0","0","","","0","","0","","40 27:32.520","","0","79 57:56.880","0","0","0","0","2301","0","0","0","N","0","0","0","1","02301","0","","5.0","","1","N","N","","0","","0","0","0","","0","","","1","0","0","0","0","0","0","2","0","1","","","","N","","","","","","","","","",""
"2016023184","1658","1","0","0","0","0","0","0","0","0","4","0","","02","2","2016","4","40.347675","-79.951733","1656","11","0","0","0","0","0","0","0","0","2","0","0","0","","","0","","2","","40 20:51.631","3","0","79 57:06.239","0","0","0","0","2473","0","0","0","Y","0","0","0","2","02473","0","","1.0","","1","N","N","","1","","0","0","0","","2","N","","2","0","0","0","0","0","0","2","0","2","","","","N","","","","","","","","","",""
"2016002082","1604","0","0","0","0","0","0","0","0","0","1","1","","02","1","2016","3","40.480526","-79.965056","1600","11","0","0","0","0","0","1","0","0","1","0","1","0","","","1","","0","","40 28:49.892","1","0","79 57:54.203","8","0","0","0","2118","0","0","0","N","0","0","0","2","02118","0","","1.0","","1","N","N","","0","","0","0","1","","0","N","","2","1","0","0","0","1","0","2","0","2","","","","N","","","","","","","","","",""
"2016023117","0945","1","0","0","0","0","0","0","0","0","1","0","","02","2","2016","6","40.624488","-80.053906","0940","11","0","0","0","0","0","1","0","0","","0","0","0","","","1","","2","","40 37:28.157","","0","80 03:14.062","4","0","0","0","2216","0","0","0","N","0","0","0","3","02505","1","","1.0","","1","N","N","","0","","0","0","1","","3","","","2","1","0","0","0","0","0","1","0","2","","","","N","","","","","","","","","",""
"2016023186","1502","1","0","0","0","0","0","0","0","0","4","0","","02","2","2016","5","40.396758","-80.184717","1501","11","1","0","0","0","0","1","0","0","","0","0","0","","","0","","2","","40 23:48.329","","0","80 11:04.980","0","0","0","0","2450","0","0","0","N","0","0","0","3","02450","0","","1.0","","9","N","N","","0","","0","0","0","","3","","","2","0","0","0","0","0","0","2","1","2","","","","N","","","","","","","","","",""
"2016021548","1255","2","0","0","0","0","0","0","0","0","7","0","","02","2","2016","3","40.457489","-79.989506","1242","11","0","0","0","0","0","0","0","1","2","0","0","0","","","1","","0","","40 27:26.960","6","0","79 59:22.220","3","0","0","0","2301","0","0","0","N","0","0","0","3","02301","0","","2.0","","1","N","N","","0","","1","0","0","","0","Y","","2","1","1","0","0","0","0","2","0","2","","","","N","","","","","","","","","",""
"2016021238","1350","1","0","0","0","0","0","0","0","0","1","0","","02","2","2016","7","40.66734","-80.096368","1343","11","0","0","0","0","0","1","0","0","1","0","0","0","","","0","","2","","40 40:02.423","3","0","80 05:46.925","0","0","0","0","2212","0","0","0","N","0","0","0","4","02505","0","","1.0","","1","N","N","","0","","0","0","1","","2","N","","2","0","0","0","0","0","0","2","0","2","","","","N","","","","","","","","","",""
"2016023187","1950","1","0","0","0","0","0","0","0","0","1","0","","02","2","2016","6","40.596465","-79.754456","1946","11","0","0","1","0","0","0","0","0","1","0","0","0","","","0","","0","","40 35:47.274","1","3","79 45:16.043","0","0","0","0","2464","0","0","0","N","0","0","0","4","64305","0","","1.0","","1","N","N","","0","","0","0","2","","0","N","","3","0","0","0","0","0","0","2","0","3","","","","N","","","","","","","","","",""
"2016023201","0957","1","0","0","0","0","0","0","0","0","1","0","","02","2","2016","7","40.297394","-80.042949","0956","11","0","0","0","0","0","0","0","0","2","0","0","0","","","1","","0","","40 17:50.620","3","0","80 02:34.615","4","0","0","0","2407","0","0","0","N","0","0","0","3","02407","1","","1.0","","1","N","N","","0","","0","0","2","","0","Y","","3","1","0","0","0","0","0","2","0","3","","","","N","","","","","","","","","",""
"2016000426","1848","2","0","0","0","0","0","0","0","0","4","0","","02","1","2016","7","40.455407","-80.006604","1845","11","0","0","0","0","0","1","0","0","1","0","0","0","","","1","","1","","40 27:19.465","1","0","80 00:23.774","8","0","0","0","2301","0","0","0","N","0","0","0","4","02301","0","","1.0","","1","N","N","","0","","0","0","0","","2","N","","2","1","0","0","0","1","0","2","0","2","","","","N","","","","","","","","","",""
"2016023042","0141","0","0","0","0","0","0","0","0","0","7","0","","02","2","2016","7","40.441222","-79.995556","0138","11","0","0","0","0","0","1","0","0","2","0","0","0","","","0","","0","","40 26:28.400","3","0","79 59:44.000","0","0","0","0","2301","0","0","0","N","0","0","0","1","02301","0","","3.0","","1","N","N","","0","","0","0","1","","0","N","","1","0","0","0","0","0","0","2","0","1","","","","N","","","","","","","","","",""
"2016002085","1737","2","0","0","0","0","0","0","0","0","4","0","","02","1","2016","4","40.437893","-80.002309","1737","11","0","0","0","0","0","2","0","0","","0","0","0","","","1","","1","","40 26:16.414","","0","80 00:08.312","4","0","0","0","2301","0","0","0","N","0","0","0","2","02301","1","","1.0","","1","N","N","","0","","0","0","0","","3","","","2","1","0","0","0","0","0","2","0","2","","","","N","","","","","","","","","",""
"2016023485","1952","1","0","0","0","0","0","0","0","0","8","0","","02","2","2016","4","40.293287","-79.888807","1952","11","0","0","0","0","0","0","0","0","1","0","0","0","","","1","","0","","40 17:35.833","2","0","79 53:19.704","4","0","0","0","2302","1","0","0","N","1","0","0","4","02302","1","","1.0","","1","N","N","","0","","0","0","0","","2","Y","","2","1","0","0","0","0","0","2","0","1","","","","N","","","","","","","","","",""
"2016023600","1310","2","0","0","0","0","0","0","0","0","1","0","","02","2","2016","7","40.451583","-79.990722","1303","11","0","0","0","0","1","0","1","0","1","0","0","0","","","0","","0","","40 27:05.700","2","3","79 59:26.600","0","0","0","0","2301","0","0","0","N","0","0","0","2","02301","0","","1.0","","1","N","N","","0","","0","0","0","","0","N","","2","0","0","0","0","0","0","2","0","2","","","","N","","","","","","","","","",""
"2016021240","1958","0","0","0","0","0","0","0","0","0","1","0","","02","2","2016","7","40.38956","-80.041619","1953","11","0","0","0","0","0","1","0","0","","0","0","0","","","1","","2","","40 23:22.417","","0","80 02:29.830","8","0","0","0","2109","0","0","0","","0","0","0","2","02109","0","","1.0","","1","N","N","","0","","0","0","2","","2","","","2","1","0","0","0","1","0","2","0","2","","","","N","","","","","","","","","",""
"2016021480","1247","0","0","0","0","0","0","0","0","0","7","0","","02","2","2016","2","40.597138","-79.889086","1234","11","0","0","0","0","0","0","0","0","1","0","0","0","","","0","","0","","40 35:49.696","4","0","79 53:20.709","0","0","0","0","2220","0","0","0","N","0","0","0","1","02220","0","","5.0","","1","N","N","","1","","0","0","0","","0","N","","1","0","0","0","0","0","0","1","0","1","","","","N","","","","","","","","","",""
"2016001914","1528","1","0","0","0","0","0","0","0","0","1","0","","02","1","2016","4","40.581423","-79.956274","1519","11","0","0","0","0","0","1","1","0","1","0","0","0","","","0","","2","","40 34:53.122","1","0","79 57:22.586","0","0","0","0","2207","0","0","0","N","0","0","0","2","02207","0","","1.0","","98","N","N","","0","","0","0","1","","0","N","","2","0","0","0","0","0","0","2","0","2","","","","N","","","","","","","","","",""
"2016000430","1903","0","0","0","0","0","0","0","0","0","1","0","","02","1","2016","7","40.624474","-80.053825","1901","11","0","0","0","0","0","0","0","0","","0","0","0","","","3","","3","","40 37:28.105","","0","80 03:13.771","8","0","0","0","2216","0","0","0","N","0","0","0","6","02505","0","","1.0","","1","N","N","","0","","0","0","2","","3","","","2","3","0","0","0","3","0","1","0","2","","","","N","","","","","","","","","",""
"2016023487","1848","0","0","0","0","0","0","0","0","0","0","0","","02","2","2016","1","40.659473","-79.844446","1839","11","0","0","0","1","0","0","0","0","","0","0","0","","","1","","0","","40 39:34.103","","0","79 50:40.007","3","0","0","1","2220","0","0","0","N","0","0","0","1","02220","0","","5.0","","1","N","N","","0","","1","0","0","","0","","","1","1","0","0","0","0","0","1","0","1","","","","N","","","","","","","","","",""
"2016022069","1448","1","0","0","0","0","0","0","0","0","4","0","","02","2","2016","3","40.572128","-80.023673","1442","11","0","0","0","0","0","0","0","1","1","0","0","0","","","1","","1","","40 34:19.660","2","0","80 01:25.221","8","0","0","0","2108","0","0","0","N","0","0","0","2","02108","0","","1.0","","1","N","N","","0","","0","0","1","","2","N","","2","1","0","0","0","1","0","2","0","2","","","","N","","","","","","","","","",""
"2016002696","1805","1","0","0","0","0","0","0","0","0","1","0","","02","1","2016","5","40.31059","-79.937639","1805","11","0","0","0","0","0","0","0","0","2","0","0","0","","","0","","0","","40 18:38.123","2","0","79 56:15.502","0","0","0","0","2440","0","0","0","N","0","0","0","2","02440","0","","1.0","","1","N","N","","0","","0","0","1","","0","N","","2","0","0","0","0","0","0","2","0","2","","","","N","","","","","","","","","",""
"2016002818","1453","0","0","0","0","0","0","0","0","0","99","0","","02","1","2016","4","40.442838","-80.181507","1445","11","0","0","0","0","0","0","0","0","","0","0","0","","","0","","0","","40 26:34.218","","0","80 10:53.426","0","0","0","0","2214","0","0","0","N","0","0","0","1","68B03","0","","1.0","","1","N","N","","1","","0","0","0","","0","","","1","0","0","0","0","0","0","2","0","1","","","","N","","","","","","","","","",""
"2016023045","0215","5","0","0","0","0","0","0","0","0","1","0","","02","2","2016","7","40.457198","-79.89988","0212","11","0","0","0","0","0","0","0","0","2","0","0","0","","","3","","0","","40 27:25.912","7","0","79 53:59.567","8","0","0","0","2301","0","0","0","N","0","0","0","4","02301","0","","2.0","","1","N","N","","0","","0","0","0","","0","N","","5","3","0","0","0","3","1","2","0","5","","","","N","","","","","","","","","",""
"2016023488","1738","1","0","0","0","0","0","0","0","0","4","0","","02","2","2016","1","40.442933","-79.772979","1736","11","0","0","0","0","0","1","0","2","2","0","0","0","","","2","","1","","40 26:34.558","1","0","79 46:22.724","8","0","0","0","2446","0","0","0","N","0","0","0","5","02446","0","","1.0","","1","N","N","","0","","0","0","1","","3","Y","","3","2","0","0","0","2","0","2","1","3","","","","N","","","","","","","","","",""
"2016022070","1932","0","0","0","0","0","0","0","0","0","7","0","","02","2","2016","2","40.460344","-80.149342","1930","11","0","0","0","0","0","0","0","0","2","0","0","0","","","0","","0","","40 27:37.237","3","0","80 08:57.630","0","0","0","0","2115","0","0","0","N","0","0","0","1","02115","0","","4.0","","1","N","N","","0","","0","0","1","","0","N","","1","0","0","0","0","0","0","2","0","1","","","","N","","","","","","","","","",""
"2016022071","1940","1","0","0","0","0","0","0","0","0","4","0","","02","2","2016","3","40.448948","-80.162827","1940","11","1","0","0","0","0","0","0","0","","0","0","0","","","0","","1","","40 26:56.212","","0","80 09:46.177","0","0","0","0","2115","0","0","0","N","0","0","0","3","02115","0","","1.0","","1","N","N","","0","","0","0","0","","2","","","2","0","0","0","0","0","0","2","1","2","","","","N","","","","","","","","","",""
"2016023123","1451","4","0","0","0","0","0","0","0","0","4","0","","02","2","2016","6","40.386936","-79.995589","1444","11","0","0","0","0","0","1","0","0","","0","0","0","","","2","","0","","40 23:12.968","","0","79 59:44.119","3","0","0","0","2301","0","0","0","N","0","0","0","6","02301","0","","1.0","","1","N","N","","1","","2","0","1","","0","","","6","2","0","0","0","0","0","2","0","6","","","","N","","","","","","","","","",""
"2016022072","1014","1","0","0","0","0","0","0","0","0","7","0","","02","2","2016","1","40.292949","-80.030785","1011","11","0","0","0","0","0","0","1","0","1","0","0","0","","","1","","0","","40 17:34.616","5","3","80 01:50.826","3","0","0","0","2407","0","0","0","N","0","0","0","1","02407","0","","2.0","","1","N","N","","0","","1","0","0","","0","Y","","1","1","1","0","0","0","0","2","0","1","","","","N","","","","","","","","","",""
"2016000532","1534","1","0","0","0","0","0","0","0","0","4","0","","02","1","2016","1","40.338335","-79.953323","1528","11","0","0","0","0","0","0","0","1","","0","0","0","","","0","","0","","40 20:18.005","","7","79 57:11.961","0","0","0","0","2454","0","0","0","N","0","0","0","4","02454","0","","1.0","","1","N","N","","0","","0","0","0","","0","","","2","0","0","0","0","0","0","2","1","2","","","","N","","","","","","","","","",""
"2016002700","1633","1","0","0","0","0","0","0","0","0","4","0","","02","1","2016","5","40.403317","-80.091453","1633","11","0","0","0","0","0","1","0","0","","0","0","0","","","0","","1","","40 24:11.941","","0","80 05:29.230","0","0","0","0","2415","0","0","0","N","0","0","0","2","02415","0","","1.0","","1","N","N","","0","","0","0","1","","3","","","2","0","0","0","0","0","0","2","0","2","","","","N","","","","","","","","","",""
"2016023062","1551","0","0","0","0","0","0","0","0","0","7","0","","02","2","2016","1","40.537993","-80.235249","1547","11","0","0","0","0","0","0","0","0","2","0","0","0","","","1","","2","","40 32:16.773","4","0","80 14:06.897","4","0","0","0","2213","0","0","0","N","0","0","0","1","02213","1","","4.0","","1","N","N","","0","","0","0","1","","0","Y","","1","1","0","0","0","0","0","2","0","1","","","","N","","","","","","","","","",""
"2016023195","1658","1","0","0","0","0","0","0","0","0","8","0","","02","2","2016","7","40.370519","-79.975201","1656","11","0","0","0","0","0","0","0","0","","0","0","0","","","1","","1","","40 22:13.868","","0","79 58:30.723","8","0","0","0","2413","1","0","0","N","1","0","0","2","02413","0","","1.0","","1","N","N","","0","","0","0","0","","2","","","2","1","0","0","0","1","0","2","0","1","","","","N","","","","","","","","","",""
"2016021329","0033","2","0","0","0","0","0","0","0","0","2","0","","02","2","2016","7","40.47357","-79.972123","0033","11","0","0","0","0","0","0","0","0","1","0","0","0","","","2","","6","","40 28:24.852","2","8","79 58:19.643","3","0","0","0","2445","0","0","0","N","0","0","0","3","02445","0","","1.0","","1","N","Y","","0","","2","0","0","","4","N","","2","2","0","0","0","0","0","2","0","2","","","","N","","","","","","","","","",""
"2016001148","1555","2","0","0","0","0","0","0","0","0","5","0","","02","1","2016","2","40.427689","-79.977342","1555","11","0","0","0","0","0","1","0","0","","0","0","0","","","0","","0","","40 25:39.680","","0","79 58:38.430","0","0","0","0","2301","0","0","0","N","0","0","0","2","02301","0","","1.0","","1","N","N","","0","","0","0","1","","0","","","3","0","0","0","0","0","0","2","0","3","","","","N","","","","","","","","","",""
"2016002736","1852","2","0","0","0","0","0","0","0","0","2","0","","02","1","2016","5","40.474202","-79.931507","1836","11","0","0","0","0","0","0","0","0","2","0","0","0","","","2","","0","","40 28:27.127","5","0","79 55:53.425","3","0","0","0","2301","0","0","0","N","0","0","0","5","02301","1","","1.0","","1","N","N","","0","","1","0","0","","0","N","","2","2","0","0","0","0","0","2","0","2","","","","N","","","","","","","","","",""
"2016023493","2003","1","0","0","0","0","0","0","0","0","6","0","","02","2","2016","7","40.487502","-79.882923","2000","11","0","0","0","0","0","1","0","0","","0","1","0","","","0","","1","","40 29:15.007","","0","79 52:58.523","0","0","0","0","2112","0","0","0","N","0","0","0","2","02112","0","","1.0","","1","N","N","","0","","0","0","0","","2","","","2","0","2","0","0","0","0","2","0","2","","","","N","","","","","","","","","",""
"2016023063","1519","2","0","0","0","0","0","0","0","0","1","0","","02","2","2016","4","40.503036","-80.201312","1517","11","0","0","0","0","0","0","0","1","2","0","0","0","","","2","","2","","40 30:10.929","3","0","80 12:04.723","4","0","0","0","2213","0","0","0","N","0","0","0","3","02213","2","","1.0","","9","N","N","","0","","0","0","0","","0","Y","","2","2","1","0","0","0","0","2","0","2","","","","N","","","","","","","","","",""
"2016001922","0850","2","0","0","0","0","0","0","0","0","4","0","","02","1","2016","4","40.437117","-80.157303","0845","11","0","0","0","0","0","1","0","0","1","0","0","0","","","1","","2","","40 26:13.620","3","0","80 09:26.290","4","0","0","0","2115","0","0","0","N","0","0","0","2","02115","1","","1.0","","1","N","N","","0","","0","0","0","","2","N","","2","1","0","0","0","0","0","2","0","2","","","","N","","","","","","","","","",""
"2016002703","1927","0","0","0","0","0","0","0","0","0","7","0","","02","1","2016","1","40.630065","-79.985109","1927","11","0","0","0","1","0","0","0","0","1","0","0","0","","","0","","0","","40 37:48.234","3","3","79 59:06.392","0","0","0","0","2217","0","0","0","N","0","0","0","1","02505","0","","4.0","","2","N","N","","0","","0","0","1","","0","N","","1","0","0","0","0","0","0","2","0","1","","","","N","","","","","","","","","",""
"2016000469","2330","2","0","0","0","0","0","0","0","0","6","0","","02","1","2016","7","40.457237","-79.934066","2324","11","0","0","0","0","0","1","0","0","","0","0","0","","","0","","1","","40 27:26.053","","0","79 56:02.637","0","0","0","0","2301","0","0","0","N","0","0","0","4","02301","0","","1.0","","1","N","N","","0","","0","0","1","","2","","","3","0","0","0","0","0","0","2","0","3","","","","N","","","","","","","","","",""
"2016023494","1801","2","0","0","0","0","0","0","0","0","4","0","","02","2","2016","1","40.653193","-80.079499","1757","11","0","0","0","0","0","1","0","0","1","0","0","0","","","1","","1","","40 39:11.496","3","0","80 04:46.197","4","0","0","0","2212","0","0","0","N","0","0","0","3","02505","1","","1.0","","1","N","N","","0","","0","0","0","","3","N","","2","1","0","0","0","0","0","2","0","2","","","","N","","","","","","","","","",""
"2016023198","1619","1","0","0","0","0","0","0","0","0","4","0","","02","2","2016","1","40.540991","-80.036009","1619","11","0","0","0","0","0","1","0","0","","0","0","0","","","0","","1","","40 32:27.566","","0","80 02:09.631","0","0","0","0","2116","0","0","0","","0","0","0","3","02116","0","","1.0","","1","","","","0","","0","0","1","","2","","","2","0","0","0","0","0","0","2","0","2","","","","N","","","","","","","","","",""
"2016000470","0304","0","0","0","0","0","0","0","0","0","7","0","","02","1","2016","1","40.438835","-79.912947","0304","11","0","0","0","0","0","0","0","0","","0","0","0","","","1","","0","","40 26:19.807","","0","79 54:46.609","8","0","0","0","2301","0","0","0","N","0","0","0","1","02301","0","","5.0","","1","N","N","","0","","0","0","1","","0","","","1","1","0","0","0","1","0","2","0","1","","","","N","","","","","","","","","",""
"2016002738","2231","1","0","0","0","0","0","0","0","0","4","0","","02","1","2016","5","40.517089","-79.726591","2219","11","0","0","0","0","0","0","0","0","2","0","0","0","","","1","","1","","40 31:01.521","5","0","79 43:35.729","8","0","0","0","2466","0","0","0","N","0","0","0","2","02466","0","","1.0","","1","N","N","","1","","0","0","0","","3","N","","2","1","0","0","0","1","0","1","0","2","","","","N","","","","","","","","","",""
"2016022984","1442","2","0","0","0","0","0","0","0","0","1","0","","02","2","2016","6","40.341667","-79.827979","1442","11","0","1","0","0","0","1","0","0","","0","0","0","","","0","","2","","40 20:30.001","","0","79 49:40.724","0","0","0","0","2304","0","0","0","N","0","0","0","2","02304","0","","1.0","","1","N","N","","0","","0","0","0","","0","","","2","0","0","0","0","0","0","2","0","2","","","","N","","","","","","","","","",""
"2016023052","0333","0","0","0","0","0","0","0","0","0","7","0","","02","2","2016","7","40.485873","-79.82067","0332","11","0","0","0","0","0","0","0","0","1","0","0","0","","","0","","0","","40 29:09.142","5","0","79 49:14.411","0","0","0","0","2113","0","0","0","N","0","0","0","1","02113","0","","5.0","","1","N","N","","0","","0","0","1","","0","N","","1","0","0","0","0","0","0","2","0","1","","","","N","","","","","","","","","",""
"2016001151","1746","1","0","0","0","0","0","0","0","0","7","0","","02","1","2016","2","40.366239","-79.992964","1746","11","0","0","0","0","0","0","0","0","4","0","0","0","","","1","","0","","40 21:58.460","5","0","79 59:34.670","8","0","0","0","2476","0","0","0","N","0","0","0","1","02476","0","","4.0","","9","N","N","","0","","0","0","0","","0","Y","","1","1","0","0","0","1","0","2","0","1","","","","N","","","","","","","","","",""
"2016002739","0509","1","0","0","0","0","0","0","0","0","7","0","","02","1","2016","6","40.500273","-80.022099","0458","11","0","0","0","0","0","0","0","0","2","0","0","0","","","1","","0","","40 30:00.984","3","0","80 01:19.555","4","0","0","0","2116","0","0","0","","0","0","0","1","02116","1","","5.0","","1","","","","0","","0","0","0","","0","N","","1","1","0","0","0","0","0","2","0","1","","","","N","","","","","","","","","",""
"2016023497","1629","1","0","0","0","0","0","0","0","0","6","0","","02","2","2016","3","40.529939","-79.952898","1625","11","0","1","0","0","0","0","0","1","1","0","0","0","","","1","","2","","40 31:47.782","1","0","79 57:10.433","8","0","0","0","2118","0","0","0","N","0","0","0","2","02118","0","","1.0","","1","N","N","","0","","0","0","1","","2","N","","2","1","0","0","0","1","0","2","0","2","","","","N","","","","","","","","","",""
"2016021320","0509","2","0","0","0","0","0","0","0","0","5","0","","02","2","2016","2","40.418472","-79.888761","0506","11","0","0","0","0","0","0","0","0","4","0","0","0","","","1","","0","","40 25:06.500","7","0","79 53:19.540","2","0","0","0","2463","0","0","0","N","0","0","0","1","02463","0","","1.0","","1","N","N","","1","","0","1","0","","0","Y","","3","1","0","0","0","0","0","2","0","3","","","","N","","","","","","","","","",""
"2016023200","1140","3","0","0","0","0","0","0","0","0","6","0","","02","2","2016","7","40.469594","-79.975891","1030","11","0","0","0","0","0","0","0","1","4","0","0","0","","","2","","0","","40 28:10.539","1","0","79 58:33.209","3","0","0","0","2301","0","0","0","N","0","0","0","3","02301","0","","1.0","","1","N","N","","0","","1","0","0","","0","Y","","3","2","0","0","0","1","0","2","0","3","","","","N","","","","","","","","","",""
"2016021580","1558","1","0","0","0","0","0","0","0","0","1","0","","02","2","2016","3","40.384419","-79.983753","1553","11","0","0","0","0","0","0","0","1","2","0","0","0","","","1","","0","","40 23:03.910","3","0","79 59:01.510","4","0","0","0","2301","0","0","0","N","0","0","0","1","02301","1","","4.0","","1","N","N","","1","","0","0","0","","0","N","","2","1","0","0","0","0","0","2","0","2","","","","N","","","","","","","","","",""
"2016002706","1400","2","0","0","0","0","0","0","0","0","2","0","","02","1","2016","4","40.437583","-79.96527","1400","11","0","0","0","0","0","0","0","0","","0","0","0","","","1","","2","","40 26:15.298","","0","79 57:54.972","3","0","0","0","2301","0","0","0","N","0","0","0","3","02301","0","","1.0","","1","N","N","","0","","1","0","0","","0","","","2","1","0","0","0","0","0","2","0","2","","","","N","","","","","","","","","",""
"2016002742","2327","1","0","0","0","0","0","0","0","0","7","0","","02","1","2016","5","40.429131","-79.988528","2315","11","0","0","0","0","0","0","0","0","","0","0","0","","","1","","0","","40 25:44.870","","0","79 59:18.700","8","0","0","0","2301","0","0","0","N","0","0","0","1","02301","0","","5.0","","1","N","N","","0","","0","0","0","","0","","","1","1","0","0","0","1","0","2","0","1","","","","N","","","","","","","","","",""
"2016022986","1617","0","0","0","0","0","0","1","0","0","3","1","","02","2","2016","6","40.624774","-79.928542","1607","11","0","1","0","0","0","1","0","0","","0","0","0","","","0","","0","","40 37:29.186","","0","79 55:42.751","0","0","0","0","2217","0","0","0","N","0","0","0","22","02505","0","","1.0","","1","Y","N","","0","","0","0","1","","0","","","2","0","0","0","0","0","0","2","0","2","","","","N","","","","","","","","","",""
"2016021494","0834","0","0","0","0","0","0","0","0","0","2","1","","02","2","2016","3","40.336892","-79.949207","0827","11","0","0","0","0","0","0","0","0","2","0","1","0","","","1","","0","","40 20:12.812","5","0","79 56:57.146","8","0","0","0","2473","0","0","0","N","0","0","0","2","02473","0","","1.0","","1","N","N","","0","","0","0","1","","2","Y","","2","1","0","0","0","1","0","2","0","2","","","","N","","","","","","","","","",""
"2016001154","1854","1","0","0","0","0","0","0","0","0","1","0","","02","1","2016","2","40.274557","-79.893732","1852","11","0","0","0","1","0","0","0","0","2","0","0","0","","","1","","0","","40 16:28.404","2","0","79 53:37.434","8","0","0","0","2440","0","0","0","N","0","0","0","3","02440","0","","1.0","","1","N","N","","0","","0","0","1","","0","N","","2","1","0","0","0","1","0","2","0","2","","","","N","","","","","","","","","",""