"CRN","ARRIVAL_TM","AUTOMOBILE_COUNT","BELTED_DEATH_COUNT","BELTED_SUSP_SERIOUS_INJ_COUNT","BICYCLE_COUNT","BICYCLE_DEATH_COUNT","BICYCLE_SUSP_SERIOUS_INJ_COUNT","BUS_COUNT","CHLDPAS_DEATH_COUNT","CHLDPAS_SUSP_SERIOUS_INJ_COUNT","COLLISION_TYPE","COMM_VEH_COUNT","CONS_ZONE_SPD_LIM","COUNTY","CRASH_MONTH","CRASH_YEAR","DAY_OF_WEEK","DEC_LATITUDE","DEC_LONGITUDE","DISPATCH_TM","DISTRICT","DRIVER_COUNT_16YR","DRIVER_COUNT_17YR","DRIVER_COUNT_18YR","DRIVER_COUNT_19YR","DRIVER_COUNT_20YR","DRIVER_COUNT_50_64YR","DRIVER_COUNT_65_74YR","DRIVER_COUNT_75PLUS","EST_HRS_CLOSED","FATAL_COUNT","HEAVY_TRUCK_COUNT","HORSE_BUGGY_COUNT","HOUR_OF_DAY","ILLUMINATION","INJURY_COUNT","INTERSECTION_RELATED","INTERSECT_TYPE","LANE_CLOSED","LATITUDE","LN_CLOSE_DIR","LOCATION_TYPE","LONGITUDE","MAX_SEVERITY_LEVEL","MCYCLE_DEATH_COUNT","MCYCLE_SUSP_SERIOUS_INJ_COUNT","MOTORCYCLE_COUNT","MUNICIPALITY","NONMOTR_COUNT","NONMOTR_DEATH_COUNT","NONMOTR_SUSP_SERIOUS_INJ_COUNT","NTFY_HIWY_MAINT","PED_COUNT","PED_DEATH_COUNT","PED_SUSP_SERIOUS_INJ_COUNT","PERSON_COUNT","POLICE_AGCY","POSSIBLE_INJ_COUNT","RDWY_SURF_TYPE_CD","RELATION_TO_ROAD","ROADWAY_CLEARED","ROAD_CONDITION","SCH_BUS_IND","SCH_ZONE_IND","SECONDARY_CRASH","SMALL_TRUCK_COUNT","SPEC_JURIS_CD","SUSP_MINOR_INJ_COUNT","SUSP_SERIOUS_INJ_COUNT","SUV_COUNT","TCD_FUNC_CD","TCD_TYPE","TFC_DETOUR_IND","TIME_OF_DAY","TOTAL_UNITS","TOT_INJ_COUNT","UNBELTED_OCC_COUNT","UNB_DEATH_COUNT","UNB_SUSP_SERIOUS_INJ_COUNT","UNK_INJ_DEG_COUNT","UNK_INJ_PER_COUNT","URBAN_RURAL","VAN_COUNT","VEHICLE_COUNT","WEATHER1","WEATHER2","WORKERS_PRES","WORK_ZONE_IND","WORK_ZONE_LOC","WORK_ZONE_TYPE","WZ_CLOSE_DETOUR","WZ_FLAGGER","WZ_LAW_OFFCR_IND","WZ_LN_CLOSURE","WZ_MOVING","WZ_OTHER","WZ_SHLDER_MDN","WZ_WORKERS_INJ_KILLED"
"2016000492","0910","1","0","0","0","0","0","0","0","0","7","0","","02","1","2016","1","40.455261","-79.993467","0903","11","0","0","0","0","0","0","0","0","","0","0","0","","","0","","0","","40 27:18.939","","2","79 59:36.482","9","0","0","0","2301","0","0","0","N","0","0","0","2","02301","0","","4.0","","1","N","N","","0","","0","0","0","","0","","","1","0","0","0","0","0","1","2","0","1","","","","N","","","","","","","","","",""
"2016023701","1907","2","0","0","0","0","0","0","0","0","4","0","","02","2","2016","3","40.340822","-80.022781","1903","11","0","0","0","0","0","1","1","0","","0","0","0","","","1","","0","","40 20:26.960","","7","80 01:22.010","8","0","0","0","2407","0","0","0","N","0","0","0","3","02407","0","","1.0","","9","N","N","","0","","0","0","0","","0","","","2","1","1","0","0","1","0","2","0","2","","","","N","","","","","","","","","",""
"2016023241","1541","1","0","0","0","0","0","0","0","0","7","0","","02","2","2016","7","40.443462","-80.005543","1531","11","0","0","0","0","0","1","0","0","2","0","0","0","","","1","","6","","40 26:36.462","6","2","80 00:19.953","4","0","0","0","2301","0","0","0","Y","0","0","0","1","02301","1","","3.0","","1","N","N","","0","","0","0","0","","0","Y","","1","1","0","0","0","0","0","2","0","1","","","","N","","","","","","","","","",""
"2016022129","0703","0","0","0","0","0","0","0","0","0","7","0","","02","2","2016","7","40.520344","-80.163792","0701","11","0","0","0","1","0","0","0","0","1","0","0","0","","","0","","0","","40 31:13.240","6","0","80 09:49.650","0","0","0","0","2420","0","0","0","N","0","0","0","1","02420","0","","5.0","","7","N","N","","0","","0","0","1","","0","N","","1","0","0","0","0","0","0","2","0","1","","","","N","","","","","","","","","",""
"2016001893","1228","1","0","0","0","0","0","0","0","0","4","0","","02","1","2016","4","40.615681","-80.094185","1225","11","0","0","0","0","0","0","0","0","2","0","0","0","","","1","","1","","40 36:56.450","4","0","80 05:39.065","8","0","0","0","2481","0","0","0","N","0","0","0","2","02481","0","","1.0","","1","N","N","","0","","0","0","1","","2","N","","2","1","0","0","0","1","0","2","0","2","","","","N","","","","","","","","","",""
"2016000440","2125","2","0","0","0","0","0","0","0","0","4","0","","02","1","2016","7","40.465653","-79.94755","2120","11","0","0","0","0","0","0","0","0","1","0","0","0","","","1","","0","","40 27:56.350","4","0","79 56:51.180","8","0","0","0","2301","0","0","0","N","0","0","0","1","02301","0","","1.0","","1","N","N","","0","","0","0","0","","0","Y","","2","1","0","0","0","1","0","2","0","2","","","","N","","","","","","","","","",""
"2016022130","0347","1","0","0","0","0","0","0","0","0","7","0","","02","2","2016","1","40.514127","-80.15546","0346","11","0","0","0","0","1","0","0","0","","0","0","0","","","0","","0","","40 30:50.857","","0","80 09:19.657","0","0","0","0","2420","0","0","0","N","0","0","0","1","02420","0","","5.0","","1","N","N","","0","","0","0","0","","2","","","1","0","0","0","0","0","0","2","0","1","","","","N","","","","","","","","","",""
"2016021293","1522","1","0","0","0","0","0","0","0","0","1","0","","02","2","2016","2","40.47357","-79.972123","1519","11","0","0","0","0","0","0","1","0","","0","0","0","","","0","","6","","40 28:24.852","","0","79 58:19.643","0","0","0","0","2445","0","0","0","N","0","0","0","2","02445","0","","1.0","","1","N","N","","1","","0","0","0","","0","","","2","0","0","0","0","0","0","2","0","2","","","","N","","","","","","","","","",""
"2016021294","1941","1","0","0","0","0","0","0","0","0","0","0","","02","2","2016","2","40.427811","-79.767671","1940","11","0","0","0","0","0","0","0","0","3","0","0","0","","","1","","0","","40 25:40.119","2","0","79 46:03.615","8","0","0","0","2446","0","0","0","Y","0","0","0","1","02446","0","","5.0","","2","N","N","","0","","0","0","0","","0","Y","","1","1","0","0","0","1","0","2","0","1","","","","N","","","","","","","","","",""
"2016023245","1818","0","0","0","0","0","0","0","0","0","4","0","","02","2","2016","7","40.427861","-79.980668","1813","11","0","0","0","0","0","0","0","0","","0","0","0","","","0","","1","","40 25:40.299","","0","79 58:50.404","9","0","0","0","2301","0","0","0","N","0","0","0","2","02301","0","","1.0","","1","N","N","","0","","0","0","2","","2","","","2","0","0","0","0","0","1","2","0","2","","","","N","","","","","","","","","",""
"2016001895","1352","2","0","0","0","0","0","0","0","0","1","0","","02","1","2016","4","40.34999","-80.148367","1342","11","0","0","0","0","0","0","0","0","","0","0","0","","","0","","0","","40 20:59.964","","0","80 08:54.121","0","0","0","0","2119","0","0","0","N","0","0","0","2","02119","0","","1.0","","1","N","N","","0","","0","0","0","","0","","","2","0","0","0","0","0","0","2","0","2","","","","N","","","","","","","","","",""
"2016000444","2154","1","0","0","0","0","0","0","0","0","1","0","","02","1","2016","7","40.411575","-80.023713","2147","11","0","0","0","0","0","0","0","0","","0","0","0","","","0","","0","","40 24:41.670","","0","80 01:25.366","9","0","0","0","2301","0","0","0","N","0","0","0","1","02301","0","","6.0","","1","N","N","","0","","0","0","0","","0","","","3","0","0","0","0","0","1","2","1","3","","","","N","","","","","","","","","",""
"2016023111","1243","1","0","1","0","0","0","0","0","0","4","0","","02","2","2016","6","40.437154","-80.19151","1240","11","0","0","0","0","0","0","1","0","","0","0","0","","","3","","0","","40 26:13.755","","7","80 11:29.436","2","0","0","0","2214","0","0","0","N","0","0","0","3","02214","1","","1.0","","1","N","N","","0","","1","1","1","","2","","","2","3","0","0","0","0","0","2","0","2","","","","N","","","","","","","","","",""
"2016021469","1758","2","0","0","0","0","0","0","0","0","1","0","","02","2","2016","3","40.410121","-79.844106","1755","11","0","0","0","0","0","2","1","0","","0","0","0","","","2","","0","","40 24:36.434","","0","79 50:38.783","3","0","0","0","2449","0","0","0","N","0","0","0","3","02449","0","","1.0","","9","N","N","","0","","2","0","1","","0","","","3","2","0","0","0","0","0","2","0","3","","","","N","","","","","","","","","",""
"2016021540","1550","1","0","0","0","0","0","0","0","0","8","0","","02","2","2016","4","40.369646","-79.856106","1550","11","0","0","0","0","0","0","0","0","","0","0","0","","","1","","2","","40 22:10.725","","0","79 51:21.981","8","0","0","0","2303","1","0","0","N","1","0","0","2","02303","0","","1.0","","1","N","N","","0","","0","0","0","","0","","","2","1","0","0","0","1","0","2","0","1","","","","N","","","","","","","","","",""
"2016023246","1824","1","0","0","0","0","0","0","0","0","7","0","","02","2","2016","7","40.328611","-79.945","1822","11","0","0","0","0","0","0","0","0","","0","0","0","","","0","","2","","40 19:43.000","","0","79 56:42.000","0","0","0","0","2454","0","0","0","N","0","0","0","1","02454","0","","2.0","","1","N","N","","0","","0","0","0","","0","","","1","0","0","0","0","0","0","2","0","1","","","","N","","","","","","","","","",""
"2016021296","1804","2","0","0","0","0","0","0","0","0","4","0","","02","2","2016","2","40.423727","-79.997488","1801","11","0","0","0","0","0","1","0","0","2","0","0","0","","","2","","1","","40 25:25.417","7","0","79 59:50.956","3","0","0","0","2301","0","0","0","N","0","0","0","3","02301","0","","1.0","","1","N","N","","0","","2","0","0","","3","N","","2","2","2","0","0","0","0","2","0","2","","","","N","","","","","","","","","",""
"2016000416","1648","2","0","0","0","0","0","0","0","0","4","0","","02","1","2016","7","40.415372","-79.84805","1646","11","0","0","0","0","0","0","1","0","","0","0","0","","","0","","0","","40 24:55.340","","7","79 50:52.980","0","0","0","0","2431","0","0","0","Y","0","0","0","3","02431","0","","1.0","","1","N","N","","0","","0","0","0","","3","","","2","0","0","0","0","0","0","2","0","2","","","","N","","","","","","","","","",""
"2016021543","1332","0","0","0","0","0","0","0","0","0","0","0","","02","2","2016","3","40.469319","-79.787283","1327","11","0","0","0","0","0","1","0","0","3","0","0","0","","","0","","0","","40 28:09.550","1","0","79 47:14.220","0","0","0","0","2113","0","0","0","N","0","0","0","1","02113","0","","1.0","","1","N","N","","1","","0","0","0","","0","N","","1","0","0","0","0","0","0","2","0","1","","","","N","","","","","","","","","",""
"2016023478","1726","2","0","0","0","0","0","0","0","0","1","0","","02","2","2016","1","40.43135","-79.839073","1723","11","0","0","0","0","0","0","0","0","","0","0","0","","","0","","2","","40 25:52.859","","0","79 50:20.661","0","0","0","0","2419","0","0","0","N","0","0","0","4","02419","0","","1.0","","1","N","N","","0","","0","0","0","","0","","","2","0","0","0","0","0","0","2","0","2","","","","N","","","","","","","","","",""
"2016001906","2034","1","0","0","0","0","0","0","0","0","4","0","","02","1","2016","2","40.372528","-79.820972","2030","11","0","0","0","0","0","0","0","0","2","0","0","0","","","2","","0","","40 22:21.100","4","7","79 49:15.500","8","0","0","0","2111","0","0","0","N","0","0","0","2","02111","0","","1.0","","1","N","N","","0","","0","0","1","","0","N","","2","2","1","0","0","2","0","2","0","2","","","","N","","","","","","","","","",""
"2016023038","2355","2","0","0","0","0","0","0","0","0","4","0","","02","2","2016","3","40.454367","-79.977746","2340","11","0","0","0","0","0","0","0","0","1","0","0","0","","","1","","2","","40 27:15.721","6","0","79 58:39.885","4","0","0","0","2301","0","0","0","N","0","0","0","5","02301","1","","1.0","","1","N","Y","","0","","0","0","0","","0","Y","","2","1","0","0","0","0","0","2","0","2","","","","N","","","","","","","","","",""
"2016022062","0345","0","0","0","0","0","0","0","0","0","7","0","","02","2","2016","1","40.428746","-79.884607","0345","11","0","0","0","0","0","0","0","0","","0","0","0","","","2","","0","","40 25:43.487","","0","79 53:04.585","4","0","0","0","2426","0","0","0","N","0","0","0","2","02426","2","","9.0","","1","N","N","","0","","0","0","1","","0","","","1","2","0","0","0","0","0","2","0","1","","","","N","","","","","","","","","",""
"2016021235","1557","0","0","0","0","0","0","0","0","0","3","0","","02","2","2016","2","40.671144","-80.110475","1551","11","0","0","0","0","0","0","0","0","1","0","1","0","","","0","","0","","40 40:16.118","3","0","80 06:37.710","0","0","0","0","2212","0","0","0","N","0","0","0","2","02505","0","","1.0","","1","N","N","","0","","0","0","1","","0","N","","2","0","0","0","0","0","0","2","0","2","","","","N","","","","","","","","","",""
"2016021475","0705","1","0","0","0","0","0","1","0","0","4","1","","02","2","2016","3","40.398993","-80.103972","0659","11","0","0","0","0","0","1","1","0","3","0","0","0","","","2","","2","","40 23:56.374","1","2","80 06:14.300","3","0","0","0","2102","0","0","0","N","0","0","0","8","02102","0","","1.0","","1","Y","N","","0","","1","0","0","","0","Y","","2","2","0","0","0","1","1","2","0","2","","","","N","","","","","","","","","",""
"2016021302","1915","1","0","0","0","0","0","0","0","0","5","0","","02","2","2016","2","40.410981","-79.918942","1903","11","0","0","0","0","0","1","0","0","1","0","0","0","","","0","","0","","40 24:39.530","2","3","79 55:08.190","0","0","0","0","2301","0","0","0","N","0","0","0","3","02301","0","","1.0","","1","N","N","","1","","0","0","0","","0","Y","","2","0","0","0","0","0","0","2","0","2","","","","N","","","","","","","","","",""
"2016001366","0857","2","0","0","0","0","0","0","0","0","4","0","","02","1","2016","3","40.278968","-79.836693","0853","11","0","0","0","0","0","0","0","0","2","0","0","0","","","0","","2","","40 16:44.285","2","0","79 50:12.096","0","0","0","0","2105","0","0","0","N","0","0","0","2","02105","0","","1.0","","1","N","N","","0","","0","0","0","","0","N","","2","0","1","0","0","0","0","2","0","2","","","","N","","","","","","","","","",""
"2016001515","1732","1","0","0","0","0","0","0","0","0","1","0","","02","1","2016","3","40.490494","-79.869281","1730","11","1","0","0","0","0","1","0","0","1","0","0","0","","","1","","3","","40 29:25.780","1","0","79 52:09.410","3","0","0","0","2112","0","0","0","N","0","0","0","6","02112","0","","1.0","","1","N","N","","0","","1","0","1","","3","N","","3","1","0","0","0","0","0","2","1","3","","","","N","","","","","","","","","",""
"2016002471","1614","1","0","0","0","0","0","0","0","0","99","0","","02","1","2016","5","40.597899","-79.765098","1613","11","0","0","0","0","0","0","0","0","1","0","0","0","","","0","","0","","40 35:52.437","6","0","79 45:54.354","0","0","0","0","2464","0","0","0","N","0","0","0","1","02464","0","","4.0","","1","N","N","","0","","0","0","0","","2","Y","","1","0","0","0","0","0","0","2","0","1","","","","N","","","","","","","","","",""
"2016000293","1430","0","0","0","0","0","0","0","0","0","7","0","","02","1","2016","6","40.431494","-80.053137","1425","11","0","0","0","0","0","1","0","0","1","0","0","0","","","0","","2","","40 25:53.377","1","0","80 03:11.294","0","0","0","0","2301","0","0","0","N","0","0","0","1","02301","0","","2.0","","1","N","N","","0","","0","0","1","","0","N","","1","0","0","0","0","0","0","2","0","1","","","","N","","","","","","","","","",""
"2016006573","0940","1","0","0","0","0","0","0","0","0","7","0","","02","1","2016","5","40.333242","-80.124064","0933","11","0","0","0","0","0","0","0","0","","0","0","0","","","0","","0","","40 19:59.670","","0","80 07:26.630","0","0","0","0","2119","0","0","0","N","0","0","0","1","02119","0","","5.0","","1","N","N","","0","","0","0","0","","0","","","1","0","0","0","0","0","0","2","0","1","","","","N","","","","","","","","","",""
"2016002963","1928","1","0","0","0","0","0","0","0","0","4","0","","02","1","2016","5","40.332167","-79.966764","1924","11","0","0","0","0","0","0","0","0","","0","0","0","","","0","","0","","40 19:55.800","","0","79 58:00.350","0","0","0","0","2454","0","0","0","N","0","0","0","1","02454","0","","1.0","","1","N","N","","0","","0","0","1","","0","","","2","0","0","0","0","0","0","2","0","2","","","","N","","","","","","","","","",""
"2016000012","0241","1","0","0","0","0","0","0","0","0","4","0","","02","1","2016","6","40.449472","-80.002558","0239","11","0","0","0","0","0","0","0","0","","0","0","0","","","1","","1","","40 26:58.099","","0","80 00:09.210","8","0","0","0","2301","0","0","0","N","0","0","0","3","02301","0","","1.0","","1","N","N","","0","","0","0","1","","1","","","2","1","0","0","0","1","0","2","0","2","","","","N","","","","","","","","","",""
"2016001516","1955","3","0","0","0","0","0","0","0","0","7","0","","02","1","2016","1","40.508369","-80.248087","1950","11","0","0","0","0","0","0","1","0","2","0","0","0","","","0","","0","","40 30:30.127","4","0","80 14:53.113","0","0","0","0","2213","0","0","0","Y","0","0","0","3","02213","0","","4.0","","2","N","N","","0","","0","0","0","","0","Y","","3","0","0","0","0","0","0","2","0","3","","","","N","","","","","","","","","",""
"2016007229","1314","0","0","0","0","0","0","0","0","0","1","0","","02","1","2016","3","40.510329","-80.095489","1314","11","0","0","0","0","0","2","0","0","1","0","0","0","","","1","","0","","40 30:37.186","2","0","80 05:43.759","8","0","0","0","2429","0","0","0","N","0","0","0","3","02215","0","","1.0","","2","N","N","","1","","0","0","0","","0","N","","2","1","0","0","0","1","1","2","1","2","","","","N","","","","","","","","","",""
"2016008829","0153","1","0","0","0","0","0","0","0","0","2","0","","02","1","2016","6","40.381635","-79.982429","0148","11","0","0","1","0","0","0","0","0","","0","0","0","","","2","","0","","40 22:53.886","","0","79 58:56.744","4","0","0","0","2301","0","0","0","N","0","0","0","3","02301","2","","6.0","","7","N","N","","0","","0","0","1","","0","","","2","2","0","0","0","0","0","2","0","2","","","","N","","","","","","","","","",""
"2016001406","1010","2","0","0","0","0","0","0","0","0","4","0","","02","1","2016","3","40.430225","-80.025246","1010","11","0","0","0","0","0","1","0","0","2","0","0","0","","","2","","0","","40 25:48.810","1","0","80 01:30.886","2","0","0","0","2301","0","0","0","N","0","0","0","2","02301","0","","1.0","","1","N","N","","0","","0","1","0","","0","N","","2","2","0","0","0","1","0","2","0","2","","","","N","","","","","","","","","",""
"2016002474","1755","0","0","0","0","0","0","0","0","0","7","0","","02","1","2016","4","40.336363","-80.048578","1748","11","0","0","0","0","0","1","0","0","","0","0","0","","","0","","2","","40 20:10.906","","0","80 02:54.880","0","0","0","0","2407","0","0","0","N","0","0","0","1","02407","0","","4.0","","1","N","N","","0","","0","0","1","","0","","","1","0","0","0","0","0","0","2","0","1","","","","N","","","","","","","","","",""
"2016001716","0516","1","0","0","0","0","0","0","0","0","7","0","","02","1","2016","4","40.436075","-80.033762","0512","11","0","0","0","0","0","0","1","0","","0","0","0","","","0","","1","","40 26:09.870","","0","80 02:01.543","0","0","0","0","2301","0","0","0","N","0","0","0","1","02301","0","","5.0","","2","N","N","","0","","0","0","0","","1","","","1","0","0","0","0","0","0","2","0","1","","","","N","","","","","","","","","",""
"2016001371","1013","1","0","0","0","0","0","0","0","0","4","0","","02","1","2016","3","40.480572","-79.800628","0958","11","0","0","0","0","0","0","0","0","1","0","0","0","","","0","","2","","40 28:50.058","6","0","79 48:02.259","0","0","0","0","2113","0","0","0","N","0","0","0","2","02113","0","","1.0","","1","N","N","","0","","0","0","0","","0","N","","2","0","0","0","0","0","0","2","1","2","","","","N","","","","","","","","","",""
"2016000014","0225","1","0","0","0","0","0","0","0","0","7","0","","02","1","2016","6","40.404381","-79.989369","0225","11","0","0","0","0","0","0","0","0","1","0","0","0","","","1","","0","","40 24:15.770","1","0","79 59:21.730","3","0","0","0","2301","0","0","0","N","0","0","0","2","02301","0","","2.0","","1","N","N","","0","","1","0","0","","0","N","","1","1","1","0","0","0","0","2","0","1","","","","N","","","","","","","","","",""
"2016008714","1609","1","0","0","0","0","0","0","0","0","7","0","","02","1","2016","5","40.411702","-79.801705","1602","11","0","0","0","0","0","0","1","0","1","0","0","0","","","0","","0","","40 24:42.127","2","0","79 48:06.138","0","0","0","0","2446","0","0","0","N","0","0","0","1","02446","0","","5.0","","2","N","N","","0","","0","0","0","","0","Y","","1","0","0","0","0","0","0","2","0","1","","","","N","","","","","","","","","",""
"2016002863","0849","1","0","0","0","0","0","0","0","0","7","0","","02","1","2016","6","40.528138","-79.879557","0845","11","0","0","0","0","0","0","0","0","","0","0","0","","","0","","0","","40 31:41.298","","0","79 52:46.404","0","0","0","0","2432","0","0","0","N","0","0","0","1","02432","0","","5.0","","1","N","N","","0","","0","0","0","","0","","","1","0","0","0","0","0","0","2","0","1","","","","N","","","","","","","","","",""
"2016000637","1727","1","0","0","0","0","0","0","0","0","7","0","","02","1","2016","1","40.412339","-79.922681","1717","11","0","0","0","0","0","0","0","0","1","0","0","0","","","0","","0","","40 24:44.420","1","0","79 55:21.650","0","0","0","0","2301","0","0","0","N","0","0","0","3","02301","0","","2.0","","1","N","N","","0","","0","0","0","","0","N","","1","0","0","0","0","0","0","2","0","1","","","","N","","","","","","","","","",""
"2016000882","0845","0","0","0","0","0","0","0","0","0","1","0","","02","1","2016","2","40.472301","-80.062444","0840","11","0","0","0","0","0","1","0","0","1","0","0","0","","","0","","0","","40 28:20.283","1","0","80 03:44.798","0","0","0","0","2444","0","0","0","N","0","0","0","9","02444","0","","1.0","","2","Y","N","","0","","0","0","1","","0","N","","2","0","1","0","0","0","0","2","1","2","","","","N","","","","","","","","","",""
"2016001799","0809","2","0","0","0","0","0","0","0","0","1","0","","02","1","2016","4","40.422162","-80.029599","0800","11","0","1","0","0","0","0","0","0","1","0","0","0","","","0","","0","","40 25:19.784","1","0","80 01:46.556","0","0","0","0","2301","0","0","0","N","0","0","0","2","02301","0","","1.0","","1","N","N","","0","","0","0","0","","0","N","","2","0","1","0","0","0","0","2","0","2","","","","N","","","","","","","","","",""
"2016001892","1442","2","0","0","0","0","0","0","0","0","1","0","","02","1","2016","4","40.355265","-79.835097","1441","11","0","0","0","0","0","2","0","0","","0","0","0","","","0","","0","","40 21:18.954","","0","79 50:06.348","0","0","0","0","2304","0","0","0","N","0","0","0","3","02304","0","","1.0","","1","N","N","","0","","0","0","1","","0","","","3","0","0","0","0","0","0","2","0","3","","","","N","","","","","","","","","",""
"2016008093","0855","1","0","0","0","0","0","0","0","0","7","0","","02","1","2016","4","40.43066","-79.919585","0849","11","0","0","0","0","0","0","0","0","","0","0","0","","","0","","2","","40 25:50.376","","0","79 55:10.506","0","0","0","0","2301","0","0","0","N","0","0","0","1","02301","0","","5.0","","1","N","N","","0","","0","0","0","","3","","","1","0","1","0","0","0","0","2","0","1","","","","N","","","","","","","","","",""
"2016001410","1202","1","0","0","0","0","0","0","0","0","7","0","","02","1","2016","2","40.627781","-79.798194","1149","11","0","0","0","0","0","1","0","0","","0","0","0","","","0","","0","","40 37:40.010","","0","79 47:53.500","0","0","0","0","2206","0","0","0","N","0","0","0","1","02206","0","","5.0","","1","N","N","","0","","0","0","0","","0","","","1","0","0","0","0","0","0","1","0","1","","","","N","","","","","","","","","",""
"2016001443","2317","1","0","0","0","0","0","0","0","0","7","0","","02","1","2016","7","40.661326","-79.760252","2315","11","0","0","0","0","0","0","0","0","5","0","0","0","","","2","","0","","40 39:40.773","6","0","79 45:36.908","2","0","0","0","2202","0","0","0","","0","0","0","2","02202","0","","4.0","","1","N","N","","0","","0","2","0","","0","Y","","1","2","2","0","2","0","0","1","0","1","","","","N","","","","","","","","","",""
"2016000018","0303","2","0","0","0","0","0","0","0","0","1","0","","02","1","2016","6","40.427861","-79.980668","0257","11","0","0","0","0","0","0","0","0","","0","0","0","","","1","","1","","40 25:40.299","","0","79 58:50.404","8","0","0","0","2301","0","0","0","N","0","0","0","2","02301","0","","1.0","","1","N","N","","0","","0","0","0","","2","","","2","1","0","0","0","1","1","2","0","2","","","","N","","","","","","","","","",""
"2016008716","1720","2","0","0","0","0","0","0","0","0","4","0","","02","1","2016","5","40.401814","-80.067748","1715","11","0","0","0","0","0","1","0","0","","0","0","0","","","0","","1","","40 24:06.530","","0","80 04:03.893","0","0","0","0","2415","0","0","0","N","0","0","0","2","02415","0","","1.0","","9","N","N","","0","","0","0","0","","3","","","2","0","0","0","0","0","0","2","0","2","","","","N","","","","","","","","","",""
"2016006492","1606","1","0","0","0","0","0","0","0","0","8","0","","02","1","2016","7","40.347814","-79.831064","1606","11","0","0","0","0","0","0","0","0","","0","0","0","","","1","","0","","40 20:52.130","","0","79 49:51.830","3","0","0","0","2304","1","0","0","N","1","0","0","2","02304","0","","1.0","","1","N","N","","0","","1","0","0","","0","","","2","1","0","0","0","0","1","2","0","1","","","","N","","","","","","","","","",""
"2016003003","1509","1","0","0","0","0","0","0","0","0","3","0","","02","1","2016","5","40.452895","-79.825898","1509","11","0","0","0","0","0","1","0","0","","0","0","0","","","0","","0","","40 27:10.423","","7","79 49:33.233","0","0","0","0","2113","0","0","0","N","0","0","0","1","02113","0","","6.0","","1","N","N","","0","","0","0","1","","0","","","2","0","0","0","0","0","0","2","0","2","","","","N","","","","","","","","","",""
"2016008717","1508","1","0","0","0","0","0","0","0","0","1","0","","02","1","2016","5","40.513138","-80.222331","1505","11","0","0","0","1","0","0","0","0","","0","0","0","","","0","","2","","40 30:47.296","","0","80 13:20.390","0","0","0","0","2213","0","0","0","N","0","0","0","2","02213","0","","1.0","","1","N","N","","0","","0","0","1","","2","","","2","0","0","0","0","0","0","2","0","2","","","","N","","","","","","","","","",""
"2016008835","2244","1","0","0","0","0","0","0","0","0","7","0","","02","1","2016","5","40.3524","-79.841425","2242","11","0","0","0","0","0","0","0","0","","0","0","0","","","0","","0","","40 21:08.641","","2","79 50:29.129","0","0","0","0","2304","0","0","0","N","0","0","0","1","02304","0","","2.0","","1","N","N","","0","","0","0","0","","0","","","1","0","1","0","0","0","0","2","0","1","","","","N","","","","","","","","","",""
"2016003004","1550","2","0","0","0","0","0","0","0","0","1","0","","02","1","2016","6","40.409063","-80.032123","1530","11","0","0","0","0","0","0","1","0","","0","0","0","","","0","","0","","40 24:32.626","","0","80 01:55.641","0","0","0","0","2301","0","0","0","N","0","0","0","3","02301","0","","1.0","","9","N","N","","0","","0","0","0","","0","","","3","0","0","0","0","0","0","2","0","3","","","","N","","","","","","","","","",""
"2016001445","1520","1","0","0","0","0","0","0","0","0","4","0","","02","1","2016","3","40.480119","-79.954626","1507","11","0","0","0","0","0","0","0","0","","0","0","0","","","1","","0","","40 28:48.427","","0","79 57:16.655","8","0","0","0","2301","0","0","0","N","0","0","0","1","02301","0","","2.0","","1","N","N","","0","","0","0","1","","0","","","2","1","0","0","0","1","0","2","0","2","","","","N","","","","","","","","","",""
"2016000022","0256","1","0","0","0","0","0","0","0","0","7","0","","02","1","2016","6","40.358388","-79.978646","0253","11","0","0","0","0","0","0","0","0","","0","0","0","","","0","","0","","40 21:30.198","","0","79 58:43.125","0","0","0","0","2476","0","0","0","N","0","0","0","1","02476","0","","5.0","","1","N","N","","0","","0","0","0","","0","","","1","0","0","0","0","0","0","2","0","1","","","","N","","","","","","","","","",""
"2016000363","1627","1","0","0","0","0","0","0","0","0","4","0","","02","1","2016","7","40.437428","-79.979527","1615","11","0","0","0","0","0","0","0","0","2","0","0","0","","","0","","1","","40 26:14.740","2","0","79 58:46.297","0","0","0","0","2301","0","0","0","N","0","0","0","3","02301","0","","1.0","","1","N","N","","0","","0","0","0","","3","Y","","2","0","0","0","0","0","0","2","1","2","","","","N","","","","","","","","","",""
"2016008718","1842","2","0","0","0","0","0","0","0","0","5","0","","02","1","2016","1","40.52249","-80.179961","1832","11","0","0","0","0","0","0","0","0","1","0","0","0","","","0","","0","","40 31:20.964","1","0","80 10:47.858","0","0","0","0","2213","0","0","0","N","0","0","0","8","02213","0","","1.0","","2","N","N","","0","","0","0","1","","0","N","","3","0","0","0","0","0","0","2","0","3","","","","N","","","","","","","","","",""
"2016001446","1552","1","0","0","0","0","0","0","0","0","4","0","","02","1","2016","3","40.401036","-80.03199","1548","11","0","0","0","0","0","0","2","0","","0","0","0","","","0","","5","","40 24:03.729","","0","80 01:55.164","0","0","0","0","2422","0","0","0","N","0","0","0","2","02301","0","","1.0","","1","N","N","","0","","0","0","1","","3","","","2","0","0","0","0","0","0","2","0","2","","","","N","","","","","","","","","",""
"2016000886","0800","0","0","0","0","0","0","0","0","0","7","1","","02","1","2016","2","40.4456","-79.990084","0753","11","0","0","0","0","0","1","0","0","2","0","0","0","","","1","","0","","40 26:44.161","1","0","79 59:24.303","4","0","0","0","2301","0","0","0","N","0","0","0","4","02301","1","","2.0","","7","Y","N","","0","","0","0","0","","0","N","","1","1","0","0","0","0","0","2","1","1","","","","N","","","","","","","","","",""