"CRN","ARRIVAL_TM","AUTOMOBILE_COUNT","BELTED_DEATH_COUNT","BELTED_SUSP_SERIOUS_INJ_COUNT","BICYCLE_COUNT","BICYCLE_DEATH_COUNT","BICYCLE_SUSP_SERIOUS_INJ_COUNT","BUS_COUNT","CHLDPAS_DEATH_COUNT","CHLDPAS_SUSP_SERIOUS_INJ_COUNT","COLLISION_TYPE","COMM_VEH_COUNT","CONS_ZONE_SPD_LIM","COUNTY","CRASH_MONTH","CRASH_YEAR","DAY_OF_WEEK","DEC_LATITUDE","DEC_LONGITUDE","DISPATCH_TM","DISTRICT","DRIVER_COUNT_16YR","DRIVER_COUNT_17YR","DRIVER_COUNT_18YR","DRIVER_COUNT_19YR","DRIVER_COUNT_20YR","DRIVER_COUNT_50_64YR","DRIVER_COUNT_65_74YR","DRIVER_COUNT_75PLUS","EST_HRS_CLOSED","FATAL_COUNT","HEAVY_TRUCK_COUNT","HORSE_BUGGY_COUNT","HOUR_OF_DAY","ILLUMINATION","INJURY_COUNT","INTERSECTION_RELATED","INTERSECT_TYPE","LANE_CLOSED","LATITUDE","LN_CLOSE_DIR","LOCATION_TYPE","LONGITUDE","MAX_SEVERITY_LEVEL","MCYCLE_DEATH_COUNT","MCYCLE_SUSP_SERIOUS_INJ_COUNT","MOTORCYCLE_COUNT","MUNICIPALITY","NONMOTR_COUNT","NONMOTR_DEATH_COUNT","NONMOTR_SUSP_SERIOUS_INJ_COUNT","NTFY_HIWY_MAINT","PED_COUNT","PED_DEATH_COUNT","PED_SUSP_SERIOUS_INJ_COUNT","PERSON_COUNT","POLICE_AGCY","POSSIBLE_INJ_COUNT","RDWY_SURF_TYPE_CD","RELATION_TO_ROAD","ROADWAY_CLEARED","ROAD_CONDITION","SCH_BUS_IND","SCH_ZONE_IND","SECONDARY_CRASH","SMALL_TRUCK_COUNT","SPEC_JURIS_CD","SUSP_MINOR_INJ_COUNT","SUSP_SERIOUS_INJ_COUNT","SUV_COUNT","TCD_FUNC_CD","TCD_TYPE","TFC_DETOUR_IND","TIME_OF_DAY","TOTAL_UNITS","TOT_INJ_COUNT","UNBELTED_OCC_COUNT","UNB_DEATH_COUNT","UNB_SUSP_SERIOUS_INJ_COUNT","UNK_INJ_DEG_COUNT","UNK_INJ_PER_COUNT","URBAN_RURAL","VAN_COUNT","VEHICLE_COUNT","WEATHER1","WEATHER2","WORKERS_PRES","WORK_ZONE_IND","WORK_ZONE_LOC","WORK_ZONE_TYPE","WZ_CLOSE_DETOUR","WZ_FLAGGER","WZ_LAW_OFFCR_IND","WZ_LN_CLOSURE","WZ_MOVING","WZ_OTHER","WZ_SHLDER_MDN","WZ_WORKERS_INJ_KILLED"
"2016008719","1521","1","0","0","0","0","0","0","0","0","1","0","","02","1","2016","2","40.366953","-80.014108","1521","11","0","0","0","0","0","1","0","0","1","0","0","0","","","0","","0","","40 22:01.030","1","0","80 00:50.787","0","0","0","0","2416","0","0","0","N","0","0","0","3","02416","0","","1.0","","1","N","N","","2","","0","0","0","","0","N","","3","0","0","0","0","0","0","2","0","3","","","","N","","","","","","","","","",""
"2016007268","1843","2","0","0","0","0","0","0","0","0","4","0","","02","1","2016","6","40.435834","-79.976154","1821","11","0","0","0","0","0","0","0","0","","0","0","0","","","0","","0","","40 26:09.004","","0","79 58:34.153","0","0","0","0","2301","0","0","0","","0","0","0","2","68B03","0","","1.0","","1","N","N","","0","","0","0","0","","0","","","2","0","0","0","0","0","0","2","0","2","","","","N","","","","","","","","","",""
"2016001414","1323","1","0","0","0","0","0","0","0","0","1","0","","02","1","2016","3","40.333995","-79.94644","1320","11","0","0","1","1","0","0","0","0","1","0","0","0","","","0","","0","","40 20:02.381","1","0","79 56:47.185","0","0","0","0","2454","0","0","0","N","0","0","0","2","02454","0","","1.0","","1","N","N","","0","","0","0","1","","0","N","","2","0","0","0","0","0","0","2","0","2","","","","N","","","","","","","","","",""
"2016000891","1330","1","0","0","0","0","0","0","0","0","8","0","","02","1","2016","2","40.448809","-79.987534","1325","11","0","0","0","0","0","0","0","0","","0","0","0","","","1","","1","","40 26:55.712","","0","79 59:15.122","3","0","0","0","2301","1","0","0","N","1","0","0","3","02301","0","","1.0","","1","N","N","","0","","1","0","0","","2","","","2","1","0","0","0","0","0","2","0","1","","","","N","","","","","","","","","",""
"2016000923","0410","2","0","0","0","0","0","0","0","0","4","0","","02","1","2016","6","40.438078","-79.994416","0349","11","0","0","0","0","0","0","0","0","3","0","0","0","","","3","","1","","40 26:17.079","3","0","79 59:39.896","8","0","0","0","2301","0","0","0","N","0","0","0","4","02301","0","","1.0","","1","N","N","","0","","0","0","0","","2","Y","","2","3","0","0","0","3","0","2","0","2","","","","N","","","","","","","","","",""
"2016001806","1237","2","0","0","0","0","0","0","0","0","4","0","","02","1","2016","3","40.404844","-79.910671","1232","11","0","0","0","0","0","2","0","0","1","0","0","0","","","0","","1","","40 24:17.438","4","0","79 54:38.415","0","0","0","0","2438","0","0","0","N","0","0","0","3","02438","0","","1.0","","1","N","N","","0","","0","0","0","","3","N","","2","0","2","0","0","0","0","2","0","2","","","","N","","","","","","","","","",""
"2016000365","1653","2","0","0","0","0","0","0","0","0","1","0","","02","1","2016","7","40.437553","-79.914022","1649","11","0","0","0","0","0","0","0","0","","0","0","0","","","0","","0","","40 26:15.190","","0","79 54:50.480","0","0","0","0","2301","0","0","0","N","0","0","0","1","02301","0","","4.0","","1","N","N","","0","","0","0","0","","3","","","2","0","0","0","0","0","0","2","0","2","","","","N","","","","","","","","","",""
"2016007952","0001","1","0","0","0","0","0","0","0","0","7","0","","02","1","2016","2","40.445728","-80.043589","2355","11","0","0","0","0","0","1","0","0","","0","0","0","","","1","","0","","40 26:44.620","","0","80 02:36.920","8","0","0","0","2301","0","0","0","N","0","0","0","1","02301","0","","5.0","","2","N","N","","0","","0","0","0","","0","","","1","1","0","0","0","1","0","2","0","1","","","","N","","","","","","","","","",""
"2016008720","1816","1","0","0","0","0","0","0","0","0","7","0","","02","1","2016","4","40.361472","-80.020761","1811","11","0","0","0","0","0","0","0","0","2","0","0","0","","","0","","0","","40 21:41.300","4","0","80 01:14.740","0","0","0","0","2416","0","0","0","N","0","0","0","2","02416","0","","4.0","","7","N","N","","0","","0","0","1","","0","Y","","2","0","0","0","0","0","0","2","0","2","","","","N","","","","","","","","","",""
"2016007269","1222","0","0","0","0","0","0","0","0","0","7","0","","02","1","2016","4","40.590914","-80.09706","1210","11","0","0","0","0","0","0","0","0","","0","0","0","","","0","","0","","40 35:27.291","","0","80 05:49.416","0","0","0","0","2481","0","0","0","","0","0","0","1","68B03","0","","5.0","","1","N","N","","1","","0","0","0","","0","","","1","0","0","0","0","0","0","2","0","1","","","","N","","","","","","","","","",""
"2016002273","1020","0","0","0","0","0","0","0","0","0","4","0","","02","1","2016","5","40.444202","-80.028173","1013","11","0","0","0","0","0","0","0","0","2","0","0","0","","","3","","5","","40 26:39.126","2","99","80 01:41.424","8","0","0","0","2301","0","0","0","N","0","0","0","3","02301","0","","1.0","","1","N","N","","1","","0","0","0","","2","Y","","2","3","0","0","0","3","0","2","1","2","","","","N","","","","","","","","","",""
"2016000029","0424","2","0","0","0","0","0","0","0","0","1","0","","02","1","2016","6","40.436231","-79.977828","0420","11","0","0","0","0","1","0","0","0","3","0","0","0","","","0","","2","","40 26:10.430","4","0","79 58:40.179","9","0","0","0","2301","0","0","0","N","0","0","0","4","02301","0","","1.0","","1","N","N","","0","","0","0","0","","0","N","","2","0","1","0","0","0","1","2","0","2","","","","N","","","","","","","","","",""
"2016000082","0414","1","0","0","0","0","0","0","0","0","1","1","","02","1","2016","6","","-79.989695","0409","11","0","0","0","0","0","0","0","0","1","0","1","0","","","0","","1","","40 26:3.397","1","3","79 59:22.901","0","0","0","0","2301","0","0","0","N","0","0","0","2","02301","0","","1.0","","1","N","N","","0","","0","0","0","","2","N","","2","0","0","0","0","0","0","2","0","2","","","","N","","","","","","","","","",""
"2016000892","1941","1","0","0","0","0","0","0","0","0","7","0","","02","1","2016","1","40.604531","-80.064425","1851","11","0","1","0","0","0","0","0","0","3","0","0","0","","","0","","0","","40 36:16.310","1","0","80 03:51.930","0","0","0","0","2108","0","0","0","N","0","0","0","2","02108","0","","4.0","","7","N","N","","0","","0","0","0","","0","N","","1","0","0","0","0","0","0","2","0","1","","","","N","","","","","","","","","",""
"2016007953","0959","2","0","0","0","0","0","0","0","0","1","0","","02","1","2016","3","40.463668","-79.705456","0952","11","0","0","0","0","1","0","0","0","","0","0","0","","","0","","1","","40 27:49.204","","0","79 42:19.641","0","0","0","0","2466","0","0","0","N","0","0","0","2","02466","0","","1.0","","1","N","N","","0","","0","0","0","","2","","","2","0","0","0","0","0","0","2","0","2","","","","N","","","","","","","","","",""
"2016007270","0622","1","0","0","0","0","0","0","0","0","7","0","","02","1","2016","1","40.419647","-80.051496","0618","11","0","0","1","0","0","0","0","0","1","0","0","0","","","0","","0","","40 25:10.729","3","0","80 03:05.385","0","0","0","0","2435","0","0","0","","0","0","0","1","68B03","0","","3.0","","1","N","N","","0","","0","0","0","","0","N","","1","0","0","0","0","0","0","2","0","1","","","","N","","","","","","","","","",""
"2016002876","0716","3","0","0","0","0","0","0","0","0","7","0","","02","1","2016","3","40.372419","-80.147974","0713","11","0","1","0","0","0","1","0","0","1","0","0","0","","","1","","0","","40 22:20.708","6","0","80 08:52.706","3","0","0","0","2119","0","0","0","N","0","0","0","4","02119","0","","2.0","","1","Y","N","","0","","1","0","0","","0","N","","3","1","0","0","0","0","0","2","0","3","","","","N","","","","","","","","","",""
"2016002138","0914","1","0","0","0","0","0","0","0","0","1","0","","02","1","2016","2","40.49766","-80.068208","0911","11","0","0","1","0","0","0","0","0","","0","0","0","","","0","","2","","40 29:51.576","","7","80 04:05.548","0","0","0","0","2402","0","0","0","N","0","0","0","1","02402","0","","5.0","","2","N","N","","0","","0","0","1","","3","","","2","0","0","0","0","0","0","2","0","2","","","","N","","","","","","","","","",""
"2016000815","0854","2","0","0","0","0","0","0","0","0","4","0","","02","1","2016","2","40.485373","-79.928546","0822","11","0","0","0","0","0","1","0","0","","0","0","0","","","0","","1","","40 29:07.342","","0","79 55:42.765","0","0","0","0","2301","0","0","0","N","0","0","0","2","02301","0","","1.0","","7","N","N","","0","","0","0","0","","0","","","2","0","0","0","0","0","0","2","0","2","","","","N","","","","","","","","","",""
"2016000377","1446","1","0","0","0","0","0","0","0","0","8","0","","02","1","2016","7","40.40743","-79.911274","1445","11","0","0","0","0","0","0","0","0","1","0","0","0","","","1","","1","","40 24:26.748","6","0","79 54:40.586","8","0","0","0","2438","1","0","0","N","1","0","0","2","02438","0","","1.0","","1","N","N","","0","","0","0","0","","3","Y","","2","1","0","0","0","1","0","2","0","1","","","","N","","","","","","","","","",""
"2016008100","1500","1","0","0","0","0","0","0","0","0","1","0","","02","1","2016","4","40.593634","-79.964276","1450","11","0","0","1","0","0","0","0","0","","0","0","0","","","2","","0","","40 35:37.082","","0","79 57:51.392","8","0","0","0","2207","0","0","0","N","0","0","0","3","02207","0","","1.0","","1","N","N","","0","","0","0","1","","0","","","2","2","0","0","0","2","0","2","0","2","","","","N","","","","","","","","","",""
"2016002139","0159","1","0","0","0","0","0","0","0","0","7","0","","02","1","2016","5","40.469851","-80.018404","0157","11","0","0","0","0","0","0","0","0","4","0","0","0","","","0","","0","","40 28:11.465","1","0","80 01:06.253","0","0","0","0","2301","0","0","0","Y","0","0","0","1","02301","0","","5.0","","1","N","N","","0","","0","0","0","","0","N","","1","0","0","0","0","0","0","2","0","1","","","","N","","","","","","","","","",""
"2016000035","0426","2","0","0","0","0","0","0","0","0","4","0","","02","1","2016","6","40.440619","-79.958253","0420","11","0","0","0","0","0","0","0","0","","0","0","0","","","0","","1","","40 26:26.229","","0","79 57:29.710","9","0","0","0","2301","0","0","0","N","0","0","0","4","02301","0","","1.0","","1","N","N","","0","","0","0","0","","2","","","2","0","0","0","0","0","1","2","0","2","","","","N","","","","","","","","","",""
"2016002878","1027","1","0","0","0","0","0","0","0","0","4","0","","02","1","2016","5","40.576459","-80.025834","1018","11","0","0","0","0","0","0","1","0","1","0","0","0","","","1","","1","","40 34:35.251","1","0","80 01:33.002","4","0","0","0","2108","0","0","0","N","0","0","0","2","02108","1","","1.0","","1","N","N","","0","","0","0","0","","2","N","","2","1","0","0","0","0","0","2","1","2","","","","N","","","","","","","","","",""
"2016000036","0245","2","0","0","0","0","0","0","0","0","1","0","","02","1","2016","6","40.460938","-79.871973","0235","11","0","0","0","0","0","0","0","0","2","0","0","0","","","2","","0","","40 27:39.375","1","0","79 52:19.102","8","0","0","0","2301","0","0","0","N","0","0","0","3","02301","0","","1.0","","1","N","N","","0","","0","0","0","","0","N","","2","2","0","0","0","2","1","2","0","2","","","","N","","","","","","","","","",""
"2016001656","1457","2","0","0","0","0","0","0","0","0","1","0","","02","1","2016","2","40.429854","-79.751251","1457","11","0","0","0","0","0","1","0","0","2","0","0","0","","","2","","1","","40 25:47.476","2","0","79 45:04.504","8","0","0","0","2446","0","0","0","N","0","0","0","3","02446","0","","1.0","","1","N","N","","0","","0","0","0","","2","N","","2","2","0","0","0","2","0","2","0","2","","","","N","","","","","","","","","",""
"2016001812","0826","1","0","0","0","0","0","0","0","0","4","0","","02","1","2016","4","40.448521","-80.012827","0811","11","0","0","0","0","0","0","0","0","1","0","0","0","","","0","","0","","40 26:54.676","1","0","80 00:46.178","0","0","0","0","2301","0","0","0","N","0","0","0","2","02301","0","","1.0","","1","N","N","","0","","0","0","1","","0","Y","","2","0","0","0","0","0","0","2","0","2","","","","N","","","","","","","","","",""
"2016002879","1424","1","0","0","0","0","0","0","0","0","4","0","","02","1","2016","5","40.451151","-80.137609","1420","11","0","0","0","0","0","0","0","0","","0","0","0","","","1","","0","","40 27:04.142","","0","80 08:15.394","4","0","0","0","2115","0","0","0","N","0","0","0","2","02115","1","","1.0","","1","N","N","","0","","0","0","0","","0","","","2","1","0","0","0","0","0","2","1","2","","","","N","","","","","","","","","",""
"2016002279","0800","2","0","0","0","0","0","0","0","0","1","0","","02","1","2016","5","40.306767","-79.890845","0758","11","0","0","0","0","0","0","0","0","1","0","0","0","","","0","","0","","40 18:24.360","7","0","79 53:27.043","0","0","0","0","2302","0","0","0","N","0","0","0","2","02302","0","","1.0","","1","N","N","","0","","0","0","0","","0","Y","","2","0","0","0","0","0","0","2","0","2","","","","N","","","","","","","","","",""
"2016001657","1920","1","0","0","0","0","0","0","0","0","7","0","","02","1","2016","3","40.461986","-79.906647","1915","11","0","0","0","0","0","0","0","0","","0","0","0","","","1","","0","","40 27:43.150","","0","79 54:23.930","8","0","0","0","2301","0","0","0","N","0","0","0","1","02301","0","","2.0","","1","N","N","","0","","0","0","0","","0","","","1","1","0","0","0","1","0","2","0","1","","","","N","","","","","","","","","",""
"2016007244","0050","1","0","0","0","0","0","0","0","0","7","0","","02","1","2016","7","40.438403","-80.012248","0043","11","0","0","0","0","0","0","1","0","","0","0","0","","","0","","0","","40 26:18.249","","0","80 00:44.091","0","0","0","0","2301","0","0","0","","0","0","0","1","68B03","0","","3.0","","1","N","N","","0","","0","0","0","","0","","","1","0","0","0","0","0","0","2","0","1","","","","N","","","","","","","","","",""
"2016006503","2020","3","0","0","0","0","0","0","0","0","1","0","","02","1","2016","7","40.457996","-79.904084","2015","11","0","0","0","0","0","0","0","0","","0","0","0","","","0","","1","","40 27:28.784","","0","79 54:14.701","9","0","0","0","2301","0","0","0","N","0","0","0","3","02301","0","","1.0","","1","N","N","","0","","0","0","0","","2","","","3","0","0","0","0","0","1","2","0","3","","","","N","","","","","","","","","",""
"2016001422","1351","1","0","0","0","0","0","0","0","0","8","0","","02","1","2016","3","40.448413","-79.934205","1347","11","0","0","0","0","0","0","0","0","","0","0","0","","","1","","2","","40 26:54.286","","0","79 56:03.138","8","0","0","0","2301","1","0","0","N","1","0","0","2","02301","0","","1.0","","1","N","N","","0","","0","0","0","","2","","","2","1","0","0","0","1","0","2","0","1","","","","N","","","","","","","","","",""
"2016002911","0640","3","0","0","0","0","0","0","0","0","6","0","","02","1","2016","6","40.406167","-79.832908","0637","11","0","0","0","0","0","0","0","0","4","1","0","0","","","0","","0","","40 24:22.200","5","0","79 49:58.470","1","0","0","0","2467","1","1","0","N","1","1","0","2","02467","0","2","6.0","","1","N","N","","1","0","0","0","0","","0","Y","","5","0","0","0","0","0","1","2","0","4","","","","N","","","","","","","","","",""
"2016000819","0801","1","0","0","0","0","0","0","0","0","7","0","","02","1","2016","2","40.468512","-79.94542","0750","11","0","0","0","0","0","0","0","0","","0","0","0","","","1","","2","","40 28:06.643","","0","79 56:43.512","8","0","0","0","2301","0","0","0","N","0","0","0","2","02301","0","","4.0","","2","N","N","","0","","0","0","0","","3","","","1","1","0","0","0","1","0","2","0","1","","","","N","","","","","","","","","",""
"2016000188","1730","0","0","0","0","0","0","0","0","0","4","0","","02","1","2016","6","40.43811","-79.99567","1715","11","0","0","1","0","0","0","0","0","1","0","0","0","","","0","","2","","40 26:17.196","1","0","79 59:44.412","0","0","0","0","2301","0","0","0","N","0","0","0","2","02301","0","","1.0","","1","N","N","","0","","0","0","2","","2","N","","2","0","0","0","0","0","0","2","0","2","","","","N","","","","","","","","","",""
"2016008073","1145","2","0","0","0","0","0","0","0","0","4","0","","02","1","2016","2","40.369658","-79.778293","1141","11","0","0","0","0","0","1","0","1","1","0","0","0","","","1","","1","","40 22:10.770","5","0","79 46:41.853","3","0","0","0","2111","0","0","0","N","0","0","0","3","02111","0","","1.0","","1","N","N","","0","","1","0","0","","2","N","","2","1","0","0","0","0","0","2","0","2","","","","N","","","","","","","","","",""
"2016006538","0309","2","0","0","0","0","0","0","0","0","1","0","25","02","1","2016","7","40.429267","-79.999168","0308","11","0","0","0","0","0","0","0","0","","0","0","0","","","0","","1","","40 25:45.362","","3","79 59:57.003","0","0","0","0","2301","0","0","0","N","0","0","0","3","02301","0","","1.0","","1","N","N","","0","","0","0","0","","2","","","2","0","0","0","0","0","0","2","0","2","","","Y","Y","5","1","","Y","U","Y","","","",""
"2016001463","1616","2","0","0","0","0","0","0","0","0","4","0","","02","1","2016","3","40.457305","-79.909082","1610","11","0","0","0","0","0","0","0","0","","0","0","0","","","1","","1","","40 27:26.297","","0","79 54:32.695","8","0","0","0","2301","0","0","0","N","0","0","0","2","02301","0","","1.0","","1","N","N","","0","","0","0","0","","2","","","2","1","0","0","0","1","0","2","0","2","","","","N","","","","","","","","","",""
"2016000189","1630","0","0","0","0","0","0","0","0","0","8","0","","02","1","2016","6","40.436217","-79.922897","1630","11","0","0","0","0","0","0","0","0","1","0","0","0","","","1","","0","","40 26:10.380","1","0","79 55:22.430","2","0","0","0","2301","1","0","1","N","1","0","1","5","02301","0","","1.0","","1","N","N","","1","","0","1","0","","0","N","","2","1","0","0","0","0","0","2","0","1","","","","N","","","","","","","","","",""
"2016001817","0830","1","0","0","0","0","0","0","0","0","4","0","","02","1","2016","3","40.438284","-79.830443","0826","11","0","0","0","0","0","1","0","0","1","0","0","0","","","1","","1","","40 26:17.821","4","0","79 49:49.594","8","0","0","0","2419","0","0","0","N","0","0","0","3","02419","0","","1.0","","1","N","N","","0","","0","0","1","","2","N","","2","1","1","0","0","1","1","2","0","2","","","","N","","","","","","","","","",""
"2016001465","1620","1","0","0","0","0","0","0","0","0","7","0","","02","1","2016","3","40.458262","-80.030252","1612","11","0","0","0","0","0","0","0","0","2","0","0","0","","","1","","6","","40 27:29.744","2","2","80 01:48.907","3","0","0","0","2301","0","0","0","N","0","0","0","1","02301","0","","1.0","","1","N","N","","0","","1","0","0","","0","Y","","1","1","0","0","0","0","0","2","0","1","","","","N","","","","","","","","","",""
"2016000899","1305","2","0","0","0","0","0","0","0","0","1","0","","02","1","2016","2","40.490605","-80.293523","1302","11","0","0","0","0","0","0","1","0","","0","0","0","","","1","","0","","40 29:26.177","","0","80 17:36.681","3","0","0","0","2203","0","0","0","N","0","0","0","2","02203","0","","1.0","","1","N","N","","0","","1","0","0","","0","","","2","1","0","0","0","0","0","2","0","2","","","","N","","","","","","","","","",""
"2016000191","1701","1","0","0","0","0","0","0","0","0","7","0","","02","1","2016","6","40.379355","-79.924873","1639","11","0","0","0","0","0","0","0","0","","0","0","0","","","1","","0","","40 22:45.678","","0","79 55:29.541","3","0","0","0","2301","0","0","0","N","0","0","0","1","02301","0","","5.0","","1","N","N","","0","","1","0","0","","2","","","1","1","0","0","0","0","0","2","0","1","","","","N","","","","","","","","","",""
"2016002153","2033","0","0","0","0","0","0","0","0","0","99","0","","02","1","2016","2","40.442025","-79.791785","2027","11","0","0","0","0","0","0","0","0","","0","0","0","","","0","","0","","40 26:31.291","","0","79 47:30.426","0","0","0","0","2446","0","0","0","N","0","0","0","1","68B03","0","","1.0","","1","N","N","","0","","0","0","1","","0","","","1","0","0","0","0","0","0","2","0","1","","","","N","","","","","","","","","",""
"2016000659","2011","2","0","0","0","0","0","0","0","0","4","0","","02","1","2016","1","40.456551","-79.823081","2003","11","0","0","0","1","0","0","0","0","","0","0","0","","","0","","2","","40 27:23.584","","0","79 49:23.091","0","0","0","0","2113","0","0","0","N","0","0","0","3","02113","0","","1.0","","9","N","N","","0","","0","0","0","","3","","","2","0","0","0","0","0","0","2","0","2","","","","N","","","","","","","","","",""
"2016000823","0945","1","0","0","0","0","0","0","0","0","4","0","","02","1","2016","2","40.421622","-79.924705","0925","11","0","0","0","0","0","0","0","0","3","0","0","0","","","2","","0","","40 25:17.838","3","0","79 55:28.938","3","0","0","0","2301","0","0","0","N","0","0","0","5","02301","0","","1.0","","2","N","N","","0","","2","0","1","","0","N","","2","2","0","0","0","0","0","2","0","2","","","","N","","","","","","","","","",""
"2016001819","0922","1","0","0","0","0","0","0","0","0","7","0","","02","1","2016","4","40.467736","-80.002817","0918","11","0","0","0","0","0","0","0","0","1","0","0","0","","","1","","0","","40 28:03.850","3","0","80 00:10.140","4","0","0","0","2301","0","0","0","N","0","0","0","1","02301","1","","2.0","","98","N","N","","0","","0","0","0","","0","N","","1","1","0","0","0","0","0","2","0","1","","","","N","","","","","","","","","",""
"2016008766","1604","1","0","0","0","0","0","0","0","0","7","0","","02","1","2016","5","40.560056","-79.964917","1556","11","0","0","0","0","0","0","0","0","1","0","0","0","","","0","","0","","40 33:36.200","4","3","79 57:53.700","0","0","0","0","2207","0","0","0","N","0","0","0","1","02207","0","","2.0","","98","N","N","","0","","0","0","0","","0","N","","1","0","0","0","0","0","0","2","0","1","","","","N","","","","","","","","","",""
"2016002154","2250","1","0","0","0","0","0","0","0","0","7","0","","02","1","2016","1","40.430054","-79.874458","2226","11","0","0","1","0","0","0","0","0","2","0","0","0","","","1","","0","","40 25:48.195","4","0","79 52:28.048","8","0","0","0","2411","0","0","0","N","0","0","0","1","68B03","0","","4.0","","1","N","N","","0","","0","0","0","","0","N","","1","1","0","0","0","1","0","2","0","1","","","","N","","","","","","","","","",""
"2016000825","1019","2","0","0","0","0","0","0","0","0","4","0","","02","1","2016","2","40.441104","-79.993517","1012","11","0","0","0","0","0","0","0","0","","0","0","0","","","0","","1","","40 26:27.973","","0","79 59:36.660","0","0","0","0","2301","0","0","0","N","0","0","0","2","02301","0","","1.0","","1","N","N","","0","","0","0","0","","2","","","2","0","0","0","0","0","0","2","0","2","","","","N","","","","","","","","","",""
"2016000901","2007","0","0","0","0","0","0","0","0","0","7","0","","02","1","2016","1","40.502617","-80.28272","2007","11","0","0","0","0","0","1","0","0","3","0","0","0","","","0","","0","","40 30:09.421","4","0","80 16:57.792","0","0","0","0","2203","0","0","0","Y","0","0","0","1","02501","0","","2.0","","2","N","N","","1","","0","0","0","","0","Y","","1","0","0","0","0","0","0","1","0","1","","","","N","","","","","","","","","",""
"2016001820","0730","1","0","0","0","0","0","0","0","0","1","0","","02","1","2016","4","40.436091","-79.978524","0715","11","0","0","0","0","0","1","0","0","1","0","0","0","","","0","","0","","40 26:09.928","3","0","79 58:42.687","0","0","0","0","2301","0","0","0","N","0","0","0","2","02301","0","","1.0","","98","N","N","","0","","0","0","0","","0","N","","3","0","0","0","0","0","0","2","0","3","","","","N","","","","","","","","","",""
"2016002155","1621","2","0","0","0","0","0","0","0","0","1","0","","02","1","2016","2","40.439543","-79.860847","1617","11","0","0","0","0","0","0","0","0","1","0","0","0","","","0","","0","","40 26:22.354","3","0","79 51:39.049","0","0","0","0","2419","0","0","0","N","0","0","0","4","68B03","0","","1.0","","1","N","N","","1","","0","0","0","","0","N","","3","0","0","0","0","0","0","2","0","3","","","","N","","","","","","","","","",""
"2016000661","2025","0","0","0","0","0","0","0","0","0","7","0","","02","1","2016","1","40.384593","-79.932771","2019","11","0","0","0","0","0","0","0","0","1","0","0","0","","","1","","0","","40 23:04.536","2","3","79 55:57.976","8","0","0","0","2301","0","0","0","N","0","0","0","2","02301","0","","2.0","","9","N","N","","0","","0","0","1","","0","N","","1","1","0","0","0","1","0","2","0","1","","","","N","","","","","","","","","",""
"2016002917","0952","1","0","0","0","0","0","0","0","0","7","0","","02","1","2016","6","40.540933","-79.794816","0948","11","0","0","0","0","0","1","0","0","","0","0","0","","","0","","1","","40 32:27.358","","0","79 47:41.339","0","0","0","0","2418","0","0","0","N","0","0","0","1","02462","0","","4.0","","1","N","N","","0","","0","0","0","","3","","","1","0","0","0","0","0","0","2","0","1","","","","N","","","","","","","","","",""
"2016001669","1741","1","0","0","0","0","0","0","0","0","2","0","","02","1","2016","3","40.511815","-79.996617","1735","11","0","1","0","0","0","1","0","0","1","0","0","0","","","1","","0","","40 30:42.533","1","0","79 59:47.822","8","0","0","0","2116","0","0","0","N","0","0","0","2","02116","0","","1.0","","1","N","N","","0","","0","0","1","","0","Y","","2","1","0","0","0","1","0","2","0","2","","","","N","","","","","","","","","",""
"2016000662","2041","0","0","0","0","0","0","0","0","0","7","0","","02","1","2016","1","40.441967","-80.188742","2030","11","0","0","0","0","0","0","0","0","3","0","0","0","","","2","","0","","40 26:31.080","6","0","80 11:19.471","4","0","0","0","2214","0","0","0","N","0","0","0","4","02214","2","","5.0","","2","N","N","","0","","0","0","1","","0","Y","","1","2","0","0","0","0","0","2","0","1","","","","N","","","","","","","","","",""
"2016001670","1639","1","0","0","0","0","0","0","0","0","4","0","","02","1","2016","3","40.356742","-79.833223","1636","11","0","0","0","0","0","0","0","1","","0","0","0","","","0","","2","","40 21:24.272","","0","79 49:59.603","0","0","0","0","2304","0","0","0","N","0","0","0","2","02304","0","","1.0","","1","N","N","","0","","0","0","1","","0","","","2","0","0","0","0","0","0","2","0","2","","","","N","","","","","","","","","",""
"2016001822","0630","1","0","0","0","0","0","1","0","0","4","1","","02","1","2016","3","40.384085","-79.977656","0620","11","0","0","0","0","0","0","0","0","","0","0","0","","","1","","2","","40 23:02.706","","0","79 58:39.561","3","0","0","0","2301","0","0","0","N","0","0","0","4","02503","0","","1.0","","1","N","N","","0","","1","0","0","","2","","","2","1","0","0","0","0","0","2","0","2","","","","N","","","","","","","","","",""
"2016002224","0935","1","0","0","0","0","0","0","0","0","4","0","","02","1","2016","4","40.438262","-79.760141","0928","11","0","0","0","0","0","0","0","0","2","0","0","0","","","0","","0","","40 26:17.743","2","0","79 45:36.508","0","0","0","0","2446","0","0","0","Y","0","0","0","2","02446","0","","1.0","","1","N","N","","0","","0","0","1","","0","N","","2","0","0","0","0","0","0","2","0","2","","","","N","","","","","","","","","",""
"2016002920","0916","1","0","0","0","0","0","0","0","0","1","0","","02","1","2016","5","40.387561","-79.799142","0914","11","0","0","1","0","0","0","0","0","","0","0","0","","","1","","0","","40 23:15.220","","0","79 47:56.910","3","0","0","0","2424","0","0","0","N","0","0","0","2","02424","0","","1.0","","1","N","N","","0","","1","0","1","","0","","","2","1","1","0","0","0","0","2","0","2","","","","N","","","","","","","","","",""