"CRN","ARRIVAL_TM","AUTOMOBILE_COUNT","BELTED_DEATH_COUNT","BELTED_SUSP_SERIOUS_INJ_COUNT","BICYCLE_COUNT","BICYCLE_DEATH_COUNT","BICYCLE_SUSP_SERIOUS_INJ_COUNT","BUS_COUNT","CHLDPAS_DEATH_COUNT","CHLDPAS_SUSP_SERIOUS_INJ_COUNT","COLLISION_TYPE","COMM_VEH_COUNT","CONS_ZONE_SPD_LIM","COUNTY","CRASH_MONTH","CRASH_YEAR","DAY_OF_WEEK","DEC_LATITUDE","DEC_LONGITUDE","DISPATCH_TM","DISTRICT","DRIVER_COUNT_16YR","DRIVER_COUNT_17YR","DRIVER_COUNT_18YR","DRIVER_COUNT_19YR","DRIVER_COUNT_20YR","DRIVER_COUNT_50_64YR","DRIVER_COUNT_65_74YR","DRIVER_COUNT_75PLUS","EST_HRS_CLOSED","FATAL_COUNT","HEAVY_TRUCK_COUNT","HORSE_BUGGY_COUNT","HOUR_OF_DAY","ILLUMINATION","INJURY_COUNT","INTERSECTION_RELATED","INTERSECT_TYPE","LANE_CLOSED","LATITUDE","LN_CLOSE_DIR","LOCATION_TYPE","LONGITUDE","MAX_SEVERITY_LEVEL","MCYCLE_DEATH_COUNT","MCYCLE_SUSP_SERIOUS_INJ_COUNT","MOTORCYCLE_COUNT","MUNICIPALITY","NONMOTR_COUNT","NONMOTR_DEATH_COUNT","NONMOTR_SUSP_SERIOUS_INJ_COUNT","NTFY_HIWY_MAINT","PED_COUNT","PED_DEATH_COUNT","PED_SUSP_SERIOUS_INJ_COUNT","PERSON_COUNT","POLICE_AGCY","POSSIBLE_INJ_COUNT","RDWY_SURF_TYPE_CD","RELATION_TO_ROAD","ROADWAY_CLEARED","ROAD_CONDITION","SCH_BUS_IND","SCH_ZONE_IND","SECONDARY_CRASH","SMALL_TRUCK_COUNT","SPEC_JURIS_CD","SUSP_MINOR_INJ_COUNT","SUSP_SERIOUS_INJ_COUNT","SUV_COUNT","TCD_FUNC_CD","TCD_TYPE","TFC_DETOUR_IND","TIME_OF_DAY","TOTAL_UNITS","TOT_INJ_COUNT","UNBELTED_OCC_COUNT","UNB_DEATH_COUNT","UNB_SUSP_SERIOUS_INJ_COUNT","UNK_INJ_DEG_COUNT","UNK_INJ_PER_COUNT","URBAN_RURAL","VAN_COUNT","VEHICLE_COUNT","WEATHER1","WEATHER2","WORKERS_PRES","WORK_ZONE_IND","WORK_ZONE_LOC","WORK_ZONE_TYPE","WZ_CLOSE_DETOUR","WZ_FLAGGER","WZ_LAW_OFFCR_IND","WZ_LN_CLOSURE","WZ_MOVING","WZ_OTHER","WZ_SHLDER_MDN","WZ_WORKERS_INJ_KILLED"
"2016006779","","2","0","0","0","0","0","0","0","0","4","0","","02","1","2016","1","40.384444","-79.984409","","11","0","0","0","0","0","0","0","0","2","0","0","0","","","0","","2","","40 23:03.998","1","0","79 59:03.872","0","0","0","0","2301","0","0","0","N","0","0","0","2","02301","0","","1.0","","2","N","N","","0","","0","0","0","","3","N","","2","0","0","0","0","0","0","2","0","2","","","","N","","","","","","","","","",""
"2016009034","","0","0","1","0","0","0","0","0","0","7","0","","02","1","2016","6","40.519942","-79.959373","","11","0","0","0","0","0","0","0","1","1","0","0","0","","","1","","0","","40 31:11.790","5","0","79 57:33.742","2","0","0","0","2118","0","0","0","N","0","0","0","1","02118","0","","5.0","","1","N","N","","0","","0","1","0","","0","N","","1","1","0","0","0","0","0","2","1","1","","","","N","","","","","","","","","",""
"2016007627","","1","0","0","0","0","0","0","0","0","7","0","","02","1","2016","3","40.412185","-80.010604","","11","0","0","0","0","0","0","0","0","","0","0","0","","","0","","0","","40 24:43.867","","0","80 00:38.174","0","0","0","0","2301","0","0","0","N","0","0","0","1","02301","0","","5.0","","1","N","N","","0","","0","0","1","","0","","","2","0","0","0","0","0","0","2","0","2","","","","N","","","","","","","","","",""
"2016006978","","0","0","0","0","0","0","0","0","0","1","0","","02","1","2016","2","40.457473","-80.192768","","11","0","0","0","0","0","1","0","0","2","0","0","0","","","0","","3","","40 27:26.902","1","0","80 11:33.964","0","0","0","0","2203","0","0","0","N","0","0","0","4","02203","0","","1.0","","1","N","N","","1","","0","0","1","","2","N","","2","0","0","0","0","0","0","2","0","2","","","","N","","","","","","","","","",""
"2016006775","","1","0","0","0","0","0","0","0","0","7","0","","02","1","2016","1","40.478426","-79.968447","","11","0","0","0","0","0","0","1","0","1","0","0","0","","","1","","1","","40 28:42.332","1","0","79 58:06.409","4","0","0","0","2445","0","0","0","Y","0","0","0","1","02445","1","","3.0","","9","N","N","","0","","0","0","0","","2","N","","1","1","0","0","0","0","0","2","0","1","","","","N","","","","","","","","","",""
"2016008326","","1","0","0","0","0","0","0","0","0","7","0","","02","1","2016","4","40.510664","-79.799994","","11","0","0","0","0","0","0","1","0","1","0","0","0","","","0","","0","","40 30:38.389","2","0","79 47:59.977","0","0","0","0","2113","0","0","0","N","0","0","0","1","02113","0","","5.0","","7","N","N","","0","","0","0","0","","0","Y","","1","0","0","0","0","0","0","2","0","1","","","","N","","","","","","","","","",""
"2016006849","","1","0","0","0","0","0","0","0","0","7","0","","02","1","2016","7","40.509232","-79.940659","","11","0","0","0","0","0","0","0","0","","0","0","0","","","0","","0","","40 30:33.234","","0","79 56:26.371","0","0","0","0","2118","0","0","0","N","0","0","0","1","02118","0","","5.0","","9","N","N","","0","","0","0","0","","0","","","1","0","0","0","0","0","0","2","0","1","","","","N","","","","","","","","","",""
"2016009036","","0","0","0","0","0","0","0","0","0","7","0","","02","1","2016","5","40.490592","-80.045572","","11","0","0","0","0","0","0","0","0","1","0","0","0","","","0","","0","","40 29:26.130","3","0","80 02:44.060","0","0","0","0","2404","0","0","0","N","0","0","0","1","02404","0","","5.0","","2","N","N","","0","","0","0","1","","0","N","","1","0","1","0","0","0","0","2","0","1","","","","N","","","","","","","","","",""
"2016008327","","0","0","0","0","0","0","0","0","0","7","0","","02","1","2016","4","40.389134","-79.932608","","11","0","0","0","0","0","0","0","0","","0","0","0","","","1","","0","","40 23:20.881","","0","79 55:57.387","8","0","0","0","2301","0","0","0","N","0","0","0","1","02301","0","","4.0","","2","N","N","","0","","0","0","1","","0","","","1","1","0","0","0","1","0","2","0","1","","","","N","","","","","","","","","",""
"2016007629","","1","0","0","0","0","0","0","0","0","4","0","","02","1","2016","2","40.534138","-80.179336","","11","0","0","0","0","0","1","0","0","1","0","0","0","","","0","","0","","40 32:02.897","1","0","80 10:45.611","0","0","0","0","2458","0","0","0","N","0","0","0","4","02458","0","","1.0","","1","N","N","","0","","0","0","1","","0","N","","2","0","2","0","0","0","0","2","0","2","","","","N","","","","","","","","","",""
"2016006925","","2","0","0","0","0","0","0","0","0","4","0","","02","1","2016","1","40.438863","-79.762579","","11","0","0","0","0","0","0","0","1","","0","0","0","","","3","","1","","40 26:19.908","","0","79 45:45.284","3","0","0","0","2446","0","0","0","N","0","0","0","3","02446","0","","1.0","","1","N","N","","0","","3","0","0","","2","","","2","3","0","0","0","0","0","2","0","2","","","","N","","","","","","","","","",""
"2016006214","","0","0","0","0","0","0","0","0","0","7","0","","02","1","2016","6","40.412641","-80.030778","","11","0","0","1","0","0","0","0","0","1","0","0","0","","","0","","0","","40 24:45.506","1","7","80 01:50.799","0","0","0","0","2301","0","0","0","N","0","0","0","1","02301","0","","3.0","","9","N","N","","0","","0","0","1","","0","N","","1","0","0","0","0","0","0","2","0","1","","","","N","","","","","","","","","",""
"2016006980","","1","0","0","0","0","0","0","0","0","4","0","","02","1","2016","2","40.438892","-79.934087","","11","0","0","0","0","0","0","0","0","1","0","0","0","","","0","","1","","40 26:20.011","6","0","79 56:02.713","0","0","0","0","2301","0","0","0","N","0","0","0","3","02301","0","","1.0","","1","N","N","","1","","0","0","0","","3","Y","","2","0","0","0","0","0","0","2","0","2","","","","N","","","","","","","","","",""
"2016007630","","0","0","0","0","0","0","0","0","0","1","0","","02","1","2016","3","40.456279","-79.97498","","11","0","0","0","0","0","0","2","0","2","0","0","0","","","1","","3","","40 27:22.604","3","0","79 58:29.928","8","0","0","0","2301","0","0","0","","0","0","0","4","02301","0","","1.0","","1","","","","0","","0","0","3","","2","N","","3","1","0","0","0","1","1","2","0","3","","","","N","","","","","","","","","",""
"2016006215","","1","0","0","0","0","0","0","0","0","7","0","","02","1","2016","7","40.509087","-79.990869","","11","0","0","0","0","0","0","0","0","1","0","0","0","","","0","","0","","40 30:32.714","1","0","79 59:27.129","0","0","0","0","2116","0","0","0","N","0","0","0","1","02116","0","","5.0","","9","N","N","","0","","0","0","0","","0","N","","1","0","0","0","0","0","0","2","0","1","","","","N","","","","","","","","","",""
"2016007380","","2","0","0","0","0","0","0","0","0","4","0","","02","1","2016","2","40.520849","-80.025383","","11","0","0","1","0","0","1","0","0","1","0","0","0","","","0","","1","","40 31:15.058","6","0","80 01:31.380","0","0","0","0","2474","0","0","0","N","0","0","0","3","02474","0","","1.0","","1","N","N","","0","","0","0","1","","2","N","","3","0","0","0","0","0","0","2","0","3","","","","N","","","","","","","","","",""
"2016009038","","1","0","0","0","0","0","0","0","0","4","0","","02","1","2016","6","40.449819","-79.929656","","11","0","0","0","0","0","0","0","0","1","0","0","0","","","0","","1","","40 26:59.348","4","0","79 55:46.761","0","0","0","0","2301","0","0","0","N","0","0","0","4","02301","0","","1.0","","1","N","N","","1","","0","0","0","","2","Y","","2","0","2","0","0","0","0","2","0","2","","","","N","","","","","","","","","",""
"2016006927","","1","0","0","0","0","0","0","0","0","4","0","","02","1","2016","3","40.458974","-79.84291","","11","0","0","0","0","0","0","1","0","3","0","0","0","","","0","","0","","40 27:32.306","5","0","79 50:34.477","0","0","0","0","2113","0","0","0","N","0","0","0","2","02113","0","","1.0","","7","N","N","","0","","0","0","1","","0","Y","","2","0","0","0","0","0","0","2","0","2","","","","N","","","","","","","","","",""
"2016007382","","1","0","0","0","0","0","0","0","0","4","0","","02","1","2016","3","40.464944","-79.961917","","11","0","0","0","0","0","0","0","0","","0","0","0","","","0","","0","","40 27:53.800","","7","79 57:42.900","0","0","0","0","2301","0","0","0","N","0","0","0","2","02301","0","","1.0","","1","N","N","","1","","0","0","0","","0","","","2","0","0","0","0","0","0","2","0","2","","","","N","","","","","","","","","",""
"2016006983","","0","0","0","0","0","0","0","0","0","7","0","","02","1","2016","2","40.516077","-79.959082","","11","0","0","0","0","0","0","0","1","1","0","0","0","","","0","","0","","40 30:57.876","2","0","79 57:32.696","0","0","0","0","2118","0","0","0","N","0","0","0","1","02118","0","","2.0","","1","N","N","","0","","0","0","1","","0","N","","1","0","0","0","0","0","0","2","0","1","","","","N","","","","","","","","","",""
"2016006618","","0","0","0","0","0","0","0","0","0","2","0","","02","1","2016","1","40.382879","-79.857298","","11","0","0","0","0","0","1","1","0","1","0","0","0","","","2","","0","","40 22:58.364","2","0","79 51:26.273","3","0","0","0","2303","0","0","0","N","0","0","0","8","02303","0","","1.0","","1","N","N","","0","","2","0","2","","0","Y","","2","2","0","0","0","0","0","2","0","2","","","","N","","","","","","","","","",""
"2016006686","","1","0","0","0","0","0","0","0","0","1","0","","02","1","2016","6","40.44761","-80.165199","","11","0","0","0","0","0","0","0","0","","0","0","0","","","0","","0","","40 26:51.395","","2","80 09:54.715","0","0","0","0","2115","0","0","0","","0","0","0","4","68B03","0","","1.0","","1","N","N","","0","","0","0","1","","0","","","2","0","2","0","0","0","0","2","0","2","","","","N","","","","","","","","","",""
"2016008899","","1","0","0","0","0","0","0","0","0","7","0","","02","1","2016","6","40.575815","-79.954699","","11","0","0","0","0","0","0","0","0","2","0","0","0","","","0","","2","","40 34:32.934","3","0","79 57:16.916","0","0","0","0","2207","0","0","0","N","0","0","0","1","02207","0","","5.0","","1","N","N","","0","","0","0","0","","2","N","","1","0","0","0","0","0","0","2","0","1","","","","N","","","","","","","","","",""
"2016006687","","2","0","0","0","0","0","0","0","0","1","0","","02","1","2016","7","40.442691","-80.160008","","11","0","0","0","0","0","1","0","0","1","0","0","0","","","2","","0","","40 26:33.686","4","0","80 09:36.028","4","0","0","0","2115","0","0","0","","0","0","0","2","68B03","2","","1.0","","1","N","N","","0","","0","0","0","","0","N","","2","2","0","0","0","0","0","2","0","2","","","","N","","","","","","","","","",""
"2016006986","","1","0","0","0","0","0","0","0","0","4","0","","02","1","2016","2","40.415081","-79.848225","","11","0","0","0","0","1","1","0","0","1","0","0","0","","","1","","0","","40 24:54.290","1","7","79 50:53.610","4","0","0","0","2431","0","0","0","N","0","0","0","3","02431","1","","1.0","","1","N","N","","0","","0","0","1","","0","N","","2","1","0","0","0","0","0","2","0","2","","","","N","","","","","","","","","",""
"2016008900","","1","0","0","0","0","0","0","0","0","8","0","","02","1","2016","6","40.456934","-79.998833","","11","0","0","0","0","0","1","0","0","1","0","0","0","","","1","","1","","40 27:24.964","2","0","79 59:55.797","8","0","0","0","2301","1","0","0","N","1","0","0","2","02301","0","","1.0","","1","N","N","","0","","0","0","0","","2","N","","2","1","0","0","0","1","0","2","0","1","","","","N","","","","","","","","","",""
"2016006788","","1","0","0","0","0","0","0","0","0","7","0","","02","1","2016","1","40.667913","-80.102297","","11","0","0","0","0","0","0","0","0","1","0","0","0","","","0","","0","","40 40:04.485","1","0","80 06:08.269","0","0","0","0","2212","0","0","0","N","0","0","0","1","02505","0","","2.0","","7","N","N","","0","","0","0","0","","0","N","","1","0","0","0","0","0","0","2","0","1","","","","N","","","","","","","","","",""
"2016006160","","0","0","0","0","0","0","1","0","0","1","1","","02","1","2016","5","40.535416","-80.185358","","11","0","0","0","0","1","1","0","0","1","0","0","0","","","0","","0","","40 32:07.497","6","3","80 11:07.288","0","0","0","0","2458","0","0","0","N","0","0","0","2","02458","0","","1.0","","1","Y","N","","0","","0","0","0","","0","Y","","2","0","0","0","0","0","0","2","1","2","","","","N","","","","","","","","","",""
"2016007025","","1","0","0","0","0","0","0","0","0","7","0","","02","1","2016","5","40.300706","-79.924134","","11","0","0","0","0","0","0","0","0","","0","0","0","","","0","","0","","40 18:02.541","","0","79 55:26.881","0","0","0","0","2440","0","0","0","N","0","0","0","3","02440","0","","1.0","","1","N","N","","0","","0","0","0","","0","","","1","0","0","0","0","0","0","2","0","1","","","","N","","","","","","","","","",""
"2016006622","","1","0","0","0","0","0","0","0","0","4","0","","02","1","2016","4","40.352104","-80.050627","","11","0","0","0","0","0","1","0","1","2","0","0","0","","","2","","1","","40 21:07.575","1","0","80 03:02.256","4","0","0","0","2109","0","0","0","N","0","0","0","3","02109","1","","1.0","","1","N","N","","0","","0","0","2","","2","Y","","3","2","0","0","0","1","0","2","0","3","","","","N","","","","","","","","","",""
"2016008901","","1","0","0","0","0","0","0","0","0","1","0","","02","1","2016","6","40.411014","-80.005933","","11","0","0","0","0","0","1","0","0","","0","0","0","","","0","","2","","40 24:39.651","","0","80 00:21.360","0","0","0","0","2301","0","0","0","N","0","0","0","2","02301","0","","1.0","","9","N","N","","0","","0","0","1","","2","","","2","0","0","0","0","0","0","2","0","2","","","","N","","","","","","","","","",""
"2016008946","","1","0","0","0","0","0","0","0","0","7","0","","02","1","2016","6","40.408431","-80.004646","","11","0","0","0","1","0","0","0","0","2","0","0","0","","","0","","0","","40 24:30.350","1","0","80 00:16.727","0","0","0","0","2301","0","0","0","N","0","0","0","1","02301","0","","5.0","","2","N","N","","0","","0","0","0","","0","N","","1","0","0","0","0","0","0","2","0","1","","","","N","","","","","","","","","",""
"2016006988","","0","0","0","0","0","0","0","0","0","7","0","","02","1","2016","2","40.336153","-79.881694","","11","0","0","0","0","0","0","0","1","","0","0","0","","","0","","0","","40 20:10.150","","0","79 52:54.100","0","0","0","0","2455","0","0","0","N","0","0","0","1","02455","0","","5.0","","1","N","N","","0","","0","0","1","","0","","","1","0","0","0","0","0","0","2","0","1","","","","N","","","","","","","","","",""
"2016008948","","1","0","0","0","0","0","0","0","0","4","0","","02","1","2016","6","40.474775","-80.029708","","11","0","0","0","0","0","0","0","0","","0","0","0","","","0","","0","","40 28:29.190","","0","80 01:46.948","0","0","0","0","2301","0","0","0","N","0","0","0","1","02301","0","","2.0","","2","N","N","","0","","0","0","1","","0","","","2","0","0","0","0","0","0","2","0","2","","","","N","","","","","","","","","",""
"2016007388","","1","0","0","0","0","0","0","0","0","1","0","","02","1","2016","6","40.375321","-79.827331","","11","0","0","0","0","0","0","0","0","2","0","0","0","","","1","","1","","40 22:31.157","4","0","79 49:38.391","8","0","0","0","2111","0","0","0","N","0","0","0","6","02111","0","","1.0","","9","N","N","","1","","0","0","0","","0","N","","2","1","0","0","0","1","0","2","0","2","","","","N","","","","","","","","","",""
"2016008903","","0","0","0","0","0","0","0","0","0","7","0","","02","1","2016","6","40.457561","-79.843433","","11","0","0","0","0","0","0","0","0","2","0","0","0","","","0","","0","","40 27:27.218","5","0","79 50:36.360","0","0","0","0","2113","0","0","0","N","0","0","0","1","02113","0","","5.0","","1","N","N","","0","","0","0","1","","0","Y","","1","0","0","0","0","0","0","2","0","1","","","","N","","","","","","","","","",""
"2016008993","","2","0","0","0","0","0","0","0","0","4","0","","02","1","2016","6","40.437703","-80.020737","","11","0","0","0","0","0","0","0","0","","0","0","0","","","0","","2","","40 26:15.730","","0","80 01:14.653","0","0","0","0","2301","0","0","0","","0","0","0","1","02301","0","","1.0","","2","","","","0","","0","0","2","","0","","","4","0","0","0","0","0","0","2","0","4","","","","N","","","","","","","","","",""
"2016006791","","1","0","0","0","0","0","0","0","0","1","0","","02","1","2016","1","40.405917","-79.823083","","11","0","0","0","0","0","0","0","0","","0","0","0","","","0","","0","","40 24:21.300","","7","79 49:23.100","0","0","0","0","2467","0","0","0","N","0","0","0","2","02467","0","","1.0","","9","N","N","","0","","0","0","1","","0","","","2","0","1","0","0","0","0","2","0","2","","","","N","","","","","","","","","",""
"2016007028","","1","0","0","0","0","0","0","0","0","1","0","","02","1","2016","3","40.355396","-80.030951","","11","0","0","1","0","0","0","0","0","2","0","0","0","","","2","","0","","40 21:19.424","5","0","80 01:51.422","4","0","0","0","2407","0","0","0","N","0","0","0","2","02407","2","","1.0","","1","N","N","","1","","0","0","0","","0","Y","","2","2","1","0","0","0","0","2","0","2","","","","N","","","","","","","","","",""
"2016008950","","0","0","0","0","0","0","0","0","0","7","0","","02","1","2016","6","40.601849","-80.072003","","11","0","0","0","0","0","0","0","0","","0","0","0","","","0","","0","","40 36:06.657","","0","80 04:19.211","0","0","0","0","2481","0","0","0","N","0","0","0","1","02481","0","","4.0","","2","N","N","","0","","0","0","1","","0","","","1","0","0","0","0","0","0","2","0","1","","","","N","","","","","","","","","",""
"2016007029","","2","0","0","0","0","0","0","0","0","1","0","","02","1","2016","7","40.334879","-80.020005","","11","0","0","0","0","0","1","0","0","","0","0","0","","","1","","0","","40 20:05.564","","0","80 01:12.017","4","0","0","0","2407","0","0","0","N","0","0","0","3","02407","1","","1.0","","9","N","N","","0","","0","0","0","","0","","","2","1","0","0","0","0","0","2","0","2","","","","N","","","","","","","","","",""
"2016008905","","1","0","0","0","0","0","0","0","0","1","0","","02","1","2016","5","40.478954","-79.732331","","11","0","0","0","0","0","0","0","1","","0","0","0","","","0","","2","","40 28:44.234","","0","79 43:56.391","0","0","0","0","2466","0","0","0","N","0","0","0","2","02466","0","","1.0","","1","N","N","","0","","0","0","1","","0","","","2","0","0","0","0","0","0","2","0","2","","","","N","","","","","","","","","",""
"2016008951","","1","0","0","0","0","0","0","0","0","5","0","","02","1","2016","6","","","","11","0","0","0","0","0","1","0","0","","0","0","0","","","0","","0","","40 25:00.5","","0","80 01:46.8","0","0","0","0","2301","0","0","0","N","0","0","0","2","02301","0","","1.0","","2","N","N","","1","","0","0","0","","0","","","2","0","0","0","0","0","0","2","0","2","","","","N","","","","","","","","","",""
"2016008483","","1","0","0","0","0","0","0","0","0","7","0","","02","1","2016","5","40.456952","-79.88968","","11","0","0","0","0","0","0","0","0","","0","0","0","","","0","","10","","40 27:25.027","","0","79 53:22.848","0","0","0","0","2301","0","0","0","N","0","0","0","0","02301","0","","2.0","","7","N","N","","0","","0","0","0","","3","","","1","0","0","0","0","0","0","2","0","1","","","","N","","","","","","","","","",""
"2016007030","","1","0","0","0","0","0","0","0","0","7","0","","02","1","2016","3","40.345856","-80.0268","","11","0","0","0","0","0","1","0","0","","0","0","0","","","1","","0","","40 20:45.080","","0","80 01:36.480","4","0","0","0","2407","0","0","0","N","0","0","0","1","02407","1","","1.0","","7","N","N","","0","","0","0","0","","0","","","1","1","0","0","0","0","0","2","0","1","","","","N","","","","","","","","","",""
"2016008952","","1","0","0","0","0","0","0","0","0","7","0","","02","1","2016","6","40.337466","-79.808754","","11","0","0","0","0","0","0","0","0","","0","0","0","","","0","","1","","40 20:14.876","","0","79 48:31.516","0","0","0","0","2477","0","0","0","N","0","0","0","1","02477","0","","2.0","","2","N","N","","0","","0","0","0","","0","","","1","0","0","0","0","0","0","2","0","1","","","","N","","","","","","","","","",""
"2016008907","","0","0","0","0","0","0","0","0","0","8","0","","02","1","2016","6","40.49784","-80.060133","","11","0","0","0","0","0","0","0","0","","0","0","0","","","1","","1","","40 29:52.224","","0","80 03:36.480","4","0","0","0","2404","1","0","0","N","1","0","0","2","02404","1","","1.0","","1","N","N","","0","","0","0","1","","2","","","2","1","0","0","0","0","0","2","0","1","","","","N","","","","","","","","","",""
"2016007425","","1","0","0","0","0","0","0","0","0","1","0","","02","1","2016","3","40.402274","-80.000814","","11","0","0","0","0","0","0","0","0","","0","0","0","","","0","","0","","40 24:08.187","","0","80 00:02.929","0","0","0","0","2301","0","0","0","N","0","0","0","2","02301","0","","1.0","","1","N","N","","1","","0","0","0","","0","","","2","0","0","0","0","0","0","2","0","2","","","","N","","","","","","","","","",""
"2016008954","","2","0","0","0","0","0","0","0","0","2","0","","02","1","2016","6","40.334089","-79.803926","","11","0","0","0","0","0","1","0","1","1","0","0","0","","","2","","2","","40 20:02.722","3","0","79 48:14.133","8","0","0","0","2477","0","0","0","N","0","0","0","2","02477","0","","1.0","","2","N","N","","0","","0","0","0","","2","Y","","2","2","0","0","0","2","0","2","0","2","","","","N","","","","","","","","","",""
"2016008485","","1","0","0","0","0","0","0","0","0","7","0","","02","1","2016","5","","","","11","0","0","0","0","0","1","0","0","","0","0","0","","","0","","0","","40 26:57.7","","0","80 00:03.1","0","0","0","0","2301","0","0","0","Y","0","0","0","1","02301","0","","4.0","","9","N","N","","0","","0","0","0","","0","","","1","0","1","0","0","0","0","2","0","1","","","","N","","","","","","","","","",""
"2016006227","","1","0","0","0","0","0","0","0","0","8","0","","02","1","2016","6","40.42875","-79.980556","","11","0","0","0","0","0","0","0","0","","0","0","0","","","1","","1","","40 25:43.501","","0","79 58:50.003","4","0","0","0","2301","1","0","0","N","1","0","0","2","02301","1","","1.0","","9","N","N","","0","","0","0","0","","2","","","2","1","1","0","0","0","0","2","0","1","","","","N","","","","","","","","","",""
"2016008908","","1","0","0","0","0","0","0","0","0","0","0","","02","1","2016","4","40.527596","-80.037381","","11","0","0","0","0","0","0","0","0","","0","0","0","","","0","","0","","40 31:39.344","","0","80 02:14.571","0","0","0","0","2474","0","0","0","N","0","0","0","3","02474","0","","2.0","","7","N","N","","0","","0","0","0","","0","","","1","0","0","0","0","0","0","2","0","1","","","","N","","","","","","","","","",""
"2016007427","","0","0","0","0","0","0","0","0","0","7","0","","02","1","2016","3","40.396858","-80.065462","","11","0","0","0","0","0","0","0","1","","0","0","0","","","0","","0","","40 23:48.688","","0","80 03:55.663","0","0","0","0","2117","0","0","0","N","0","0","0","1","02117","0","","2.0","","1","N","N","","0","","0","0","1","","0","","","1","0","0","0","0","0","0","2","0","1","","","","N","","","","","","","","","",""
"2016008999","","2","0","0","0","0","0","0","0","0","4","0","","02","1","2016","5","40.377081","-80.050867","","11","0","0","0","0","0","1","0","0","1","0","0","0","","","1","","2","","40 22:37.493","1","0","80 03:03.120","4","0","0","0","2109","0","0","0","","0","0","0","3","02109","1","","1.0","","1","N","N","","0","","0","0","0","","2","Y","","2","1","0","0","0","0","0","2","0","2","","","","N","","","","","","","","","",""
"2016008955","","1","0","0","0","0","0","0","0","0","8","0","","02","1","2016","6","40.541525","-79.799292","","11","0","1","0","0","0","0","0","0","","0","0","0","","","1","","2","","40 32:29.491","","0","79 47:57.452","8","0","0","0","2418","1","0","0","N","1","0","0","2","02418","0","","1.0","","1","N","N","","0","","0","0","0","","2","","","2","1","1","0","0","1","0","2","0","1","","","","N","","","","","","","","","",""
"2016006797","","1","0","0","0","0","0","0","0","0","2","1","","02","1","2016","1","40.636972","-79.811889","","11","0","0","0","0","0","1","0","0","1","0","1","0","","","1","","0","","40 38:13.100","6","0","79 48:42.800","8","0","0","0","2464","0","0","0","N","0","0","0","3","02464","0","","1.0","","7","N","N","","0","","0","0","0","","0","N","","2","1","2","0","0","1","0","1","0","2","","","","N","","","","","","","","","",""
"2016006944","","2","0","0","0","0","0","0","0","0","4","0","","02","1","2016","5","40.568163","-80.212883","","11","0","0","0","0","0","0","0","0","","0","0","0","","","0","","5","","40 34:05.386","","2","80 12:46.378","0","0","0","0","2441","0","0","0","N","0","0","0","2","02441","0","","1.0","","9","N","N","","0","","0","0","0","","2","","","2","0","0","0","0","0","0","2","0","2","","","","N","","","","","","","","","",""
"2016006228","","2","0","0","0","0","0","0","0","0","1","0","","02","1","2016","7","40.423864","-80.00928","","11","0","0","0","1","0","0","0","0","","0","0","0","","","0","","0","","40 25:25.910","","0","80 00:33.408","0","0","0","0","2301","0","0","0","N","0","0","0","1","02301","0","","4.0","","9","N","N","","0","","0","0","0","","0","","","2","0","0","0","0","0","0","2","0","2","","","","N","","","","","","","","","",""
"2016009000","","1","0","0","0","0","0","0","0","0","1","0","","02","1","2016","5","40.385934","-80.04094","","11","0","0","0","0","0","0","0","0","","0","0","0","","","0","","2","","40 23:09.361","","0","80 02:27.384","0","0","0","0","2109","0","0","0","","0","0","0","3","02109","0","","1.0","","1","N","N","","0","","0","0","1","","0","","","2","0","0","0","0","0","0","2","0","2","","","","N","","","","","","","","","",""
"2016008956","","1","0","0","0","0","0","0","0","0","7","0","","02","1","2016","6","40.470478","-79.908519","","11","0","0","0","0","0","0","0","0","","0","0","0","","","0","","2","","40 28:13.719","","0","79 54:30.667","0","0","0","0","2301","0","0","0","N","0","0","0","1","02301","0","","3.0","","2","N","N","","0","","0","0","0","","2","","","1","0","0","0","0","0","0","2","0","1","","","","N","","","","","","","","","",""
"2016006229","","0","0","0","0","0","0","0","0","0","7","0","","02","1","2016","7","40.451719","-80.027873","","11","0","0","0","0","0","0","0","0","","0","0","0","","","0","","0","","40 27:06.188","","0","80 01:40.343","9","0","0","0","2301","0","0","0","N","0","0","0","1","02301","0","","5.0","","9","N","N","","0","","0","0","1","","4","","","1","0","0","0","0","0","1","2","0","1","","","","N","","","","","","","","","",""
"2016006668","","2","0","0","0","0","0","0","0","0","2","0","","02","1","2016","6","40.474111","-80.034881","","11","0","0","0","0","0","1","0","0","1","0","0","0","","","0","","0","","40 28:26.800","7","0","80 02:05.570","0","0","0","0","2301","0","0","0","N","0","0","0","3","02301","0","","1.0","","9","N","N","","0","","0","0","0","","0","N","","2","0","0","0","0","0","0","2","0","2","","","","N","","","","","","","","","",""
"2016009001","","1","0","0","0","0","0","0","0","0","4","0","","02","1","2016","5","40.356619","-80.053138","","11","0","0","0","0","0","1","1","0","1","0","0","0","","","0","","0","","40 21:23.828","4","7","80 03:11.296","0","0","0","0","2109","0","0","0","","0","0","0","2","02109","0","","1.0","","1","N","N","","0","","0","0","1","","2","N","","2","0","0","0","0","0","0","2","0","2","","","","N","","","","","","","","","",""
"2016008345","","1","0","0","0","0","0","0","0","0","7","0","","02","1","2016","4","40.466756","-79.908459","","11","0","0","0","0","0","0","0","0","","0","0","0","","","1","","0","","40 28:00.323","","0","79 54:30.452","4","0","0","0","2301","0","0","0","N","0","0","0","1","02301","1","","5.0","","6","N","N","","0","","0","0","0","","0","","","1","1","0","0","0","0","0","2","0","1","","","","N","","","","","","","","","",""