"CRN","ARRIVAL_TM","AUTOMOBILE_COUNT","BELTED_DEATH_COUNT","BELTED_SUSP_SERIOUS_INJ_COUNT","BICYCLE_COUNT","BICYCLE_DEATH_COUNT","BICYCLE_SUSP_SERIOUS_INJ_COUNT","BUS_COUNT","CHLDPAS_DEATH_COUNT","CHLDPAS_SUSP_SERIOUS_INJ_COUNT","COLLISION_TYPE","COMM_VEH_COUNT","CONS_ZONE_SPD_LIM","COUNTY","CRASH_MONTH","CRASH_YEAR","DAY_OF_WEEK","DEC_LATITUDE","DEC_LONGITUDE","DISPATCH_TM","DISTRICT","DRIVER_COUNT_16YR","DRIVER_COUNT_17YR","DRIVER_COUNT_18YR","DRIVER_COUNT_19YR","DRIVER_COUNT_20YR","DRIVER_COUNT_50_64YR","DRIVER_COUNT_65_74YR","DRIVER_COUNT_75PLUS","EST_HRS_CLOSED","FATAL_COUNT","HEAVY_TRUCK_COUNT","HORSE_BUGGY_COUNT","HOUR_OF_DAY","ILLUMINATION","INJURY_COUNT","INTERSECTION_RELATED","INTERSECT_TYPE","LANE_CLOSED","LATITUDE","LN_CLOSE_DIR","LOCATION_TYPE","LONGITUDE","MAX_SEVERITY_LEVEL","MCYCLE_DEATH_COUNT","MCYCLE_SUSP_SERIOUS_INJ_COUNT","MOTORCYCLE_COUNT","MUNICIPALITY","NONMOTR_COUNT","NONMOTR_DEATH_COUNT","NONMOTR_SUSP_SERIOUS_INJ_COUNT","NTFY_HIWY_MAINT","PED_COUNT","PED_DEATH_COUNT","PED_SUSP_SERIOUS_INJ_COUNT","PERSON_COUNT","POLICE_AGCY","POSSIBLE_INJ_COUNT","RDWY_SURF_TYPE_CD","RELATION_TO_ROAD","ROADWAY_CLEARED","ROAD_CONDITION","SCH_BUS_IND","SCH_ZONE_IND","SECONDARY_CRASH","SMALL_TRUCK_COUNT","SPEC_JURIS_CD","SUSP_MINOR_INJ_COUNT","SUSP_SERIOUS_INJ_COUNT","SUV_COUNT","TCD_FUNC_CD","TCD_TYPE","TFC_DETOUR_IND","TIME_OF_DAY","TOTAL_UNITS","TOT_INJ_COUNT","UNBELTED_OCC_COUNT","UNB_DEATH_COUNT","UNB_SUSP_SERIOUS_INJ_COUNT","UNK_INJ_DEG_COUNT","UNK_INJ_PER_COUNT","URBAN_RURAL","VAN_COUNT","VEHICLE_COUNT","WEATHER1","WEATHER2","WORKERS_PRES","WORK_ZONE_IND","WORK_ZONE_LOC","WORK_ZONE_TYPE","WZ_CLOSE_DETOUR","WZ_FLAGGER","WZ_LAW_OFFCR_IND","WZ_LN_CLOSURE","WZ_MOVING","WZ_OTHER","WZ_SHLDER_MDN","WZ_WORKERS_INJ_KILLED"
"2016008929","","1","0","0","0","0","0","0","0","0","8","0","","02","1","2016","6","40.466162","-79.952248","","11","0","0","0","0","0","0","0","0","","0","0","0","","","1","","1","","40 27:58.183","","0","79 57:08.092","4","0","0","0","2301","1","0","0","N","1","0","0","2","02301","1","","1.0","","1","N","N","","0","","0","0","0","","2","","","2","1","0","0","0","0","0","2","0","1","","","","N","","","","","","","","","",""
"2016009016","","1","0","0","0","0","0","0","0","0","1","0","","02","1","2016","6","40.404336","-79.975872","","11","0","0","0","0","0","0","0","0","1","0","0","0","","","0","","2","","40 24:15.609","2","0","79 58:33.139","0","0","0","0","2301","0","0","0","N","0","0","0","3","02301","0","","1.0","","1","N","N","","0","","0","0","1","","2","N","","2","0","0","0","0","0","0","2","0","2","","","","N","","","","","","","","","",""
"2016008975","","1","0","0","0","0","0","0","0","0","7","0","","02","1","2016","5","40.58697","-80.041449","","11","0","0","0","0","0","0","0","0","1","0","0","0","","","0","","0","","40 35:13.092","1","0","80 02:29.216","0","0","0","0","2108","0","0","0","N","0","0","0","1","02108","0","","4.0","","1","N","N","","0","","0","0","0","","0","N","","1","0","0","0","0","0","0","2","0","1","","","","N","","","","","","","","","",""
"2016006814","","1","0","0","0","0","0","0","0","0","2","0","","02","1","2016","4","40.35257","-79.838937","","11","0","0","0","0","0","0","0","0","","0","0","0","","","3","","0","","40 21:09.252","","0","79 50:20.174","8","0","0","0","2304","0","0","0","N","0","0","0","3","02304","0","","1.0","","2","N","N","","1","","0","0","0","","0","","","2","3","0","0","0","3","0","2","0","2","","","","N","","","","","","","","","",""
"2016006247","","1","0","0","0","0","0","0","0","0","2","0","","02","1","2016","3","40.51397","-79.843241","","11","0","0","0","0","0","0","0","1","","0","0","0","","","1","","1","","40 30:50.291","","0","79 50:35.668","8","0","0","0","2451","0","0","0","N","0","0","0","3","02451","0","","1.0","","7","N","N","","1","","0","0","0","","3","","","2","1","0","0","0","1","0","2","0","2","","","","N","","","","","","","","","",""
"2016008533","","1","0","0","0","0","0","0","0","0","7","0","","02","1","2016","5","40.491856","-80.009532","","11","0","0","0","0","0","1","0","0","1","0","0","0","","","0","","0","","40 29:30.680","1","2","80 00:34.314","0","0","0","0","2301","0","0","0","Y","0","0","0","1","02301","0","","5.0","","2","N","N","","0","","0","0","0","","0","N","","1","0","0","0","0","0","0","2","0","1","","","","N","","","","","","","","","",""
"2016008134","","2","0","0","0","0","0","0","0","0","1","0","","02","1","2016","4","40.474222","-80.038833","","11","0","0","0","0","0","0","0","0","","0","0","0","","","0","","0","","40 28:27.200","","0","80 02:19.800","9","0","0","0","2301","0","0","0","N","0","0","0","1","02301","0","","2.0","","9","N","N","","0","","0","0","0","","0","","","2","0","0","0","0","0","1","2","0","2","","","","N","","","","","","","","","",""
"2016007392","","1","0","0","0","0","0","0","0","0","7","0","","02","1","2016","1","40.491499","-80.044486","","11","0","0","0","0","0","0","1","0","2","0","0","0","","","1","","0","","40 29:29.396","6","0","80 02:40.149","4","0","0","0","2116","0","0","0","N","0","0","0","2","02116","1","","5.0","","9","N","N","","0","","0","0","0","","0","Y","","1","1","0","0","0","0","0","2","0","1","","","","N","","","","","","","","","",""
"2016009017","","1","0","0","0","0","0","0","0","0","2","0","","02","1","2016","6","40.361389","-79.831","","11","0","0","0","0","0","0","0","1","2","0","0","0","","","0","","0","","40 21:41.000","6","0","79 49:51.600","9","0","0","0","2304","0","0","0","N","0","0","0","2","02304","0","","1.0","","2","N","N","","0","","0","0","1","","0","N","","2","0","1","0","0","0","1","2","0","2","","","","N","","","","","","","","","",""
"2016008976","","1","0","0","0","0","0","0","0","0","2","0","","02","1","2016","5","40.556456","-80.039101","","11","0","0","0","0","0","0","1","0","","0","0","0","","","1","","1","","40 33:23.240","","0","80 02:20.764","4","0","0","0","2108","0","0","0","N","0","0","0","3","02108","1","","1.0","","1","N","N","","0","","0","0","1","","2","","","2","1","0","0","0","0","0","2","0","2","","","","N","","","","","","","","","",""
"2016008364","","3","0","0","0","0","0","0","0","0","4","0","","02","1","2016","6","40.426039","-79.834842","","11","0","0","0","0","0","1","0","0","2","0","0","0","","","3","","1","","40 25:33.739","3","0","79 50:05.430","3","0","0","0","2124","0","0","0","N","0","0","0","4","02124","0","","1.0","","9","N","N","","0","","3","0","0","","2","N","","3","3","0","0","0","0","0","2","0","3","","","","N","","","","","","","","","",""
"2016006248","","1","0","0","0","0","0","0","0","0","7","0","","02","1","2016","3","40.387011","-80.046314","","11","0","0","0","1","0","0","0","0","","0","0","0","","","0","","0","","40 23:13.240","","0","80 02:46.730","0","0","0","0","2109","0","0","0","N","0","0","0","1","02109","0","","4.0","","2","N","N","","0","","0","0","1","","0","","","2","0","0","0","0","0","0","2","0","2","","","","N","","","","","","","","","",""
"2016008535","","1","0","0","0","0","0","0","0","0","4","1","","02","1","2016","5","40.382961","-79.806999","","11","0","0","0","0","0","0","0","0","1","0","0","0","","","0","","1","","40 22:58.659","3","0","79 48:25.196","0","0","0","0","2424","0","0","0","N","0","0","0","41","02424","0","","1.0","","1","Y","N","","0","","0","0","0","","3","Y","","2","0","39","0","0","0","0","2","1","2","","","","N","","","","","","","","","",""
"2016008931","","1","0","0","0","0","0","0","0","0","7","0","","02","1","2016","6","40.417622","-80.200965","","11","1","0","0","0","0","0","0","0","1","0","0","0","","","0","","0","","40 25:03.438","1","0","80 12:03.473","0","0","0","0","2214","0","0","0","Y","0","0","0","3","02214","0","","4.0","","2","N","N","","0","","0","0","0","","0","N","","1","0","0","0","0","0","0","1","0","1","","","","N","","","","","","","","","",""
"2016009018","","2","0","0","0","0","0","0","0","0","1","0","","02","1","2016","6","40.424","-80.010861","","11","0","0","0","0","0","0","0","0","","0","0","0","","","0","","0","","40 25:26.400","","0","80 00:39.100","0","0","0","0","2301","0","0","0","N","0","0","0","1","02301","0","","2.0","","1","N","N","","1","","0","0","0","","0","","","3","0","0","0","0","0","0","2","0","3","","","","N","","","","","","","","","",""
"2016008977","","0","0","0","0","0","0","0","0","0","7","1","","02","1","2016","5","40.436633","-80.143456","","11","0","0","0","0","0","0","0","0","2","0","1","0","","","1","","0","","40 26:11.878","1","0","80 08:36.443","8","0","0","0","2115","0","0","0","N","0","0","0","1","02115","0","","4.0","","1","N","N","","0","","0","0","0","","0","N","","1","1","0","0","0","1","0","2","0","1","","","","N","","","","","","","","","",""
"2016006249","","1","0","0","0","0","0","0","0","0","7","0","","02","1","2016","5","40.365449","-80.070712","","11","0","1","0","0","0","0","0","0","2","0","0","0","","","0","","0","","40 21:55.617","5","0","80 04:14.564","0","0","0","0","2109","0","0","0","N","0","0","0","2","02109","0","","4.0","","1","N","N","","0","","0","0","0","","0","Y","","1","0","0","0","0","0","0","2","0","1","","","","N","","","","","","","","","",""
"2016009019","","0","0","0","0","0","0","0","0","0","4","0","","02","1","2016","6","40.499184","-79.883668","","11","0","1","0","0","0","1","0","0","","0","0","0","","","0","","2","","40 29:57.062","","0","79 53:01.204","0","0","0","0","2112","0","0","0","N","0","0","0","2","02112","0","","1.0","","2","N","N","","0","","0","0","2","","2","","","2","0","0","0","0","0","0","2","0","2","","","","N","","","","","","","","","",""
"2016008978","","0","0","0","0","0","0","0","0","0","7","0","","02","1","2016","6","40.452053","-80.133863","","11","0","0","0","0","0","0","0","0","1","0","0","0","","","1","","1","","40 27:07.390","2","0","80 08:01.906","4","0","0","0","2115","0","0","0","Y","0","0","0","2","02115","1","","2.0","","1","N","N","","0","","0","0","1","","2","Y","","1","1","0","0","0","0","0","2","0","1","","","","N","","","","","","","","","",""
"2016008979","","2","0","0","0","0","0","0","0","0","1","0","","02","1","2016","6","40.430236","-80.096559","","11","0","0","0","0","0","1","0","0","1","0","0","0","","","0","","2","","40 25:48.849","1","0","80 05:47.612","0","0","0","0","2115","0","0","0","N","0","0","0","2","02115","0","","1.0","","9","N","N","","0","","0","0","0","","0","N","","2","0","0","0","0","0","0","2","0","2","","","","N","","","","","","","","","",""
"2016006835","","1","0","0","0","0","0","0","0","0","7","0","","02","1","2016","2","40.455758","-80.02947","","11","0","0","0","0","0","0","0","0","","0","0","0","","","0","","0","","40 27:20.730","","0","80 01:46.091","9","0","0","0","2301","0","0","0","N","0","0","0","1","02301","0","","1.0","","1","N","N","","0","","0","0","0","","0","","","1","0","0","0","0","0","1","2","0","1","","","","N","","","","","","","","","",""
"2016008460","","1","0","0","0","0","0","0","0","0","99","0","","02","1","2016","5","40.660298","-79.933853","","11","0","0","0","0","0","1","0","0","","0","0","0","","","0","","0","","40 39:37.073","","0","79 56:01.871","0","0","0","0","2217","0","0","0","N","0","0","0","1","02505","0","","1.0","","9","N","N","","0","","0","0","0","","0","","","1","0","0","0","0","0","0","2","0","1","","","","N","","","","","","","","","",""
"2016006965","","1","0","0","0","0","0","0","0","0","4","0","","02","1","2016","6","40.581611","-80.054326","","11","0","1","0","0","0","0","0","0","","0","0","0","","","0","","2","","40 34:53.800","","0","80 03:15.572","0","0","0","0","2108","0","0","0","N","0","0","0","3","02108","0","","1.0","","1","N","N","","1","","0","0","0","","0","","","2","0","0","0","0","0","0","2","0","2","","","","N","","","","","","","","","",""
"2016006596","","2","0","0","0","0","0","0","0","0","4","0","","02","1","2016","6","40.495048","-80.065757","","11","0","0","0","0","0","1","0","0","","0","0","0","","","1","","0","","40 29:42.173","","7","80 03:56.725","4","0","0","0","2402","0","0","0","N","0","0","0","2","02402","1","","1.0","","1","N","N","","0","","0","0","0","","0","","","2","1","0","0","0","0","0","2","0","2","","","","N","","","","","","","","","",""
"2016008980","","1","0","0","0","0","0","0","0","0","1","0","","02","1","2016","6","40.351741","-80.011492","","11","0","0","0","0","0","2","0","0","","0","0","0","","","1","","1","","40 21:06.266","","0","80 00:41.371","4","0","0","0","2476","0","0","0","N","0","0","0","7","02407","1","","1.0","","1","N","N","","0","","0","0","1","","2","","","3","1","0","0","0","0","0","2","1","3","","","","N","","","","","","","","","",""
"2016006820","","0","0","0","0","0","0","0","0","0","0","0","","02","1","2016","1","40.466481","-80.034684","","11","0","0","0","0","0","1","0","0","2","0","0","0","","","0","","0","","40 27:59.331","2","0","80 02:04.864","0","0","0","0","2301","0","0","0","Y","0","0","0","2","02301","0","","1.0","","9","N","N","","0","","0","0","1","","0","N","","1","0","0","0","0","0","0","2","0","1","","","","N","","","","","","","","","",""
"2016008461","","1","0","0","0","0","0","0","0","0","1","0","","02","1","2016","6","40.379391","-79.806988","","11","0","0","0","0","0","0","0","0","2","0","0","0","","","1","","1","","40 22:45.808","6","0","79 48:25.156","3","0","0","0","2111","0","0","0","N","0","0","0","3","02111","0","","1.0","","1","N","N","","0","","1","0","0","","0","N","","3","1","0","0","0","0","0","2","2","3","","","","N","","","","","","","","","",""
"2016006966","","0","0","0","0","0","0","0","0","0","1","0","","02","1","2016","1","40.572128","-80.023673","","11","0","1","0","0","0","0","0","0","1","0","0","0","","","0","","1","","40 34:19.660","2","0","80 01:25.221","0","0","0","0","2108","0","0","0","N","0","0","0","3","02108","0","","1.0","","7","N","N","","1","","0","0","1","","2","N","","2","0","0","0","0","0","0","2","0","2","","","","N","","","","","","","","","",""
"2016009066","","1","0","0","0","0","0","0","0","0","7","0","","02","1","2016","6","40.284575","-80.008559","","11","0","0","0","0","0","0","0","0","","0","0","0","","","0","","0","","40 17:04.469","","0","80 00:30.812","0","0","0","0","2108","0","0","0","N","0","0","0","1","02108","0","","5.0","","1","N","N","","0","","0","0","0","","0","","","1","0","0","0","0","0","0","2","0","1","","","","N","","","","","","","","","",""
"2016008981","","0","0","0","0","0","0","0","0","0","7","0","","02","1","2016","6","40.316878","-80.064134","","11","0","0","0","0","0","1","0","0","","0","0","0","","","1","","0","","40 19:00.761","","0","80 03:50.884","8","0","0","0","2407","0","0","0","N","0","0","0","1","02407","0","","5.0","","1","N","N","","1","","0","0","0","","0","","","1","1","0","0","0","1","0","2","0","1","","","","N","","","","","","","","","",""
"2016008462","","2","0","0","0","0","0","0","0","0","4","0","","02","1","2016","4","40.310918","-79.937782","","11","0","0","0","0","0","0","0","0","1","0","0","0","","","4","","2","","40 18:39.305","1","0","79 56:16.015","3","0","0","0","2440","0","0","0","N","0","0","0","4","02440","3","","1.0","","7","N","N","","0","","1","0","0","","3","Y","","2","4","0","0","0","0","0","2","0","2","","","","N","","","","","","","","","",""
"2016008982","","1","0","0","0","0","0","0","0","0","4","0","","02","1","2016","6","40.34563","-80.048205","","11","0","0","0","0","0","0","0","1","","0","0","0","","","1","","2","","40 20:44.268","","0","80 02:53.538","4","0","0","0","2407","0","0","0","N","0","0","0","2","02407","1","","1.0","","9","N","N","","0","","0","0","1","","2","","","2","1","0","0","0","0","0","2","0","2","","","","N","","","","","","","","","",""
"2016006839","","2","0","0","0","0","0","0","0","0","1","0","","02","1","2016","2","40.444202","-80.028173","","11","0","0","0","0","0","0","0","0","","0","0","0","","","0","","1","","40 26:39.126","","0","80 01:41.424","0","0","0","0","2302","0","0","0","N","0","0","0","2","02301","0","","1.0","","9","N","N","","0","","0","0","0","","2","","","2","0","0","0","0","0","0","2","0","2","","","","N","","","","","","","","","",""
"2016007685","","1","0","0","0","0","0","0","0","0","7","0","","02","1","2016","3","40.591111","-80.023306","","11","0","0","0","0","0","0","0","0","1","0","0","0","","","0","","0","","40 35:28.000","2","0","80 01:23.900","0","0","0","0","2108","0","0","0","N","0","0","0","1","02108","0","","5.0","","2","N","N","","0","","0","0","0","","8","N","","1","0","0","0","0","0","0","2","0","1","","","","N","","","","","","","","","",""
"2016006967","","4","0","0","0","0","0","0","0","0","1","0","","02","1","2016","7","40.348112","-80.026093","","11","0","0","0","0","0","2","1","0","","0","0","0","","","1","","0","","40 20:53.203","","0","80 01:33.934","4","0","0","0","2407","0","0","0","N","0","0","0","4","02407","1","","1.0","","1","N","N","","0","","0","0","0","","0","","","4","1","0","0","0","0","0","2","0","4","","","","N","","","","","","","","","",""
"2016006599","","1","0","0","0","0","0","0","0","0","1","0","","02","1","2016","1","","","","11","0","0","0","0","0","0","0","0","","0","0","0","","","1","","2","","40 26:59.2","","0","79 49:37.3","4","0","0","0","2113","0","0","0","N","0","0","0","2","02113","1","","1.0","","1","N","N","","0","","0","0","1","","0","","","2","1","0","0","0","0","0","2","0","2","","","","N","","","","","","","","","",""
"2016007367","","0","0","0","0","0","0","0","0","0","1","0","","02","1","2016","3","40.430481","-79.998311","","11","0","0","0","0","0","1","0","0","1","0","0","0","","","0","","0","","40 25:49.732","1","3","79 59:53.918","0","0","0","0","2301","0","0","0","Y","0","0","0","3","02301","0","","1.0","","2","N","N","","1","","0","0","1","","0","N","","3","0","0","0","0","0","0","2","1","3","","","","N","","","","","","","","","",""
"2016007399","","1","0","0","0","0","0","0","0","0","4","0","","02","1","2016","2","40.577069","-80.056572","","11","0","0","0","0","1","0","0","0","2","0","0","0","","","1","","0","","40 34:37.450","5","0","80 03:23.660","4","0","0","0","2108","0","0","0","N","0","0","0","3","02108","1","","1.0","","2","N","N","","0","","0","0","1","","0","Y","","2","1","0","0","0","0","0","2","0","2","","","","N","","","","","","","","","",""
"2016009025","","1","0","0","0","0","0","0","0","0","4","0","","02","1","2016","6","40.633507","-80.003968","","11","0","0","0","0","0","1","0","0","","0","0","0","","","0","","1","","40 38:00.625","","0","80 00:14.283","0","0","0","0","2216","0","0","0","N","0","0","0","2","02505","0","","1.0","","1","N","N","","0","","0","0","1","","3","","","2","0","0","0","0","0","0","2","0","2","","","","N","","","","","","","","","",""
"2016007444","","1","0","0","0","0","0","0","0","0","1","0","","02","1","2016","3","40.427532","-80.011838","","11","0","0","0","0","0","0","0","0","","0","0","0","","","0","","0","","40 25:39.115","","0","80 00:42.616","9","0","0","0","2301","0","0","0","N","0","0","0","2","02301","0","","1.0","","1","N","N","","1","","0","0","0","","0","","","2","0","0","0","0","0","2","2","0","2","","","","N","","","","","","","","","",""
"2016008983","","1","0","0","0","0","0","0","0","0","4","0","","02","1","2016","7","40.355851","-80.028223","","11","0","0","0","0","0","0","0","0","1","0","0","0","","","0","","2","","40 21:21.063","2","0","80 01:41.601","0","0","0","0","2407","0","0","0","N","0","0","0","2","02407","0","","1.0","","1","N","N","","0","","0","0","1","","2","N","","2","0","0","0","0","0","0","2","0","2","","","","N","","","","","","","","","",""
"2016007686","","0","0","0","0","0","0","0","0","0","7","0","","02","1","2016","7","40.342876","-80.02412","","11","0","0","0","1","0","0","0","0","","0","0","0","","","1","","0","","40 20:34.353","","0","80 01:26.832","4","0","0","0","2407","0","0","0","N","0","0","0","1","02407","1","","4.0","","9","N","N","","1","","0","0","0","","0","","","1","1","1","0","0","0","0","2","0","1","","","","N","","","","","","","","","",""
"2016012605","","0","0","0","0","0","0","0","0","0","7","0","","02","1","2016","6","40.335993","-79.869754","","11","0","0","0","0","0","0","0","0","","0","0","0","","","0","","5","","40 20:09.574","","0","79 52:11.114","9","0","0","0","2455","0","0","0","N","0","0","0","1","02455","0","","9.0","","2","N","N","","0","","0","0","1","","3","","","1","0","0","0","0","0","1","2","0","1","","","","N","","","","","","","","","",""
"2016014132","","1","0","0","0","0","0","0","0","0","1","0","","02","1","2016","1","40.506698","-80.223284","","11","0","0","0","0","1","1","0","0","1","0","0","0","","","0","","0","","40 30:24.113","2","0","80 13:23.824","0","0","0","0","2213","0","0","0","N","0","0","0","2","02213","0","","1.0","","1","N","N","","0","","0","0","1","","0","N","","2","0","0","0","0","0","0","2","0","2","","","","N","","","","","","","","","",""
"2016014903","","1","0","0","0","0","0","0","0","0","7","0","","02","2","2016","6","40.358841","-79.953376","","11","0","0","0","0","0","0","0","0","","0","0","0","","","0","","0","","40 21:31.829","","0","79 57:12.155","0","0","0","0","2403","0","0","0","N","0","0","0","1","02403","0","","5.0","","1","N","N","","0","","0","0","0","","6","","","1","0","0","0","0","0","0","2","0","1","","","","N","","","","","","","","","",""
"2016006336","","1","0","0","0","0","0","0","0","0","7","0","","02","1","2016","1","40.317831","-79.962369","","11","0","0","0","0","0","1","0","0","2","0","0","0","","","0","","0","","40 19:04.190","6","0","79 57:44.530","0","0","0","0","2440","0","0","0","N","0","0","0","1","02440","0","","5.0","","9","N","N","","0","","0","0","0","","0","N","","1","0","0","0","0","0","0","2","0","1","","","","N","","","","","","","","","",""
"2016007182","","1","0","0","0","0","0","0","0","0","7","0","25","02","1","2016","2","40.434201","-79.973402","","11","0","0","0","0","0","0","0","0","","0","0","0","","","0","","0","","40 26:03.125","","3","79 58:24.247","0","0","0","0","2301","0","0","0","N","0","0","0","1","02301","0","","2.0","","1","N","N","","0","","0","0","0","","0","","","1","0","0","0","0","0","0","2","0","1","","","N","Y","3","1","","","N","","","","",""
"2016014878","","0","0","0","0","0","0","0","0","0","4","0","","02","2","2016","7","40.428774","-79.985283","","11","0","0","0","0","0","1","0","0","2","0","0","0","","","0","","1","","40 25:43.587","3","0","79 59:07.020","0","0","0","0","2301","0","0","0","N","0","0","0","1","02301","0","","1.0","","1","N","N","","0","","0","0","3","","2","Y","","3","0","0","0","0","0","0","2","0","3","","","","N","","","","","","","","","",""
"2016012606","","2","0","0","0","0","0","0","0","0","1","0","","02","2","2016","2","40.469967","-80.025623","","11","0","0","0","0","0","0","0","0","","0","0","0","","","2","","2","","40 28:11.881","","0","80 01:32.242","8","0","0","0","2301","0","0","0","N","0","0","0","3","02301","0","","1.0","","1","N","N","","0","","0","0","0","","0","","","2","2","0","0","0","2","0","2","0","2","","","","N","","","","","","","","","",""
"2016014133","","0","0","0","0","0","0","0","0","0","4","0","","02","1","2016","4","40.509054","-80.158016","","11","0","0","0","0","0","0","1","0","2","0","0","0","","","0","","2","","40 30:32.594","5","0","80 09:28.857","0","0","0","0","2420","0","0","0","N","0","0","0","5","02420","0","","1.0","","9","Y","N","","0","","0","0","1","","0","N","","2","0","0","0","0","0","0","2","1","2","","","","N","","","","","","","","","",""
"2016014213","","0","0","0","0","0","0","0","0","0","7","0","","02","2","2016","5","40.657061","-79.884599","","11","0","0","0","0","0","0","0","0","1","0","0","0","","","0","","0","","40 39:25.421","6","0","79 53:04.558","0","0","0","0","2220","0","0","0","N","0","0","0","1","02220","0","","4.0","","9","N","N","","1","","0","0","0","","0","N","","1","0","0","0","0","0","0","1","0","1","","","","N","","","","","","","","","",""
"2016007937","","1","0","0","0","0","0","0","0","0","4","0","","02","1","2016","3","40.343084","-79.968956","","11","0","0","0","0","0","1","0","0","1","0","0","0","","","1","","3","","40 20:35.104","5","0","79 58:08.243","8","0","0","0","2454","0","0","0","N","0","0","0","3","02454","0","","1.0","","1","Y","N","","0","","0","0","1","","3","N","","2","1","0","0","0","1","0","2","0","2","","","","N","","","","","","","","","",""
"2016012607","","0","0","0","0","0","0","0","0","0","7","0","","02","1","2016","7","40.520984","-79.991685","","11","0","0","0","0","0","0","0","0","1","0","0","0","","","0","","0","","40 31:15.542","5","0","79 59:30.066","0","0","0","0","2116","0","0","0","N","0","0","0","1","02116","0","","5.0","","2","N","N","","0","","0","0","1","","0","Y","","1","0","0","0","0","0","0","2","0","1","","","","N","","","","","","","","","",""
"2016013408","","2","0","0","0","0","0","0","0","0","4","0","","02","2","2016","4","40.490437","-79.78317","","11","1","0","0","0","0","1","0","0","1","0","0","0","","","0","","2","","40 29:25.573","4","0","79 46:59.412","0","0","0","0","2466","0","0","0","N","0","0","0","4","02466","0","","1.0","","1","N","N","","0","","0","0","1","","3","Y","","3","0","0","0","0","0","0","2","0","3","","","","N","","","","","","","","","",""
"2016014227","","1","0","0","0","0","0","0","0","0","2","0","","02","1","2016","7","40.466473","-79.983668","","11","0","0","0","0","0","0","0","0","","0","0","0","","","0","","0","","40 27:59.304","","0","79 59:01.206","9","0","0","0","2301","0","0","0","N","0","0","0","1","02301","0","","1.0","","2","N","N","","0","","0","0","1","","0","","","2","0","0","0","0","0","1","2","0","2","","","","N","","","","","","","","","",""
"2016012608","","0","0","0","0","0","0","0","0","0","8","0","","02","2","2016","2","40.441106","-79.959414","","11","0","0","0","0","0","0","0","0","","0","0","0","","","1","","2","","40 26:27.981","","0","79 57:33.890","4","0","0","0","2301","1","0","0","N","1","0","0","1","02301","1","","1.0","","1","N","N","","1","","0","0","0","","3","","","2","1","0","0","0","0","0","2","0","1","","","","N","","","","","","","","","",""
"2016014907","","2","0","0","0","0","0","0","0","0","1","0","","02","2","2016","1","40.466333","-79.846871","","11","0","0","0","0","1","0","0","0","2","0","0","0","","","0","","2","","40 27:58.797","5","0","79 50:48.734","0","0","0","0","2113","0","0","0","N","0","0","0","2","02113","0","","1.0","","1","N","N","","0","","0","0","0","","0","Y","","2","0","0","0","0","0","0","2","0","2","","","","N","","","","","","","","","",""
"2016013409","","0","0","0","0","0","0","0","0","0","0","0","","02","2","2016","4","40.272417","-79.873139","","11","0","0","0","0","0","0","0","0","1","0","0","0","","","1","","2","","40 16:20.700","6","0","79 52:23.300","3","0","0","1","2105","0","0","0","N","0","0","0","1","02105","0","","1.0","","1","N","N","","0","","1","0","0","","0","Y","","1","1","0","0","0","0","0","2","0","1","","","","N","","","","","","","","","",""
"2016006418","","0","0","0","0","0","0","0","0","0","8","0","","02","1","2016","6","40.43708","-79.998329","","11","0","0","0","0","0","0","1","0","1","0","0","0","","","1","","5","","40 26:13.487","2","0","79 59:53.986","4","0","0","0","2301","1","0","0","N","1","0","0","2","02301","1","","1.0","","9","N","N","","0","","0","0","0","","2","N","","2","1","0","0","0","0","0","2","1","1","","","","N","","","","","","","","","",""
"2016007940","","0","0","0","0","0","0","0","0","0","7","0","","02","1","2016","4","40.633265","-80.003799","","11","0","0","0","0","0","0","0","0","2","0","0","0","","","1","","0","","40 37:59.755","1","0","80 00:13.678","4","0","0","0","2216","0","0","0","N","0","0","0","1","02505","1","","4.0","","9","N","N","","0","","0","0","1","","0","N","","1","1","0","0","0","0","0","2","0","1","","","","N","","","","","","","","","",""
"2016014229","","1","0","0","0","0","0","0","0","0","7","0","","02","1","2016","7","40.502113","-79.947061","","11","0","0","0","0","0","0","0","0","","0","0","0","","","1","","0","","40 30:07.605","","0","79 56:49.420","4","0","0","0","2430","0","0","0","","0","0","0","1","02430","1","","4.0","","7","N","N","","0","","0","0","0","","0","","","1","1","0","0","0","0","0","2","0","1","","","","N","","","","","","","","","",""
"2016007186","","1","0","0","0","0","0","0","0","0","7","0","","02","1","2016","2","40.514378","-79.905889","","11","0","0","0","0","0","0","0","0","2","0","0","0","","","0","","0","","40 30:51.760","6","0","79 54:21.200","0","0","0","0","2432","0","0","0","N","0","0","0","1","02432","0","","5.0","","1","N","N","","0","","0","0","0","","0","N","","1","0","0","0","0","0","0","2","0","1","","","","N","","","","","","","","","",""
"2016013336","","1","0","0","0","0","0","0","0","0","7","0","","02","1","2016","1","40.457697","-79.998789","","11","0","0","0","0","0","1","0","0","","0","0","0","","","1","","3","","40 27:27.710","","0","79 59:55.642","3","0","0","0","2301","0","0","0","","0","0","0","1","68B03","0","","7.0","","1","N","N","","0","","1","0","0","","0","","","1","1","0","0","0","0","0","2","0","1","","","","N","","","","","","","","","",""