"CRN","ARRIVAL_TM","AUTOMOBILE_COUNT","BELTED_DEATH_COUNT","BELTED_SUSP_SERIOUS_INJ_COUNT","BICYCLE_COUNT","BICYCLE_DEATH_COUNT","BICYCLE_SUSP_SERIOUS_INJ_COUNT","BUS_COUNT","CHLDPAS_DEATH_COUNT","CHLDPAS_SUSP_SERIOUS_INJ_COUNT","COLLISION_TYPE","COMM_VEH_COUNT","CONS_ZONE_SPD_LIM","COUNTY","CRASH_MONTH","CRASH_YEAR","DAY_OF_WEEK","DEC_LATITUDE","DEC_LONGITUDE","DISPATCH_TM","DISTRICT","DRIVER_COUNT_16YR","DRIVER_COUNT_17YR","DRIVER_COUNT_18YR","DRIVER_COUNT_19YR","DRIVER_COUNT_20YR","DRIVER_COUNT_50_64YR","DRIVER_COUNT_65_74YR","DRIVER_COUNT_75PLUS","EST_HRS_CLOSED","FATAL_COUNT","HEAVY_TRUCK_COUNT","HORSE_BUGGY_COUNT","HOUR_OF_DAY","ILLUMINATION","INJURY_COUNT","INTERSECTION_RELATED","INTERSECT_TYPE","LANE_CLOSED","LATITUDE","LN_CLOSE_DIR","LOCATION_TYPE","LONGITUDE","MAX_SEVERITY_LEVEL","MCYCLE_DEATH_COUNT","MCYCLE_SUSP_SERIOUS_INJ_COUNT","MOTORCYCLE_COUNT","MUNICIPALITY","NONMOTR_COUNT","NONMOTR_DEATH_COUNT","NONMOTR_SUSP_SERIOUS_INJ_COUNT","NTFY_HIWY_MAINT","PED_COUNT","PED_DEATH_COUNT","PED_SUSP_SERIOUS_INJ_COUNT","PERSON_COUNT","POLICE_AGCY","POSSIBLE_INJ_COUNT","RDWY_SURF_TYPE_CD","RELATION_TO_ROAD","ROADWAY_CLEARED","ROAD_CONDITION","SCH_BUS_IND","SCH_ZONE_IND","SECONDARY_CRASH","SMALL_TRUCK_COUNT","SPEC_JURIS_CD","SUSP_MINOR_INJ_COUNT","SUSP_SERIOUS_INJ_COUNT","SUV_COUNT","TCD_FUNC_CD","TCD_TYPE","TFC_DETOUR_IND","TIME_OF_DAY","TOTAL_UNITS","TOT_INJ_COUNT","UNBELTED_OCC_COUNT","UNB_DEATH_COUNT","UNB_SUSP_SERIOUS_INJ_COUNT","UNK_INJ_DEG_COUNT","UNK_INJ_PER_COUNT","URBAN_RURAL","VAN_COUNT","VEHICLE_COUNT","WEATHER1","WEATHER2","WORKERS_PRES","WORK_ZONE_IND","WORK_ZONE_LOC","WORK_ZONE_TYPE","WZ_CLOSE_DETOUR","WZ_FLAGGER","WZ_LAW_OFFCR_IND","WZ_LN_CLOSURE","WZ_MOVING","WZ_OTHER","WZ_SHLDER_MDN","WZ_WORKERS_INJ_KILLED"
"2016011069","","2","0","0","0","0","0","0","0","0","1","0","","02","1","2016","3","40.434563","-79.99683","","11","0","0","0","0","0","0","0","0","1","0","0","0","","","0","","6","","40 26:04.428","3","2","79 59:48.589","0","0","0","0","2301","0","0","0","","0","0","0","2","68B03","0","","1.0","","9","N","N","","0","","0","0","0","","0","N","","2","0","0","0","0","0","0","2","0","2","","","","N","","","","","","","","","",""
"2016009595","","3","0","0","0","0","0","0","0","0","1","0","","02","1","2016","5","40.424114","-80.110283","","11","0","0","0","0","0","0","0","0","","0","0","0","","","0","","0","","40 25:26.811","","0","80 06:37.020","0","0","0","0","2115","0","0","0","","0","0","0","3","68B03","0","","1.0","","1","N","N","","0","","0","0","0","","0","","","3","0","0","0","0","0","0","2","0","3","","","","N","","","","","","","","","",""
"2016011158","","1","0","0","0","0","0","0","0","0","1","0","","02","1","2016","5","40.642201","-79.938474","","11","0","0","0","0","0","0","0","0","1","0","0","0","","","0","","1","","40 38:31.923","2","0","79 56:18.507","0","0","0","0","2217","0","0","0","N","0","0","0","2","02505","0","","1.0","","1","N","N","","0","","0","0","1","","2","N","","2","0","0","0","0","0","0","2","0","2","","","","N","","","","","","","","","",""
"2016009685","","0","0","0","0","0","0","0","0","0","7","0","","02","1","2016","1","40.468278","-79.8102","","11","0","0","0","0","0","0","0","0","","0","0","0","","","1","","0","","40 28:05.800","","0","79 48:36.720","3","0","0","0","2113","0","0","0","N","0","0","0","1","02113","0","","5.0","","2","N","N","","0","","1","0","1","","0","","","1","1","0","0","0","0","0","2","0","1","","","","N","","","","","","","","","",""
"2016010452","","1","0","0","0","0","0","0","0","0","1","0","","02","1","2016","4","40.500044","-80.221987","","11","0","0","0","0","0","1","0","0","","0","0","0","","","0","","6","","40 30:00.157","","2","80 13:19.152","0","0","0","0","2213","0","0","0","N","0","0","0","2","02213","0","","1.0","","1","N","N","","0","","0","0","1","","4","","","2","0","0","0","0","0","0","2","0","2","","","","N","","","","","","","","","",""
"2016009758","","0","0","0","0","0","0","0","0","0","7","0","","02","1","2016","1","40.558026","-80.20488","","11","0","0","0","0","0","1","0","0","3","0","0","0","","","1","","0","","40 33:28.895","2","0","80 12:17.567","3","0","0","0","2441","0","0","0","Y","0","0","0","1","02441","0","","2.0","","1","N","N","","0","","1","0","1","","2","Y","","1","1","0","0","0","0","0","2","0","1","","","","N","","","","","","","","","",""
"2016014725","","2","0","0","0","0","0","0","0","0","4","0","","02","2","2016","7","40.394542","-79.970058","","11","0","0","0","0","0","0","0","0","","0","0","0","","","0","","1","","40 23:40.352","","0","79 58:12.208","0","0","0","0","2403","0","0","0","N","0","0","0","3","02403","0","","1.0","","1","N","N","","0","","0","0","0","","3","","","2","0","0","0","0","0","0","2","0","2","","","","N","","","","","","","","","",""
"2016009502","","2","0","0","0","0","0","0","0","0","1","0","","02","1","2016","1","40.455679","-80.022739","","11","0","0","0","0","0","0","0","0","2","0","0","0","","","0","","1","","40 27:20.444","4","0","80 01:21.860","9","0","0","0","2301","0","0","0","N","0","0","0","3","02301","0","","5.0","","6","N","N","","0","","0","0","0","","0","N","","2","0","0","0","0","0","3","2","0","2","","","","N","","","","","","","","","",""
"2016011844","","2","0","0","0","0","0","0","0","0","4","0","","02","1","2016","7","40.451078","-79.985671","","11","0","0","0","0","0","1","0","0","","0","0","0","","","0","","0","","40 27:03.879","","0","79 59:08.417","0","0","0","0","2301","0","0","0","N","0","0","0","2","02301","0","","1.0","","1","N","N","","0","","0","0","0","","0","","","2","0","1","0","0","0","0","2","0","2","","","","N","","","","","","","","","",""
"2016009596","","1","0","0","0","0","0","0","0","0","7","0","","02","1","2016","6","40.426503","-79.892762","","11","0","0","0","0","0","0","0","0","1","0","0","0","","","1","","0","","40 25:35.412","3","0","79 53:33.944","8","0","0","0","2301","0","0","0","","0","0","0","3","68B03","0","","2.0","","1","N","N","","0","","0","0","0","","0","N","","1","1","1","0","0","1","0","2","0","1","","","","N","","","","","","","","","",""
"2016009686","","1","0","0","0","0","0","0","0","0","7","0","","02","1","2016","1","40.630862","-79.979551","","11","0","0","0","0","0","0","0","0","1","0","0","0","","","2","","0","","40 37:51.104","6","0","79 58:46.384","8","0","0","0","2217","0","0","0","N","0","0","0","2","02505","0","","5.0","","1","N","N","","0","","0","0","0","","0","N","","1","2","0","0","0","2","0","2","0","1","","","","N","","","","","","","","","",""
"2016010453","","1","0","0","0","0","0","0","0","0","7","0","","02","1","2016","5","40.504981","-80.188384","","11","0","0","1","0","0","0","0","0","2","0","0","0","","","1","","0","","40 30:17.930","3","0","80 11:18.184","3","0","0","0","2213","0","0","0","N","0","0","0","1","02213","0","","4.0","","9","N","N","","0","","1","0","0","","0","N","","1","1","1","0","0","0","0","2","0","1","","","","N","","","","","","","","","",""
"2016009597","","1","0","0","0","0","0","0","0","0","7","0","","02","1","2016","6","40.661124","-80.090593","","11","0","0","0","0","0","0","0","0","1","0","0","0","","","1","","0","","40 39:40.045","1","0","80 05:26.136","4","0","0","0","2212","0","0","0","","0","0","0","1","68B03","1","","3.0","","2","N","N","","0","","0","0","0","","0","N","","1","1","0","0","0","0","0","2","0","1","","","","N","","","","","","","","","",""
"2016010359","","2","0","0","0","0","0","0","0","0","3","0","","02","1","2016","2","40.457485","-79.917474","","11","0","0","0","0","0","0","0","0","","0","0","0","","","0","","2","","40 27:26.946","","0","79 55:02.907","0","0","0","0","2301","0","0","0","N","0","0","0","2","02301","0","","1.0","","9","N","N","","0","","0","0","0","","2","","","2","0","0","0","0","0","0","2","0","2","","","","N","","","","","","","","","",""
"2016009687","","2","0","0","0","0","0","0","0","0","1","0","","02","1","2016","1","40.67103","-80.069787","","11","0","0","0","0","0","0","0","0","2","0","0","0","","","0","","2","","40 40:15.708","6","0","80 04:11.234","0","0","0","0","2216","0","0","0","N","0","0","0","4","02505","0","","1.0","","1","N","N","","0","","0","0","0","","3","N","","2","0","0","0","0","0","0","2","0","2","","","","N","","","","","","","","","",""
"2016011288","","0","0","0","0","0","0","0","0","0","1","0","","02","1","2016","7","40.410557","-80.072485","","11","0","0","0","0","0","1","0","0","2","0","0","0","","","1","","0","","40 24:38.004","4","0","80 04:20.945","4","0","0","0","2117","0","0","0","","0","0","0","2","68B03","1","","1.0","","7","N","N","","0","","0","0","1","","0","N","","2","1","0","0","0","0","0","2","1","2","","","","N","","","","","","","","","",""
"2016010996","","2","0","0","0","0","0","0","0","0","4","0","","02","1","2016","4","40.438334","-79.842884","","11","0","0","0","0","0","0","0","0","1","0","0","0","","","1","","2","","40 26:18.004","3","0","79 50:34.384","3","0","0","0","2419","0","0","0","N","0","0","0","3","02419","0","","1.0","","1","N","N","","0","","1","0","0","","3","N","","2","1","0","0","0","0","0","2","0","2","","","","N","","","","","","","","","",""
"2016009505","","0","0","0","0","0","0","0","0","0","0","0","","02","1","2016","1","40.465825","-79.863842","","11","0","0","0","0","0","0","0","0","","0","0","0","","","0","","0","","40 27:56.970","","0","79 51:49.830","0","0","0","0","2113","0","0","0","N","0","0","0","0","02113","0","","1.0","","7","N","N","","0","","0","0","1","","0","","","1","0","0","0","0","0","0","2","0","1","","","","N","","","","","","","","","",""
"2016011846","","2","0","0","0","0","0","0","0","0","6","0","","02","1","2016","7","40.527076","-79.839296","","11","0","0","0","0","0","0","0","1","","0","0","0","","","0","","0","","40 31:37.475","","0","79 50:21.465","0","0","0","0","2451","0","0","0","N","0","0","0","2","02451","0","","1.0","","1","N","N","","0","","0","0","0","","0","","","2","0","0","0","0","0","0","2","0","2","","","","N","","","","","","","","","",""
"2016009598","","0","0","0","0","0","0","0","0","0","5","0","","02","1","2016","6","40.379527","-80.098484","","11","0","0","0","0","0","1","0","0","1","0","0","0","","","1","","0","","40 22:46.297","2","0","80 05:54.541","4","0","0","0","2102","0","0","0","","0","0","0","2","68B03","1","","1.0","","1","N","N","","1","","0","0","1","","0","N","","2","1","0","0","0","0","0","2","0","2","","","","N","","","","","","","","","",""
"2016011264","","2","0","0","0","0","0","0","0","0","4","0","","02","1","2016","5","40.401261","-80.000525","","11","0","0","0","0","0","0","0","0","","0","0","0","","","0","","0","","40 24:04.541","","7","80 00:01.891","0","0","0","0","2301","0","0","0","N","0","0","0","4","02301","0","","1.0","","1","N","N","","0","","0","0","0","","0","","","2","0","0","0","0","0","0","2","0","2","","","","N","","","","","","","","","",""
"2016012085","","1","0","0","0","0","0","0","0","0","4","0","","02","1","2016","1","40.485138","-79.946337","","11","0","0","0","0","0","0","1","0","","0","0","0","","","0","","1","","40 29:06.496","","0","79 56:46.813","9","0","0","0","2301","0","0","0","N","0","0","0","3","02301","0","","1.0","","1","N","N","","0","","0","0","1","","2","","","2","0","0","0","0","0","1","2","0","2","","","","N","","","","","","","","","",""
"2016010997","","1","0","0","0","0","0","0","0","0","8","0","","02","1","2016","4","40.440743","-79.995968","","11","0","0","0","0","0","1","0","0","","0","0","0","","","1","","1","","40 26:26.674","","0","79 59:45.484","8","0","0","0","2301","1","0","0","N","1","0","0","2","02301","0","","1.0","","1","N","N","","0","","0","0","0","","2","","","2","1","0","0","0","1","0","2","0","1","","","","N","","","","","","","","","",""
"2016011847","","3","0","0","0","0","0","0","0","0","1","0","","02","1","2016","7","40.394534","-80.028672","","11","0","0","0","0","0","0","0","1","","0","0","0","","","1","","0","","40 23:40.322","","0","80 01:43.219","3","0","0","0","2301","0","0","0","N","0","0","0","3","02301","0","","1.0","","1","N","N","","0","","1","0","0","","0","","","3","1","1","0","0","0","0","2","0","3","","","","N","","","","","","","","","",""
"2016009599","","1","0","0","0","0","0","0","0","0","1","0","","02","1","2016","6","40.440002","-80.188061","","11","0","0","1","0","1","0","0","0","","0","0","0","","","2","","0","","40 26:24.006","","2","80 11:17.019","8","0","0","0","2214","0","0","0","","0","0","0","3","68B03","0","","1.0","","9","N","N","","1","","0","0","1","","0","","","3","2","0","0","0","2","0","2","0","3","","","","N","","","","","","","","","",""
"2016012086","","2","0","0","0","0","0","0","0","0","4","0","","02","1","2016","1","40.579453","-79.957455","","11","0","0","0","0","0","1","0","0","1","0","0","0","","","2","","2","","40 34:46.032","1","0","79 57:26.837","3","0","0","0","2207","0","0","0","N","0","0","0","6","02207","0","","1.0","","1","N","N","","0","","2","0","0","","0","N","","2","2","0","0","0","0","0","2","0","2","","","","N","","","","","","","","","",""
"2016009528","","0","0","0","0","0","0","0","0","0","7","0","","02","1","2016","5","40.325959","-79.793373","","11","0","0","0","0","0","0","0","0","","0","0","0","","","0","","0","","40 19:33.451","","0","79 47:36.141","0","0","0","0","2477","0","0","0","N","0","0","0","1","02477","0","","2.0","","1","N","N","","0","","0","0","1","","0","","","1","0","0","0","0","0","0","2","0","1","","","","N","","","","","","","","","",""
"2016009600","","0","0","0","0","0","0","0","0","0","7","0","","02","1","2016","6","40.443459","-80.179992","","11","0","0","0","0","0","2","0","0","","0","0","0","","","1","","0","","40 26:36.452","","0","80 10:47.971","8","0","0","0","2214","0","0","0","","0","0","0","2","68B03","0","","3.0","","9","N","N","","1","","0","0","1","","0","","","2","1","0","0","0","1","0","2","0","2","","","","N","","","","","","","","","",""
"2016012514","","1","0","0","0","0","0","0","0","0","5","0","","02","2","2016","2","40.455572","-79.993266","","11","0","0","0","0","0","0","0","0","","0","0","0","","","0","","0","","40 27:20.060","","8","79 59:35.756","0","0","0","0","2301","0","0","0","N","0","0","0","2","02301","0","","1.0","","1","N","N","","1","","0","0","0","","0","","","2","0","0","0","0","0","0","2","0","2","","","","N","","","","","","","","","",""
"2016010999","","3","0","0","0","0","0","0","0","0","4","0","","02","1","2016","4","40.455202","-79.879797","","11","0","0","0","0","0","2","0","0","3","0","0","0","","","1","","0","","40 27:18.728","6","0","79 52:47.268","3","0","0","0","2301","0","0","0","N","0","0","0","4","02301","0","","1.0","","1","N","N","","0","","1","0","0","","0","Y","","3","1","2","0","0","0","0","2","0","3","","","","N","","","","","","","","","",""
"2016009601","","0","0","0","0","0","0","0","0","0","7","0","","02","1","2016","7","40.426464","-80.10574","","11","0","0","0","0","0","0","0","0","1","0","0","0","","","0","","0","","40 25:35.272","1","2","80 06:20.664","0","0","0","0","2115","0","0","0","","0","0","0","1","68B03","0","","4.0","","9","N","N","","0","","0","0","1","","0","N","","1","0","0","0","0","0","0","2","0","1","","","","N","","","","","","","","","",""
"2016009692","","0","0","0","0","0","0","0","0","0","7","0","","02","1","2016","1","40.580895","-79.949415","","11","0","0","0","0","0","1","0","0","1","0","0","0","","","0","","1","","40 34:51.223","4","0","79 56:57.894","0","0","0","0","2207","0","0","0","N","0","0","0","1","02207","0","","5.0","","1","N","N","","1","","0","0","0","","3","N","","1","0","0","0","0","0","0","2","0","1","","","","N","","","","","","","","","",""
"2016010458","","0","0","0","0","0","0","0","0","0","1","0","","02","1","2016","2","40.426862","-80.030768","","11","0","0","0","0","0","0","0","0","","0","0","0","","","1","","0","","40 25:36.704","","0","80 01:50.764","8","0","0","0","2301","0","0","0","","0","0","0","2","68B03","0","","1.0","","1","N","N","","0","","0","0","2","","0","","","2","1","0","0","0","1","0","2","0","2","","","","N","","","","","","","","","",""
"2016011776","","0","0","0","0","0","0","0","0","0","7","0","","02","1","2016","2","40.521477","-80.273674","","11","0","0","0","0","0","1","0","0","","0","0","0","","","0","","0","","40 31:17.317","","0","80 16:25.228","0","0","0","0","2203","0","0","0","","0","0","0","1","68B03","0","","4.0","","1","N","N","","0","","0","0","1","","0","","","1","0","0","0","0","0","0","2","0","1","","","","N","","","","","","","","","",""
"2016010267","","1","0","0","0","0","0","0","0","0","7","0","","02","1","2016","6","40.486409","-79.913155","","11","0","0","0","0","0","0","0","0","2","0","0","0","","","0","","0","","40 29:11.072","4","8","79 54:47.357","0","0","0","0","2301","0","0","0","N","0","0","0","1","02301","0","","1.0","","2","N","N","","0","","0","0","0","","0","N","","1","0","0","0","0","0","0","2","0","1","","","","N","","","","","","","","","",""
"2016011871","","2","0","0","0","0","0","0","0","0","1","0","","02","1","2016","2","40.51037","-80.09679","","11","0","0","0","0","0","1","0","0","","0","0","0","","","0","","0","","40 30:37.331","","0","80 05:48.445","0","0","0","0","2429","0","0","0","N","0","0","0","2","02215","0","","1.0","","1","N","N","","0","","0","0","0","","0","","","3","0","0","0","0","0","0","2","0","2","","","","N","","","","","","","","","",""
"2016009693","","0","0","0","0","0","0","0","0","0","7","0","","02","1","2016","1","40.423055","-80.067051","","11","0","0","0","0","0","0","0","0","2","0","0","0","","","0","","2","","40 25:22.999","2","0","80 04:01.382","0","0","0","0","2301","0","0","0","N","0","0","0","1","02301","0","","2.0","","9","N","N","","0","","0","0","1","","0","N","","1","0","0","0","0","0","0","2","0","1","","","","N","","","","","","","","","",""
"2016010459","","0","0","0","0","0","0","0","0","0","7","0","","02","1","2016","4","40.441148","-79.760868","","11","0","0","0","0","0","0","0","0","2","0","0","0","","","0","","0","","40 26:28.134","4","0","79 45:39.125","0","0","0","0","2446","0","0","0","","0","0","0","1","68B03","0","","4.0","","9","N","N","","1","","0","0","0","","0","N","","1","0","0","0","0","0","0","2","0","1","","","","N","","","","","","","","","",""
"2016010269","","0","0","0","0","0","0","0","0","0","7","0","","02","1","2016","3","40.469876","-79.920137","","11","0","0","0","0","0","0","0","0","","0","0","0","","","0","","2","","40 28:11.553","","0","79 55:12.493","0","0","0","0","2301","0","0","0","N","0","0","0","1","02301","0","","2.0","","9","N","N","","0","","0","0","2","","0","","","2","0","1","0","0","0","0","2","0","2","","","","N","","","","","","","","","",""
"2016009532","","1","0","0","0","0","0","0","0","0","5","1","","02","1","2016","5","40.342767","-79.891776","","11","0","0","0","0","0","1","0","0","2","0","1","0","","","1","","0","","40 20:33.962","6","0","79 53:30.394","8","0","0","0","2423","0","0","0","N","0","0","0","3","02304","0","","1.0","","1","N","N","","1","","0","0","0","","0","Y","","3","1","1","0","0","1","0","2","0","3","","","","N","","","","","","","","","",""
"2016010386","","1","0","0","0","0","0","0","0","0","1","0","","02","1","2016","5","40.391554","-79.775902","","11","0","0","0","0","0","1","0","0","2","0","0","0","","","1","","0","","40 23:29.593","1","0","79 46:33.248","4","0","0","0","2111","0","0","0","N","0","0","0","3","02111","1","","1.0","","1","N","N","","0","","0","0","1","","0","N","","2","1","1","0","0","0","0","2","0","2","","","","N","","","","","","","","","",""
"2016009694","","0","0","0","0","0","0","0","0","0","7","0","","02","1","2016","2","40.617016","-79.830104","","11","0","0","0","0","0","0","0","0","2","0","0","0","","","1","","0","","40 37:01.259","3","0","79 49:48.376","3","0","0","0","2220","0","0","0","N","0","0","0","1","02220","0","","5.0","","1","N","N","","0","","1","0","1","","0","Y","","1","1","0","0","0","0","0","1","0","1","","","","N","","","","","","","","","",""
"2016010460","","1","0","0","0","0","0","0","0","0","5","1","","02","1","2016","4","40.423031","-80.030533","","11","0","0","0","0","0","2","0","0","2","0","1","0","","","1","","0","","40 25:22.912","4","0","80 01:49.920","8","0","0","0","2301","0","0","0","","0","0","0","2","68B03","0","","1.0","","9","N","N","","0","","0","0","0","","0","N","","2","1","0","0","0","1","0","2","0","2","","","","N","","","","","","","","","",""
"2016011002","","2","0","0","0","0","0","0","0","0","1","0","","02","1","2016","4","40.42052","-79.851289","","11","0","0","1","0","0","0","0","0","","0","0","0","","","0","","0","","40 25:13.873","","0","79 51:04.640","0","0","0","0","2431","0","0","0","N","0","0","0","2","02431","0","","1.0","","1","N","N","","0","","0","0","0","","0","","","2","0","0","0","0","0","0","2","0","2","","","","N","","","","","","","","","",""
"2016009533","","0","0","0","0","0","0","0","0","0","4","0","","02","1","2016","1","40.449706","-80.025099","","11","0","0","0","0","0","1","0","0","","0","0","0","","","1","","1","","40 26:58.940","","8","80 01:30.356","3","0","0","0","2301","0","0","0","N","0","0","0","5","02301","0","","1.0","","9","N","N","","0","","1","0","2","","2","","","2","1","0","0","0","0","0","2","0","2","","","","N","","","","","","","","","",""
"2016009695","","1","0","0","0","0","0","0","0","0","7","0","","02","1","2016","2","40.352581","-79.838737","","11","0","0","0","0","0","0","0","0","2","0","0","0","","","0","","0","","40 21:09.290","3","0","79 50:19.453","0","0","0","0","2304","0","0","0","N","0","0","0","1","02304","0","","4.0","","6","N","N","","0","","0","0","0","","0","N","","1","0","0","0","0","0","0","2","0","1","","","","N","","","","","","","","","",""
"2016010461","","1","0","0","0","0","0","0","0","0","4","1","","02","1","2016","7","40.382724","-80.096595","","11","0","0","0","0","0","2","0","0","3","0","1","0","","","2","","0","","40 22:57.807","2","0","80 05:47.741","8","0","0","0","2102","0","0","0","","0","0","0","3","68B03","0","","1.0","","7","N","N","","0","","0","0","1","","0","N","","3","2","0","0","0","2","0","2","0","3","","","","N","","","","","","","","","",""
"2016009514","","0","0","0","0","0","0","0","0","0","7","0","","02","1","2016","1","","","","11","0","0","0","0","0","0","0","0","","0","0","0","","","0","","0","","40 39:7.851","","0","","0","0","0","0","2212","0","0","0","N","0","0","0","1","02505","0","","2.0","","2","N","N","","0","","0","0","1","","0","","","1","0","0","0","0","0","0","1","0","1","","","","N","","","","","","","","","",""
"2016010462","","0","0","0","0","0","0","0","0","0","7","0","","02","1","2016","7","40.445557","-80.16458","","11","0","0","0","0","0","0","1","0","1","0","0","0","","","2","","0","","40 26:44.006","4","0","80 09:52.489","8","0","0","0","2115","0","0","0","","0","0","0","2","68B03","0","","4.0","","9","N","N","","0","","0","0","1","","0","N","","1","2","0","0","0","2","0","2","0","1","","","","N","","","","","","","","","",""
"2016014735","","2","0","0","0","0","0","0","0","0","1","0","","02","2","2016","7","40.425392","-80.001809","","11","0","0","0","0","0","1","0","0","1","0","0","0","","","0","","0","","40 25:31.411","3","4","80 00:06.514","0","0","0","0","2301","0","0","0","N","0","0","0","4","02301","0","","1.0","","1","N","N","","0","","0","0","1","","2","N","","3","0","0","0","0","0","0","2","0","3","","","","N","","","","","","","","","",""
"2016009535","","1","0","0","0","0","0","0","0","0","4","0","","02","1","2016","1","40.390679","-80.07424","","11","0","0","0","0","0","1","0","1","","0","0","0","","","0","","5","","40 23:26.444","","0","80 04:27.265","0","0","0","0","2117","0","0","0","N","0","0","0","2","02117","0","","1.0","","1","N","N","","1","","0","0","0","","2","","","2","0","0","0","0","0","0","2","0","2","","","","N","","","","","","","","","",""
"2016010463","","0","0","0","0","0","0","0","0","0","7","0","","02","1","2016","1","40.425157","-80.122047","","11","0","0","0","0","0","0","0","0","","0","0","0","","","0","","0","","40 25:30.564","","0","80 07:19.369","0","0","0","0","2102","0","0","0","","0","0","0","1","68B03","0","","4.0","","1","N","N","","0","","0","0","1","","0","","","1","0","0","0","0","0","0","2","0","1","","","","N","","","","","","","","","",""
"2016014736","","3","0","0","0","0","0","0","0","0","5","0","","02","2","2016","7","40.343905","-79.981019","","11","0","0","0","0","0","0","0","0","1","0","0","0","","","0","","0","","40 20:38.058","1","0","79 58:51.669","0","0","0","0","2403","0","0","0","N","0","0","0","2","02403","0","","1.0","","1","N","N","","0","","0","0","0","","0","N","","3","0","0","0","0","0","0","2","0","3","","","","N","","","","","","","","","",""
"2016010295","","1","0","0","0","0","0","0","0","0","2","0","","02","1","2016","2","40.571597","-80.202211","","11","0","0","0","0","0","0","0","0","2","0","0","0","","","8","","0","","40 34:17.749","3","0","80 12:07.961","8","0","0","0","2107","0","0","0","N","0","0","0","8","02107","0","","1.0","","2","N","N","","0","","0","0","0","","0","Y","","2","8","0","0","0","8","0","2","1","2","","","","N","","","","","","","","","",""
"2016011174","","0","0","0","0","0","0","0","0","0","4","0","","02","1","2016","4","40.557395","-80.023053","","11","0","0","0","1","0","0","0","1","","0","0","0","","","0","","0","","40 33:26.623","","0","80 01:22.991","0","0","0","0","2108","0","0","0","N","0","0","0","3","02108","0","","1.0","","1","N","N","","0","","0","0","2","","0","","","2","0","0","0","0","0","0","2","0","2","","","","N","","","","","","","","","",""
"2016009719","","0","0","0","0","0","0","0","0","0","1","0","","02","1","2016","7","40.427489","-79.950906","","11","1","0","0","0","0","1","0","0","2","0","0","0","","","1","","0","","40 25:38.960","4","0","79 57:03.260","4","0","0","0","2301","0","0","0","","0","0","0","3","68B03","1","","1.0","","9","N","N","","1","","0","0","1","","0","N","","2","1","0","0","0","0","0","2","0","2","","","","N","","","","","","","","","",""
"2016011878","","1","0","0","0","0","0","0","0","0","4","0","","02","1","2016","7","40.395326","-79.997387","","11","0","0","0","0","0","0","1","0","","0","0","0","","","0","","2","","40 23:43.173","","0","79 59:50.592","0","0","0","0","2301","0","0","0","N","0","0","0","6","02301","0","","1.0","","1","N","N","","1","","0","0","0","","3","","","2","0","1","0","0","0","0","2","0","2","","","","N","","","","","","","","","",""
"2016009720","","2","0","0","0","0","0","0","0","0","4","0","","02","1","2016","6","40.448693","-80.166955","","11","0","0","0","0","0","1","0","0","1","0","0","0","","","0","","6","","40 26:55.293","4","2","80 10:01.038","0","0","0","0","2115","0","0","0","","0","0","0","2","68B03","0","","1.0","","2","N","N","","0","","0","0","0","","0","N","","2","0","0","0","0","0","0","2","0","2","","","","N","","","","","","","","","",""
"2016009519","","1","0","0","0","0","0","0","0","0","7","0","","02","1","2016","7","40.352509","-79.842142","","11","0","0","0","0","0","0","0","0","1","0","0","0","","","0","","0","","40 21:09.034","3","0","79 50:31.710","0","0","0","0","2304","0","0","0","N","0","0","0","2","02304","0","","4.0","","6","N","N","","0","","0","0","0","","0","N","","1","0","0","0","0","0","0","2","0","1","","","","N","","","","","","","","","",""
"2016011879","","1","0","0","0","0","0","0","0","0","7","0","","02","1","2016","7","40.337213","-79.835502","","11","0","0","0","1","0","0","0","0","","0","0","0","","","2","","0","","40 20:13.965","","0","79 50:07.807","2","0","0","0","2304","0","0","0","N","0","0","0","2","02304","1","","2.0","","1","N","N","","0","","0","1","0","","0","","","1","2","2","0","1","0","0","2","0","1","","","","N","","","","","","","","","",""
"2016011898","","2","0","0","0","0","0","0","0","0","4","0","","02","1","2016","7","40.338144","-79.979131","","11","0","0","0","0","0","1","0","0","","0","0","0","","","0","","1","","40 20:17.318","","0","79 58:44.871","0","0","0","0","2403","0","0","0","N","0","0","0","2","02403","0","","1.0","","1","N","N","","0","","0","0","0","","3","","","2","0","0","0","0","0","0","2","0","2","","","","N","","","","","","","","","",""
"2016009721","","0","0","0","0","0","0","0","0","0","7","0","","02","1","2016","7","40.500244","-80.282736","","11","0","0","0","0","0","0","0","0","1","0","0","0","","","0","","0","","40 30:00.877","3","0","80 16:57.851","0","0","0","0","2203","0","0","0","","0","0","0","4","68B03","0","","3.0","","9","N","N","","0","","0","0","1","","0","N","","1","0","0","0","0","0","0","1","0","1","","","","N","","","","","","","","","",""
"2016011012","","2","0","0","0","0","0","0","0","0","4","0","","02","1","2016","4","40.45878","-79.907889","","11","0","0","0","0","0","1","1","0","2","0","0","0","","","2","","1","","40 27:31.609","7","0","79 54:28.400","4","0","0","0","2301","0","0","0","N","0","0","0","2","02301","2","","1.0","","1","N","N","","0","","0","0","0","","2","Y","","2","2","0","0","0","0","0","2","0","2","","","","N","","","","","","","","","",""
"2016011976","","2","0","0","0","0","0","0","0","0","2","0","","02","1","2016","7","40.448924","-79.816573","","11","0","0","0","0","1","1","0","0","2","0","0","0","","","2","","0","","40 26:56.126","5","0","79 48:59.662","3","0","0","0","2113","0","0","0","N","0","0","0","5","02113","1","","1.0","","1","N","N","","0","","1","0","0","","0","Y","","2","2","0","0","0","0","0","2","0","2","","","","N","","","","","","","","","",""