"CRN","ARRIVAL_TM","AUTOMOBILE_COUNT","BELTED_DEATH_COUNT","BELTED_SUSP_SERIOUS_INJ_COUNT","BICYCLE_COUNT","BICYCLE_DEATH_COUNT","BICYCLE_SUSP_SERIOUS_INJ_COUNT","BUS_COUNT","CHLDPAS_DEATH_COUNT","CHLDPAS_SUSP_SERIOUS_INJ_COUNT","COLLISION_TYPE","COMM_VEH_COUNT","CONS_ZONE_SPD_LIM","COUNTY","CRASH_MONTH","CRASH_YEAR","DAY_OF_WEEK","DEC_LATITUDE","DEC_LONGITUDE","DISPATCH_TM","DISTRICT","DRIVER_COUNT_16YR","DRIVER_COUNT_17YR","DRIVER_COUNT_18YR","DRIVER_COUNT_19YR","DRIVER_COUNT_20YR","DRIVER_COUNT_50_64YR","DRIVER_COUNT_65_74YR","DRIVER_COUNT_75PLUS","EST_HRS_CLOSED","FATAL_COUNT","HEAVY_TRUCK_COUNT","HORSE_BUGGY_COUNT","HOUR_OF_DAY","ILLUMINATION","INJURY_COUNT","INTERSECTION_RELATED","INTERSECT_TYPE","LANE_CLOSED","LATITUDE","LN_CLOSE_DIR","LOCATION_TYPE","LONGITUDE","MAX_SEVERITY_LEVEL","MCYCLE_DEATH_COUNT","MCYCLE_SUSP_SERIOUS_INJ_COUNT","MOTORCYCLE_COUNT","MUNICIPALITY","NONMOTR_COUNT","NONMOTR_DEATH_COUNT","NONMOTR_SUSP_SERIOUS_INJ_COUNT","NTFY_HIWY_MAINT","PED_COUNT","PED_DEATH_COUNT","PED_SUSP_SERIOUS_INJ_COUNT","PERSON_COUNT","POLICE_AGCY","POSSIBLE_INJ_COUNT","RDWY_SURF_TYPE_CD","RELATION_TO_ROAD","ROADWAY_CLEARED","ROAD_CONDITION","SCH_BUS_IND","SCH_ZONE_IND","SECONDARY_CRASH","SMALL_TRUCK_COUNT","SPEC_JURIS_CD","SUSP_MINOR_INJ_COUNT","SUSP_SERIOUS_INJ_COUNT","SUV_COUNT","TCD_FUNC_CD","TCD_TYPE","TFC_DETOUR_IND","TIME_OF_DAY","TOTAL_UNITS","TOT_INJ_COUNT","UNBELTED_OCC_COUNT","UNB_DEATH_COUNT","UNB_SUSP_SERIOUS_INJ_COUNT","UNK_INJ_DEG_COUNT","UNK_INJ_PER_COUNT","URBAN_RURAL","VAN_COUNT","VEHICLE_COUNT","WEATHER1","WEATHER2","WORKERS_PRES","WORK_ZONE_IND","WORK_ZONE_LOC","WORK_ZONE_TYPE","WZ_CLOSE_DETOUR","WZ_FLAGGER","WZ_LAW_OFFCR_IND","WZ_LN_CLOSURE","WZ_MOVING","WZ_OTHER","WZ_SHLDER_MDN","WZ_WORKERS_INJ_KILLED"
"2016016743","","3","0","0","0","0","0","0","0","0","1","0","","02","2","2016","5","40.594178","-79.927617","","11","0","0","0","0","0","1","0","1","1","0","0","0","","","0","","0","","40 35:39.040","1","0","79 55:39.420","0","0","0","0","2207","0","0","0","N","0","0","0","3","02207","0","","1.0","","1","N","N","","0","","0","0","0","","0","N","","3","0","0","0","0","0","0","1","0","3","","","","N","","","","","","","","","",""
"2016015986","","1","0","0","0","0","0","0","0","0","7","0","","02","2","2016","3","40.457778","-79.7275","","11","0","0","0","0","0","0","0","0","","0","0","0","","","0","","0","","40 27:28.000","","0","79 43:39.000","0","0","0","0","2466","0","0","0","N","0","0","0","1","02466","0","","2.0","","6","N","N","","0","","0","0","0","","0","","","1","0","0","0","0","0","0","2","0","1","","","","N","","","","","","","","","",""
"2016017621","","2","0","0","0","0","0","0","0","0","6","0","","02","2","2016","6","40.434692","-79.923372","","11","0","0","0","0","0","0","0","1","1","0","0","0","","","1","","0","","40 26:04.891","4","0","79 55:24.138","3","0","0","0","2301","0","0","0","N","0","0","0","1","02301","0","","6.0","","9","N","Y","","0","","1","0","0","","0","N","","2","1","0","0","0","0","0","2","0","2","","","","N","","","","","","","","","",""
"2016015952","","1","0","0","0","0","0","0","0","0","4","0","","02","1","2016","5","40.505642","-80.018981","","11","0","0","0","0","0","0","0","0","","0","0","0","","","0","","0","","40 30:20.310","","0","80 01:08.330","9","0","0","0","2116","0","0","0","N","0","0","0","1","02116","0","","4.0","","2","N","N","","0","","0","0","0","","0","","","2","0","0","0","0","0","1","2","0","2","","","","N","","","","","","","","","",""
"2016015226","","1","0","0","0","0","0","0","0","0","7","0","","02","1","2016","7","40.497601","-79.947999","","11","0","0","0","0","0","0","0","0","","0","0","0","","","1","","2","","40 29:51.363","","0","79 56:52.796","8","0","0","0","2430","0","0","0","","0","0","0","2","02430","0","","4.0","","7","N","N","","0","","0","0","0","","0","","","1","1","0","0","0","1","0","2","0","1","","","","N","","","","","","","","","",""
"2016016012","","1","0","0","0","0","0","0","0","0","1","0","","02","2","2016","3","40.608533","-80.052586","","11","0","2","0","0","0","0","0","0","1","0","0","0","","","0","","0","","40 36:30.720","1","0","80 03:09.308","0","0","0","0","2108","0","0","0","N","0","0","0","2","02108","0","","1.0","","9","N","N","","0","","0","0","1","","0","N","","2","0","0","0","0","0","0","2","0","2","","","","N","","","","","","","","","",""
"2016016013","","0","0","0","0","0","0","0","0","0","7","0","","02","2","2016","3","40.582316","-80.003162","","11","0","0","0","0","0","0","0","0","2","0","0","0","","","0","","2","","40 34:56.336","3","0","80 00:11.383","9","0","0","0","2108","0","0","0","N","0","0","0","1","02108","0","","4.0","","9","N","N","","1","","0","0","0","","0","N","","1","0","0","0","0","0","1","2","0","1","","","","N","","","","","","","","","",""
"2016017623","","0","0","0","0","0","0","0","0","0","7","0","","02","2","2016","1","40.48859","-80.33712","","11","0","0","0","1","0","0","0","0","","0","0","0","","","0","","3","","40 29:18.923","","0","80 20:13.631","0","0","0","0","2203","0","0","0","N","0","0","0","1","02203","0","","5.0","","1","N","N","","1","","0","0","0","","3","","","2","0","0","0","0","0","0","1","0","1","","","","N","","","","","","","","","",""
"2016016014","","2","0","0","0","0","0","0","0","0","1","0","","02","2","2016","4","40.502276","-79.945217","","11","0","0","0","0","0","0","0","0","1","0","0","0","","","1","","1","","40 30:08.194","2","0","79 56:42.782","4","0","0","0","2430","0","0","0","","0","0","0","2","02430","1","","1.0","","9","N","N","","0","","0","0","0","","2","N","","2","1","0","0","0","0","0","2","0","2","","","","N","","","","","","","","","",""
"2016017594","","0","0","0","0","0","0","0","0","0","7","0","","02","2","2016","1","40.426743","-79.937554","","11","0","1","0","0","0","0","0","0","","0","0","0","","","0","","0","","40 25:36.274","","0","79 56:15.194","0","0","0","0","2301","0","0","0","N","0","0","0","1","02301","0","","5.0","","1","N","N","","0","","0","0","1","","0","","","1","0","0","0","0","0","0","2","0","1","","","","N","","","","","","","","","",""
"2016016097","","2","0","0","0","0","0","0","0","0","1","0","","02","2","2016","4","40.444472","-79.987265","","11","0","0","0","0","0","0","0","0","","0","0","0","","","0","","2","","40 26:40.099","","0","79 59:14.154","0","0","0","0","2301","0","0","0","N","0","0","0","2","02301","0","","1.0","","1","N","N","","1","","0","0","0","","0","","","3","0","1","0","0","0","0","2","0","3","","","","N","","","","","","","","","",""
"2016016122","","0","0","0","0","0","0","0","0","0","7","0","","02","2","2016","3","40.61725","-79.968083","","11","0","0","0","0","0","0","0","0","1","0","0","0","","","0","","0","","40 37:02.100","2","0","79 58:05.098","0","0","0","0","2217","0","0","0","N","0","0","0","1","02505","0","","5.0","","9","N","N","","0","","0","0","1","","0","N","","1","0","0","0","0","0","0","2","0","1","","","","N","","","","","","","","","",""
"2016015437","","0","0","0","0","0","0","0","0","0","7","0","","02","2","2016","2","40.375555","-79.897251","","11","0","0","0","0","0","0","0","0","2","0","0","0","","","1","","0","","40 22:31.999","6","0","79 53:50.103","2","0","0","0","2473","0","0","0","N","0","0","0","1","02473","0","","5.0","","1","N","N","","1","","0","1","0","","0","Y","","1","1","1","0","1","0","0","2","0","1","","","","N","","","","","","","","","",""
"2016016949","","1","0","0","0","0","0","0","0","0","6","0","","02","2","2016","6","40.557779","-79.984905","","11","0","0","0","0","0","0","0","1","1","0","0","0","","","0","","0","","40 33:28.006","1","0","79 59:05.658","0","0","0","0","2207","0","0","0","N","0","0","0","2","02207","0","","1.0","","98","N","N","","0","","0","0","1","","0","N","","2","0","0","0","0","0","0","2","0","2","","","","N","","","","","","","","","",""
"2016015993","","0","0","0","0","0","0","0","0","0","7","0","","02","2","2016","4","40.635819","-79.940211","","11","0","0","0","0","0","0","0","0","1","0","0","0","","","1","","0","","40 38:08.950","1","7","79 56:24.760","8","0","0","0","2217","0","0","0","N","0","0","0","1","02505","0","","2.0","","7","N","N","","1","","0","0","0","","0","N","","1","1","0","0","0","1","0","2","0","1","","","","N","","","","","","","","","",""
"2016016749","","1","0","0","0","0","0","0","0","0","5","0","","02","2","2016","5","40.354917","-79.834915","","11","0","0","0","0","0","0","0","0","1","0","0","0","","","0","","2","","40 21:17.701","2","0","79 50:05.694","0","0","0","0","2304","0","0","0","N","0","0","0","2","02304","0","","1.0","","1","N","N","","0","","0","0","0","","0","Y","","2","0","2","0","0","0","0","2","1","2","","","","N","","","","","","","","","",""
"2016016776","","1","0","0","0","0","0","0","0","0","7","0","","02","2","2016","5","40.478451","-79.967496","","11","0","0","0","0","0","0","0","0","","0","0","0","","","1","","0","","40 28:42.423","","0","79 58:02.985","3","0","0","0","2445","0","0","0","Y","0","0","0","1","02445","0","","3.0","","2","N","N","","0","","1","0","0","","0","","","1","1","0","0","0","0","0","2","0","1","","","","N","","","","","","","","","",""
"2016017595","","1","0","0","0","0","0","0","0","0","7","0","","02","2","2016","1","40.519186","-79.92802","","11","0","0","0","0","0","0","0","0","1","0","0","0","","","0","","0","","40 31:09.071","7","0","79 55:40.871","0","0","0","0","2112","0","0","0","N","0","0","0","1","02112","0","","5.0","","9","N","N","","0","","0","0","0","","0","N","","1","0","0","0","0","0","0","2","0","1","","","","N","","","","","","","","","",""
"2016016882","","1","0","0","0","0","0","0","0","0","7","0","","02","2","2016","5","40.4124","-79.809369","","11","0","0","0","0","0","0","0","0","1","0","0","0","","","0","","0","","40 24:44.640","3","0","79 48:33.730","0","0","0","0","2446","0","0","0","N","0","0","0","1","02446","0","","2.0","","2","N","N","","0","","0","0","0","","0","N","","1","0","0","0","0","0","0","2","0","1","","","","N","","","","","","","","","",""
"2016017699","","0","0","0","0","0","0","0","0","0","7","0","","02","2","2016","7","40.664683","-80.073056","","11","0","0","0","0","0","0","0","0","","0","0","0","","","0","","0","","40 39:52.858","","0","80 04:23.001","0","0","0","0","2212","0","0","0","N","0","0","0","2","02505","0","","4.0","","1","N","N","","0","","0","0","1","","0","","","1","0","0","0","0","0","0","2","0","1","","","","N","","","","","","","","","",""
"2016016210","","2","0","0","0","0","0","0","0","0","4","0","","02","2","2016","4","40.46801","-80.077725","","11","0","0","0","0","0","1","0","0","2","0","0","0","","","1","","0","","40 28:04.836","5","0","80 04:39.810","4","0","0","0","2444","0","0","0","N","0","0","0","3","02444","1","","1.0","","1","N","N","","0","","0","0","0","","0","Y","","2","1","0","0","0","0","0","2","0","2","","","","N","","","","","","","","","",""
"2016016750","","2","0","0","0","0","0","0","0","0","4","0","","02","2","2016","5","40.457563","-79.973924","","11","0","0","0","0","0","0","0","0","","0","0","0","","","0","","1","","40 27:27.226","","0","79 58:26.126","0","0","0","0","2301","0","0","0","N","0","0","0","2","02301","0","","1.0","","1","N","N","","0","","0","0","0","","0","","","2","0","0","0","0","0","0","2","0","2","","","","N","","","","","","","","","",""
"2016016100","","1","0","0","0","0","0","0","0","0","1","0","","02","2","2016","2","40.54306","-79.804262","","11","0","0","0","0","0","0","0","0","","0","0","0","","","1","","0","","40 32:35.017","","7","79 48:15.343","8","0","0","0","2418","0","0","0","N","0","0","0","1","02418","0","","1.0","","1","N","N","","0","","0","0","0","","0","","","2","1","0","0","0","1","0","2","0","2","","","","N","","","","","","","","","",""
"2016017569","","1","0","0","0","0","0","0","0","0","7","0","","02","2","2016","1","40.394554","-79.895563","","11","0","0","0","0","0","0","0","0","1","0","0","0","","","1","","0","","40 23:40.396","5","0","79 53:44.026","4","0","0","0","2448","0","0","0","N","0","0","0","1","02448","1","","2.0","","2","N","N","","0","","0","0","0","","0","N","","1","1","0","0","0","0","0","2","0","1","","","","N","","","","","","","","","",""
"2016017445","","1","0","0","0","0","0","0","0","0","7","0","","02","2","2016","6","40.600886","-79.767864","","11","0","0","0","0","0","0","0","0","","0","0","0","","","0","","0","","40 36:03.190","","0","79 46:04.312","0","0","0","0","2464","0","0","0","","0","0","0","1","68D02","0","","4.0","","7","N","N","","0","","0","0","0","","0","","","1","0","0","0","0","0","0","2","0","1","","","","N","","","","","","","","","",""
"2016015208","","0","0","0","0","0","0","0","0","0","7","0","","02","2","2016","2","40.489351","-79.820068","","11","0","0","0","0","0","1","0","0","1","0","0","0","","","1","","2","","40 29:21.662","3","0","79 49:12.244","3","0","0","0","2113","0","0","0","N","0","0","0","1","02113","0","","5.0","","9","N","N","","0","","1","0","1","","0","Y","","1","1","1","0","0","0","0","2","0","1","","","","N","","","","","","","","","",""
"2016017571","","1","0","0","0","0","0","0","0","0","7","0","","02","2","2016","7","40.488898","-79.927948","","11","0","0","0","0","0","0","0","0","2","0","0","0","","","0","","0","","40 29:20.033","4","0","79 55:40.612","0","0","0","0","2301","0","0","0","N","0","0","0","1","02301","0","","2.0","","9","N","N","","0","","0","0","0","","0","N","","1","0","0","0","0","0","0","2","0","1","","","","N","","","","","","","","","",""
"2016017598","","1","0","0","0","0","0","0","0","0","1","0","","02","2","2016","5","40.508145","-80.089456","","11","0","0","0","0","0","0","0","0","1","0","0","0","","","2","","2","","40 30:29.323","1","0","80 05:22.043","3","0","0","0","2429","0","0","0","N","0","0","0","2","02215","0","","1.0","","9","N","N","","0","","2","0","0","","0","N","","2","2","0","0","0","0","0","2","1","2","","","","N","","","","","","","","","",""
"2016017430","","0","0","0","0","0","0","0","0","0","7","0","","02","2","2016","7","40.437446","-79.915632","","11","0","0","0","0","0","0","0","0","4","0","0","0","","","5","","0","","40 26:14.805","6","0","79 54:56.275","4","0","0","0","2301","0","0","0","N","0","0","0","5","02301","5","","2.0","","6","N","","","0","","0","0","1","","0","Y","","1","5","0","0","0","0","0","2","0","1","","","","N","","","","","","","","","",""
"2016016626","","1","0","0","0","0","0","0","0","0","4","0","","02","2","2016","5","40.432291","-79.865057","","11","0","0","0","0","0","2","0","0","1","0","0","0","","","1","","1","","40 25:56.248","3","0","79 51:54.205","3","0","0","0","2431","0","0","0","N","0","0","0","2","02431","0","","1.0","","1","N","N","","1","","1","0","0","","2","N","","2","1","0","0","0","0","0","2","0","2","","","","N","","","","","","","","","",""
"2016015209","","1","0","0","0","0","0","0","0","0","1","0","","02","2","2016","2","40.445433","-80.009514","","11","0","0","0","0","0","0","0","0","2","0","0","0","","","1","","3","","40 26:43.557","3","8","80 00:34.249","3","0","0","0","2301","0","0","0","N","0","0","0","2","02301","0","","1.0","","9","N","N","","0","","1","0","1","","0","N","","2","1","0","0","0","0","0","2","0","2","","","","N","","","","","","","","","",""
"2016017481","","1","0","0","0","0","0","0","0","0","7","0","","02","2","2016","7","40.451468","-79.843858","","11","0","0","0","0","0","0","0","0","","0","0","0","","","0","","0","","40 27:05.286","","0","79 50:37.889","0","0","0","0","2113","0","0","0","N","0","0","0","1","02113","0","","5.0","","2","N","N","","0","","0","0","0","","0","","","1","0","0","0","0","0","0","2","0","1","","","","N","","","","","","","","","",""
"2016017599","","0","0","0","0","0","0","0","0","0","7","0","","02","2","2016","1","40.399775","-79.935747","","11","0","0","0","0","0","1","0","0","","0","0","0","","","0","","0","","40 23:59.190","","3","79 56:08.689","0","0","0","0","2301","0","0","0","N","0","0","0","1","02301","0","","2.0","","2","N","N","","0","","0","0","1","","0","","","1","0","0","0","0","0","0","2","0","1","","","","N","","","","","","","","","",""
"2016017630","","1","0","0","0","0","0","0","0","0","8","0","","02","2","2016","6","40.457503","-79.91738","","11","0","0","0","0","0","0","0","0","1","0","0","0","","","1","","1","","40 27:27.012","3","0","79 55:02.569","3","0","0","0","2301","1","0","0","N","1","0","0","2","02301","0","","1.0","","9","N","N","","0","","1","0","0","","2","N","","2","1","0","0","0","0","0","2","0","1","","","","N","","","","","","","","","",""
"2016015443","","4","0","0","0","0","0","0","0","0","2","0","","02","2","2016","3","40.410444","-80.015599","","11","0","0","0","0","0","0","0","0","","0","0","0","","","0","","2","","40 24:37.599","","0","80 00:56.156","9","0","0","0","2301","0","0","0","N","0","0","0","1","02301","0","","4.0","","9","N","N","","1","","0","0","0","","2","","","5","0","0","0","0","0","1","2","0","5","","","","N","","","","","","","","","",""
"2016021021","","2","0","0","0","0","0","0","0","0","1","0","","02","2","2016","6","40.493979","-79.902872","","11","0","0","0","0","0","0","0","0","2","0","0","0","","","0","","0","","40 29:38.323","2","0","79 54:10.339","0","0","0","0","2401","0","0","0","","0","0","0","4","68D02","0","","1.0","","1","N","N","","0","","0","0","0","","0","N","","2","0","0","0","0","0","0","2","0","2","","","","N","","","","","","","","","",""
"2016018739","","0","0","0","0","0","0","0","0","0","7","0","","02","2","2016","2","40.379631","-80.054203","","11","0","0","0","0","0","0","0","0","2","0","0","0","","","1","","0","","40 22:46.670","5","0","80 03:15.130","8","0","0","0","2109","0","0","0","","0","0","0","1","02109","0","","4.0","","2","N","N","","0","","0","0","1","","0","Y","","1","1","0","0","0","1","0","2","0","1","","","","N","","","","","","","","","",""
"2016018752","","1","0","0","0","0","0","0","0","0","7","0","","02","2","2016","7","40.439482","-80.009377","","11","0","0","0","0","0","0","0","0","","0","0","0","","","0","","0","","40 26:22.134","","0","80 00:33.758","0","0","0","0","2301","0","0","0","","0","0","0","2","68B03","0","","3.0","","7","N","N","","0","","0","0","0","","0","","","1","0","0","0","0","0","0","2","0","1","","","","N","","","","","","","","","",""
"2016018740","","0","0","0","0","0","0","0","0","0","4","0","","02","2","2016","2","40.394456","-80.047689","","11","0","0","0","0","1","0","0","0","2","0","0","0","","","0","","0","","40 23:40.040","1","0","80 02:51.680","0","0","0","0","2109","0","0","0","","0","0","0","2","02109","0","","1.0","","2","N","N","","0","","0","0","2","","0","N","","2","0","0","0","0","0","0","2","0","2","","","","N","","","","","","","","","",""
"2016016976","","1","0","0","0","0","0","0","0","0","5","0","","02","2","2016","6","40.478642","-80.042792","","11","0","0","0","0","1","0","0","0","2","0","0","0","","","0","","0","","40 28:43.110","1","0","80 02:34.052","0","0","0","0","2301","0","0","0","N","0","0","0","2","02301","0","","1.0","","1","N","N","","1","","0","0","0","","0","N","","2","0","0","0","0","0","0","2","0","2","","","","N","","","","","","","","","",""
"2016020867","","2","0","0","0","0","0","0","0","0","4","0","","02","2","2016","6","40.352757","-79.821461","","11","0","0","1","0","0","0","0","0","1","0","0","0","","","0","","1","","40 21:09.924","1","0","79 49:17.259","0","0","0","0","2477","0","0","0","N","0","0","0","2","02477","0","","1.0","","1","N","N","","0","","0","0","0","","3","N","","2","0","1","0","0","0","0","2","0","2","","","","N","","","","","","","","","",""
"2016018584","","0","0","0","0","0","0","0","0","0","7","0","","02","2","2016","3","40.417153","-79.93764","","11","0","0","0","1","0","0","0","0","","0","0","0","","","0","","0","","40 25:01.749","","0","79 56:15.503","0","0","0","0","2301","0","0","0","N","0","0","0","1","02301","0","","5.0","","2","N","N","","0","","0","0","1","","0","","","1","0","0","0","0","0","0","2","0","1","","","","N","","","","","","","","","",""
"2016018741","","0","0","0","0","0","0","0","0","0","7","0","","02","2","2016","2","40.395083","-80.051741","","11","0","0","0","0","0","0","0","0","","0","0","0","","","0","","1","","40 23:42.298","","0","80 03:06.267","0","0","0","0","2109","0","0","0","","0","0","0","2","02109","0","","4.0","","2","N","N","","0","","0","0","1","","3","","","1","0","0","0","0","0","0","2","0","1","","","","N","","","","","","","","","",""
"2016019513","","0","0","0","0","0","0","0","0","0","7","1","","02","2","2016","4","40.370375","-79.786261","","11","0","0","0","0","0","1","0","0","3","0","1","0","","","0","","1","","40 22:13.350","3","0","79 47:10.538","0","0","0","0","2111","0","0","0","N","0","0","0","1","02111","0","","5.0","","9","N","N","","0","","0","0","0","","3","Y","","1","0","0","0","0","0","0","2","0","1","","","","N","","","","","","","","","",""
"2016021154","","1","0","0","0","0","0","0","0","0","4","0","","02","2","2016","2","40.4389","-79.992689","","11","0","0","0","0","0","0","0","0","","0","0","0","","","0","","3","","40 26:20.040","","0","79 59:33.680","0","0","0","0","2301","0","0","0","N","0","0","0","2","02301","0","","1.0","","1","N","N","","0","","0","0","1","","0","","","2","0","0","0","0","0","0","2","0","2","","","","N","","","","","","","","","",""
"2016018887","","1","0","0","0","0","0","0","0","0","7","0","","02","2","2016","3","40.530336","-79.954865","","11","0","0","0","0","0","0","0","0","2","0","0","0","","","0","","0","","40 31:49.210","2","0","79 57:17.515","0","0","0","0","2118","0","0","0","N","0","0","0","1","02118","0","","4.0","","2","N","N","","0","","0","0","0","","0","N","","1","0","0","0","0","0","0","2","0","1","","","","N","","","","","","","","","",""
"2016016977","","2","0","0","0","0","0","0","0","0","1","0","","02","2","2016","6","40.487254","-79.884997","","11","0","0","0","0","0","2","0","0","","0","0","0","","","1","","0","","40 29:14.115","","0","79 53:05.990","4","0","0","0","2301","0","0","0","N","0","0","0","3","02301","1","","1.0","","1","N","N","","1","","0","0","0","","0","","","3","1","0","0","0","0","0","2","0","3","","","","N","","","","","","","","","",""
"2016021024","","1","0","0","0","0","0","0","0","0","7","0","","02","2","2016","3","40.608003","-79.763035","","11","0","0","0","0","0","0","0","0","","0","0","0","","","0","","0","","40 36:28.812","","0","79 45:46.926","0","0","0","0","2464","0","0","0","","0","0","0","1","68D02","0","","4.0","","2","N","N","","0","","0","0","0","","0","","","1","0","0","0","0","0","0","1","0","1","","","","N","","","","","","","","","",""
"2016018742","","0","0","0","0","0","0","0","0","0","5","0","","02","2","2016","2","40.3926","-80.049342","","11","0","0","0","0","0","0","0","0","2","0","0","0","","","0","","0","","40 23:33.360","6","0","80 02:57.630","0","0","0","0","2109","0","0","0","","0","0","0","1","02109","0","","4.0","","2","N","N","","0","","0","0","2","","0","Y","","2","0","0","0","0","0","0","2","0","2","","","","N","","","","","","","","","",""
"2016019496","","2","0","0","0","0","0","0","0","0","2","0","","02","1","2016","5","40.392935","-79.80981","","11","0","0","0","0","0","1","0","0","2","0","0","0","","","0","","0","","40 23:34.566","5","0","79 48:35.316","0","0","0","0","2111","0","0","0","N","0","0","0","2","02111","0","","1.0","","2","N","N","","0","","0","0","0","","0","N","","2","0","0","0","0","0","0","2","0","2","","","","N","","","","","","","","","",""
"2016018888","","1","0","0","0","0","0","0","0","0","7","0","","02","2","2016","1","40.604486","-79.753299","","11","0","0","0","0","0","0","0","0","","0","0","0","","","1","","0","","40 36:16.148","","0","79 45:11.877","2","0","0","0","2464","0","0","0","N","0","0","0","1","02464","0","","5.0","","1","N","N","","0","","0","1","0","","0","","","1","1","0","0","0","0","0","2","0","1","","","","N","","","","","","","","","",""
"2016020166","","1","0","0","0","0","0","0","0","0","1","0","","02","2","2016","5","40.440619","-80.009328","","11","0","0","0","0","0","0","0","0","1","0","0","0","","","0","","0","","40 26:26.228","2","3","80 00:33.580","0","0","0","0","2301","0","0","0","","0","0","0","2","68B03","0","","1.0","","1","N","N","","0","","0","0","1","","0","N","","2","0","0","0","0","0","0","2","0","2","","","","N","","","","","","","","","",""
"2016018743","","2","0","0","0","0","0","0","0","0","1","0","","02","2","2016","5","40.461142","-80.168645","","11","0","0","0","0","0","2","0","0","1","0","0","0","","","5","","2","","40 27:40.111","2","0","80 10:07.121","4","0","0","0","2213","0","0","0","N","0","0","0","5","02213","5","","1.0","","1","N","N","","0","","0","0","0","","0","N","","2","5","0","0","0","0","0","2","0","2","","","","N","","","","","","","","","",""
"2016018744","","1","0","0","0","0","0","0","0","0","4","0","","02","2","2016","3","40.531009","-80.189322","","11","0","0","0","0","0","0","0","0","","0","0","0","","","0","","0","","40 31:51.634","","1","80 11:21.560","0","0","0","0","2213","0","0","0","N","0","0","0","2","02213","0","","1.0","","6","N","N","","0","","0","0","1","","0","","","2","0","1","0","0","0","0","2","0","2","","","","N","","","","","","","","","",""
"2016020183","","1","0","0","0","0","0","0","0","0","1","0","","02","2","2016","5","40.409342","-80.192458","","11","0","0","0","0","0","1","0","0","","0","0","0","","","0","","2","","40 24:33.632","","0","80 11:32.849","0","0","0","0","2214","0","0","0","N","0","0","0","2","02214","0","","1.0","","1","N","N","","0","","0","0","0","","0","","","2","0","1","0","0","0","0","1","1","2","","","","N","","","","","","","","","",""
"2016021027","","1","0","0","0","0","0","0","0","0","1","0","","02","2","2016","6","40.491594","-79.890246","","11","0","0","0","0","0","0","0","0","","0","0","0","","","0","","0","","40 29:29.737","","0","79 53:24.885","0","0","0","0","2112","0","0","0","","0","0","0","2","68D02","0","","1.0","","1","N","N","","0","","0","0","1","","0","","","2","0","0","0","0","0","0","2","0","2","","","","N","","","","","","","","","",""
"2016018745","","1","0","0","0","0","0","0","0","0","99","0","","02","2","2016","1","40.364458","-80.022808","","11","0","0","0","0","0","1","1","0","2","0","0","0","","","2","","1","","40 21:52.047","4","0","80 01:22.110","4","0","0","0","2416","0","0","0","N","0","0","0","2","02416","1","","1.0","","1","N","N","","1","","0","0","0","","2","Y","","2","2","0","0","0","1","0","2","0","2","","","","N","","","","","","","","","",""
"2016021159","","1","0","0","0","0","0","0","0","0","4","0","","02","2","2016","3","40.564281","-80.209089","","11","0","0","0","0","0","0","0","0","2","0","0","0","","","0","","2","","40 33:51.411","2","0","80 12:32.719","0","0","0","0","2441","0","0","0","N","0","0","0","2","02441","0","","1.0","","1","N","N","","0","","0","0","1","","0","Y","","2","0","0","0","0","0","0","2","0","2","","","","N","","","","","","","","","",""
"2016018746","","1","0","0","0","0","0","0","0","0","2","0","","02","2","2016","1","40.373768","-80.006355","","11","0","0","0","0","0","0","0","0","1","0","0","0","","","2","","1","","40 22:25.565","1","0","80 00:22.879","8","0","0","0","2416","0","0","0","N","0","0","0","2","02416","0","","1.0","","1","N","N","","0","","0","0","1","","2","N","","2","2","0","0","0","2","0","2","0","2","","","","N","","","","","","","","","",""
"2016020188","","1","0","0","0","0","0","0","0","0","4","0","","02","2","2016","5","40.335262","-79.946979","","11","0","0","0","0","0","0","0","1","1","0","0","0","","","0","","2","","40 20:06.944","1","7","79 56:49.126","0","0","0","0","2473","0","0","0","N","0","0","0","3","02473","0","","1.0","","1","N","N","","0","","0","0","1","","2","N","","2","0","0","0","0","0","0","2","0","2","","","","N","","","","","","","","","",""
"2016020275","","1","0","0","0","0","0","0","0","0","5","0","","02","2","2016","6","40.443944","-80.002861","","11","0","0","0","0","0","1","0","0","","0","0","0","","","0","","0","","40 26:38.200","","0","80 00:10.300","0","0","0","0","2301","0","0","0","N","0","0","0","3","02301","0","","1.0","","1","N","N","","1","","0","0","0","","0","","","3","0","0","0","0","0","0","2","1","3","","","","N","","","","","","","","","",""
"2016021162","","1","0","0","0","0","0","0","0","0","4","0","","02","2","2016","2","40.466594","-79.982417","","11","0","0","0","1","0","0","0","0","","0","1","0","","","0","","2","","40 27:59.738","","0","79 58:56.701","0","0","0","0","2301","0","0","0","N","0","0","0","2","02301","0","","1.0","","1","N","N","","0","","0","0","0","","3","","","2","0","0","0","0","0","0","2","0","2","","","","N","","","","","","","","","",""
"2016020103","","2","0","0","0","0","0","0","0","0","7","0","","02","1","2016","5","40.425125","-80.116368","","11","0","0","0","0","0","0","0","0","","0","0","0","","","1","","0","","40 25:30.449","","0","80 06:58.923","8","0","0","0","2102","0","0","0","","0","0","0","2","68B03","0","","4.0","","1","N","N","","0","","0","0","0","","0","","","2","1","1","0","0","1","0","2","0","2","","","","N","","","","","","","","","",""