"CRN","ARRIVAL_TM","AUTOMOBILE_COUNT","BELTED_DEATH_COUNT","BELTED_SUSP_SERIOUS_INJ_COUNT","BICYCLE_COUNT","BICYCLE_DEATH_COUNT","BICYCLE_SUSP_SERIOUS_INJ_COUNT","BUS_COUNT","CHLDPAS_DEATH_COUNT","CHLDPAS_SUSP_SERIOUS_INJ_COUNT","COLLISION_TYPE","COMM_VEH_COUNT","CONS_ZONE_SPD_LIM","COUNTY","CRASH_MONTH","CRASH_YEAR","DAY_OF_WEEK","DEC_LATITUDE","DEC_LONGITUDE","DISPATCH_TM","DISTRICT","DRIVER_COUNT_16YR","DRIVER_COUNT_17YR","DRIVER_COUNT_18YR","DRIVER_COUNT_19YR","DRIVER_COUNT_20YR","DRIVER_COUNT_50_64YR","DRIVER_COUNT_65_74YR","DRIVER_COUNT_75PLUS","EST_HRS_CLOSED","FATAL_COUNT","HEAVY_TRUCK_COUNT","HORSE_BUGGY_COUNT","HOUR_OF_DAY","ILLUMINATION","INJURY_COUNT","INTERSECTION_RELATED","INTERSECT_TYPE","LANE_CLOSED","LATITUDE","LN_CLOSE_DIR","LOCATION_TYPE","LONGITUDE","MAX_SEVERITY_LEVEL","MCYCLE_DEATH_COUNT","MCYCLE_SUSP_SERIOUS_INJ_COUNT","MOTORCYCLE_COUNT","MUNICIPALITY","NONMOTR_COUNT","NONMOTR_DEATH_COUNT","NONMOTR_SUSP_SERIOUS_INJ_COUNT","NTFY_HIWY_MAINT","PED_COUNT","PED_DEATH_COUNT","PED_SUSP_SERIOUS_INJ_COUNT","PERSON_COUNT","POLICE_AGCY","POSSIBLE_INJ_COUNT","RDWY_SURF_TYPE_CD","RELATION_TO_ROAD","ROADWAY_CLEARED","ROAD_CONDITION","SCH_BUS_IND","SCH_ZONE_IND","SECONDARY_CRASH","SMALL_TRUCK_COUNT","SPEC_JURIS_CD","SUSP_MINOR_INJ_COUNT","SUSP_SERIOUS_INJ_COUNT","SUV_COUNT","TCD_FUNC_CD","TCD_TYPE","TFC_DETOUR_IND","TIME_OF_DAY","TOTAL_UNITS","TOT_INJ_COUNT","UNBELTED_OCC_COUNT","UNB_DEATH_COUNT","UNB_SUSP_SERIOUS_INJ_COUNT","UNK_INJ_DEG_COUNT","UNK_INJ_PER_COUNT","URBAN_RURAL","VAN_COUNT","VEHICLE_COUNT","WEATHER1","WEATHER2","WORKERS_PRES","WORK_ZONE_IND","WORK_ZONE_LOC","WORK_ZONE_TYPE","WZ_CLOSE_DETOUR","WZ_FLAGGER","WZ_LAW_OFFCR_IND","WZ_LN_CLOSURE","WZ_MOVING","WZ_OTHER","WZ_SHLDER_MDN","WZ_WORKERS_INJ_KILLED"
"2016020767","","2","0","0","0","0","0","0","0","0","1","0","","02","2","2016","3","40.445145","-79.828176","","11","0","0","0","0","0","1","0","0","","0","0","0","","","1","","2","","40 26:42.523","","0","79 49:41.433","4","0","0","0","2113","0","0","0","N","0","0","0","2","02113","1","","1.0","","9","N","N","","0","","0","0","0","","0","","","2","1","0","0","0","0","0","2","0","2","","","","N","","","","","","","","","",""
"2016019246","","0","0","0","0","0","0","0","0","0","0","0","","02","2","2016","3","40.426036","-79.893005","","11","0","0","0","0","0","1","0","0","","0","0","0","","","0","","0","","40 25:33.729","","2","79 53:34.819","0","0","0","0","2301","0","0","0","","0","0","0","1","68B03","0","","2.0","","6","N","N","","0","","0","0","1","","0","","","1","0","0","0","0","0","0","2","0","1","","","","N","","","","","","","","","",""
"2016018249","","0","0","0","0","0","0","0","0","0","8","0","","02","2","2016","2","40.459222","-79.927472","","11","0","0","0","0","0","0","0","0","","0","0","0","","","1","","1","","40 27:33.200","","0","79 55:38.900","3","0","0","0","2301","1","0","0","N","1","0","0","2","02301","0","","1.0","","9","N","N","","1","","1","0","0","","2","","","2","1","0","0","0","0","0","2","0","1","","","","N","","","","","","","","","",""
"2016018319","","1","0","0","0","0","0","0","0","0","7","0","","02","2","2016","3","40.396008","-79.899782","","11","0","0","0","0","0","0","0","0","","0","0","0","","","0","","0","","40 23:45.630","","0","79 53:59.215","0","0","0","0","2448","0","0","0","N","0","0","0","1","02448","0","","2.0","","2","N","N","","0","","0","0","0","","0","","","1","0","0","0","0","0","0","2","0","1","","","","N","","","","","","","","","",""
"2016019712","","2","0","0","0","0","0","0","0","0","4","0","","02","2","2016","5","40.478906","-79.969303","","11","0","0","0","0","0","0","0","0","","0","0","0","","","0","","1","","40 28:44.060","","0","79 58:09.490","0","0","0","0","2445","0","0","0","N","0","0","0","2","02445","0","","1.0","","1","N","N","","0","","0","0","0","","0","","","2","0","0","0","0","0","0","2","0","2","","","","N","","","","","","","","","",""
"2016020607","","1","0","0","0","0","0","0","0","0","7","0","","02","2","2016","6","40.340764","-79.802214","","11","0","0","0","0","0","0","0","0","","0","0","0","","","1","","0","","40 20:26.751","","7","79 48:07.971","8","0","0","0","2477","0","0","0","Y","0","0","0","1","02477","0","","5.0","","2","N","N","","0","","0","0","0","","0","","","1","1","1","0","0","1","0","2","0","1","","","","N","","","","","","","","","",""
"2016020447","","0","0","0","0","0","0","0","0","0","7","0","","02","2","2016","5","40.408977","-79.896146","","11","0","0","0","0","0","0","0","0","","0","0","0","","","0","","0","","40 24:32.318","","0","79 53:46.124","0","0","0","0","2448","0","0","0","N","0","0","0","2","02448","0","","5.0","","9","N","N","","0","","0","0","1","","0","","","1","0","0","0","0","0","0","2","0","1","","","","N","","","","","","","","","",""
"2016020464","","1","0","0","0","0","0","0","0","0","7","0","","02","2","2016","6","40.330034","-79.833065","","11","0","0","0","0","1","0","0","0","1","0","0","0","","","1","","0","","40 19:48.122","2","0","79 49:59.034","8","0","0","0","2304","0","0","0","N","0","0","0","1","02304","0","","5.0","","1","N","N","","0","","0","0","0","","0","N","","1","1","1","0","0","1","0","2","0","1","","","","N","","","","","","","","","",""
"2016020594","","1","0","0","0","0","0","0","0","0","4","0","","02","2","2016","7","40.435658","-79.96285","","11","0","0","0","0","0","1","0","0","","0","0","0","","","1","","1","","40 26:08.367","","0","79 57:46.260","4","0","0","0","2301","0","0","0","N","0","0","0","2","02301","1","","1.0","","1","N","N","","0","","0","0","1","","0","","","2","1","0","0","0","0","0","2","0","2","","","","N","","","","","","","","","",""
"2016019093","","0","0","0","0","0","0","0","0","0","7","0","","02","2","2016","4","40.451833","-79.924139","","11","0","0","0","0","0","1","0","0","2","0","0","0","","","0","","0","","40 27:06.600","3","0","79 55:26.900","0","0","0","0","2301","0","0","0","N","0","0","0","1","02301","0","","4.0","","9","N","N","","1","","0","0","0","","0","N","","1","0","0","0","0","0","0","2","0","1","","","","N","","","","","","","","","",""
"2016019184","","2","0","0","0","0","0","0","0","0","4","0","","02","2","2016","5","40.432765","-80.028216","","11","0","0","0","0","0","1","0","0","1","0","0","0","","","0","","3","","40 25:57.955","2","2","80 01:41.578","0","0","0","0","2301","0","0","0","N","0","0","0","5","02301","0","","1.0","","1","N","N","","0","","0","0","0","","3","N","","2","0","0","0","0","0","0","2","0","2","","","","N","","","","","","","","","",""
"2016018491","","1","0","0","0","0","0","0","0","0","7","0","","02","2","2016","3","40.433556","-79.937361","","11","0","0","0","0","0","0","0","0","","0","0","0","","","1","","0","","40 26:00.800","","0","79 56:14.500","8","0","0","0","2301","0","0","0","N","0","0","0","1","02301","0","","5.0","","2","N","N","","0","","0","0","0","","0","","","1","1","0","0","0","1","0","2","0","1","","","","N","","","","","","","","","",""
"2016020448","","2","0","0","0","0","0","0","0","0","5","0","","02","2","2016","6","40.469106","-79.923889","","11","0","0","0","0","0","0","0","0","2","0","0","0","","","0","","0","","40 28:08.780","5","0","79 55:26.000","0","0","0","0","2301","0","0","0","N","0","0","0","2","02301","0","","6.0","","1","N","N","","0","","0","0","1","","0","Y","","3","0","0","0","0","0","0","2","0","3","","","","N","","","","","","","","","",""
"2016018322","","1","0","0","0","0","0","0","0","0","7","0","","02","2","2016","3","40.479736","-79.933074","","11","0","0","0","0","0","0","0","0","1","0","0","0","","","0","","0","","40 28:47.051","7","0","79 55:59.065","0","0","0","0","2301","0","0","0","N","0","0","0","1","02301","0","","4.0","","6","N","N","","0","","0","0","0","","0","N","","1","0","0","0","0","0","0","2","0","1","","","","N","","","","","","","","","",""
"2016020610","","2","0","0","0","0","0","0","0","0","2","0","","02","2","2016","6","40.383944","-79.992125","","11","0","0","0","0","0","2","0","0","1","0","0","0","","","1","","0","","40 23:02.200","4","0","79 59:31.650","4","0","0","1","2301","0","0","0","N","0","0","0","3","02301","1","","1.0","","1","N","N","","0","","0","0","0","","0","N","","3","1","0","0","0","0","0","2","0","3","","","","N","","","","","","","","","",""
"2016019164","","1","0","0","0","0","0","0","0","0","2","0","","02","2","2016","4","40.436583","-79.92992","","11","0","0","0","0","0","0","0","0","","0","0","0","","","0","","0","","40 26:11.698","","0","79 55:47.712","0","0","0","0","2301","0","0","0","N","0","0","0","1","02301","0","","1.0","","2","N","N","","0","","0","0","1","","0","","","2","0","1","0","0","0","0","2","0","2","","","","N","","","","","","","","","",""
"2016020468","","3","0","0","0","0","0","0","0","0","4","0","","02","2","2016","7","40.449706","-80.025099","","11","0","0","0","0","0","1","0","0","1","0","0","0","","","0","","10","","40 26:58.940","2","8","80 01:30.356","0","0","0","0","2301","0","0","0","N","0","0","0","5","02301","0","","1.0","","1","N","N","","0","","0","0","0","","2","N","","3","0","0","0","0","0","0","2","0","3","","","","N","","","","","","","","","",""
"2016018254","","0","0","0","0","0","0","0","0","0","0","0","","02","2","2016","2","40.383473","-80.006486","","11","0","0","0","0","0","0","0","0","3","0","0","0","","","0","","0","","40 23:00.501","6","0","80 00:23.351","0","0","0","0","2301","0","0","0","N","0","0","0","1","02301","0","","1.0","","2","N","N","","0","","0","0","1","","0","N","","1","0","0","0","0","0","0","2","0","1","","","","N","","","","","","","","","",""
"2016019189","","1","0","0","0","0","0","0","0","0","7","0","","02","2","2016","6","40.557944","-79.999111","","11","0","0","0","0","0","0","0","0","2","0","0","0","","","1","","0","","40 33:28.600","2","0","79 59:56.800","8","0","0","0","2108","0","0","0","N","0","0","0","1","02108","0","","5.0","","7","N","N","","0","","0","0","0","","0","N","","1","1","0","0","0","1","0","2","0","1","","","","N","","","","","","","","","",""
"2016019645","","2","0","0","0","0","0","0","0","0","4","0","","02","2","2016","5","40.441194","-79.747968","","11","0","0","0","0","1","1","0","0","2","0","0","0","","","0","","0","","40 26:28.297","3","0","79 44:52.683","0","0","0","0","2446","0","0","0","N","0","0","0","2","02446","0","","1.0","","9","N","N","","0","","0","0","0","","0","N","","2","0","0","0","0","0","0","2","0","2","","","","N","","","","","","","","","",""
"2016018256","","3","0","0","0","0","0","0","0","0","4","0","","02","2","2016","2","40.455417","-79.925278","","11","0","0","0","0","0","1","0","0","1","0","0","0","","","1","","0","","40 27:19.500","1","0","79 55:31.000","4","0","0","0","2301","0","0","0","N","0","0","0","1","02301","1","","1.0","","6","N","N","","0","","0","0","0","","0","Y","","3","1","0","0","0","0","0","2","0","3","","","","N","","","","","","","","","",""
"2016019098","","1","0","0","0","0","0","0","0","0","7","0","","02","2","2016","4","40.437958","-80.310375","","11","0","0","0","0","0","0","0","0","1","0","0","0","","","0","","0","","40 26:16.648","7","0","80 18:37.350","0","0","0","0","2203","0","0","0","N","0","0","0","1","02203","0","","5.0","","2","N","N","","0","","0","0","0","","0","N","","1","0","0","0","0","0","0","1","0","1","","","","N","","","","","","","","","",""
"2016020454","","0","0","0","0","0","0","0","0","0","6","0","","02","2","2016","7","40.470281","-79.859154","","11","0","0","0","0","0","1","0","0","2","0","0","0","","","1","","0","","40 28:13.010","6","0","79 51:32.955","4","0","0","0","2113","0","0","0","N","0","0","0","3","02113","1","","1.0","","1","N","N","","0","","0","0","0","","0","Y","","2","1","1","0","0","0","0","2","2","2","","","","N","","","","","","","","","",""
"2016019099","","0","0","0","0","0","0","0","0","0","8","0","","02","2","2016","5","40.331166","-79.945556","","11","0","0","0","0","0","0","1","0","","0","0","0","","","1","","1","","40 19:52.199","","0","79 56:44.003","3","0","0","0","2454","1","0","0","N","1","0","0","2","02454","0","","1.0","","1","N","N","","0","","1","0","0","","2","","","2","1","0","0","0","0","0","2","1","1","","","","N","","","","","","","","","",""
"2016020455","","2","0","0","0","0","0","0","0","0","4","0","","02","2","2016","4","40.438214","-79.905","","11","0","0","0","0","0","1","0","0","2","0","0","0","","","2","","0","","40 26:17.570","4","0","79 54:18.000","8","0","0","0","2301","0","0","0","N","0","0","0","2","02301","0","","1.0","","2","N","N","","0","","0","0","0","","0","N","","2","2","0","0","0","2","0","2","0","2","","","","N","","","","","","","","","",""
"2016019648","","1","0","0","0","0","0","0","0","0","7","0","","02","2","2016","2","40.668844","-79.731618","","11","0","0","0","0","0","0","0","0","","0","0","0","","","0","","1","","40 40:07.838","","0","79 43:53.823","0","0","0","0","2202","0","0","0","N","0","0","0","1","02202","0","","5.0","","7","N","N","","0","","0","0","0","","0","","","1","0","0","0","0","0","0","2","0","1","","","","N","","","","","","","","","",""
"2016019722","","1","0","0","0","0","0","0","0","0","4","0","","02","2","2016","2","40.512824","-80.270238","","11","0","0","0","0","0","1","0","0","2","0","0","0","","","2","","1","","40 30:46.166","1","2","80 16:12.856","3","0","0","0","2203","0","0","0","N","0","0","0","2","02203","1","","1.0","","9","N","N","","1","","1","0","0","","3","N","","2","2","0","0","0","0","0","2","0","2","","","","N","","","","","","","","","",""
"2016018259","","1","0","0","0","0","0","0","0","0","2","0","","02","2","2016","2","40.486281","-79.837389","","11","0","0","0","0","0","0","1","0","3","0","0","0","","","0","","0","","40 29:10.613","5","0","79 50:14.600","9","0","0","0","2301","0","0","0","N","0","0","0","3","02301","0","","1.0","","2","N","N","","0","","0","0","1","","0","Y","","2","0","0","0","0","0","1","2","0","2","","","","N","","","","","","","","","",""
"2016020617","","2","0","0","0","0","0","0","0","0","4","0","","02","2","2016","6","40.454064","-79.912285","","11","0","1","0","0","0","0","0","0","1","0","0","0","","","0","","1","","40 27:14.629","4","0","79 54:44.227","0","0","0","0","2301","0","0","0","N","0","0","0","2","02301","0","","1.0","","1","N","N","","0","","0","0","0","","2","N","","2","0","0","0","0","0","0","2","0","2","","","","N","","","","","","","","","",""
"2016020778","","0","0","0","0","0","0","0","0","0","7","0","","02","2","2016","1","40.5445","-80.035528","","11","1","0","0","0","0","0","0","0","2","0","0","0","","","0","","0","","40 32:40.200","6","0","80 02:07.900","0","0","0","0","2116","0","0","0","N","0","0","0","2","02116","0","","5.0","","1","N","N","","0","","0","0","1","","0","Y","","1","0","0","0","0","0","0","2","0","1","","","","N","","","","","","","","","",""
"2016021132","","2","0","0","0","0","0","0","0","0","1","0","","02","2","2016","2","40.407327","-79.890172","","11","0","0","0","0","0","1","0","0","","0","0","0","","","1","","2","","40 24:26.378","","0","79 53:24.619","3","0","0","0","2448","0","0","0","N","0","0","0","4","02448","0","","1.0","","1","N","N","","0","","1","0","1","","2","","","3","1","0","0","0","0","0","2","0","3","","","","N","","","","","","","","","",""
"2016018260","","1","0","0","0","0","0","0","0","0","7","0","","02","2","2016","2","40.400972","-80.034583","","11","0","0","0","0","0","0","0","0","","0","0","0","","","0","","2","","40 24:03.500","","0","80 02:04.500","0","0","0","0","2301","0","0","0","N","0","0","0","1","02301","0","","5.0","","2","N","N","","0","","0","0","0","","3","","","1","0","0","0","0","0","0","2","0","1","","","","N","","","","","","","","","",""
"2016018275","","1","0","0","0","0","0","0","0","0","2","1","","02","2","2016","2","40.550902","-79.956442","","11","0","0","0","0","0","1","0","0","2","0","1","0","","","0","","0","","40 33:03.247","6","0","79 57:23.190","0","0","0","0","2118","0","0","0","N","0","0","0","2","02118","0","","1.0","","2","N","N","","0","","0","0","0","","0","N","","2","0","0","0","0","0","0","2","0","2","","","","N","","","","","","","","","",""
"2016020618","","1","0","0","0","0","0","0","0","0","1","0","","02","2","2016","7","40.45641","-79.990375","","11","0","0","0","0","0","0","0","0","1","0","0","0","","","0","","6","","40 27:23.076","1","0","79 59:25.351","0","0","0","0","2301","0","0","0","N","0","0","0","2","02301","0","","1.0","","1","N","N","","1","","0","0","0","","4","N","","2","0","0","0","0","0","0","2","0","2","","","","N","","","","","","","","","",""
"2016020707","","0","0","0","0","0","0","0","0","0","7","0","","02","2","2016","7","40.416281","-79.942017","","11","0","0","0","0","0","0","1","0","1","0","0","0","","","0","","0","","40 24:58.610","5","0","79 56:31.260","0","0","0","0","2301","0","0","0","N","0","0","0","3","02301","0","","4.0","","1","N","N","","1","","0","0","0","","0","N","","1","0","0","0","0","0","0","2","0","1","","","","N","","","","","","","","","",""
"2016018890","","1","0","0","0","0","0","0","0","0","7","0","","02","2","2016","2","40.467216","-80.10615","","11","0","0","0","1","0","0","0","0","1","0","0","0","","","2","","2","","40 28:01.977","5","0","80 06:22.140","3","0","0","0","2126","0","0","0","N","0","0","0","2","02126","0","","5.0","","2","N","N","","0","","2","0","0","","0","Y","","1","2","1","0","0","0","0","2","0","1","","","","N","","","","","","","","","",""
"2016020621","","1","0","0","0","0","0","0","0","0","1","0","","02","2","2016","7","40.428211","-79.960767","","11","0","0","0","0","0","1","0","0","2","0","0","0","","","1","","0","","40 25:41.560","1","3","79 57:38.760","3","0","0","0","2301","0","0","0","N","0","0","0","5","02301","0","","1.0","","1","N","N","","0","","1","0","3","","2","N","","4","1","1","0","0","0","0","2","0","4","","","","N","","","","","","","","","",""
"2016020708","","4","0","0","0","0","0","0","0","0","2","0","","02","2","2016","7","40.410822","-79.918633","","11","0","0","0","0","0","1","0","0","","0","0","0","","","1","","0","","40 24:38.960","","3","79 55:07.080","8","0","0","0","2301","0","0","0","N","0","0","0","4","02301","0","","1.0","","1","N","N","","0","","0","0","0","","2","","","4","1","0","0","0","1","0","2","0","4","","","","N","","","","","","","","","",""
"2016019104","","0","0","0","0","0","0","0","0","0","1","0","","02","2","2016","6","40.602911","-80.049914","","11","0","0","0","0","1","0","0","0","","0","0","0","","","0","","0","","40 36:10.481","","0","80 02:59.689","0","0","0","0","2108","0","0","0","N","0","0","0","3","02108","0","","1.0","","1","N","N","","0","","0","0","2","","0","","","2","0","0","0","0","0","0","2","0","2","","","","N","","","","","","","","","",""
"2016018893","","1","0","0","0","0","0","0","0","0","7","0","","02","2","2016","4","40.486694","-80.033139","","11","0","0","0","0","0","0","0","0","","0","0","0","","","0","","0","","40 29:12.100","","0","80 01:59.300","9","0","0","0","2301","0","0","0","N","0","0","0","1","02301","0","","4.0","","9","N","N","","0","","0","0","0","","0","","","1","0","0","0","0","0","1","2","0","1","","","","N","","","","","","","","","",""
"2016019105","","0","0","0","0","0","0","0","0","0","4","0","","02","2","2016","6","40.606284","-80.05158","","11","0","0","0","0","0","1","0","0","2","0","0","0","","","1","","0","","40 36:22.624","5","7","80 03:05.689","8","0","0","0","2108","0","0","0","N","0","0","0","2","02108","0","","1.0","","9","N","N","","0","","0","0","2","","0","Y","","2","1","0","0","0","1","0","2","0","2","","","","N","","","","","","","","","",""
"2016020711","","1","0","0","0","0","0","0","0","0","6","1","","02","2","2016","2","40.396105","-79.997097","","11","0","0","0","0","0","1","0","0","1","0","1","0","","","0","","2","","40 23:45.978","3","0","79 59:49.549","0","0","0","0","2301","0","0","0","N","0","0","0","2","02301","0","","1.0","","1","N","N","","0","","0","0","0","","0","N","","2","0","0","0","0","0","0","2","0","2","","","","N","","","","","","","","","",""
"2016020478","","1","0","0","0","0","0","0","0","0","5","0","","02","1","2016","7","40.425432","-79.908019","","11","0","0","0","0","0","1","0","0","2","0","1","0","","","0","","0","","40 25:31.555","3","0","79 54:28.868","0","0","0","0","2301","0","0","0","","0","0","0","2","68B03","0","","1.0","","1","N","N","","0","","0","0","0","","0","N","","2","0","0","0","0","0","0","2","0","2","","","","N","","","","","","","","","",""
"2016018265","","1","0","0","0","0","0","0","0","0","99","0","","02","2","2016","2","40.382832","-80.010272","","11","0","0","0","0","0","0","0","0","1","0","0","0","","","0","","2","","40 22:58.195","6","0","80 00:36.979","0","0","0","0","2301","0","0","0","N","0","0","0","5","02301","0","","1.0","","2","N","N","","2","","0","0","0","","3","N","","3","0","0","0","0","0","0","2","0","3","","05","","N","","","","","","","","","",""
"2016018280","","1","0","0","0","0","0","0","0","0","7","0","","02","2","2016","2","40.262537","-79.82958","","11","0","0","0","0","0","1","0","0","3","0","0","0","","","0","","0","","40 15:45.133","2","0","79 49:46.488","0","0","0","0","2105","0","0","0","N","0","0","0","1","02105","0","","5.0","","2","N","N","","0","","0","0","0","","0","N","","1","0","0","0","0","0","0","1","0","1","","","","N","","","","","","","","","",""
"2016019106","","1","0","0","0","0","0","0","0","0","4","0","","02","2","2016","2","40.449621","-80.118723","","11","0","0","0","0","1","0","0","0","2","0","0","0","","","0","","0","","40 26:58.636","4","0","80 07:07.401","0","0","0","0","2115","0","0","0","N","0","0","0","2","02115","0","","1.0","","9","N","N","","1","","0","0","0","","0","N","","2","0","0","0","0","0","0","2","0","2","","","","N","","","","","","","","","",""
"2016018505","","0","0","0","0","0","0","0","0","0","7","0","","02","2","2016","3","40.422207","-79.985429","","11","0","0","0","0","0","0","0","0","3","0","0","0","","","0","","2","","40 25:19.945","1","0","79 59:07.544","0","0","0","0","2301","0","0","0","N","0","0","0","2","02301","0","","5.0","","2","N","N","","1","","0","0","0","","0","Y","","1","0","1","0","0","0","0","2","0","1","","","","N","","","","","","","","","",""
"2016019638","","1","0","0","0","0","0","0","0","0","7","0","","02","2","2016","2","40.591948","-79.9987","","11","0","0","0","0","0","0","0","0","","0","0","0","","","0","","0","","40 35:31.011","","0","79 59:55.320","0","0","0","0","2108","0","0","0","N","0","0","0","1","02501","0","","5.0","","2","N","N","","0","","0","0","0","","0","","","1","0","0","0","0","0","0","1","0","1","","","","N","","","","","","","","","",""
"2016020479","","0","0","0","0","0","0","0","0","0","7","0","","02","2","2016","4","40.466701","-80.197301","","11","0","0","0","0","0","0","0","0","","0","0","0","","","1","","0","","40 28:00.125","","0","80 11:50.283","3","0","0","0","2213","0","0","0","","0","0","0","1","68B03","0","","4.0","","2","N","N","","0","","1","0","1","","0","","","1","1","0","0","0","0","0","2","0","1","","","","N","","","","","","","","","",""
"2016019107","","1","0","0","0","0","0","0","0","0","4","0","","02","2","2016","3","40.45175","-80.161028","","11","0","0","0","0","0","1","0","0","","0","0","0","","","0","","1","","40 27:06.300","","0","80 09:39.700","0","0","0","0","2115","0","0","0","N","0","0","0","2","02115","0","","1.0","","9","N","N","","0","","0","0","0","","2","","","2","0","0","0","0","0","0","2","1","2","","","","N","","","","","","","","","",""
"2016018436","","1","0","0","0","0","0","0","0","0","4","0","","02","2","2016","2","40.381548","-80.044772","","11","0","0","0","0","0","1","0","0","1","0","0","0","","","1","","0","","40 22:53.573","6","0","80 02:41.179","4","0","0","0","2109","0","0","0","","0","0","0","2","02109","1","","1.0","","9","N","N","","0","","0","0","0","","0","Y","","2","1","0","0","0","0","0","2","1","2","","","","N","","","","","","","","","",""
"2016019657","","2","0","0","0","0","0","0","0","0","5","0","","02","2","2016","5","40.479706","-79.907885","","11","0","0","0","0","0","3","0","0","","0","0","0","","","0","","0","","40 28:46.941","","0","79 54:28.385","9","0","0","0","2301","0","0","0","N","0","0","0","3","02301","0","","1.0","","2","N","N","","1","","0","0","0","","2","","","3","0","0","0","0","0","3","2","0","3","","","","N","","","","","","","","","",""
"2016020480","","0","0","0","0","0","0","0","0","0","7","0","","02","2","2016","3","40.602544","-80.094013","","11","0","0","0","0","0","0","0","0","","0","0","0","","","1","","0","","40 36:09.158","","0","80 05:38.445","3","0","0","0","2481","0","0","0","","0","0","0","1","68B03","0","","4.0","","2","N","N","","0","","1","0","1","","0","","","1","1","0","0","0","0","0","2","0","1","","","","N","","","","","","","","","",""
"2016018268","","0","0","0","0","0","0","0","0","0","7","0","","02","2","2016","2","40.463064","-79.871944","","11","0","0","0","0","0","0","0","0","2","0","0","0","","","0","","0","","40 27:47.030","5","0","79 52:19.000","0","0","0","0","2113","0","0","0","N","0","0","0","1","02113","0","","2.0","","2","N","N","","0","","0","0","0","","0","Y","","1","0","0","0","0","0","0","2","1","1","","","","N","","","","","","","","","",""
"2016019026","","2","0","0","0","0","0","0","0","0","4","0","","02","2","2016","4","40.41145","-79.991061","","11","0","0","0","0","0","0","0","0","1","0","0","0","","","0","","0","","40 24:41.220","6","0","79 59:27.820","0","0","0","0","2301","0","0","0","N","0","0","0","1","02301","0","","2.0","","2","N","N","","0","","0","0","0","","0","N","","2","0","0","0","0","0","0","2","0","2","","","","N","","","","","","","","","",""
"2016020630","","1","0","0","0","0","0","0","0","0","1","0","","02","2","2016","7","40.370281","-79.997669","","11","0","0","0","0","0","1","0","0","1","0","0","0","","","0","","2","","40 22:13.013","2","0","79 59:51.607","0","0","0","0","2476","0","0","0","N","0","0","0","2","02476","0","","1.0","","1","N","N","","0","","0","0","1","","0","N","","2","0","0","0","0","0","0","2","0","2","","","","N","","","","","","","","","",""
"2016020698","","2","0","0","0","0","0","0","0","0","4","0","","02","2","2016","6","40.338838","-80.065852","","11","0","0","0","0","0","0","0","1","","0","0","0","","","1","","1","","40 20:19.816","","0","80 03:57.067","3","0","0","0","2123","0","0","0","N","0","0","0","2","02123","0","","1.0","","1","N","N","","0","","1","0","0","","2","","","2","1","0","0","0","0","0","2","0","2","","","","N","","","","","","","","","",""
"2016018437","","0","0","0","1","0","0","0","0","0","1","0","","02","1","2016","1","40.484064","-80.185857","","11","0","0","0","0","0","0","1","0","","0","0","0","","","1","","0","","40 29:02.630","","0","80 11:09.086","4","0","0","0","2213","1","0","0","N","0","0","0","2","02213","1","","1.0","","1","N","N","","0","","0","0","1","","0","","","2","1","0","0","0","0","0","2","0","1","","","","N","","","","","","","","","",""
"2016018286","","0","0","0","0","0","0","0","0","0","6","0","","02","2","2016","2","40.449536","-80.088839","","11","0","0","0","0","0","1","0","0","","0","0","0","","","1","","2","","40 26:58.330","","0","80 05:19.820","3","0","0","0","2301","0","0","0","N","0","0","0","3","02301","0","","1.0","","2","N","N","","1","","1","0","1","","0","","","2","1","0","0","0","0","0","2","0","2","","","","N","","","","","","","","","",""
"2016019203","","1","0","0","0","0","0","0","0","0","7","0","","02","1","2016","4","40.496727","-79.938243","","11","0","0","0","0","0","0","0","0","1","0","0","0","","","0","","0","","40 29:48.217","2","3","79 56:17.673","0","0","0","0","2461","0","0","0","","0","0","0","1","68D02","0","","2.0","","7","N","N","","0","","0","0","0","","0","N","","1","0","0","0","0","0","0","2","0","1","","","","N","","","","","","","","","",""
"2016019886","","0","0","0","0","0","0","0","0","0","7","1","","02","2","2016","5","40.388033","-79.983514","","11","0","0","0","0","0","0","0","0","","0","1","0","","","0","","0","","40 23:16.920","","7","79 59:00.650","0","0","0","0","2301","0","0","0","N","0","0","0","1","02301","0","","2.0","","1","N","N","","0","","0","0","0","","0","","","1","0","0","0","0","0","0","2","0","1","","","","N","","","","","","","","","",""
"2016018441","","1","0","0","0","0","0","0","0","0","7","0","","02","2","2016","2","40.512656","-79.854506","","11","0","0","0","0","0","1","0","0","","0","0","0","","","1","","0","","40 30:45.561","","0","79 51:16.222","8","0","0","0","2112","0","0","0","","0","0","0","2","68D02","0","","4.0","","9","N","N","","0","","0","0","0","","0","","","1","1","0","0","0","1","0","2","0","1","","","","N","","","","","","","","","",""
"2016004955","","2","0","0","0","0","0","0","0","0","2","0","","02","1","2016","3","40.591541","-80.053299","","11","0","0","0","0","0","1","0","0","2","0","0","0","","","1","","0","","40 35:29.549","2","0","80 03:11.878","8","0","0","0","2108","0","0","0","N","0","0","0","2","02108","0","","1.0","","7","N","N","","0","","0","0","0","","0","N","","2","1","0","0","0","1","0","2","0","2","","","","N","","","","","","","","","",""