"CRN","ARRIVAL_TM","AUTOMOBILE_COUNT","BELTED_DEATH_COUNT","BELTED_SUSP_SERIOUS_INJ_COUNT","BICYCLE_COUNT","BICYCLE_DEATH_COUNT","BICYCLE_SUSP_SERIOUS_INJ_COUNT","BUS_COUNT","CHLDPAS_DEATH_COUNT","CHLDPAS_SUSP_SERIOUS_INJ_COUNT","COLLISION_TYPE","COMM_VEH_COUNT","CONS_ZONE_SPD_LIM","COUNTY","CRASH_MONTH","CRASH_YEAR","DAY_OF_WEEK","DEC_LATITUDE","DEC_LONGITUDE","DISPATCH_TM","DISTRICT","DRIVER_COUNT_16YR","DRIVER_COUNT_17YR","DRIVER_COUNT_18YR","DRIVER_COUNT_19YR","DRIVER_COUNT_20YR","DRIVER_COUNT_50_64YR","DRIVER_COUNT_65_74YR","DRIVER_COUNT_75PLUS","EST_HRS_CLOSED","FATAL_COUNT","HEAVY_TRUCK_COUNT","HORSE_BUGGY_COUNT","HOUR_OF_DAY","ILLUMINATION","INJURY_COUNT","INTERSECTION_RELATED","INTERSECT_TYPE","LANE_CLOSED","LATITUDE","LN_CLOSE_DIR","LOCATION_TYPE","LONGITUDE","MAX_SEVERITY_LEVEL","MCYCLE_DEATH_COUNT","MCYCLE_SUSP_SERIOUS_INJ_COUNT","MOTORCYCLE_COUNT","MUNICIPALITY","NONMOTR_COUNT","NONMOTR_DEATH_COUNT","NONMOTR_SUSP_SERIOUS_INJ_COUNT","NTFY_HIWY_MAINT","PED_COUNT","PED_DEATH_COUNT","PED_SUSP_SERIOUS_INJ_COUNT","PERSON_COUNT","POLICE_AGCY","POSSIBLE_INJ_COUNT","RDWY_SURF_TYPE_CD","RELATION_TO_ROAD","ROADWAY_CLEARED","ROAD_CONDITION","SCH_BUS_IND","SCH_ZONE_IND","SECONDARY_CRASH","SMALL_TRUCK_COUNT","SPEC_JURIS_CD","SUSP_MINOR_INJ_COUNT","SUSP_SERIOUS_INJ_COUNT","SUV_COUNT","TCD_FUNC_CD","TCD_TYPE","TFC_DETOUR_IND","TIME_OF_DAY","TOTAL_UNITS","TOT_INJ_COUNT","UNBELTED_OCC_COUNT","UNB_DEATH_COUNT","UNB_SUSP_SERIOUS_INJ_COUNT","UNK_INJ_DEG_COUNT","UNK_INJ_PER_COUNT","URBAN_RURAL","VAN_COUNT","VEHICLE_COUNT","WEATHER1","WEATHER2","WORKERS_PRES","WORK_ZONE_IND","WORK_ZONE_LOC","WORK_ZONE_TYPE","WZ_CLOSE_DETOUR","WZ_FLAGGER","WZ_LAW_OFFCR_IND","WZ_LN_CLOSURE","WZ_MOVING","WZ_OTHER","WZ_SHLDER_MDN","WZ_WORKERS_INJ_KILLED"
"2016006045","","1","0","0","0","0","0","0","0","0","4","0","","02","1","2016","6","40.432873","-79.936537","","11","0","0","0","0","0","0","0","0","","0","0","0","","","2","","1","","40 25:58.342","","0","79 56:11.533","8","0","0","0","2301","0","0","0","N","0","0","0","2","02301","0","","1.0","","1","N","N","","1","","0","0","0","","2","","","2","2","0","0","0","2","0","2","0","2","","","","N","","","","","","","","","",""
"2016020035","","1","0","0","0","0","0","0","0","0","7","0","","02","2","2016","4","40.457075","-80.193744","","11","0","0","0","0","0","1","0","0","","0","0","0","","","0","","0","","40 27:25.470","","0","80 11:37.480","0","0","0","0","2203","0","0","0","N","0","0","0","1","02203","0","","2.0","","2","N","N","","0","","0","0","0","","0","","","1","0","0","0","0","0","0","2","0","1","","","","N","","","","","","","","","",""
"2016004937","","1","0","0","0","0","0","0","0","0","5","0","","02","1","2016","3","40.410905","-80.014054","","11","0","0","0","0","0","1","0","0","","0","0","0","","","0","","0","","40 24:39.259","","0","80 00:50.594","9","0","0","0","2301","0","0","0","N","0","0","0","3","02301","0","","1.0","","2","N","N","","1","","0","0","0","","0","","","3","0","0","0","0","0","1","2","0","3","","","","N","","","","","","","","","",""
"2016003469","","0","0","0","0","0","0","0","0","0","7","0","","02","1","2016","7","40.431792","-79.746817","","11","0","0","0","0","0","0","0","0","2","0","0","0","","","1","","0","","40 25:54.450","3","0","79 44:48.540","3","0","0","0","2446","0","0","0","N","0","0","0","1","02446","0","","5.0","","2","N","N","","0","","1","0","1","","0","Y","","1","1","0","0","0","0","0","2","0","1","","","","N","","","","","","","","","",""
"2016003510","","0","0","0","0","0","0","0","0","0","1","0","","02","1","2016","1","40.429546","-79.863575","","11","0","0","0","0","0","0","0","0","1","0","0","0","","","5","","2","","40 25:46.366","4","0","79 51:48.870","4","0","0","0","2431","0","0","0","N","0","0","0","5","02431","5","","1.0","","9","N","N","","0","","0","0","1","","0","N","","2","5","0","0","0","0","0","2","1","2","","","","N","","","","","","","","","",""
"2016004361","","2","0","0","0","0","0","0","0","0","2","0","","02","1","2016","3","40.437472","-79.944869","","11","0","0","0","0","0","0","0","0","3","0","0","0","","","0","","0","","40 26:14.900","3","0","79 56:41.530","0","0","0","0","2301","0","0","0","N","0","0","0","2","02301","0","","1.0","","7","N","N","","0","","0","0","0","","0","N","","2","0","0","0","0","0","0","2","0","2","","","","N","","","","","","","","","",""
"2016019268","","1","0","0","0","0","0","0","0","0","7","0","","02","1","2016","2","40.494543","-79.909183","","11","0","0","0","0","0","0","0","0","","0","0","0","","","0","","0","","40 29:40.353","","3","79 54:33.060","0","0","0","0","2401","0","0","0","","0","0","0","2","68D02","0","","2.0","","2","N","N","","0","","0","0","0","","0","","","1","0","0","0","0","0","0","2","0","1","","","","N","","","","","","","","","",""
"2016003727","","3","0","0","0","0","0","0","0","0","1","0","","02","1","2016","5","40.530056","-80.00593","","11","0","0","0","0","0","1","0","0","1","0","0","0","","","0","","0","","40 31:48.201","4","0","80 00:21.349","0","0","0","0","2116","0","0","0","N","0","0","0","3","02116","0","","1.0","","1","N","N","","0","","0","0","0","","0","N","","3","0","0","0","0","0","0","2","0","3","","","","N","","","","","","","","","",""
"2016004497","","1","0","0","0","0","0","0","0","0","4","0","","02","1","2016","3","40.276826","-79.869329","","11","0","0","0","1","0","0","0","0","2","0","0","0","","","0","","0","","40 16:36.574","4","0","79 52:09.584","0","0","0","0","2105","0","0","0","N","0","0","0","2","02105","0","","1.0","","6","N","N","","1","","0","0","0","","0","N","","2","0","0","0","0","0","0","2","0","2","","","","N","","","","","","","","","",""
"2016019269","","1","0","0","0","0","0","0","0","0","7","0","","02","2","2016","4","40.492394","-79.910362","","11","0","0","0","0","0","0","0","0","2","0","0","0","","","0","","6","","40 29:32.620","1","2","79 54:37.303","0","0","0","0","2112","0","0","0","","0","0","0","1","68D02","0","","2.0","","1","N","N","","0","","0","0","0","","0","N","","1","0","0","0","0","0","0","2","0","1","","","","N","","","","","","","","","",""
"2016020038","","0","0","0","0","0","0","0","0","0","4","0","","02","2","2016","5","40.368309","-79.816774","","11","0","0","0","0","0","1","0","0","1","0","0","0","","","2","","3","","40 22:05.912","2","0","79 49:00.387","8","0","0","0","2111","0","0","0","N","0","0","0","2","02111","0","","1.0","","1","N","N","","1","","0","0","1","","3","Y","","2","2","0","0","0","2","0","2","0","2","","","","N","","","","","","","","","",""
"2016003512","","1","0","0","0","0","0","0","0","0","4","0","","02","1","2016","1","40.465533","-80.066379","","11","0","0","0","0","0","0","0","0","1","0","0","0","","","1","","1","","40 27:55.918","4","0","80 03:58.964","8","0","0","0","2444","0","0","0","","0","0","0","3","02444","0","","1.0","","9","","","","1","","0","0","0","","2","N","","2","1","0","0","0","1","0","2","0","2","","","","N","","","","","","","","","",""
"2016004363","","2","0","0","0","0","0","0","0","0","4","0","","02","1","2016","3","40.420592","-79.941356","","11","0","0","0","0","0","1","0","0","","0","0","0","","","0","","0","","40 25:14.130","","0","79 56:28.880","0","0","0","0","2301","0","0","0","N","0","0","0","2","02301","0","","4.0","","7","N","N","","1","","0","0","0","","0","","","3","0","0","0","0","0","0","2","0","3","","","","N","","","","","","","","","",""
"2016005999","","1","0","0","0","0","0","0","0","0","1","0","","02","1","2016","5","40.553989","-79.819306","","11","0","0","0","0","0","0","0","1","","0","0","0","","","0","","0","","40 33:14.362","","7","79 49:09.503","0","0","0","0","2208","0","0","0","","0","0","0","2","02208","0","","1.0","","1","N","N","","0","","0","0","0","","0","","","2","0","0","0","0","0","0","2","1","2","","","","N","","","","","","","","","",""
"2016019270","","4","0","0","0","0","0","0","0","0","2","0","","02","2","2016","5","40.618297","-79.750119","","11","0","0","1","0","0","0","0","0","2","0","0","0","","","0","","0","","40 37:05.869","2","0","79 45:00.429","0","0","0","0","2106","0","0","0","","0","0","0","4","68D02","0","","1.0","","9","N","N","","0","","0","0","0","","0","N","","4","0","0","0","0","0","0","2","0","4","","","","N","","","","","","","","","",""
"2016020039","","2","0","0","0","0","0","0","0","0","2","0","","02","2","2016","5","40.448413","-79.934205","","11","0","0","0","0","0","0","0","0","","0","0","0","","","0","","2","","40 26:54.286","","0","79 56:03.138","0","0","0","0","2301","0","0","0","N","0","0","0","3","02301","0","","1.0","","1","N","N","","0","","0","0","0","","2","","","2","0","0","0","0","0","0","2","0","2","","","","N","","","","","","","","","",""
"2016019271","","2","0","0","0","0","0","0","0","0","2","0","","02","2","2016","7","40.495071","-79.907523","","11","0","0","0","0","0","0","0","0","2","0","0","0","","","0","","3","","40 29:42.257","1","0","79 54:27.083","0","0","0","0","2401","0","0","0","","0","0","0","2","68D02","0","","1.0","","9","N","N","","0","","0","0","0","","0","N","","2","0","0","0","0","0","0","2","0","2","","","","N","","","","","","","","","",""
"2016003444","","0","0","0","0","0","0","0","0","0","7","0","","02","1","2016","7","40.458528","-79.773","","11","0","0","0","0","0","0","0","0","","0","0","0","","","0","","0","","40 27:30.700","","0","79 46:22.800","0","0","0","0","2446","0","0","0","N","0","0","0","1","02446","0","","1.0","","2","N","N","","0","","0","0","1","","0","","","1","0","0","0","0","0","0","2","0","1","","","","N","","","","","","","","","",""
"2016004408","","0","0","0","0","0","0","0","0","0","4","0","","02","1","2016","3","40.389708","-79.933338","","11","0","0","0","0","0","1","0","0","2","0","0","0","","","0","","5","","40 23:22.947","6","0","79 56:00.018","0","0","0","0","2301","0","0","0","N","0","0","0","3","02301","0","","1.0","","9","N","N","","0","","0","0","2","","2","N","","2","0","0","0","0","0","0","2","0","2","","","","N","","","","","","","","","",""
"2016005235","","1","0","0","0","0","0","0","0","0","7","0","","02","1","2016","3","40.523084","-80.177503","","11","0","0","0","0","0","0","1","0","","0","0","0","","","0","","1","","40 31:23.102","","0","80 10:39.011","9","0","0","0","2213","0","0","0","N","0","0","0","2","02213","0","","2.0","","7","N","N","","0","","0","0","0","","2","","","1","0","0","0","0","0","1","2","0","1","","","","N","","","","","","","","","",""
"2016003731","","2","0","0","0","0","0","0","0","0","1","0","","02","1","2016","1","40.441366","-80.003939","","11","0","0","0","0","0","0","0","0","1","0","0","0","","","0","","1","","40 26:28.917","4","6","80 00:14.180","0","0","0","0","2301","0","0","0","N","0","0","0","2","02301","0","","1.0","","9","N","N","","0","","0","0","0","","2","N","","2","0","0","0","0","0","0","2","0","2","","","","N","","","","","","","","","",""
"2016006050","","2","0","0","0","0","0","0","0","0","1","0","","02","1","2016","6","40.439797","-80.077618","","11","0","0","0","1","0","0","1","0","","0","0","0","","","0","","2","","40 26:23.268","","0","80 04:39.426","0","0","0","0","2421","0","0","0","N","0","0","0","6","02421","0","","1.0","","9","N","N","","0","","0","0","1","","0","","","4","0","0","0","0","0","0","2","1","4","","","","N","","","","","","","","","",""
"2016018514","","1","0","0","0","0","0","0","0","0","4","0","","02","2","2016","2","40.454673","-79.953798","","11","0","0","1","0","0","1","0","0","1","0","0","0","","","1","","0","","40 27:16.822","1","0","79 57:13.674","3","0","0","0","2301","0","0","0","N","0","0","0","2","02301","0","","1.0","","9","N","N","","0","","1","0","0","","0","N","","2","1","0","0","0","0","0","2","1","2","","","","N","","","","","","","","","",""
"2016004366","","0","0","0","0","0","0","0","0","0","7","0","","02","1","2016","3","40.468097","-80.002303","","11","0","0","1","0","0","0","0","0","","0","0","0","","","0","","0","","40 28:05.150","","0","80 00:08.290","0","0","0","0","2301","0","0","0","N","0","0","0","1","02301","0","","2.0","","7","N","N","","0","","0","0","1","","0","","","1","0","0","0","0","0","0","2","0","1","","","","N","","","","","","","","","",""
"2016006002","","2","0","0","0","0","0","0","0","0","4","0","","02","1","2016","6","40.476222","-80.100757","","11","0","0","0","0","0","0","1","0","1","0","0","0","","","1","","0","","40 28:34.399","4","0","80 06:02.725","8","0","0","0","2126","0","0","0","N","0","0","0","2","02126","0","","1.0","","1","N","N","","0","","0","0","0","","0","N","","2","1","0","0","0","1","0","2","0","2","","","","N","","","","","","","","","",""
"2016003732","","0","0","0","0","0","0","0","0","0","0","0","","02","1","2016","7","40.393109","-79.805088","","11","0","0","0","0","0","1","0","0","2","0","0","0","","","0","","2","","40 23:35.192","3","3","79 48:18.316","0","0","0","1","2479","0","0","0","N","0","0","0","1","02111","0","","1.0","","2","N","N","","0","","0","0","0","","2","N","","1","0","0","0","0","0","0","2","0","1","","","","N","","","","","","","","","",""
"2016005712","","0","0","0","0","0","0","0","0","0","7","1","55","02","1","2016","3","40.578226","-79.867814","","11","0","0","0","0","0","0","0","0","2","0","1","0","","","0","","0","","40 34:41.613","3","0","79 52:04.129","0","0","0","0","2209","0","0","0","","0","0","0","1","68T02","0","","2.0","","7","N","N","","0","","0","0","0","","0","N","","1","0","0","0","0","0","0","2","0","1","","","N","Y","4","1","N","N","N","N","N","N","Y",""
"2016003446","","1","0","0","0","0","0","0","0","0","7","0","","02","1","2016","5","40.4189","-80.029723","","11","0","0","0","0","0","0","0","0","1","0","0","0","","","0","","0","","40 25:08.040","1","0","80 01:47.003","0","0","0","0","2301","0","0","0","N","0","0","0","1","02301","0","","2.0","","1","N","N","","0","","0","0","0","","0","N","","1","0","0","0","0","0","0","2","0","1","","","","N","","","","","","","","","",""
"2016006053","","2","0","0","0","0","0","0","0","0","1","0","","02","1","2016","5","40.482079","-80.111823","","11","1","0","0","0","1","0","0","0","2","0","0","0","","","1","","2","","40 28:55.484","6","0","80 06:42.561","8","0","0","0","2126","0","0","0","N","0","0","0","2","02126","0","","1.0","","1","N","N","","0","","0","0","0","","3","N","","2","1","0","0","0","1","0","2","0","2","","","","N","","","","","","","","","",""
"2016004368","","2","0","0","0","0","0","0","0","0","1","0","","02","1","2016","3","40.451596","-80.06943","","11","0","0","0","0","0","0","0","0","","0","0","0","","","1","","1","","40 27:05.745","","0","80 04:09.948","3","0","0","0","2301","0","0","0","N","0","0","0","3","02301","0","","1.0","","7","N","N","","0","","1","0","0","","3","","","2","1","0","0","0","0","0","2","0","2","","","","N","","","","","","","","","",""
"2016006054","","1","0","0","0","0","0","0","0","0","7","0","","02","1","2016","5","40.362993","-80.046703","","11","0","0","0","0","0","0","0","0","2","0","0","0","","","0","","0","","40 21:46.774","2","0","80 02:48.130","0","0","0","0","2109","0","0","0","N","0","0","0","1","02109","0","","4.0","","1","N","N","","0","","0","0","0","","0","N","","1","0","0","0","0","0","0","2","0","1","","","","N","","","","","","","","","",""
"2016020797","","3","0","0","0","0","0","0","0","0","1","0","","02","1","2016","5","40.404047","-79.883327","","11","0","0","0","0","0","0","0","0","","0","0","0","","","0","","2","","40 24:14.568","","0","79 52:59.976","0","0","0","0","2475","0","0","0","N","0","0","0","3","02475","0","","1.0","","9","N","N","","0","","0","0","0","","2","","","3","0","1","0","0","0","0","2","0","3","","","","N","","","","","","","","","",""
"2016020047","","1","0","0","0","0","0","0","0","0","7","0","","02","2","2016","2","40.4868","-80.053319","","11","0","0","0","0","0","0","0","0","2","0","0","0","","","0","","0","","40 29:12.480","5","0","80 03:11.950","0","0","0","0","2404","0","0","0","N","0","0","0","1","02404","0","","4.0","","2","N","N","","0","","0","0","0","","0","Y","","1","0","0","0","0","0","0","2","0","1","","","","N","","","","","","","","","",""
"2016005904","","2","0","0","0","0","0","0","0","0","4","0","","02","1","2016","6","40.45878","-79.907889","","11","0","0","0","0","0","1","0","0","2","0","0","0","","","0","","1","","40 27:31.609","5","0","79 54:28.400","0","0","0","0","2301","0","0","0","N","0","0","0","2","02301","0","","1.0","","1","N","N","","0","","0","0","0","","2","N","","2","0","0","0","0","0","0","2","0","2","","","","N","","","","","","","","","",""
"2016004369","","0","0","0","0","0","0","0","0","0","99","0","","02","1","2016","3","40.468951","-80.00142","","11","0","0","0","0","0","0","0","0","","0","0","0","","","0","","2","","40 28:08.223","","0","80 00:05.112","0","0","0","0","2301","0","0","0","N","0","0","0","1","02301","0","","1.0","","7","N","N","","0","","0","0","1","","0","","","1","0","0","0","0","0","0","2","0","1","","","","N","","","","","","","","","",""
"2016006056","","1","0","0","0","0","0","0","0","0","4","0","","02","1","2016","5","40.516983","-80.221407","","11","0","0","0","0","0","1","0","0","2","0","0","0","","","2","","2","","40 31:01.137","2","0","80 13:17.066","8","0","0","0","2213","0","0","0","N","0","0","0","3","02213","0","","1.0","","1","N","N","","1","","0","0","0","","2","N","","2","2","0","0","0","2","0","2","0","2","","","","N","","","","","","","","","",""
"2016020798","","1","0","0","0","0","0","0","0","0","7","0","","02","2","2016","6","40.348943","-79.818113","","11","0","0","0","0","0","1","0","0","","0","0","0","","","1","","0","","40 20:56.196","","7","79 49:05.205","8","0","0","0","2477","0","0","0","N","0","0","0","1","02477","0","","5.0","","1","N","N","","0","","0","0","0","","0","","","1","1","0","0","0","1","0","2","0","1","","","","N","","","","","","","","","",""
"2016018518","","3","0","0","0","0","0","0","0","0","1","0","","02","2","2016","3","40.343307","-80.060353","","11","0","0","0","0","0","0","0","0","2","0","0","0","","","1","","2","","40 20:35.905","4","0","80 03:37.272","3","0","0","0","2123","0","0","0","N","0","0","0","4","02123","0","","1.0","","2","N","N","","0","","1","0","0","","2","Y","","3","1","0","0","0","0","0","2","0","3","","","","N","","","","","","","","","",""
"2016004413","","1","0","0","0","0","0","0","0","0","4","0","","02","1","2016","3","40.41205","-79.990442","","11","0","0","0","0","0","0","1","0","1","0","0","0","","","0","","1","","40 24:43.380","7","0","79 59:25.591","0","0","0","0","2301","0","0","0","N","0","0","0","3","02301","0","","1.0","","6","N","N","","0","","0","0","1","","3","N","","2","0","0","0","0","0","0","2","0","2","","","","N","","","","","","","","","",""
"2016006057","","2","0","0","0","0","0","0","0","0","4","0","","02","1","2016","4","40.519726","-80.217799","","11","0","0","0","0","1","1","0","0","1","0","0","0","","","0","","1","","40 31:11.012","4","0","80 13:04.075","0","0","0","0","2213","0","0","0","N","0","0","0","4","02213","0","","1.0","","1","N","N","","0","","0","0","1","","2","N","","3","0","0","0","0","0","0","2","0","3","","","","N","","","","","","","","","",""
"2016004371","","1","0","0","0","0","0","0","0","0","7","0","","02","1","2016","3","40.514963","-79.952861","","11","0","0","0","0","0","0","0","0","1","0","0","0","","","0","","0","","40 30:53.866","2","0","79 57:10.301","0","0","0","0","2118","0","0","0","N","0","0","0","1","02118","0","","2.0","","7","N","N","","0","","0","0","0","","0","N","","1","0","0","0","0","0","0","2","0","1","","","","N","","","","","","","","","",""
"2016020800","","1","0","0","0","0","0","0","0","0","7","0","","02","2","2016","1","40.427856","-79.76625","","11","0","0","0","0","0","0","0","0","1","0","0","0","","","0","","0","","40 25:40.280","2","0","79 45:58.499","0","0","0","0","2446","0","0","0","N","0","0","0","1","02446","0","","4.0","","1","N","N","","0","","0","0","0","","0","N","","1","0","0","0","0","0","0","2","0","1","","","","N","","","","","","","","","",""
"2016003452","","1","0","0","0","0","0","0","0","0","7","0","","02","1","2016","2","40.420753","-79.792464","","11","0","0","0","0","0","0","0","0","","0","0","0","","","1","","0","","40 25:14.710","","0","79 47:32.870","3","0","0","0","2446","0","0","0","N","0","0","0","1","02446","0","","5.0","","9","N","N","","0","","1","0","0","","0","","","1","1","0","0","0","0","0","2","0","1","","","","N","","","","","","","","","",""
"2016003524","","2","0","0","0","0","0","0","0","0","2","0","","02","1","2016","1","40.521823","-79.852106","","11","0","0","0","0","0","1","0","0","1","0","0","0","","","2","","0","","40 31:18.561","5","0","79 51:07.583","4","0","0","0","2112","0","0","0","N","0","0","0","2","02112","2","","1.0","","9","N","N","","0","","0","0","0","","0","N","","2","2","0","0","0","0","0","2","0","2","","","","N","","","","","","","","","",""
"2016005081","","0","0","0","0","0","0","0","0","0","4","0","","02","1","2016","3","40.508987","-79.946067","","11","0","0","0","0","0","1","0","0","","0","0","0","","","0","","2","","40 30:32.354","","0","79 56:45.841","0","0","0","0","2118","0","0","0","N","0","0","0","2","02118","0","","1.0","","7","N","N","","0","","0","0","2","","3","","","2","0","0","0","0","0","0","2","0","2","","","","N","","","","","","","","","",""
"2016003650","","0","0","0","0","0","0","0","0","0","5","1","","02","1","2016","4","40.383066","-80.043843","","11","0","0","0","0","0","1","0","0","1","0","1","0","","","0","","0","","40 22:59.036","1","0","80 02:37.833","0","0","0","0","2109","0","0","0","N","0","0","0","1","02109","0","","6.0","","1","N","N","","0","","0","0","2","","0","N","","3","0","0","0","0","0","0","2","0","3","","","","N","","","","","","","","","",""
"2016004417","","1","0","0","0","0","0","0","0","0","4","0","","02","1","2016","3","40.457596","-79.989239","","11","0","0","0","0","0","0","0","0","1","0","0","0","","","0","","2","","40 27:27.345","2","0","79 59:21.260","0","0","0","0","2301","0","0","0","N","0","0","0","2","02301","0","","1.0","","7","N","N","","0","","0","0","0","","0","N","","2","0","0","0","0","0","0","2","1","2","","","","N","","","","","","","","","",""
"2016004448","","2","0","0","0","0","0","0","0","0","1","0","","02","1","2016","3","40.44414","-80.028092","","11","0","0","0","0","0","0","1","0","","0","0","0","","","0","","1","","40 26:38.905","","3","80 01:41.132","0","0","0","0","2301","0","0","0","N","0","0","0","4","02301","0","","1.0","","7","N","N","","0","","0","0","1","","2","","","3","0","0","0","0","0","0","2","0","3","","","","N","","","","","","","","","",""
"2016005262","","2","0","0","0","0","0","0","0","0","1","0","","02","1","2016","4","40.462536","-79.953846","","11","0","0","0","0","0","0","1","0","1","0","0","0","","","0","","0","","40 27:45.128","1","3","79 57:13.844","0","0","0","0","2301","0","0","0","N","0","0","0","3","02301","0","","1.0","","2","N","N","","0","","0","0","1","","0","N","","3","0","0","0","0","0","0","2","0","3","","","","N","","","","","","","","","",""
"2016020054","","1","0","0","0","0","0","0","0","0","6","0","","02","2","2016","5","40.546366","-79.802239","","11","0","0","0","0","0","0","1","0","","0","0","0","","","0","","0","","40 32:46.917","","0","79 48:08.060","0","0","0","0","2418","0","0","0","","0","0","0","1","02418","0","","1.0","","1","","","","0","","0","0","1","","0","","","2","0","0","0","0","0","0","2","0","2","","","","N","","","","","","","","","",""
"2016004951","","1","0","0","0","0","0","0","0","0","4","1","","02","1","2016","4","40.453912","-80.006159","","11","0","0","0","0","0","0","0","0","","0","0","0","","","1","","3","","40 27:14.083","","0","80 00:22.174","8","0","0","0","2301","0","0","0","N","0","0","0","3","02301","0","","1.0","","2","N","N","","0","","0","0","0","","2","","","2","1","0","0","0","1","0","2","1","2","","","","N","","","","","","","","","",""
"2016005718","","1","0","0","0","0","0","0","0","0","1","0","","02","1","2016","5","40.474635","-80.282523","","11","0","0","0","0","0","1","0","0","","0","0","0","","","0","","0","","40 28:28.687","","0","80 16:57.084","0","0","0","0","2203","0","0","0","N","0","0","0","3","02203","0","","1.0","","1","N","N","","0","","0","0","0","","0","","","2","0","0","0","0","0","0","1","1","2","","","","N","","","","","","","","","",""
"2016003481","","1","0","0","0","0","0","1","0","0","0","1","","02","1","2016","6","40.474142","-80.092789","","11","0","0","0","0","0","2","0","0","1","0","0","0","","","1","","0","","40 28:26.910","1","0","80 05:34.040","3","0","0","0","2126","0","0","0","","0","0","0","3","02126","0","","1.0","","1","Y","N","","0","","1","0","0","","0","N","","2","1","0","0","0","0","0","2","0","2","","","","N","","","","","","","","","",""
"2016003525","","0","0","0","0","0","0","0","0","0","7","0","","02","1","2016","7","40.40146","-79.997832","","11","0","0","0","0","0","0","0","0","","0","0","0","","","2","","0","","40 24:05.256","","0","79 59:52.195","8","0","0","0","2301","0","0","0","N","0","0","0","2","02301","0","","2.0","","1","N","N","","0","","0","0","1","","0","","","1","2","0","0","0","2","0","2","0","1","","","","N","","","","","","","","","",""
"2016005909","","1","0","0","0","0","0","0","0","0","4","0","","02","1","2016","6","40.451208","-79.930454","","11","0","0","0","0","0","1","0","0","1","0","0","0","","","0","","1","","40 27:04.348","2","0","79 55:49.634","0","0","0","0","2301","0","0","0","N","0","0","0","4","02301","0","","1.0","","1","N","N","","0","","0","0","1","","3","N","","2","0","0","0","0","0","0","2","0","2","","","","N","","","","","","","","","",""
"2016004421","","1","0","0","0","0","0","0","0","0","5","0","","02","1","2016","3","40.265516","-79.879571","","11","0","0","0","0","0","0","0","0","","0","0","0","","","1","","0","","40 15:55.857","","0","79 52:46.457","8","0","0","0","2105","0","0","0","N","0","0","0","2","02105","0","","1.0","","9","N","N","","1","","0","0","0","","0","","","2","1","0","0","0","1","0","1","0","2","","","","N","","","","","","","","","",""
"2016018522","","0","0","0","0","0","0","0","0","0","7","0","","02","2","2016","3","40.49591","-80.278026","","11","0","0","0","0","0","0","0","0","","0","0","0","","","1","","7","","40 29:45.277","","2","80 16:40.893","3","0","0","0","2203","0","0","0","N","0","0","0","1","02501","0","","2.0","","2","N","N","","0","","1","0","1","","0","","","1","1","0","0","0","0","0","2","0","1","","","","N","","","","","","","","","",""
"2016005752","","1","0","0","0","0","0","0","0","0","7","0","","02","1","2016","7","40.426564","-79.794118","","11","0","0","0","0","0","0","0","0","1","0","0","0","","","0","","2","","40 25:35.630","1","7","79 47:38.824","0","0","0","0","2446","0","0","0","N","0","0","0","2","02446","0","","2.0","","2","N","N","","0","","0","0","0","","3","N","","1","0","1","0","0","0","0","2","0","1","","","","N","","","","","","","","","",""
"2016005083","","1","0","0","0","0","0","0","0","0","1","0","","02","1","2016","4","40.489491","-79.778729","","11","0","0","0","0","0","1","1","0","","0","0","0","","","0","","0","","40 29:22.169","","0","79 46:43.423","0","0","0","0","2466","0","0","0","N","0","0","0","2","02466","0","","1.0","","1","N","N","","0","","0","0","1","","0","","","2","0","0","0","0","0","0","2","0","2","","","","N","","","","","","","","","",""
"2016003737","","1","0","0","0","0","0","0","0","0","1","0","","02","1","2016","2","40.445273","-79.798081","","11","0","0","0","0","0","0","0","0","","0","0","0","","","0","","0","","40 26:42.981","","0","79 47:53.092","0","0","0","0","2113","0","0","0","N","0","0","0","2","02113","0","","1.0","","1","N","N","","0","","0","0","1","","0","","","2","0","0","0","0","0","0","2","0","2","","","","N","","","","","","","","","",""
"2016019981","","1","0","0","0","0","0","0","0","0","4","0","","02","2","2016","4","40.562096","-79.800281","","11","0","0","0","0","0","0","0","0","2","0","0","0","","","0","","0","","40 33:43.547","2","0","79 48:01.011","0","0","0","0","2206","0","0","0","","0","0","0","6","68D02","0","","1.0","","1","N","N","","0","","0","0","0","","0","N","","2","0","0","0","0","0","0","2","1","2","","","","N","","","","","","","","","",""
"2016018523","","1","0","0","0","0","0","0","0","0","7","0","","02","2","2016","3","40.529325","-80.129852","","11","0","0","0","0","0","0","0","0","1","0","0","0","","","1","","2","","40 31:45.569","5","2","80 07:47.466","8","0","0","0","2125","0","0","0","Y","0","0","0","1","02215","0","","7.0","","2","N","N","","0","","0","0","0","","3","N","","1","1","0","0","0","1","0","2","0","1","","","","N","","","","","","","","","",""
"2016004424","","1","0","0","0","0","0","0","0","0","7","0","","02","1","2016","3","40.515176","-79.953103","","11","0","0","0","0","0","0","0","0","1","0","0","0","","","0","","0","","40 30:54.632","2","0","79 57:11.169","0","0","0","0","2118","0","0","0","N","0","0","0","1","02118","0","","2.0","","7","N","N","","0","","0","0","0","","0","N","","1","0","0","0","0","0","0","2","0","1","","","","N","","","","","","","","","",""
"2016003961","","0","0","0","0","0","0","0","0","0","4","0","","02","1","2016","2","40.4375","-79.770306","","11","0","0","0","0","0","0","0","1","1","0","0","0","","","0","","0","","40 26:15.000","2","7","79 46:13.100","0","0","0","0","2446","0","0","0","N","0","0","0","2","02446","0","","1.0","","1","N","N","","1","","0","0","1","","0","N","","2","0","0","0","0","0","0","2","0","2","","","","N","","","","","","","","","",""