"CRN","ARRIVAL_TM","AUTOMOBILE_COUNT","BELTED_DEATH_COUNT","BELTED_SUSP_SERIOUS_INJ_COUNT","BICYCLE_COUNT","BICYCLE_DEATH_COUNT","BICYCLE_SUSP_SERIOUS_INJ_COUNT","BUS_COUNT","CHLDPAS_DEATH_COUNT","CHLDPAS_SUSP_SERIOUS_INJ_COUNT","COLLISION_TYPE","COMM_VEH_COUNT","CONS_ZONE_SPD_LIM","COUNTY","CRASH_MONTH","CRASH_YEAR","DAY_OF_WEEK","DEC_LATITUDE","DEC_LONGITUDE","DISPATCH_TM","DISTRICT","DRIVER_COUNT_16YR","DRIVER_COUNT_17YR","DRIVER_COUNT_18YR","DRIVER_COUNT_19YR","DRIVER_COUNT_20YR","DRIVER_COUNT_50_64YR","DRIVER_COUNT_65_74YR","DRIVER_COUNT_75PLUS","EST_HRS_CLOSED","FATAL_COUNT","HEAVY_TRUCK_COUNT","HORSE_BUGGY_COUNT","HOUR_OF_DAY","ILLUMINATION","INJURY_COUNT","INTERSECTION_RELATED","INTERSECT_TYPE","LANE_CLOSED","LATITUDE","LN_CLOSE_DIR","LOCATION_TYPE","LONGITUDE","MAX_SEVERITY_LEVEL","MCYCLE_DEATH_COUNT","MCYCLE_SUSP_SERIOUS_INJ_COUNT","MOTORCYCLE_COUNT","MUNICIPALITY","NONMOTR_COUNT","NONMOTR_DEATH_COUNT","NONMOTR_SUSP_SERIOUS_INJ_COUNT","NTFY_HIWY_MAINT","PED_COUNT","PED_DEATH_COUNT","PED_SUSP_SERIOUS_INJ_COUNT","PERSON_COUNT","POLICE_AGCY","POSSIBLE_INJ_COUNT","RDWY_SURF_TYPE_CD","RELATION_TO_ROAD","ROADWAY_CLEARED","ROAD_CONDITION","SCH_BUS_IND","SCH_ZONE_IND","SECONDARY_CRASH","SMALL_TRUCK_COUNT","SPEC_JURIS_CD","SUSP_MINOR_INJ_COUNT","SUSP_SERIOUS_INJ_COUNT","SUV_COUNT","TCD_FUNC_CD","TCD_TYPE","TFC_DETOUR_IND","TIME_OF_DAY","TOTAL_UNITS","TOT_INJ_COUNT","UNBELTED_OCC_COUNT","UNB_DEATH_COUNT","UNB_SUSP_SERIOUS_INJ_COUNT","UNK_INJ_DEG_COUNT","UNK_INJ_PER_COUNT","URBAN_RURAL","VAN_COUNT","VEHICLE_COUNT","WEATHER1","WEATHER2","WORKERS_PRES","WORK_ZONE_IND","WORK_ZONE_LOC","WORK_ZONE_TYPE","WZ_CLOSE_DETOUR","WZ_FLAGGER","WZ_LAW_OFFCR_IND","WZ_LN_CLOSURE","WZ_MOVING","WZ_OTHER","WZ_SHLDER_MDN","WZ_WORKERS_INJ_KILLED"
"2016031288","","1","0","0","0","0","0","0","0","0","4","0","","02","3","2016","6","40.392413","-80.067444","","11","0","0","0","0","0","0","1","1","2","0","0","0","","","0","","0","","40 23:32.687","4","7","80 04:02.800","9","0","0","0","2109","0","0","0","","0","0","0","3","02109","0","","1.0","","1","N","N","","0","","0","0","2","","0","N","","3","0","0","0","0","0","1","2","0","3","","","","N","","","","","","","","","",""
"2016031213","","1","0","0","0","0","0","0","0","0","5","0","","02","3","2016","1","40.447062","-79.947299","","11","0","0","0","0","0","1","0","0","1","0","0","0","","","1","","1","","40 26:49.423","4","0","79 56:50.276","8","0","0","1","2301","0","0","0","N","0","0","0","6","02301","0","","1.0","","1","N","N","","0","","0","0","0","","2","N","","2","1","0","0","0","1","0","2","0","2","","","","N","","","","","","","","","",""
"2016031289","","1","0","0","0","0","0","0","0","0","4","0","","02","3","2016","6","40.389026","-80.042336","","11","0","0","0","0","0","0","0","0","2","0","0","0","","","2","","2","","40 23:20.493","2","0","80 02:32.411","8","0","0","0","2109","0","0","0","","0","0","0","3","02109","0","","1.0","","1","N","N","","0","","0","0","0","","2","N","","2","2","0","0","0","2","0","2","1","2","","","","N","","","","","","","","","",""
"2016032177","","2","0","0","0","0","0","0","0","0","1","0","","02","2","2016","1","40.356586","-79.980388","","11","0","0","0","0","1","0","1","0","2","0","0","0","","","2","","2","","40 21:23.711","2","0","79 58:49.397","3","0","0","0","2476","0","0","0","N","0","0","0","6","02476","1","","1.0","","1","N","N","","0","","1","0","1","","2","N","","3","2","0","0","0","0","0","2","0","3","","","","N","","","","","","","","","",""
"2016031290","","2","0","0","0","0","0","0","0","0","1","0","","02","3","2016","2","40.37288","-80.049071","","11","0","0","0","0","0","0","0","0","1","0","0","0","","","0","","5","","40 22:22.367","1","0","80 02:56.655","0","0","0","0","2109","0","0","0","","0","0","0","2","02109","0","","1.0","","9","N","N","","0","","0","0","0","","2","N","","2","0","0","0","0","0","0","2","0","2","","","","N","","","","","","","","","",""
"2016030593","","1","0","0","0","0","0","0","0","0","99","0","","02","3","2016","2","40.650253","-80.120065","","11","0","0","0","0","0","1","0","0","","0","0","0","","","0","","0","","40 39:00.909","","0","80 07:12.235","0","0","0","0","2212","0","0","0","N","0","0","0","1","02505","0","","1.0","","1","N","N","","0","","0","0","0","","0","","","1","0","0","0","0","0","0","1","0","1","","","","N","","","","","","","","","",""
"2016030660","","0","0","0","0","0","0","0","0","0","7","0","","02","3","2016","2","40.350565","-79.869904","","11","0","0","0","0","0","0","0","0","2","0","0","0","","","0","","0","","40 21:02.034","6","3","79 52:11.653","0","0","0","0","2304","0","0","0","N","0","0","0","1","02304","0","","1.0","","2","N","N","","0","","0","0","1","","0","N","","1","0","0","0","0","0","0","2","0","1","","","","N","","","","","","","","","",""
"2016032245","","1","0","0","0","0","0","0","0","0","7","0","","02","3","2016","6","40.407087","-80.034183","","11","0","0","0","1","0","0","0","0","1","0","0","0","","","0","","1","","40 24:25.512","2","0","80 02:03.059","0","0","0","0","2301","0","0","0","N","0","0","0","1","02301","0","","2.0","","9","N","N","","0","","0","0","0","","2","N","","1","0","0","0","0","0","0","2","0","1","","","","N","","","","","","","","","",""
"2016030454","","1","0","0","0","0","0","0","0","0","1","0","","02","3","2016","5","40.460243","-80.191399","","11","0","0","0","1","0","0","1","0","3","0","0","0","","","0","","0","","40 27:36.876","3","0","80 11:29.038","0","0","0","0","2213","0","0","0","","0","0","0","2","68B03","0","","1.0","","9","N","N","","1","","0","0","0","","0","N","","2","0","0","0","0","0","0","2","0","2","","","","N","","","","","","","","","",""
"2016031217","","1","0","0","0","0","0","0","0","0","7","0","","02","3","2016","7","40.473169","-80.072964","","11","0","0","0","0","0","0","0","0","","0","0","0","","","0","","0","","40 28:23.410","","0","80 04:22.670","0","0","0","0","2122","0","0","0","N","0","0","0","1","02122","0","","2.0","","1","N","N","","0","","0","0","0","","0","","","1","0","0","0","0","0","0","2","0","1","","","","N","","","","","","","","","",""
"2016031291","","0","0","0","0","0","0","0","0","0","0","0","","02","3","2016","2","40.373556","-80.033972","","11","0","0","0","0","0","1","0","0","","0","0","0","","","0","","0","","40 22:24.800","","0","80 02:02.300","0","0","0","0","2109","0","0","0","","0","0","0","1","02109","0","","1.0","","9","N","N","","0","","0","0","1","","0","","","1","0","0","0","0","0","0","2","0","1","","","","N","","","","","","","","","",""
"2016031421","","1","0","0","0","0","0","0","0","0","7","0","","02","3","2016","2","40.426884","-80.290983","","11","0","0","0","0","0","0","0","0","","0","0","0","","","0","","0","","40 25:36.784","","3","80 17:27.537","0","0","0","0","2214","0","0","0","","0","0","0","1","68B03","0","","4.0","","9","N","N","","0","","0","0","0","","0","","","1","0","0","0","0","0","0","1","0","1","","","","N","","","","","","","","","",""
"2016031947","","1","0","0","0","0","0","0","0","0","7","0","","02","3","2016","2","40.339619","-80.037728","","11","0","1","0","0","0","0","0","0","3","0","0","0","","","2","","0","","40 20:22.630","5","0","80 02:15.820","4","0","0","0","2407","0","0","0","N","0","0","0","3","02407","2","","5.0","","1","N","N","","0","","0","0","0","","0","Y","","1","2","1","0","0","0","0","2","0","1","","","","N","","","","","","","","","",""
"2016030455","","4","0","0","0","0","0","0","0","0","1","0","","02","3","2016","6","40.415616","-80.059968","","11","0","0","0","0","0","2","0","0","1","0","0","0","","","0","","0","","40 24:56.219","3","0","80 03:35.884","0","0","0","0","2435","0","0","0","","0","0","0","5","68B03","0","","1.0","","1","N","N","","0","","0","0","0","","0","N","","4","0","0","0","0","0","0","2","0","4","","","","N","","","","","","","","","",""
"2016031422","","1","0","0","0","0","0","0","0","0","7","0","","02","3","2016","2","40.486529","-80.272235","","11","0","0","0","0","0","0","0","0","1","0","0","0","","","1","","0","","40 29:11.504","4","3","80 16:20.046","3","0","0","0","2203","0","0","0","","0","0","0","1","68B03","0","","4.0","","2","N","N","","0","","1","0","0","","0","Y","","1","1","0","0","0","0","0","1","0","1","","","","N","","","","","","","","","",""
"2016030456","","0","0","0","0","0","0","0","0","0","1","0","","02","3","2016","6","40.415616","-80.059968","","11","0","0","0","0","0","1","0","0","","0","0","0","","","0","","0","","40 24:56.219","","0","80 03:35.884","0","0","0","0","2435","0","0","0","","0","0","0","3","68B03","0","","1.0","","1","N","N","","0","","0","0","2","","0","","","3","0","0","0","0","0","0","2","1","3","","","","N","","","","","","","","","",""
"2016030533","","1","0","0","0","0","0","0","0","0","7","0","","02","3","2016","6","40.215386","-79.819452","","11","0","0","0","0","0","0","0","0","3","0","0","0","","","0","","0","","40 12:55.390","3","0","79 49:10.026","0","0","0","0","2105","0","0","0","Y","0","0","0","1","02105","0","","2.0","","1","N","N","","0","","0","0","0","","0","N","","1","0","0","0","0","0","0","1","0","1","","","","N","","","","","","","","","",""
"2016032800","","1","0","0","0","0","0","0","0","0","6","0","","02","3","2016","1","40.366161","-80.022656","","11","0","0","0","0","0","0","1","0","2","0","0","0","","","2","","0","","40 21:58.180","6","0","80 01:21.560","4","0","0","0","2416","0","0","0","","0","0","0","2","02416","2","","1.0","","1","N","N","","0","","0","0","1","","0","Y","","2","2","0","0","0","0","0","2","0","2","","","","N","","","","","","","","","",""
"2016030457","","1","0","0","0","0","0","0","0","0","7","0","","02","3","2016","3","40.424083","-80.030553","","11","0","0","0","0","1","0","0","0","","0","0","0","","","1","","0","","40 25:26.698","","0","80 01:49.992","8","0","0","0","2301","0","0","0","","0","0","0","1","68B03","0","","4.0","","9","N","N","","0","","0","0","0","","0","","","1","1","1","0","0","1","0","2","0","1","","","","N","","","","","","","","","",""
"2016032200","","0","0","0","0","0","0","0","0","0","7","0","","02","3","2016","7","40.452252","-79.974698","","11","0","0","0","0","0","0","0","0","2","0","0","0","","","0","","0","","40 27:08.108","1","0","79 58:28.912","0","0","0","0","2301","0","0","0","N","0","0","0","1","02301","0","","2.0","","1","N","N","","0","","0","0","1","","0","N","","1","0","0","0","0","0","0","2","0","1","","","","N","","","","","","","","","",""
"2016031222","","0","0","0","0","0","0","0","0","0","8","0","","02","3","2016","3","40.435126","-79.956406","","11","0","0","0","0","0","0","1","0","","0","0","0","","","1","","1","","40 26:06.452","","0","79 57:23.060","3","0","0","0","2301","1","0","0","N","1","0","0","2","02301","0","","1.0","","1","N","N","","0","","1","0","1","","2","","","2","1","0","0","0","0","0","2","0","1","","","","N","","","","","","","","","",""
"2016030538","","1","0","0","0","0","0","0","0","0","2","0","","02","3","2016","7","40.416621","-79.99178","","11","0","0","0","0","0","0","0","0","","0","0","0","","","0","","0","","40 24:59.835","","0","79 59:30.408","9","0","0","0","2301","0","0","0","N","0","0","0","1","02301","0","","4.0","","1","N","N","","0","","0","0","1","","0","","","2","0","0","0","0","0","1","2","0","2","","","","N","","","","","","","","","",""
"2016031971","","1","0","0","0","0","0","0","0","0","4","0","","02","3","2016","6","40.476842","-80.040144","","11","0","0","0","1","0","0","0","0","1","0","0","0","","","0","","0","","40 28:36.630","2","0","80 02:24.520","0","0","0","0","2301","0","0","0","Y","0","0","0","1","02301","0","","1.0","","1","Y","Y","","2","","0","0","0","","0","N","","4","0","1","0","0","0","0","2","1","4","","","","N","","","","","","","","","",""
"2016032755","","0","0","0","0","0","0","0","0","0","7","0","","02","3","2016","6","40.427755","-80.105908","","11","0","0","0","0","0","0","0","0","","0","0","0","","","1","","6","","40 25:39.919","","2","80 06:21.269","3","0","0","0","2115","0","0","0","","0","0","0","1","68B03","0","","2.0","","1","N","N","","0","","1","0","1","","0","","","1","1","0","0","0","0","0","2","0","1","","","","N","","","","","","","","","",""
"2016032122","","2","0","0","0","0","0","0","0","0","1","0","","02","1","2016","4","40.426782","-79.917371","","11","0","0","0","0","0","0","0","0","1","0","0","0","","","1","","0","","40 25:36.415","4","4","79 55:02.537","3","0","0","0","2301","0","0","0","","0","0","0","2","68B03","0","","1.0","","1","N","N","","0","","1","0","0","","0","N","","2","1","0","0","0","0","0","2","0","2","","","","N","","","","","","","","","",""
"2016029979","","2","0","0","0","0","0","0","0","0","1","0","","02","3","2016","3","40.426609","-79.892441","","11","0","0","0","0","0","1","0","0","","0","0","0","","","0","","0","","40 25:35.791","","0","79 53:32.787","0","0","0","0","2301","0","0","0","","0","0","0","2","68B03","0","","1.0","","1","N","N","","0","","0","0","0","","0","","","2","0","0","0","0","0","0","2","0","2","","","","N","","","","","","","","","",""
"2016032756","","2","0","0","0","0","0","0","0","0","1","0","","02","3","2016","3","40.414739","-80.062037","","11","0","0","0","0","0","0","0","0","","0","0","0","","","0","","0","","40 24:53.059","","0","80 03:43.334","0","0","0","0","2435","0","0","0","","0","0","0","3","68B03","0","","1.0","","1","N","N","","0","","0","0","1","","0","","","3","0","0","0","0","0","0","2","0","3","","","","N","","","","","","","","","",""
"2016032872","","1","0","0","0","0","0","0","0","0","7","0","","02","3","2016","2","40.466978","-79.953919","","11","0","0","0","0","0","0","0","0","2","0","0","0","","","0","","1","","40 28:01.120","3","0","79 57:14.108","0","0","0","0","2301","0","0","0","N","0","0","0","1","02301","0","","4.0","","1","N","N","","0","","0","0","0","","0","N","","1","0","0","0","0","0","0","2","0","1","","","","N","","","","","","","","","",""
"2016032886","","1","0","0","0","0","0","0","0","0","7","0","","02","3","2016","5","40.395816","-79.830594","","11","0","0","0","0","0","0","0","0","","0","0","0","","","0","","0","","40 23:44.937","","0","79 49:50.139","0","0","0","0","2111","0","0","0","N","0","0","0","1","02111","0","","4.0","","1","N","N","","0","","0","0","0","","0","","","1","0","0","0","0","0","0","2","0","1","","","","N","","","","","","","","","",""
"2016032123","","1","0","0","0","0","0","0","0","0","7","0","","02","2","2016","3","40.449187","-80.003532","","11","0","0","0","0","0","0","0","0","2","0","0","0","","","1","","0","","40 26:57.074","1","0","80 00:12.715","8","0","0","0","2301","0","0","0","","0","0","0","1","68B03","0","","4.0","","1","N","N","","0","","0","0","0","","0","N","","1","1","1","0","0","1","0","2","0","1","","","","N","","","","","","","","","",""
"2016030603","","0","0","0","0","0","0","0","0","0","8","0","","02","3","2016","2","40.426215","-79.939761","","11","0","0","0","0","0","0","0","0","","0","0","0","","","1","","1","","40 25:34.374","","0","79 56:23.139","4","0","0","0","2301","1","0","0","","1","0","0","2","02301","1","","1.0","","1","","","","0","","0","0","1","","3","","","2","1","0","0","0","0","0","2","0","1","","","","N","","","","","","","","","",""
"2016031381","","2","0","0","0","0","0","0","0","0","4","0","","02","3","2016","4","40.452576","-79.922366","","11","0","0","0","0","0","1","0","0","","0","0","0","","","2","","2","","40 27:09.273","","0","79 55:20.517","4","0","0","0","2301","0","0","0","N","0","0","0","3","02301","2","","1.0","","1","N","N","","0","","0","0","0","","0","","","2","2","0","0","0","0","0","2","0","2","","","","N","","","","","","","","","",""
"2016029980","","2","0","0","0","0","0","0","0","0","1","0","","02","3","2016","4","40.411423","-80.068779","","11","0","0","0","0","0","0","0","0","","0","0","0","","","0","","0","","40 24:41.124","","0","80 04:07.606","0","0","0","0","2435","0","0","0","","0","0","0","3","68B03","0","","1.0","","1","N","N","","0","","0","0","0","","0","","","2","0","0","0","0","0","0","2","0","2","","","","N","","","","","","","","","",""
"2016030383","","2","0","0","0","0","0","0","0","0","4","0","","02","3","2016","1","40.384444","-79.984409","","11","0","0","0","0","0","0","0","0","1","0","0","0","","","2","","2","","40 23:03.998","4","0","79 59:03.872","8","0","0","0","2301","0","0","0","N","0","0","0","3","02301","0","","1.0","","9","N","N","","0","","0","0","0","","0","N","","2","2","0","0","0","2","0","2","0","2","","","","N","","","","","","","","","",""
"2016031973","","1","0","1","0","0","0","0","0","0","2","0","","02","3","2016","5","40.489703","-79.795169","","11","0","0","0","0","0","1","1","0","1","0","0","0","","","2","","0","","40 29:22.932","6","0","79 47:42.609","2","0","0","0","2113","0","0","0","N","0","0","0","2","02113","1","","1.0","","1","N","N","","0","","0","1","1","","0","N","","2","2","0","0","0","0","0","2","0","2","","","","N","","","","","","","","","",""
"2016032757","","1","0","0","0","0","0","0","0","0","7","0","","02","3","2016","7","40.418284","-80.102921","","11","0","0","0","0","0","0","0","0","","0","0","0","","","0","","0","","40 25:05.824","","0","80 06:10.516","0","0","0","0","2115","0","0","0","","0","0","0","1","68B03","0","","4.0","","1","N","N","","0","","0","0","0","","0","","","1","0","0","0","0","0","0","2","0","1","","","","N","","","","","","","","","",""
"2016032124","","3","0","0","0","0","0","0","0","0","1","0","","02","2","2016","7","40.433206","-80.021883","","11","0","0","0","0","0","1","0","0","1","0","0","0","","","1","","0","","40 25:59.542","3","4","80 01:18.778","3","0","0","0","2301","0","0","0","","0","0","0","4","68B03","0","","1.0","","1","N","N","","0","","1","0","0","","0","N","","3","1","0","0","0","0","0","2","0","3","","","","N","","","","","","","","","",""
"2016032807","","2","0","0","0","0","0","0","0","0","1","0","","02","3","2016","5","40.430409","-79.957482","","11","0","0","0","0","0","1","0","0","","0","0","0","","","0","","0","","40 25:49.473","","0","79 57:26.935","0","0","0","0","2301","0","0","0","","0","0","0","3","68B03","0","","1.0","","1","N","N","","1","","0","0","0","","0","","","3","0","0","0","0","0","0","2","0","3","","","","N","","","","","","","","","",""
"2016030604","","0","0","0","0","0","0","0","0","0","7","0","","02","3","2016","2","40.430972","-80.003806","","11","0","0","0","0","0","0","0","0","1","0","0","0","","","0","","0","","40 25:51.500","3","3","80 00:13.700","0","0","0","0","2301","0","0","0","N","0","0","0","1","02301","0","","2.0","","2","N","N","","0","","0","0","1","","0","N","","1","0","0","0","0","0","0","2","0","1","","","","N","","","","","","","","","",""
"2016031368","","1","0","0","0","0","0","0","0","0","7","0","","02","3","2016","6","40.561113","-79.854717","","11","0","0","0","0","0","0","0","0","","0","0","0","","","0","","0","","40 33:40.007","","0","79 51:16.981","0","0","0","0","2209","0","0","0","N","0","0","0","2","02209","0","","2.0","","1","N","N","","0","","0","0","0","","0","","","1","0","0","0","0","0","0","2","0","1","","","","N","","","","","","","","","",""
"2016030683","","1","0","0","0","0","0","0","0","0","4","0","","02","3","2016","2","40.35205","-79.964629","","11","0","0","0","0","0","1","0","0","","0","0","0","","","2","","1","","40 21:07.381","","0","79 57:52.663","8","0","0","0","2403","0","0","0","N","0","0","0","2","02403","0","","1.0","","1","N","N","","1","","0","0","0","","3","","","2","2","0","0","0","2","0","2","0","2","","","","N","","","","","","","","","",""
"2016032758","","1","0","0","0","0","0","0","0","0","1","0","","02","3","2016","4","40.439314","-80.008253","","11","0","0","0","0","0","0","0","0","2","0","0","0","","","0","","6","","40 26:21.532","4","2","80 00:29.710","0","0","0","0","2301","0","0","0","","0","0","0","3","68B03","0","","1.0","","1","N","N","","0","","0","0","1","","4","N","","2","0","0","0","0","0","0","2","0","2","","","","N","","","","","","","","","",""
"2016032125","","0","0","0","0","0","0","0","0","0","7","0","","02","3","2016","2","40.468682","-80.243586","","11","0","0","0","0","0","1","0","0","3","0","0","0","","","0","","0","","40 28:07.255","4","3","80 14:36.909","0","0","0","0","2203","0","0","0","","0","0","0","1","68B03","0","","3.0","","2","N","N","","1","","0","0","0","","0","N","","1","0","0","0","0","0","0","2","0","1","","","","N","","","","","","","","","",""
"2016030400","","1","0","0","0","0","0","0","0","0","7","0","","02","3","2016","7","40.51882","-80.028238","","11","0","0","0","0","0","0","0","0","1","0","0","0","","","0","","2","","40 31:07.752","2","0","80 01:41.656","0","0","0","0","2474","0","0","0","N","0","0","0","1","02474","0","","4.0","","1","N","N","","0","","0","0","0","","0","N","","1","0","1","0","0","0","0","2","0","1","","","","N","","","","","","","","","",""
"2016032875","","0","0","0","0","0","0","0","0","0","2","0","","02","3","2016","3","40.469459","-80.035779","","11","0","0","0","0","0","0","0","0","1","0","0","0","","","0","","2","","40 28:10.052","6","0","80 02:08.804","0","0","0","0","2301","0","0","0","N","0","0","0","2","02301","0","","1.0","","1","N","N","","0","","0","0","2","","0","Y","","2","0","0","0","0","0","0","2","0","2","","","","N","","","","","","","","","",""
"2016032126","","0","0","0","0","0","0","0","0","0","7","0","","02","3","2016","2","40.488613","-80.268839","","11","0","0","0","0","0","0","0","0","1","0","0","0","","","0","","0","","40 29:19.007","4","0","80 16:07.819","0","0","0","0","2203","0","0","0","","0","0","0","1","68B03","0","","4.0","","2","N","N","","0","","0","0","1","","0","Y","","1","0","0","0","0","0","0","1","0","1","","","","N","","","","","","","","","",""
"2016031370","","0","0","0","0","0","0","0","0","0","7","0","","02","3","2016","2","40.404091","-79.95284","","11","0","0","0","0","0","0","0","0","2","0","0","0","","","1","","0","","40 24:14.726","2","0","79 57:10.225","8","0","0","0","2403","0","0","0","N","0","0","0","1","02403","0","","4.0","","9","N","N","","1","","0","0","0","","0","N","","1","1","0","0","0","1","0","2","0","1","","","","N","","","","","","","","","",""
"2016032192","","0","0","0","0","0","0","0","0","0","7","0","","02","3","2016","6","40.397658","-79.991892","","11","0","0","0","0","0","0","0","0","","0","0","0","","","0","","0","","40 23:51.570","","0","79 59:30.810","0","0","0","0","2301","0","0","0","N","0","0","0","1","02301","0","","4.0","","1","N","N","","0","","0","0","1","","0","","","1","0","0","0","0","0","0","2","0","1","","","","N","","","","","","","","","",""
"2016031446","","2","0","0","0","0","0","0","0","0","6","0","","02","3","2016","4","40.461033","-79.819487","","11","0","0","0","0","0","0","0","0","1","0","0","0","","","2","","2","","40 27:39.719","5","0","79 49:10.152","4","0","0","0","2113","0","0","0","N","0","0","0","3","02113","2","","1.0","","1","N","N","","0","","0","0","0","","3","N","","2","2","0","0","0","0","0","2","0","2","","","","N","","","","","","","","","",""
"2016030386","","1","0","0","0","0","0","0","0","0","7","0","","02","3","2016","1","40.366958","-80.10552","","11","0","0","0","0","0","0","0","0","","0","0","0","","","0","","0","","40 22:01.047","","0","80 06:19.872","0","0","0","0","2102","0","0","0","N","0","0","0","1","02102","0","","2.0","","9","N","N","","0","","0","0","0","","0","","","1","0","0","0","0","0","0","2","0","1","","","","N","","","","","","","","","",""
"2016031305","","1","0","0","0","0","0","0","0","0","1","0","","02","3","2016","2","40.476379","-80.065665","","11","0","0","0","0","0","1","0","0","","0","0","0","","","2","","0","","40 28:34.966","","0","80 03:56.394","4","0","0","0","2122","0","0","0","N","0","0","0","3","02122","2","","1.0","","1","N","N","","1","","0","0","0","","0","","","2","2","1","0","0","0","0","2","0","2","","","","N","","","","","","","","","",""
"2016032127","","2","0","0","0","0","0","0","0","0","1","0","","02","3","2016","2","40.42498","-80.114704","","11","0","0","0","0","0","1","1","0","","0","0","0","","","1","","0","","40 25:29.927","","0","80 06:52.936","8","0","0","0","2115","0","0","0","","0","0","0","4","68B03","0","","1.0","","1","N","N","","0","","0","0","0","","0","","","2","1","0","0","0","1","0","2","0","2","","","","N","","","","","","","","","",""
"2016032810","","0","0","0","0","0","0","0","0","0","7","0","","02","3","2016","4","40.583764","-79.779704","","11","0","0","0","0","0","0","0","0","2","0","0","0","","","0","","0","","40 35:01.550","2","0","79 46:46.933","0","0","0","0","2104","0","0","0","","0","0","0","2","68D02","0","","2.0","","1","N","N","","0","","0","0","0","","0","N","","1","0","0","0","0","0","0","2","1","1","","","","N","","","","","","","","","",""
"2016032209","","2","0","0","0","0","0","0","0","0","4","0","","02","3","2016","7","40.455253","-79.881861","","11","0","0","0","0","0","0","0","0","","0","0","0","","","0","","0","","40 27:18.910","","0","79 52:54.700","9","0","0","0","2301","0","0","0","N","0","0","0","2","02301","0","","6.0","","1","N","N","","0","","0","0","0","","0","","","2","0","0","0","0","0","2","2","0","2","","","","N","","","","","","","","","",""
"2016031230","","1","0","0","0","0","0","0","0","0","1","0","","02","3","2016","3","40.440419","-79.958529","","11","0","0","0","0","0","0","0","0","","0","0","0","","","0","","0","","40 26:25.507","","0","79 57:30.705","0","0","0","0","2301","0","0","0","N","0","0","0","1","02301","0","","4.0","","1","N","N","","0","","0","0","1","","0","","","2","0","0","0","0","0","0","2","0","2","","","","N","","","","","","","","","",""
"2016031242","","0","0","0","0","0","0","0","0","0","7","0","","02","3","2016","4","40.451822","-79.84383","","11","0","0","0","0","0","1","0","0","2","0","0","0","","","0","","0","","40 27:06.559","2","0","79 50:37.788","0","0","0","0","2113","0","0","0","Y","0","0","0","1","02113","0","","4.0","","1","N","N","","0","","0","0","1","","0","N","","1","0","0","0","0","0","0","2","0","1","","","","N","","","","","","","","","",""
"2016030545","","2","0","0","0","0","0","0","0","0","1","0","","02","3","2016","2","40.455658","-79.966022","","11","0","0","0","0","0","0","0","0","1","0","0","0","","","2","","5","","40 27:20.370","7","0","79 57:57.680","3","0","0","0","2301","0","0","0","N","0","0","0","3","02301","0","","1.0","","9","N","N","","0","","2","0","0","","2","N","","2","2","2","0","0","0","0","2","0","2","","","","N","","","","","","","","","",""
"2016032128","","1","0","0","0","0","0","0","0","0","1","1","","02","3","2016","2","40.429308","-79.943281","","11","0","0","0","0","0","1","0","1","","0","1","0","","","1","","0","","40 25:45.508","","0","79 56:35.813","8","0","0","0","2301","0","0","0","","0","0","0","2","68B03","0","","1.0","","1","N","N","","0","","0","0","0","","0","","","2","1","0","0","0","1","0","2","0","2","","","","N","","","","","","","","","",""
"2016030608","","0","0","0","0","0","0","0","0","0","1","0","","02","3","2016","1","40.330685","-79.986978","","11","0","0","0","0","0","2","0","0","","0","0","0","","","1","","2","","40 19:50.465","","0","79 59:13.121","8","0","0","0","2219","0","0","0","N","0","0","0","3","02219","0","","1.0","","9","N","N","","2","","0","0","0","","2","","","2","1","0","0","0","1","0","2","0","2","","","","N","","","","","","","","","",""
"2016030546","","0","0","0","0","0","0","0","0","0","7","0","","02","3","2016","7","40.276283","-79.890894","","11","0","0","0","0","0","0","1","0","3","1","0","0","","","0","","0","","40 16:34.620","7","2","79 53:27.219","1","0","0","0","2440","0","0","0","Y","0","0","0","1","02440","0","2","4.0","","1","N","N","","0","0","0","0","1","","0","Y","","1","0","0","0","0","0","0","2","0","1","","","","N","","","","","","","","","",""
"2016030624","","1","0","0","0","0","0","0","0","0","4","0","","02","3","2016","2","40.658399","-80.008613","","11","0","0","0","0","0","0","0","1","","0","0","0","","","0","","2","","40 39:30.237","","0","80 00:31.008","0","0","0","0","2216","0","0","0","N","0","0","0","2","02505","0","","1.0","","1","N","N","","1","","0","0","0","","2","","","2","0","0","0","0","0","0","2","0","2","","","","N","","","","","","","","","",""
"2016032199","","1","0","0","0","0","0","0","0","0","7","0","","02","3","2016","7","40.535199","-79.932418","","11","0","0","0","0","0","0","0","0","","0","0","0","","","0","","0","","40 32:06.715","","0","79 55:56.704","9","0","0","0","2112","0","0","0","N","0","0","0","1","02112","0","","2.0","","1","N","N","","0","","0","0","0","","0","","","1","0","0","0","0","0","1","2","0","1","","","","N","","","","","","","","","",""
"2016030625","","1","0","0","0","0","0","0","0","0","7","0","","02","3","2016","2","40.522057","-80.273063","","11","0","0","0","0","0","0","0","0","2","0","0","0","","","0","","0","","40 31:19.404","3","3","80 16:23.026","0","0","0","0","2203","0","0","0","Y","0","0","0","1","02203","0","","2.0","","2","N","N","","0","","0","0","0","","0","N","","1","0","0","0","0","0","0","2","0","1","","","","N","","","","","","","","","",""