"CRN","ARRIVAL_TM","AUTOMOBILE_COUNT","BELTED_DEATH_COUNT","BELTED_SUSP_SERIOUS_INJ_COUNT","BICYCLE_COUNT","BICYCLE_DEATH_COUNT","BICYCLE_SUSP_SERIOUS_INJ_COUNT","BUS_COUNT","CHLDPAS_DEATH_COUNT","CHLDPAS_SUSP_SERIOUS_INJ_COUNT","COLLISION_TYPE","COMM_VEH_COUNT","CONS_ZONE_SPD_LIM","COUNTY","CRASH_MONTH","CRASH_YEAR","DAY_OF_WEEK","DEC_LATITUDE","DEC_LONGITUDE","DISPATCH_TM","DISTRICT","DRIVER_COUNT_16YR","DRIVER_COUNT_17YR","DRIVER_COUNT_18YR","DRIVER_COUNT_19YR","DRIVER_COUNT_20YR","DRIVER_COUNT_50_64YR","DRIVER_COUNT_65_74YR","DRIVER_COUNT_75PLUS","EST_HRS_CLOSED","FATAL_COUNT","HEAVY_TRUCK_COUNT","HORSE_BUGGY_COUNT","HOUR_OF_DAY","ILLUMINATION","INJURY_COUNT","INTERSECTION_RELATED","INTERSECT_TYPE","LANE_CLOSED","LATITUDE","LN_CLOSE_DIR","LOCATION_TYPE","LONGITUDE","MAX_SEVERITY_LEVEL","MCYCLE_DEATH_COUNT","MCYCLE_SUSP_SERIOUS_INJ_COUNT","MOTORCYCLE_COUNT","MUNICIPALITY","NONMOTR_COUNT","NONMOTR_DEATH_COUNT","NONMOTR_SUSP_SERIOUS_INJ_COUNT","NTFY_HIWY_MAINT","PED_COUNT","PED_DEATH_COUNT","PED_SUSP_SERIOUS_INJ_COUNT","PERSON_COUNT","POLICE_AGCY","POSSIBLE_INJ_COUNT","RDWY_SURF_TYPE_CD","RELATION_TO_ROAD","ROADWAY_CLEARED","ROAD_CONDITION","SCH_BUS_IND","SCH_ZONE_IND","SECONDARY_CRASH","SMALL_TRUCK_COUNT","SPEC_JURIS_CD","SUSP_MINOR_INJ_COUNT","SUSP_SERIOUS_INJ_COUNT","SUV_COUNT","TCD_FUNC_CD","TCD_TYPE","TFC_DETOUR_IND","TIME_OF_DAY","TOTAL_UNITS","TOT_INJ_COUNT","UNBELTED_OCC_COUNT","UNB_DEATH_COUNT","UNB_SUSP_SERIOUS_INJ_COUNT","UNK_INJ_DEG_COUNT","UNK_INJ_PER_COUNT","URBAN_RURAL","VAN_COUNT","VEHICLE_COUNT","WEATHER1","WEATHER2","WORKERS_PRES","WORK_ZONE_IND","WORK_ZONE_LOC","WORK_ZONE_TYPE","WZ_CLOSE_DETOUR","WZ_FLAGGER","WZ_LAW_OFFCR_IND","WZ_LN_CLOSURE","WZ_MOVING","WZ_OTHER","WZ_SHLDER_MDN","WZ_WORKERS_INJ_KILLED"
"2016037517","","1","0","0","0","0","0","0","0","0","7","0","","02","4","2016","2","40.35755","-80.087994","","11","0","1","0","0","0","0","0","0","","0","0","0","","","0","","0","","40 21:27.180","","0","80 05:16.780","0","0","0","0","2123","0","0","0","N","0","0","0","1","02123","0","","5.0","","9","N","N","","0","","0","0","0","","0","","","1","0","0","0","0","0","0","2","0","1","","","","N","","","","","","","","","",""
"2016038330","","1","0","0","0","0","0","0","0","0","4","0","","02","4","2016","4","40.46338","-79.953931","","11","0","0","0","0","0","0","0","0","","0","0","0","","","0","","2","","40 27:48.168","","0","79 57:14.151","0","0","0","0","2301","0","0","0","N","0","0","0","4","02301","0","","1.0","","1","N","N","","1","","0","0","0","","0","","","2","0","0","0","0","0","0","2","0","2","","","","N","","","","","","","","","",""
"2016038811","","1","0","0","0","0","0","0","0","0","8","0","","02","4","2016","6","40.461622","-79.948973","","11","0","0","0","0","0","0","0","0","","0","0","0","","","1","","1","","40 27:41.839","","0","79 56:56.302","8","0","0","0","2301","1","0","0","","1","0","0","2","02301","0","","1.0","","1","N","N","","0","","0","0","0","","2","","","2","1","0","0","0","1","1","2","0","1","","","","N","","","","","","","","","",""
"2016038939","","1","0","0","0","0","0","0","0","0","7","0","","02","4","2016","6","40.481524","-80.046061","","11","0","0","0","0","0","0","0","0","2","0","0","0","","","0","","2","","40 28:53.488","1","0","80 02:45.818","0","0","0","0","2301","0","0","0","N","0","0","0","1","02301","0","","5.0","","1","N","N","","0","","0","0","0","","0","N","","2","0","0","0","0","0","0","2","0","1","","","","N","","","","","","","","","",""
"2016036614","","1","0","0","0","0","0","0","0","0","4","0","","02","4","2016","6","40.32326","-79.8197","","11","0","1","0","0","0","1","0","0","2","0","0","0","","","1","","0","","40 19:23.736","2","0","79 49:10.920","8","0","0","0","2304","0","0","0","N","0","0","0","3","02304","0","","1.0","","1","N","N","","0","","0","0","0","","0","Y","","2","1","0","0","0","1","1","2","1","2","","","","N","","","","","","","","","",""
"2016038927","","1","0","0","0","0","0","0","0","0","7","0","","02","4","2016","4","40.4857","-80.193722","","11","0","0","0","0","0","0","0","0","","0","0","0","","","0","","2","","40 29:08.520","","0","80 11:37.400","0","0","0","0","2213","0","0","0","","0","0","0","1","02213","0","","5.0","","1","N","N","","0","","0","0","0","","2","","","1","0","0","0","0","0","0","2","0","1","","","","N","","","","","","","","","",""
"2016035996","","1","0","0","0","0","0","0","0","0","1","0","","02","4","2016","5","40.619801","-79.944576","","11","0","0","0","0","0","2","0","0","2","0","0","0","","","2","","0","","40 37:11.284","5","0","79 56:40.475","8","0","0","0","2217","0","0","0","N","0","0","0","2","02505","0","","1.0","","9","N","N","","0","","0","0","1","","0","Y","","2","2","0","0","0","2","0","2","0","2","","","","N","","","","","","","","","",""
"2016036755","","1","0","0","0","0","0","0","0","0","4","0","","02","4","2016","7","40.394078","-79.902844","","11","0","0","0","0","0","0","0","0","2","0","0","0","","","2","","3","","40 23:38.680","4","0","79 54:10.240","3","0","0","0","2448","0","0","0","N","0","0","0","2","02448","0","","1.0","","9","N","N","","1","","1","0","0","","0","N","","2","2","0","0","0","1","0","2","0","2","","","","N","","","","","","","","","",""
"2016038814","","1","0","0","0","0","0","0","0","0","4","0","","02","4","2016","5","40.537204","-79.963709","","11","0","0","0","0","0","0","1","1","","0","0","0","","","1","","0","","40 32:13.935","","0","79 57:49.352","8","0","0","0","2118","0","0","0","N","0","0","0","2","02118","0","","1.0","","1","N","N","","0","","0","0","1","","2","","","2","1","0","0","0","1","0","2","0","2","","","","N","","","","","","","","","",""
"2016036616","","2","0","0","0","0","0","0","0","0","1","0","","02","4","2016","6","40.529762","-79.779078","","11","0","0","0","0","0","0","0","0","","0","0","0","","","1","","2","","40 31:47.144","","0","79 46:44.679","8","0","0","0","2466","0","0","0","N","0","0","0","4","02466","0","","1.0","","1","N","N","","0","","0","0","0","","0","","","2","1","0","0","0","1","0","2","0","2","","","","N","","","","","","","","","",""
"2016038928","","2","0","0","0","0","0","0","0","0","4","0","","02","4","2016","4","40.510348","-80.201468","","11","0","0","0","0","1","0","0","0","1","0","0","0","","","2","","0","","40 30:37.253","5","0","80 12:05.286","8","0","0","0","2213","0","0","0","","0","0","0","2","02213","0","","1.0","","1","N","N","","0","","0","0","0","","0","N","","2","2","0","0","0","2","0","2","0","2","","","","N","","","","","","","","","",""
"2016038815","","2","0","0","0","0","0","0","0","0","1","0","","02","4","2016","5","40.45907","-79.907779","","11","0","0","0","0","0","1","0","1","","0","0","0","","","0","","0","","40 27:32.651","","0","79 54:28.006","0","0","0","0","2301","0","0","0","N","0","0","0","2","02301","0","","1.0","","1","N","N","","0","","0","0","0","","0","","","2","0","0","0","0","0","0","2","0","2","","","","N","","","","","","","","","",""
"2016038750","","0","0","0","0","0","0","0","0","0","8","0","","02","4","2016","6","40.435324","-79.755513","","11","0","0","0","0","0","0","0","0","","0","0","0","","","1","","0","","40 26:07.167","","7","79 45:19.848","4","0","0","0","2446","1","0","0","N","1","0","0","2","02446","1","","4.0","","1","N","N","","1","","0","0","0","","0","","","2","1","0","0","0","0","0","2","0","1","","","","N","","","","","","","","","",""
"2016037307","","4","0","0","0","0","0","0","0","0","1","0","","02","4","2016","2","40.464268","-79.925609","","11","0","0","0","0","0","0","0","0","1","0","0","0","","","1","","0","","40 27:51.365","2","0","79 55:32.194","8","0","0","0","2301","0","0","0","N","0","0","0","1","02301","0","","1.0","","1","N","N","","0","","0","0","0","","0","N","","4","1","0","0","0","1","0","2","0","4","","","","N","","","","","","","","","",""
"2016038334","","1","0","0","0","0","0","0","0","0","1","0","","02","4","2016","4","40.384123","-80.093274","","11","0","0","0","0","0","1","0","0","1","0","0","0","","","2","","0","","40 23:02.842","4","0","80 05:35.786","4","0","0","0","2102","0","0","0","N","0","0","0","4","02102","2","","1.0","","1","N","N","","0","","0","0","2","","0","Y","","3","2","0","0","0","0","0","2","0","3","","","","N","","","","","","","","","",""
"2016037232","","2","0","0","0","0","0","0","0","0","1","0","","02","4","2016","3","40.411489","-80.075846","","11","0","0","0","0","0","0","0","0","","0","0","0","","","1","","6","","40 24:41.361","","2","80 04:33.046","3","0","0","0","2117","0","0","0","","0","0","0","2","68B03","0","","1.0","","1","N","N","","0","","1","0","0","","4","","","2","1","0","0","0","0","0","2","0","2","","","","N","","","","","","","","","",""
"2016037308","","0","0","0","0","0","0","0","0","0","1","0","","02","4","2016","2","40.587512","-79.776483","","11","0","0","0","0","0","0","0","0","","0","0","0","","","0","","0","","40 35:15.042","","0","79 46:35.338","0","0","0","0","2104","0","0","0","N","0","0","0","2","02104","0","","1.0","","9","N","N","","0","","0","0","2","","0","","","2","0","0","0","0","0","0","2","0","2","","","","N","","","","","","","","","",""
"2016037377","","1","0","0","0","0","0","0","0","0","1","0","","02","4","2016","7","40.46595","-79.95563","","11","0","0","0","0","0","0","0","0","","0","0","0","","","0","","1","","40 27:57.420","","0","79 57:20.268","0","0","0","0","2301","0","0","0","N","0","0","0","2","02301","0","","1.0","","1","N","N","","0","","0","0","1","","0","","","2","0","0","0","0","0","0","2","0","2","","","","N","","","","","","","","","",""
"2016038944","","0","0","0","0","0","0","0","0","0","2","0","","02","4","2016","6","40.456659","-80.000113","","11","0","0","0","0","0","1","0","0","2","0","0","0","","","1","","2","","40 27:23.972","1","0","80 00:00.406","8","0","0","0","2301","0","0","0","N","0","0","0","4","02301","0","","1.0","","1","N","N","","0","","0","0","1","","3","N","","2","1","0","0","0","1","0","2","1","2","","","","N","","","","","","","","","",""
"2016037378","","1","0","0","0","0","0","0","0","0","8","0","","02","4","2016","2","40.389225","-79.985428","","11","0","0","0","0","0","1","0","0","","0","0","0","","","1","","2","","40 23:21.210","","0","79 59:07.540","3","0","0","0","2301","1","0","0","N","1","0","0","2","02301","0","","1.0","","1","N","N","","0","","1","0","0","","0","","","2","1","0","0","0","0","0","2","0","1","","","","N","","","","","","","","","",""
"2016037310","","1","0","0","0","0","0","0","0","0","5","0","","02","4","2016","1","40.455911","-79.942038","","11","0","0","0","0","0","0","0","1","","0","0","0","","","1","","1","","40 27:21.280","","0","79 56:31.337","4","0","0","0","2301","0","0","0","N","0","0","0","2","02301","1","","1.0","","1","N","N","","0","","0","0","1","","2","","","2","1","0","0","0","0","0","2","0","2","","","","N","","","","","","","","","",""
"2016038945","","1","0","0","1","0","0","0","0","0","6","0","","02","4","2016","6","40.453378","-79.892081","","11","0","0","0","0","0","1","0","0","1","0","0","0","","","1","","0","","40 27:12.160","6","0","79 53:31.490","8","0","0","0","2301","1","0","0","N","0","0","0","3","02301","0","","1.0","","1","N","N","","0","","0","0","0","","0","N","","2","1","0","0","0","1","0","2","0","1","","","","N","","","","","","","","","",""
"2016036762","","2","0","0","0","0","0","0","0","0","4","0","","02","4","2016","7","40.655185","-80.086928","","11","0","0","0","0","0","0","0","0","1","0","0","0","","","1","","1","","40 39:18.666","4","0","80 05:12.940","4","0","0","0","2212","0","0","0","N","0","0","0","5","02505","1","","1.0","","9","N","N","","1","","0","0","0","","2","N","","3","1","0","0","0","0","0","2","0","3","","","","N","","","","","","","","","",""
"2016038045","","2","0","0","0","0","0","0","0","0","1","0","","02","4","2016","3","40.427487","-79.922165","","11","0","0","0","0","1","0","0","0","1","0","0","0","","","0","","0","","40 25:38.952","4","4","79 55:19.795","0","0","0","0","2301","0","0","0","","0","0","0","3","68B03","0","","1.0","","1","N","N","","0","","0","0","0","","0","N","","2","0","0","0","0","0","0","2","0","2","","","","N","","","","","","","","","",""
"2016038115","","1","0","0","0","0","0","0","0","0","2","0","","02","3","2016","4","40.372984","-80.099265","","11","0","0","0","0","0","1","1","0","1","0","0","0","","","0","","2","","40 22:22.744","4","0","80 05:57.354","0","0","0","0","2102","0","0","0","N","0","0","0","2","02102","0","","1.0","","1","N","N","","0","","0","0","0","","2","N","","2","0","0","0","0","0","0","2","1","2","","","","N","","","","","","","","","",""
"2016038129","","1","0","0","0","0","0","0","0","0","7","0","","02","3","2016","5","40.494334","-80.033995","","11","0","0","0","0","0","0","0","0","3","0","0","0","","","0","","2","","40 29:39.602","7","0","80 02:02.382","0","0","0","0","2116","0","0","0","N","0","0","0","1","02116","0","","5.0","","9","N","N","","0","","0","0","0","","0","Y","","1","0","0","0","0","0","0","2","0","1","","","","N","","","","","","","","","",""
"2016038755","","1","0","0","0","0","0","0","0","0","7","0","","02","4","2016","5","40.32615","-79.988127","","11","0","0","0","0","0","0","1","0","","0","0","0","","","1","","0","","40 19:34.140","","0","79 59:17.257","8","0","0","0","2219","0","0","0","N","0","0","0","1","02219","0","","5.0","","1","N","N","","0","","0","0","0","","0","","","1","1","1","0","0","1","0","2","0","1","","","","N","","","","","","","","","",""
"2016038822","","2","0","0","0","0","0","0","0","0","4","0","","02","4","2016","3","40.365339","-80.108249","","11","0","1","0","0","0","0","0","0","","0","0","0","","","0","","0","","40 21:55.219","","7","80 06:29.695","0","0","0","0","2102","0","0","0","N","0","0","0","3","02102","0","","1.0","","1","N","N","","0","","0","0","0","","2","","","2","0","0","0","0","0","0","2","0","2","","","","N","","","","","","","","","",""
"2016038117","","1","0","0","0","0","0","0","0","0","1","0","","02","4","2016","2","40.581613","-80.054311","","11","0","0","0","0","0","0","1","0","1","0","0","0","","","0","","2","","40 34:53.807","3","0","80 03:15.520","0","0","0","0","2108","0","0","0","N","0","0","0","2","02108","0","","1.0","","1","N","N","","0","","0","0","1","","3","N","","2","0","0","0","0","0","0","2","0","2","","","","N","","","","","","","","","",""
"2016038948","","2","0","0","0","0","0","0","0","0","4","0","","02","4","2016","6","40.429854","-79.751251","","11","0","0","0","0","0","0","0","0","","0","0","0","","","0","","2","","40 25:47.476","","0","79 45:04.504","0","0","0","0","2446","0","0","0","N","0","0","0","4","02446","0","","1.0","","1","N","N","","0","","0","0","0","","2","","","2","0","0","0","0","0","0","2","0","2","","","","N","","","","","","","","","",""
"2016037383","","1","0","0","0","0","0","0","0","0","7","0","","02","4","2016","2","40.414297","-80.00032","","11","0","1","0","0","0","0","0","0","","0","0","0","","","0","","1","","40 24:51.469","","0","80 00:01.152","0","0","0","0","2301","0","0","0","N","0","0","0","2","02301","0","","5.0","","9","N","N","","0","","0","0","0","","3","","","1","0","0","0","0","0","0","2","0","1","","","","N","","","","","","","","","",""
"2016038132","","1","0","0","0","0","0","0","0","0","1","0","","02","4","2016","4","40.449706","-80.025099","","11","0","0","0","0","0","1","0","0","1","0","0","0","","","1","","10","","40 26:58.940","2","3","80 01:30.356","8","0","0","0","2301","0","0","0","N","0","0","0","6","02301","0","","1.0","","1","N","N","","0","","0","0","3","","2","N","","4","1","1","0","0","1","1","2","0","4","","","","N","","","","","","","","","",""
"2016038950","","2","0","0","0","0","0","0","0","0","4","0","","02","4","2016","6","40.406438","-79.829926","","11","0","0","0","0","1","1","0","0","","0","0","0","","","1","","1","","40 24:23.178","","0","79 49:47.732","4","0","0","0","2467","0","0","0","N","0","0","0","2","02467","1","","1.0","","1","N","N","","0","","0","0","0","","0","","","2","1","0","0","0","0","0","2","0","2","","","","N","","","","","","","","","",""
"2016036700","","0","0","0","0","0","0","0","0","0","7","0","","02","4","2016","7","40.398021","-79.999731","","11","0","0","0","0","0","0","0","0","1","0","0","0","","","0","","0","","40 23:52.874","2","0","79 59:59.030","0","0","0","0","2301","0","0","0","N","0","0","0","2","02301","0","","2.0","","9","N","N","","1","","0","0","0","","0","N","","1","0","0","0","0","0","0","2","0","1","","","","N","","","","","","","","","",""
"2016037545","","1","0","0","0","0","0","0","0","0","7","0","","02","4","2016","2","40.488415","-80.338177","","11","0","0","0","1","0","0","0","0","2","0","0","0","","","0","","0","","40 29:18.294","4","0","80 20:17.437","0","0","0","0","2203","0","0","0","N","0","0","0","1","02203","0","","5.0","","1","N","N","","0","","0","0","0","","0","N","","1","0","0","0","0","0","0","1","0","1","","","","N","","","","","","","","","",""
"2016036771","","1","0","0","0","0","0","0","0","0","7","0","","02","4","2016","7","40.427476","-80.054463","","11","0","0","0","0","0","0","1","0","","0","0","0","","","1","","0","","40 25:38.913","","7","80 03:16.067","3","0","0","0","2301","1","0","0","N","1","0","0","2","02301","0","","4.0","","1","N","N","","0","","1","0","0","","0","","","2","1","0","0","0","0","0","2","0","1","","","","N","","","","","","","","","",""
"2016036629","","1","0","0","0","0","0","0","0","0","1","0","","02","4","2016","6","40.5485","-80.218868","","11","0","0","0","0","0","1","0","0","2","0","0","0","","","0","","0","","40 32:54.600","1","0","80 13:07.924","0","0","0","0","2103","0","0","0","N","0","0","0","2","02103","0","","1.0","","1","N","N","","1","","0","0","0","","0","N","","2","0","0","0","0","0","0","2","0","2","","","","N","","","","","","","","","",""
"2016037547","","1","0","0","0","0","0","0","0","0","7","0","","02","4","2016","2","40.488135","-79.852727","","11","0","0","0","0","0","0","0","0","2","0","0","0","","","1","","0","","40 29:17.287","6","0","79 51:09.816","4","0","0","0","2113","0","0","0","N","0","0","0","1","02113","1","","5.0","","8","N","N","","0","","0","0","0","","0","Y","","1","1","0","0","0","0","0","2","0","1","","","","N","","","","","","","","","",""
"2016037321","","1","0","0","0","0","0","0","0","0","1","0","","02","4","2016","7","40.304156","-79.996278","","11","0","0","0","0","0","1","0","0","","0","0","0","","","0","","0","","40 18:14.960","","0","79 59:46.600","0","0","0","0","2219","0","0","0","N","0","0","0","2","02501","0","","1.0","","1","N","N","","0","","0","0","1","","0","","","2","0","0","0","0","0","0","2","0","2","","","","N","","","","","","","","","",""
"2016038954","","2","0","0","0","0","0","0","0","0","1","0","","02","4","2016","6","40.437953","-80.053855","","11","0","0","0","0","0","0","1","0","","0","0","0","","","1","","2","","40 26:16.632","","0","80 03:13.877","8","0","0","0","2301","0","0","0","N","0","0","0","2","02301","0","","1.0","","1","N","N","","0","","0","0","0","","3","","","2","1","0","0","0","1","0","2","0","2","","","","N","","","","","","","","","",""
"2016036630","","1","0","0","0","0","0","0","0","0","6","0","","02","4","2016","6","40.380781","-79.926919","","11","0","0","0","0","0","0","0","0","4","1","0","0","","","1","","0","","40 22:50.813","5","0","79 55:36.907","1","0","0","0","2301","0","0","0","N","0","0","0","2","02301","0","2","1.0","","1","N","N","","0","0","0","0","1","","0","Y","","2","1","1","1","0","1","0","2","0","2","","","","N","","","","","","","","","",""
"2016038071","","1","0","0","0","0","0","0","0","0","1","0","","02","4","2016","4","40.430463","-79.710628","","11","0","0","0","0","0","0","0","0","1","0","0","0","","","1","","0","","40 25:49.665","4","0","79 42:38.262","8","0","0","0","2446","0","0","0","N","0","0","0","2","02446","0","","1.0","","1","N","N","","0","","0","0","1","","2","N","","2","1","0","0","0","1","0","2","0","2","","","","N","","","","","","","","","",""
"2016037323","","1","0","0","0","0","0","0","0","0","7","0","","02","4","2016","4","40.397757","-80.023002","","11","0","0","0","0","0","0","0","0","","0","0","0","","","0","","2","","40 23:51.925","","0","80 01:22.807","0","0","0","0","2301","0","0","0","N","0","0","0","4","02301","0","","2.0","","1","N","N","","0","","0","0","0","","3","","","1","0","0","0","0","0","0","2","0","1","","","","N","","","","","","","","","",""
"2016038848","","0","0","0","0","0","0","0","0","0","4","0","","02","4","2016","6","40.486941","-80.055164","","11","0","0","0","0","0","1","0","1","2","0","0","0","","","2","","0","","40 29:12.986","1","0","80 03:18.592","3","0","0","0","2404","0","0","0","N","0","0","0","4","02404","0","","1.0","","1","N","N","","1","","2","0","1","","0","N","","2","2","3","0","0","0","0","2","0","2","","","","N","","","","","","","","","",""
"2016038140","","2","0","0","0","0","0","0","0","0","1","0","","02","4","2016","4","40.631043","-79.961941","","11","0","0","0","0","0","1","0","0","1","0","0","0","","","2","","0","","40 37:51.755","4","0","79 57:42.987","4","0","0","0","2217","0","0","0","N","0","0","0","2","02505","2","","1.0","","2","N","N","","0","","0","0","0","","0","N","","2","2","1","0","0","0","0","2","0","2","","","","N","","","","","","","","","",""
"2016037538","","1","0","0","0","0","0","0","0","0","7","0","","02","2","2016","3","40.370195","-79.801788","","11","0","1","0","0","0","0","0","0","2","0","0","0","","","0","","0","","40 22:12.702","1","0","79 48:06.438","0","0","0","0","2111","0","0","0","N","0","0","0","1","02111","0","","2.0","","7","N","N","","0","","0","0","0","","0","N","","1","0","0","0","0","0","0","2","0","1","","","","N","","","","","","","","","",""
"2016038849","","1","0","0","0","0","0","0","0","0","1","1","","02","4","2016","6","40.440414","-79.8965","","11","0","0","1","0","0","0","0","0","","0","1","0","","","0","","0","","40 26:25.490","","0","79 53:47.400","0","0","0","0","2301","0","0","0","N","0","0","0","1","02301","0","","1.0","","1","N","N","","0","","0","0","0","","0","","","2","0","0","0","0","0","0","2","0","2","","","","N","","","","","","","","","",""
"2016036778","","0","0","0","0","0","0","0","0","0","0","0","","02","3","2016","6","40.300946","-79.928338","","11","0","0","0","0","0","0","0","0","3","0","0","0","","","0","","0","","40 18:03.406","1","0","79 55:42.016","0","0","0","0","2440","0","0","0","N","0","0","0","1","02440","0","","1.0","","1","N","N","","0","","0","0","1","","0","N","","1","0","0","0","0","0","0","2","0","1","","","","N","","","","","","","","","",""
"2016037539","","1","0","0","0","0","0","0","0","0","2","0","","02","4","2016","2","40.475102","-80.095863","","11","0","0","0","0","0","1","0","0","2","0","0","0","","","1","","3","","40 28:30.367","2","0","80 05:45.106","8","0","0","0","2126","0","0","0","N","0","0","0","3","02126","0","","1.0","","9","N","N","","0","","0","0","1","","3","Y","","2","1","0","0","0","1","0","2","0","2","","","","N","","","","","","","","","",""
"2016038768","","1","0","0","0","0","0","0","0","0","7","0","","02","4","2016","6","40.333711","-79.84814","","11","0","0","0","0","0","1","0","0","2","0","0","0","","","2","","0","","40 20:01.358","7","0","79 50:53.305","8","0","0","0","2304","0","0","0","N","0","0","0","2","02304","0","","5.0","","1","N","N","","0","","0","0","0","","2","Y","","1","2","0","0","0","2","0","2","0","1","","","","N","","","","","","","","","",""
"2016038074","","1","0","0","0","0","0","0","0","0","1","0","","02","4","2016","2","40.403802","-80.001391","","11","0","0","0","0","0","0","1","0","2","0","0","0","","","1","","0","","40 24:13.687","1","0","80 00:05.008","4","0","0","0","2301","0","0","0","N","0","0","0","3","02301","1","","1.0","","1","N","N","","1","","0","0","1","","0","N","","3","1","0","0","0","0","0","2","0","3","","","","N","","","","","","","","","",""
"2016036033","","1","0","0","0","0","0","0","0","0","4","0","","02","4","2016","4","40.451332","-80.003113","","11","0","0","0","0","0","2","0","0","","0","0","0","","","0","","0","","40 27:04.796","","0","80 00:11.206","0","0","0","0","2301","0","0","0","N","0","0","0","2","02301","0","","1.0","","9","N","N","","1","","0","0","0","","0","","","2","0","0","0","0","0","0","2","0","2","","","","N","","","","","","","","","",""
"2016037262","","2","0","0","0","0","0","0","0","0","2","0","","02","4","2016","1","40.393753","-79.983214","","11","0","0","0","0","0","0","0","0","1","0","0","0","","","1","","0","","40 23:37.510","5","0","79 58:59.570","8","0","0","0","2301","0","0","0","N","0","0","0","1","02301","0","","6.0","","1","N","N","","0","","0","0","1","","0","Y","","3","1","0","0","0","1","0","2","0","3","","","","N","","","","","","","","","",""
"2016036019","","2","0","0","0","0","0","0","0","0","2","0","","02","4","2016","5","40.351889","-79.862192","","11","0","0","0","0","0","0","0","0","1","0","0","0","","","0","","1","","40 21:06.799","3","0","79 51:43.890","0","0","0","0","2304","0","0","0","N","0","0","0","2","02304","0","","1.0","","9","N","N","","0","","0","0","0","","2","N","","2","0","0","0","0","0","0","2","0","2","","","","N","","","","","","","","","",""
"2016036781","","1","0","0","0","0","0","0","0","0","7","0","","02","4","2016","6","40.454444","-79.711319","","11","0","0","0","0","0","0","0","0","","0","0","0","","","0","","0","","40 27:16.000","","0","79 42:40.747","0","0","0","0","2466","0","0","0","Y","0","0","0","3","02466","0","","5.0","","1","N","N","","0","","0","0","0","","0","","","1","0","0","0","0","0","0","2","0","1","","","","N","","","","","","","","","",""
"2016036034","","1","0","0","0","0","0","0","0","0","7","0","","02","4","2016","5","40.487971","-79.920645","","11","0","0","0","0","0","1","0","0","2","0","0","0","","","1","","2","","40 29:16.697","5","0","79 55:14.322","8","0","0","0","2301","0","0","0","N","0","0","0","2","02301","0","","2.0","","9","N","N","","0","","0","0","0","","0","Y","","1","1","0","0","0","1","0","2","0","1","","","","N","","","","","","","","","",""
"2016038145","","1","0","0","0","0","0","0","0","0","1","0","","02","4","2016","4","40.437586","-79.923003","","11","0","0","0","0","0","0","1","0","","0","0","0","","","0","","0","","40 26:15.310","","0","79 55:22.810","0","0","0","0","2301","0","0","0","N","0","0","0","3","02301","0","","1.0","","1","N","N","","0","","0","0","1","","0","","","2","0","0","0","0","0","0","2","0","2","","","","N","","","","","","","","","",""
"2016036637","","1","0","0","0","0","0","0","0","0","1","0","","02","4","2016","7","40.475128","-79.865456","","11","0","0","0","0","0","0","0","0","","0","0","0","","","0","","0","","40 28:30.460","","0","79 51:55.640","0","0","0","0","2113","0","0","0","N","0","0","0","1","02113","0","","1.0","","9","N","N","","1","","0","0","0","","0","","","2","0","0","0","0","0","0","2","0","2","","","","N","","","","","","","","","",""
"2016036712","","2","0","0","0","0","0","0","0","0","2","0","","02","4","2016","7","40.405859","-80.01869","","11","0","0","0","0","1","0","0","0","2","0","0","0","","","0","","0","","40 24:21.091","1","0","80 01:07.283","0","0","0","0","2301","0","0","0","N","0","0","0","3","02301","0","","1.0","","1","N","N","","0","","0","0","0","","0","N","","2","0","1","0","0","0","0","2","0","2","","","","N","","","","","","","","","",""
"2016037543","","1","0","0","0","0","0","0","0","0","1","0","","02","4","2016","2","40.428028","-79.970554","","11","0","0","0","0","0","0","0","0","","0","0","0","","","0","","0","","40 25:40.902","","0","79 58:13.995","0","0","0","0","2301","0","0","0","N","0","0","0","1","02301","0","","6.0","","9","N","N","","1","","0","0","0","","0","","","2","0","0","0","0","0","0","2","0","2","","","","N","","","","","","","","","",""
"2016036650","","2","0","0","0","0","0","0","0","0","2","0","","02","4","2016","7","40.441249","-79.959225","","11","0","0","0","0","0","0","0","0","1","0","0","0","","","0","","2","","40 26:28.496","2","0","79 57:33.210","0","0","0","0","2301","0","0","0","N","0","0","0","4","02301","0","","1.0","","9","N","N","","0","","0","0","0","","2","Y","","2","0","0","0","0","0","0","2","0","2","","","","N","","","","","","","","","",""
"2016036798","","1","0","0","0","0","0","0","0","0","7","0","","02","4","2016","7","40.419972","-79.996442","","11","0","0","0","0","0","0","0","0","","0","0","0","","","0","","0","","40 25:11.900","","0","79 59:47.190","9","0","0","0","2301","0","0","0","N","0","0","0","2","02301","0","","4.0","","1","N","N","","0","","0","0","0","","0","","","2","0","0","0","0","0","2","2","1","2","","","","N","","","","","","","","","",""
"2016038065","","0","0","0","0","0","0","0","0","0","8","0","","02","4","2016","3","40.409801","-80.082135","","11","0","0","0","0","0","0","0","0","","0","0","0","","","1","","10","","40 24:35.282","","7","80 04:55.686","8","0","0","0","2415","1","0","0","N","1","0","0","2","02415","0","","4.0","","1","N","N","","0","","0","0","0","","0","","","2","1","0","0","0","1","0","2","1","1","","","","N","","","","","","","","","",""