"CRN","ARRIVAL_TM","AUTOMOBILE_COUNT","BELTED_DEATH_COUNT","BELTED_SUSP_SERIOUS_INJ_COUNT","BICYCLE_COUNT","BICYCLE_DEATH_COUNT","BICYCLE_SUSP_SERIOUS_INJ_COUNT","BUS_COUNT","CHLDPAS_DEATH_COUNT","CHLDPAS_SUSP_SERIOUS_INJ_COUNT","COLLISION_TYPE","COMM_VEH_COUNT","CONS_ZONE_SPD_LIM","COUNTY","CRASH_MONTH","CRASH_YEAR","DAY_OF_WEEK","DEC_LATITUDE","DEC_LONGITUDE","DISPATCH_TM","DISTRICT","DRIVER_COUNT_16YR","DRIVER_COUNT_17YR","DRIVER_COUNT_18YR","DRIVER_COUNT_19YR","DRIVER_COUNT_20YR","DRIVER_COUNT_50_64YR","DRIVER_COUNT_65_74YR","DRIVER_COUNT_75PLUS","EST_HRS_CLOSED","FATAL_COUNT","HEAVY_TRUCK_COUNT","HORSE_BUGGY_COUNT","HOUR_OF_DAY","ILLUMINATION","INJURY_COUNT","INTERSECTION_RELATED","INTERSECT_TYPE","LANE_CLOSED","LATITUDE","LN_CLOSE_DIR","LOCATION_TYPE","LONGITUDE","MAX_SEVERITY_LEVEL","MCYCLE_DEATH_COUNT","MCYCLE_SUSP_SERIOUS_INJ_COUNT","MOTORCYCLE_COUNT","MUNICIPALITY","NONMOTR_COUNT","NONMOTR_DEATH_COUNT","NONMOTR_SUSP_SERIOUS_INJ_COUNT","NTFY_HIWY_MAINT","PED_COUNT","PED_DEATH_COUNT","PED_SUSP_SERIOUS_INJ_COUNT","PERSON_COUNT","POLICE_AGCY","POSSIBLE_INJ_COUNT","RDWY_SURF_TYPE_CD","RELATION_TO_ROAD","ROADWAY_CLEARED","ROAD_CONDITION","SCH_BUS_IND","SCH_ZONE_IND","SECONDARY_CRASH","SMALL_TRUCK_COUNT","SPEC_JURIS_CD","SUSP_MINOR_INJ_COUNT","SUSP_SERIOUS_INJ_COUNT","SUV_COUNT","TCD_FUNC_CD","TCD_TYPE","TFC_DETOUR_IND","TIME_OF_DAY","TOTAL_UNITS","TOT_INJ_COUNT","UNBELTED_OCC_COUNT","UNB_DEATH_COUNT","UNB_SUSP_SERIOUS_INJ_COUNT","UNK_INJ_DEG_COUNT","UNK_INJ_PER_COUNT","URBAN_RURAL","VAN_COUNT","VEHICLE_COUNT","WEATHER1","WEATHER2","WORKERS_PRES","WORK_ZONE_IND","WORK_ZONE_LOC","WORK_ZONE_TYPE","WZ_CLOSE_DETOUR","WZ_FLAGGER","WZ_LAW_OFFCR_IND","WZ_LN_CLOSURE","WZ_MOVING","WZ_OTHER","WZ_SHLDER_MDN","WZ_WORKERS_INJ_KILLED"
"2016038148","","1","0","0","0","0","0","0","0","0","1","0","","02","4","2016","4","40.446485","-79.848378","","11","0","0","0","0","0","0","1","0","","0","0","0","","","1","","2","","40 26:47.346","","0","79 50:54.159","8","0","0","0","2419","0","0","0","N","0","0","0","3","02419","0","","1.0","","1","N","N","","0","","0","0","0","","3","","","2","1","1","0","0","1","0","2","1","2","","","","N","","","","","","","","","",""
"2016036639","","1","0","0","0","0","0","0","0","0","4","0","","02","4","2016","7","40.438981","-79.99476","","11","0","0","0","0","0","1","0","0","","0","0","0","","","1","","1","","40 26:20.331","","0","79 59:41.136","4","0","0","0","2301","0","0","0","N","0","0","0","3","02301","1","","1.0","","9","N","N","","1","","0","0","0","","2","","","2","1","0","0","0","0","0","2","0","2","","","","N","","","","","","","","","",""
"2016037400","","0","0","0","0","0","0","0","0","0","99","0","","02","2","2016","2","40.663583","-79.718433","","11","0","0","0","0","0","0","0","0","","0","0","0","","","0","","0","","40 39:48.899","","0","79 43:06.357","0","0","0","0","2106","0","0","0","","0","0","0","1","68D02","0","","1.0","","1","N","N","","0","","0","0","1","","0","","","1","0","0","0","0","0","0","2","0","1","","","","N","","","","","","","","","",""
"2016037560","","0","0","0","0","0","0","0","0","0","7","0","","02","4","2016","1","40.4805","-80.025939","","11","0","0","0","0","0","1","0","0","","0","0","0","","","0","","0","","40 28:49.800","","0","80 01:33.380","0","0","0","0","2301","0","0","0","N","0","0","0","1","02301","0","","4.0","","1","N","N","","0","","0","0","1","","0","","","1","0","0","0","0","0","0","2","0","1","","","","N","","","","","","","","","",""
"2016036640","","1","0","0","0","0","0","0","0","0","7","0","","02","4","2016","7","40.479916","-79.800358","","11","0","0","0","0","0","0","0","0","1","0","0","0","","","0","","0","","40 28:47.697","6","0","79 48:01.290","0","0","0","0","2113","0","0","0","N","0","0","0","1","02113","0","","5.0","","9","N","N","","0","","0","0","0","","0","Y","","1","0","1","0","0","0","0","2","0","1","","","","N","","","","","","","","","",""
"2016036652","","1","0","0","0","0","0","0","0","0","7","0","","02","4","2016","6","40.365126","-79.823531","","11","0","0","0","0","0","0","0","0","2","0","0","0","","","0","","0","","40 21:54.455","1","0","79 49:24.711","0","0","0","0","2111","0","0","0","N","0","0","0","1","02111","0","","5.0","","1","N","N","","0","","0","0","0","","0","N","","1","0","0","0","0","0","0","2","0","1","","","","N","","","","","","","","","",""
"2016036786","","1","0","0","0","0","0","0","0","0","4","0","","02","4","2016","5","40.434206","-79.751386","","11","0","0","0","0","1","0","0","0","","0","0","0","","","1","","0","","40 26:03.143","","0","79 45:04.988","4","0","0","0","2446","0","0","0","N","0","0","0","4","02446","1","","1.0","","9","N","N","","0","","0","0","1","","0","","","2","1","0","0","0","0","0","2","0","2","","","","N","","","","","","","","","",""
"2016038069","","2","0","0","0","0","0","0","0","0","1","0","","02","4","2016","7","40.453438","-80.077668","","11","0","0","0","0","0","1","0","0","1","0","0","0","","","0","","2","","40 27:12.376","1","0","80 04:39.604","0","0","0","0","2301","0","0","0","N","0","0","0","3","02301","0","","1.0","","1","N","N","","0","","0","0","0","","0","N","","2","0","0","0","0","0","0","2","0","2","","","","N","","","","","","","","","",""
"2016036641","","0","0","0","0","0","0","0","0","0","6","0","","02","4","2016","7","40.488875","-79.92457","","11","0","0","0","0","0","0","0","0","1","0","0","0","","","0","","0","","40 29:19.951","2","0","79 55:28.452","9","0","0","0","2301","0","0","0","N","0","0","0","2","02301","0","","1.0","","9","N","N","","0","","0","0","1","","0","N","","2","0","0","0","0","0","1","2","0","2","","","","N","","","","","","","","","",""
"2016037268","","1","0","0","0","0","0","0","0","0","1","0","","02","4","2016","2","40.406825","-80.004027","","11","0","0","0","0","0","1","0","0","3","0","0","0","","","0","","0","","40 24:24.571","1","0","80 00:14.498","9","0","0","0","2301","0","0","0","N","0","0","0","2","02301","0","","1.0","","1","N","N","","1","","0","0","0","","0","N","","2","0","0","0","0","0","1","2","0","2","","","","N","","","","","","","","","",""
"2016037336","","1","0","0","0","0","0","0","0","0","7","0","","02","4","2016","7","40.373041","-80.099257","","11","0","0","0","0","0","1","0","0","","0","0","0","","","1","","2","","40 22:22.946","","0","80 05:57.324","8","0","0","0","2102","0","0","0","N","0","0","0","1","02102","0","","5.0","","9","N","N","","0","","0","0","0","","2","","","1","1","0","0","0","1","0","2","0","1","","","","N","","","","","","","","","",""
"2016038968","","1","0","0","0","0","0","0","0","0","7","0","","02","4","2016","6","40.523978","-79.834821","","11","0","0","0","0","0","0","0","0","1","0","0","0","","","0","","0","","40 31:26.322","3","0","79 50:05.355","0","0","0","0","2451","0","0","0","N","0","0","0","1","02451","0","","5.0","","1","N","N","","0","","0","0","0","","0","N","","1","0","0","0","0","0","0","2","0","1","","","","N","","","","","","","","","",""
"2016036643","","1","0","0","0","0","0","0","0","0","0","0","","02","4","2016","7","40.36065","-79.845568","","11","0","0","0","0","0","0","0","0","","0","0","0","","","0","","0","","40 21:38.339","","2","79 50:44.043","0","0","0","0","2303","0","0","0","N","0","0","0","2","02303","0","","1.0","","9","N","N","","0","","0","0","0","","0","","","1","0","0","0","0","0","0","2","0","1","","","","N","","","","","","","","","",""
"2016036655","","2","0","0","0","0","0","0","0","0","1","0","","02","4","2016","6","40.379328","-79.806987","","11","0","0","0","0","0","0","0","0","2","0","0","0","","","1","","1","","40 22:45.582","7","0","79 48:25.154","4","0","0","0","2111","0","0","0","N","0","0","0","3","02111","1","","1.0","","9","N","N","","1","","0","0","0","","0","Y","","3","1","0","0","0","0","0","2","0","3","","","","N","","","","","","","","","",""
"2016038085","","2","0","0","0","0","0","0","0","0","1","0","","02","4","2016","5","40.402894","-79.910061","","11","0","0","0","0","0","0","0","0","1","0","0","0","","","0","","0","","40 24:10.420","3","0","79 54:36.220","9","0","0","0","2438","0","0","0","N","0","0","0","1","02438","0","","6.0","","1","N","N","","0","","0","0","2","","0","N","","4","0","0","0","0","0","1","2","0","4","","","","N","","","","","","","","","",""
"2016037338","","2","0","1","0","0","0","0","0","0","2","0","","02","4","2016","5","40.454714","-79.715701","","11","0","0","0","0","0","0","0","0","2","0","0","0","","","2","","0","","40 27:16.971","5","0","79 42:56.522","2","0","0","0","2466","0","0","0","N","0","0","0","3","02466","1","","1.0","","9","N","N","","0","","0","1","0","","0","Y","","2","2","0","0","0","0","0","2","0","2","","","","N","","","","","","","","","",""
"2016036644","","2","0","0","0","0","0","0","0","0","4","0","","02","4","2016","7","40.43708","-79.998329","","11","0","0","0","0","0","0","0","0","1","0","0","0","","","0","","1","","40 26:13.487","3","0","79 59:53.986","0","0","0","0","2301","0","0","0","N","0","0","0","3","02301","0","","1.0","","9","N","N","","0","","0","0","0","","2","N","","2","0","0","0","0","0","0","2","0","2","","","","N","","","","","","","","","",""
"2016038167","","1","0","0","0","0","0","0","0","0","5","1","","02","4","2016","3","40.418279","-80.045608","","11","0","0","0","0","0","1","0","0","2","0","1","0","","","0","","0","","40 25:05.803","2","0","80 02:44.187","9","0","0","0","2435","0","0","0","N","0","0","0","2","02435","0","","1.0","","1","N","N","","0","","0","0","0","","2","N","","2","0","0","0","0","0","1","2","0","2","","","","N","","","","","","","","","",""
"2016038982","","1","0","0","0","0","0","0","0","0","4","0","","02","4","2016","7","40.427197","-79.962553","","11","0","0","0","0","0","0","0","0","2","0","0","0","","","1","","1","","40 25:37.909","3","0","79 57:45.190","3","0","0","0","2301","0","0","0","N","0","0","0","2","02301","0","","1.0","","1","N","N","","0","","1","0","1","","2","Y","","2","1","0","0","0","0","0","2","0","2","","","","N","","","","","","","","","",""
"2016036042","","0","0","0","0","0","0","0","0","0","7","0","","02","4","2016","5","40.600113","-80.077982","","11","0","0","0","0","0","1","0","0","","0","0","0","","","1","","2","","40 36:00.406","","0","80 04:40.735","8","0","0","0","2481","0","0","0","N","0","0","0","1","02481","0","","4.0","","9","N","N","","0","","0","0","1","","3","","","1","1","1","0","0","1","0","2","0","1","","","","N","","","","","","","","","",""
"2016037339","","0","0","0","0","0","0","0","0","0","0","1","","02","4","2016","2","40.429286","-79.999241","","11","0","0","0","0","0","1","0","0","","0","1","0","","","0","","1","","40 25:45.428","","3","79 59:57.266","0","0","0","0","2301","0","0","0","N","0","0","0","2","02301","0","","5.0","","1","N","N","","1","","0","0","0","","2","","","2","0","0","0","0","0","0","2","0","2","","","","N","","","","","","","","","",""
"2016038983","","3","0","0","0","0","0","0","0","0","7","0","","02","4","2016","6","40.499418","-80.11142","","11","0","0","0","0","0","1","0","0","","0","0","0","","","0","","0","","40 29:57.903","","7","80 06:41.111","0","0","0","0","2126","0","0","0","N","0","0","0","1","02126","0","","5.0","","1","N","N","","0","","0","0","0","","0","","","3","0","0","0","0","0","0","2","0","3","","","","N","","","","","","","","","",""
"2016037260","","1","0","0","0","0","0","0","0","0","8","0","","02","4","2016","2","40.349937","-79.947988","","11","0","0","0","0","1","0","0","0","1","0","0","0","","","1","","0","","40 20:59.773","5","0","79 56:52.758","3","0","0","0","2473","1","0","0","Y","1","0","0","2","02473","0","","2.0","","9","N","N","","0","","1","0","0","","0","N","","2","1","0","0","0","0","0","2","0","1","","","","N","","","","","","","","","",""
"2016037272","","1","0","0","0","0","0","0","0","0","4","0","","02","4","2016","2","40.450207","-79.904486","","11","0","0","0","0","0","1","1","0","1","0","0","0","","","0","","1","","40 27:00.745","1","0","79 54:16.151","0","0","0","0","2301","0","0","0","N","0","0","0","2","02301","0","","1.0","","1","N","N","","0","","0","0","1","","2","Y","","2","0","0","0","0","0","0","2","0","2","","","","N","","","","","","","","","",""
"2016038984","","0","0","0","0","0","0","0","0","0","7","0","","02","4","2016","7","40.424719","-79.859389","","11","0","0","0","0","0","0","0","0","2","0","0","0","","","1","","1","","40 25:28.989","4","0","79 51:33.799","8","0","0","0","2431","0","0","0","N","0","0","0","1","02431","0","","3.0","","1","N","N","","0","","0","0","1","","0","N","","1","1","1","0","0","1","0","2","0","1","","","","N","","","","","","","","","",""
"2016036044","","1","0","0","0","0","0","0","0","0","4","0","","02","4","2016","5","40.488303","-79.922093","","11","0","0","1","0","0","0","1","0","","0","0","0","","","0","","2","","40 29:17.890","","0","79 55:19.533","0","0","0","0","2301","0","0","0","N","0","0","0","2","02301","0","","1.0","","9","N","N","","1","","0","0","0","","3","","","2","0","0","0","0","0","0","2","0","2","","","","N","","","","","","","","","",""
"2016038985","","1","0","0","0","0","0","0","0","0","0","0","","02","4","2016","7","40.340447","-79.906147","","11","0","0","0","0","0","1","0","0","","0","0","0","","","0","","0","","40 20:25.610","","0","79 54:22.130","0","0","0","0","2473","0","0","0","N","0","0","0","2","02473","0","","4.0","","1","N","N","","0","","0","0","0","","3","","","1","0","0","0","0","0","0","2","0","1","","","","N","","","","","","","","","",""
"2016036723","","1","0","0","0","0","0","0","0","0","7","0","","02","4","2016","6","40.620425","-79.927954","","11","0","0","0","0","0","0","0","0","2","0","0","0","","","1","","0","","40 37:13.530","5","0","79 55:40.634","4","0","0","0","2217","0","0","0","N","0","0","0","1","02505","1","","5.0","","1","N","N","","0","","0","0","0","","0","Y","","1","1","0","0","0","0","0","2","0","1","","","","N","","","","","","","","","",""
"2016037276","","2","0","0","0","0","0","0","0","0","1","0","","02","4","2016","2","40.454058","-79.730939","","11","0","0","1","0","0","1","0","0","","0","0","0","","","1","","0","","40 27:14.608","","0","79 43:51.380","8","0","0","0","2466","0","0","0","N","0","0","0","2","02466","0","","1.0","","9","N","N","","0","","0","0","0","","0","","","2","1","0","0","0","1","0","2","0","2","","","","N","","","","","","","","","",""
"2016038987","","0","0","0","0","0","0","0","0","0","7","0","","02","4","2016","7","40.406237","-79.978382","","11","0","0","0","0","0","0","0","0","1","0","0","0","","","0","","3","","40 24:22.453","7","0","79 58:42.175","0","0","0","0","2301","0","0","0","N","0","0","0","1","02301","0","","4.0","","1","N","N","","0","","0","0","1","","0","N","","1","0","0","0","0","0","0","2","0","1","","","","N","","","","","","","","","",""
"2016038316","","1","0","0","0","0","0","0","0","0","4","0","","02","4","2016","4","40.444079","-79.919177","","11","0","0","0","0","0","1","1","0","1","0","0","0","","","0","","1","","40 26:38.684","3","0","79 55:09.038","0","0","0","0","2301","0","0","0","N","0","0","0","2","02301","0","","1.0","","1","N","N","","0","","0","0","1","","0","Y","","2","0","0","0","0","0","0","2","0","2","","","","N","","","","","","","","","",""
"2016036726","","2","0","0","0","0","0","0","0","0","1","0","","02","4","2016","6","40.45937","-79.930303","","11","0","0","0","0","0","0","0","1","1","0","0","0","","","0","","0","","40 27:33.731","3","0","79 55:49.092","0","0","0","0","2301","0","0","0","N","0","0","0","3","02301","0","","1.0","","1","N","N","","0","","0","0","0","","0","N","","2","0","0","0","0","0","0","2","0","2","","","","N","","","","","","","","","",""
"2016038317","","0","0","0","0","0","0","0","0","0","7","0","","02","4","2016","1","40.322182","-79.85563","","11","0","0","0","0","0","0","0","0","4","0","0","0","","","0","","2","","40 19:19.855","3","0","79 51:20.268","9","0","0","0","2442","0","0","0","Y","0","0","0","1","02442","0","","2.0","","1","N","N","","1","","0","0","0","","0","Y","","1","0","0","0","0","0","1","2","0","1","","","","N","","","","","","","","","",""
"2016037360","","2","0","0","0","0","0","0","0","0","1","0","","02","4","2016","1","40.440445","-79.960321","","11","0","0","1","0","0","1","0","0","2","0","0","0","","","0","","2","","40 26:25.602","4","0","79 57:37.155","0","0","0","0","2301","0","0","0","N","0","0","0","5","02506","0","","1.0","","1","N","N","","0","","0","0","0","","2","N","","2","0","0","0","0","0","0","2","0","2","","","","N","","","","","","","","","",""
"2016037504","","2","0","0","0","0","0","0","0","0","1","0","","02","4","2016","2","40.503573","-80.081082","","11","0","0","1","0","0","1","0","0","1","0","0","0","","","0","","10","","40 30:12.861","1","0","80 04:51.896","0","0","0","0","2405","0","0","0","N","0","0","0","4","02215","0","","1.0","","9","N","N","","1","","0","0","0","","0","N","","3","0","0","0","0","0","0","2","0","3","","","","N","","","","","","","","","",""
"2016037361","","1","0","0","0","0","0","0","0","0","8","0","","02","4","2016","2","40.437805","-79.769858","","11","0","0","0","0","0","0","0","0","1","0","0","0","","","1","","0","","40 26:16.098","1","0","79 46:11.488","2","0","0","0","2446","1","0","1","N","1","0","1","2","02446","0","","1.0","","9","N","N","","0","","0","1","0","","0","N","","2","1","0","0","0","0","0","2","0","1","","","","N","","","","","","","","","",""
"2016038788","","0","0","0","0","0","0","0","0","0","7","0","","02","4","2016","3","40.341023","-80.022146","","11","0","0","0","0","0","0","0","0","","0","0","0","","","0","","0","","40 20:27.682","","0","80 01:19.725","0","0","0","0","2407","0","0","0","N","0","0","0","1","02407","0","","4.0","","2","N","N","","1","","0","0","0","","0","","","1","0","0","0","0","0","0","2","0","1","","","","N","","","","","","","","","",""
"2016038164","","1","0","0","0","0","0","0","0","0","5","0","","02","4","2016","4","40.336512","-79.97929","","11","0","0","0","0","0","0","1","1","","0","0","0","","","0","","0","","40 20:11.443","","0","79 58:45.444","0","0","0","0","2403","0","0","0","N","0","0","0","3","02403","0","","1.0","","1","N","N","","0","","0","0","1","","2","","","2","0","0","0","0","0","0","2","0","2","","","","N","","","","","","","","","",""
"2016037506","","1","0","0","0","0","0","0","0","0","1","0","","02","4","2016","2","40.382986","-79.857411","","11","0","0","0","0","0","0","0","0","1","0","0","0","","","0","","2","","40 22:58.749","1","0","79 51:26.678","0","0","0","0","2303","0","0","0","N","0","0","0","2","02303","0","","1.0","","9","N","N","","0","","0","0","1","","2","N","","2","0","0","0","0","0","0","2","0","2","","","","N","","","","","","","","","",""
"2016038320","","1","0","0","0","0","0","0","0","0","1","1","","02","4","2016","4","40.292322","-79.874848","","11","0","0","0","0","0","0","1","0","1","0","1","0","","","1","","2","","40 17:32.358","2","0","79 52:29.453","8","0","0","0","2302","0","0","0","N","0","0","0","2","02302","0","","1.0","","1","N","N","","0","","0","0","0","","2","N","","2","1","1","0","0","1","0","2","0","2","","","","N","","","","","","","","","",""
"2016038165","","1","0","0","0","0","0","0","0","0","7","0","","02","4","2016","3","40.34446","-79.884209","","11","0","0","0","0","0","0","0","0","2","0","0","0","","","0","","7","","40 20:40.056","1","3","79 53:03.152","0","0","0","0","2433","0","0","0","N","0","0","0","1","02433","0","","2.0","","1","N","N","","0","","0","0","0","","0","Y","","1","0","0","0","0","0","0","2","0","1","","","","N","","","","","","","","","",""
"2016038931","","1","0","0","0","0","0","0","0","0","1","0","","02","4","2016","6","40.457278","-79.909083","","11","0","0","0","0","0","1","0","0","2","0","0","0","","","0","","1","","40 27:26.200","1","0","79 54:32.700","0","0","0","0","2301","0","0","0","N","0","0","0","2","02301","0","","1.0","","1","N","N","","0","","0","0","1","","2","Y","","2","0","0","0","0","0","0","2","0","2","","","","N","","","","","","","","","",""
"2016038804","","1","0","0","0","0","0","0","0","0","8","0","","02","4","2016","6","40.436958","-79.917953","","11","0","0","0","0","0","0","0","0","","0","0","0","","","1","","0","","40 26:13.050","","0","79 55:04.630","8","0","0","0","2301","1","0","0","N","1","0","0","2","02301","0","","1.0","","1","N","N","","0","","0","0","0","","0","","","2","1","0","0","0","1","1","2","0","1","","","","N","","","","","","","","","",""
"2016038995","","1","0","0","0","0","0","0","0","0","7","0","","02","4","2016","7","40.455036","-80.055636","","11","0","0","0","0","0","0","0","0","","0","0","0","","","0","","2","","40 27:18.129","","0","80 03:20.289","9","0","0","0","2301","0","0","0","N","0","0","0","1","02301","0","","5.0","","1","N","N","","0","","0","0","0","","3","","","1","0","0","0","0","0","1","2","0","1","","","","N","","","","","","","","","",""
"2016037285","","2","0","0","0","0","0","0","0","0","1","0","","02","3","2016","3","40.355851","-80.028223","","11","0","0","0","0","0","0","0","0","","0","0","0","","","0","","2","","40 21:21.063","","0","80 01:41.601","0","0","0","0","2407","0","0","0","N","0","0","0","2","02407","0","","1.0","","1","N","N","","0","","0","0","0","","2","","","2","0","0","0","0","0","0","2","0","2","","","","N","","","","","","","","","",""
"2016037355","","1","0","0","0","0","0","0","0","0","4","0","","02","3","2016","4","40.503123","-80.025924","","11","0","0","0","0","0","1","0","0","1","0","0","0","","","0","","1","","40 30:11.241","4","2","80 01:33.325","0","0","0","0","2116","0","0","0","N","0","0","0","2","02116","0","","1.0","","1","N","N","","1","","0","0","0","","3","Y","","2","0","0","0","0","0","0","2","0","2","","","","N","","","","","","","","","",""
"2016037513","","2","0","0","0","0","0","0","0","0","3","0","","02","4","2016","2","40.429332","-79.982005","","11","0","0","0","1","0","0","0","0","","0","0","0","","","1","","2","","40 25:45.595","","0","79 58:55.218","3","0","0","0","2301","0","0","0","N","0","0","0","2","02301","0","","1.0","","9","N","N","","0","","1","0","0","","0","","","2","1","0","0","0","0","0","2","0","2","","","","N","","","","","","","","","",""
"2016037286","","2","0","0","0","0","0","0","0","0","1","0","","02","4","2016","3","40.315872","-80.048614","","11","0","0","0","0","0","1","0","0","2","0","0","0","","","1","","0","","40 18:57.140","1","0","80 02:55.010","8","0","0","0","2407","0","0","0","N","0","0","0","3","02407","0","","1.0","","1","N","N","","0","","0","0","0","","0","N","","2","1","0","0","0","1","0","2","0","2","","","","N","","","","","","","","","",""
"2016038923","","2","0","0","0","0","0","0","0","0","6","0","","02","4","2016","6","40.371773","-80.082575","","11","0","0","0","0","0","1","0","1","","0","0","0","","","0","","2","","40 22:18.382","","0","80 04:57.270","0","0","0","0","2117","0","0","0","N","0","0","0","2","02117","0","","1.0","","1","N","N","","0","","0","0","0","","3","","","2","0","0","0","0","0","0","2","0","2","","","","N","","","","","","","","","",""
"2016037514","","2","0","0","0","0","0","0","0","0","1","0","","02","4","2016","2","40.389695","-79.934441","","11","0","0","0","0","0","0","0","0","","0","0","0","","","0","","7","","40 23:22.902","","2","79 56:03.987","0","0","0","0","2301","0","0","0","N","0","0","0","2","02301","0","","1.0","","9","N","N","","0","","0","0","0","","3","","","2","0","0","0","0","0","0","2","0","2","","","","N","","","","","","","","","",""
"2016036058","","2","0","0","0","0","0","0","0","0","5","0","","02","1","2016","6","40.486972","-80.00891","","11","0","0","0","0","0","1","0","0","","0","0","0","","","1","","0","","40 29:13.099","","0","80 00:32.075","4","0","0","0","2301","0","0","0","","0","0","0","2","68B03","1","","1.0","","1","N","N","","0","","0","0","0","","0","","","2","1","0","0","0","0","0","2","0","2","","","","N","","","","","","","","","",""
"2016036128","","0","0","0","0","0","0","0","0","0","4","0","","02","4","2016","5","40.438283","-79.996078","","11","0","0","0","0","0","1","0","0","1","0","0","0","","","0","","1","","40 26:17.818","7","0","79 59:45.880","0","0","0","0","2301","0","0","0","N","0","0","0","2","02301","0","","1.0","","9","N","N","","0","","0","0","2","","2","N","","2","0","0","0","0","0","0","2","0","2","","","","N","","","","","","","","","",""
"2016036289","","1","0","0","0","0","0","1","0","0","1","1","","02","4","2016","6","40.419643","-79.927184","","11","0","0","0","0","0","1","0","0","1","0","0","0","","","0","","5","","40 25:10.714","1","0","79 55:37.862","0","0","0","0","2301","0","0","0","N","0","0","0","2","02503","0","","1.0","","9","N","N","","0","","0","0","0","","2","N","","2","0","0","0","0","0","0","2","0","2","","","","N","","","","","","","","","",""
"2016038477","","0","0","0","0","0","0","0","0","0","4","0","","02","4","2016","5","40.409246","-80.048971","","11","1","1","0","0","0","0","0","0","1","0","0","0","","","1","","0","","40 24:33.286","1","0","80 02:56.297","4","0","0","0","2435","0","0","0","N","0","0","0","3","02435","1","","1.0","","1","N","N","","0","","0","0","2","","0","N","","2","1","0","0","0","0","0","2","0","2","","","","N","","","","","","","","","",""
"2016038549","","1","0","0","0","0","0","0","0","0","4","0","","02","4","2016","5","40.395344","-79.997486","","11","0","0","0","0","0","0","0","0","","0","0","0","","","0","","2","","40 23:43.237","","0","79 59:50.949","0","0","0","0","2301","0","0","0","N","0","0","0","2","02301","0","","1.0","","1","N","N","","0","","0","0","0","","3","","","2","0","0","0","0","0","0","2","1","2","","","","N","","","","","","","","","",""
"2016037744","","2","0","0","0","0","0","0","0","0","2","0","","02","4","2016","7","40.437428","-79.979527","","11","0","0","0","0","0","1","0","0","1","0","0","0","","","0","","1","","40 26:14.740","3","0","79 58:46.297","0","0","0","0","2301","0","0","0","N","0","0","0","2","02301","0","","1.0","","1","N","N","","0","","0","0","0","","3","N","","2","0","0","0","0","0","0","2","0","2","","","","N","","","","","","","","","",""
"2016038627","","1","0","0","1","0","0","0","0","0","8","0","","02","4","2016","5","40.443625","-79.994044","","11","0","0","0","0","0","0","0","0","","0","0","0","","","1","","0","","40 26:37.050","","0","79 59:38.560","3","0","0","0","2301","1","0","0","N","0","0","0","2","02301","0","","1.0","","1","N","N","","0","","1","0","0","","0","","","2","1","0","0","0","0","0","2","0","1","","","","N","","","","","","","","","",""
"2016036358","","1","0","0","0","0","0","0","0","0","1","0","","02","4","2016","6","40.373426","-79.827869","","11","0","0","0","0","0","0","2","0","","0","0","0","","","0","","0","","40 22:24.333","","0","79 49:40.328","0","0","0","0","2111","0","0","0","N","0","0","0","3","02111","0","","1.0","","1","N","N","","0","","0","0","1","","0","","","2","0","0","0","0","0","0","2","0","2","","","","N","","","","","","","","","",""
"2016033312","","1","0","0","0","0","0","0","0","0","4","1","","02","3","2016","5","40.434614","-79.965417","","11","0","0","0","0","0","0","0","0","1","0","1","0","","","0","","0","","40 26:04.609","4","0","79 57:55.501","0","0","0","0","2301","0","0","0","","0","0","0","3","68B03","0","","1.0","","1","N","N","","0","","0","0","0","","0","N","","2","0","0","0","0","0","0","2","0","2","","","","N","","","","","","","","","",""
"2016034905","","0","0","0","0","0","0","0","0","0","7","0","","02","4","2016","2","40.435736","-79.972342","","11","0","0","0","0","0","1","0","0","2","0","0","0","","","1","","0","","40 26:08.649","4","0","79 58:20.431","8","0","0","0","2301","0","0","0","N","0","0","0","1","02301","0","","4.0","","9","N","N","","0","","0","0","1","","0","N","","1","1","0","0","0","1","0","2","0","1","","","","N","","","","","","","","","",""
"2016036210","","1","0","0","0","0","0","0","0","0","7","0","","02","3","2016","2","40.449797","-79.999133","","11","0","0","0","0","0","0","0","0","","0","0","0","","","1","","0","","40 26:59.270","","0","79 59:56.880","8","0","0","0","2301","0","0","0","","0","0","0","1","68B03","0","","2.0","","1","N","N","","0","","0","0","0","","0","","","1","1","0","0","0","1","0","2","0","1","","","","N","","","","","","","","","",""
"2016036360","","0","0","0","0","0","0","0","0","0","7","0","","02","4","2016","3","40.395086","-79.889661","","11","0","0","0","0","0","1","0","0","2","0","0","0","","","0","","0","","40 23:42.310","5","0","79 53:22.780","0","0","0","0","2473","0","0","0","N","0","0","0","1","02473","0","","2.0","","1","N","N","","0","","0","0","1","","0","Y","","1","0","0","0","0","0","0","2","0","1","","","","N","","","","","","","","","",""
"2016033313","","1","0","0","0","0","0","0","0","0","7","0","","02","3","2016","1","40.600049","-80.09332","","11","0","0","0","0","0","0","0","0","","0","0","0","","","0","","0","","40 36:00.178","","0","80 05:35.952","0","0","0","0","2481","0","0","0","","0","0","0","1","68B03","0","","2.0","","1","N","N","","0","","0","0","0","","0","","","1","0","0","0","0","0","0","2","0","1","","","","N","","","","","","","","","",""