"CRN","ARRIVAL_TM","AUTOMOBILE_COUNT","BELTED_DEATH_COUNT","BELTED_SUSP_SERIOUS_INJ_COUNT","BICYCLE_COUNT","BICYCLE_DEATH_COUNT","BICYCLE_SUSP_SERIOUS_INJ_COUNT","BUS_COUNT","CHLDPAS_DEATH_COUNT","CHLDPAS_SUSP_SERIOUS_INJ_COUNT","COLLISION_TYPE","COMM_VEH_COUNT","CONS_ZONE_SPD_LIM","COUNTY","CRASH_MONTH","CRASH_YEAR","DAY_OF_WEEK","DEC_LATITUDE","DEC_LONGITUDE","DISPATCH_TM","DISTRICT","DRIVER_COUNT_16YR","DRIVER_COUNT_17YR","DRIVER_COUNT_18YR","DRIVER_COUNT_19YR","DRIVER_COUNT_20YR","DRIVER_COUNT_50_64YR","DRIVER_COUNT_65_74YR","DRIVER_COUNT_75PLUS","EST_HRS_CLOSED","FATAL_COUNT","HEAVY_TRUCK_COUNT","HORSE_BUGGY_COUNT","HOUR_OF_DAY","ILLUMINATION","INJURY_COUNT","INTERSECTION_RELATED","INTERSECT_TYPE","LANE_CLOSED","LATITUDE","LN_CLOSE_DIR","LOCATION_TYPE","LONGITUDE","MAX_SEVERITY_LEVEL","MCYCLE_DEATH_COUNT","MCYCLE_SUSP_SERIOUS_INJ_COUNT","MOTORCYCLE_COUNT","MUNICIPALITY","NONMOTR_COUNT","NONMOTR_DEATH_COUNT","NONMOTR_SUSP_SERIOUS_INJ_COUNT","NTFY_HIWY_MAINT","PED_COUNT","PED_DEATH_COUNT","PED_SUSP_SERIOUS_INJ_COUNT","PERSON_COUNT","POLICE_AGCY","POSSIBLE_INJ_COUNT","RDWY_SURF_TYPE_CD","RELATION_TO_ROAD","ROADWAY_CLEARED","ROAD_CONDITION","SCH_BUS_IND","SCH_ZONE_IND","SECONDARY_CRASH","SMALL_TRUCK_COUNT","SPEC_JURIS_CD","SUSP_MINOR_INJ_COUNT","SUSP_SERIOUS_INJ_COUNT","SUV_COUNT","TCD_FUNC_CD","TCD_TYPE","TFC_DETOUR_IND","TIME_OF_DAY","TOTAL_UNITS","TOT_INJ_COUNT","UNBELTED_OCC_COUNT","UNB_DEATH_COUNT","UNB_SUSP_SERIOUS_INJ_COUNT","UNK_INJ_DEG_COUNT","UNK_INJ_PER_COUNT","URBAN_RURAL","VAN_COUNT","VEHICLE_COUNT","WEATHER1","WEATHER2","WORKERS_PRES","WORK_ZONE_IND","WORK_ZONE_LOC","WORK_ZONE_TYPE","WZ_CLOSE_DETOUR","WZ_FLAGGER","WZ_LAW_OFFCR_IND","WZ_LN_CLOSURE","WZ_MOVING","WZ_OTHER","WZ_SHLDER_MDN","WZ_WORKERS_INJ_KILLED"
"2016036860","","0","0","0","0","0","0","0","0","0","8","0","","02","4","2016","6","40.394584","-79.895427","","11","0","0","0","0","0","0","0","0","","0","0","0","","","1","","0","","40 23:40.502","","0","79 53:43.537","2","0","0","0","2448","1","0","1","N","1","0","1","2","02448","0","","1.0","","9","N","N","","1","","0","1","0","","0","","","2","1","0","0","0","0","1","2","0","1","","","","N","","","","","","","","","",""
"2016036333","","1","0","0","0","0","0","0","0","0","4","0","","02","4","2016","6","40.458778","-80.023472","","11","0","0","0","0","0","0","0","0","","0","0","0","","","0","","2","","40 27:31.600","","0","80 01:24.500","0","0","0","0","2301","0","0","0","N","0","0","0","4","02301","0","","1.0","","9","N","N","","1","","0","0","0","","3","","","2","0","0","0","0","0","0","2","0","2","","","","N","","","","","","","","","",""
"2016033340","","0","0","0","0","0","0","0","0","0","7","1","","02","3","2016","5","40.377178","-80.032531","","11","0","0","0","0","0","0","0","0","2","0","1","0","","","0","","0","","40 22:37.840","6","0","80 01:57.110","0","0","0","0","2109","0","0","0","","0","0","0","1","02109","0","","4.0","","1","N","N","","0","","0","0","0","","0","Y","","1","0","1","0","0","0","0","2","0","1","","","","N","","","","","","","","","",""
"2016036861","","1","0","0","0","0","0","0","0","0","4","0","","02","4","2016","7","40.550056","-80.0857","","11","0","0","0","0","0","1","0","0","","0","0","0","","","1","","2","","40 33:00.203","","0","80 05:08.520","8","0","0","0","2215","0","0","0","N","0","0","0","3","02215","0","","1.0","","1","N","N","","1","","0","0","0","","2","","","2","1","0","0","0","1","1","2","0","2","","","","N","","","","","","","","","",""
"2016038441","","1","0","0","0","0","0","0","0","0","4","1","","02","4","2016","3","40.548876","-79.825191","","11","0","0","0","0","0","0","0","0","","0","1","0","","","0","","0","","40 32:55.955","","0","79 49:30.689","0","0","0","0","2208","0","0","0","","0","0","0","2","68T02","0","","1.0","","1","N","N","","0","","0","0","0","","0","","","2","0","0","0","0","0","0","2","0","2","","","","N","","","","","","","","","",""
"2016033341","","1","0","0","0","0","0","0","0","0","7","0","","02","3","2016","7","40.527733","-80.245369","","11","0","0","0","0","0","0","0","0","2","0","0","0","","","1","","0","","40 31:39.837","2","0","80 14:43.327","8","0","0","0","2213","0","0","0","","0","0","0","1","02213","0","","5.0","","1","N","N","","0","","0","0","0","","0","N","","1","1","0","0","0","1","0","2","0","1","","","","N","","","","","","","","","",""
"2016038377","","3","0","0","0","0","0","0","0","0","7","0","","02","4","2016","4","40.382091","-79.819158","","11","0","0","0","0","0","0","0","0","","0","0","0","","","1","","2","","40 22:55.527","","0","79 49:08.968","8","0","0","0","2111","0","0","0","N","0","0","0","1","02111","0","","5.0","","1","N","N","","0","","0","0","0","","0","","","3","1","1","0","0","1","0","2","0","3","","","","N","","","","","","","","","",""
"2016036862","","1","0","0","0","0","0","0","0","0","7","0","","02","4","2016","7","40.435326","-79.946465","","11","0","0","0","0","0","0","0","0","2","0","0","0","","","0","","0","","40 26:07.172","4","2","79 56:47.273","0","0","0","0","2301","0","0","0","N","0","0","0","1","02301","0","","1.0","","1","N","N","","0","","0","0","0","","0","Y","","1","0","0","0","0","0","0","2","0","1","","","","N","","","","","","","","","",""
"2016036934","","1","0","0","0","0","0","0","0","0","5","0","","02","4","2016","6","40.519541","-79.971183","","11","0","0","0","0","0","0","1","0","","0","0","0","","","0","","2","","40 31:10.347","","0","79 58:16.258","0","0","0","0","2118","0","0","0","N","0","0","0","2","02118","0","","1.0","","1","N","N","","0","","0","0","0","","0","","","2","0","0","0","0","0","0","2","0","2","","","","N","","","","","","","","","",""
"2016036186","","1","0","0","0","0","0","0","0","0","7","0","","02","4","2016","6","40.469513","-80.008431","","11","0","0","0","0","0","0","0","0","","0","0","0","","","0","","2","","40 28:10.246","","0","80 00:30.351","0","0","0","0","2301","0","0","0","N","0","0","0","0","02301","0","","5.0","","9","N","N","","0","","0","0","0","","0","","","1","0","0","0","0","0","0","2","0","1","","","","N","","","","","","","","","",""
"2016037775","","1","0","0","0","0","0","0","0","0","4","0","","02","4","2016","3","40.48702","-79.894268","","11","0","0","0","0","0","0","0","1","2","0","0","0","","","0","","0","","40 29:13.272","6","7","79 53:39.365","9","0","0","0","2301","0","0","0","N","0","0","0","3","02301","0","","1.0","","1","N","N","","0","","0","0","1","","3","Y","","3","0","0","0","0","0","1","2","1","3","","","","N","","","","","","","","","",""
"2016037789","","0","0","0","0","0","0","0","0","0","7","0","","02","4","2016","3","40.480625","-80.025919","","11","0","0","0","0","0","0","0","0","","0","0","0","","","0","","0","","40 28:50.250","","0","80 01:33.310","0","0","0","0","2301","0","0","0","N","0","0","0","1","02301","0","","5.0","","1","N","N","","0","","0","0","0","","0","","","1","0","0","0","0","0","0","2","1","1","","","","N","","","","","","","","","",""
"2016033342","","1","0","0","0","0","0","0","0","0","7","0","","02","3","2016","1","40.458027","-80.174186","","11","0","0","0","0","0","0","0","0","","0","0","0","","","0","","0","","40 27:28.896","","0","80 10:27.071","0","0","0","0","2213","0","0","0","","0","0","0","1","02213","0","","3.0","","1","N","N","","0","","0","0","0","","0","","","1","0","0","0","0","0","0","2","0","1","","","","N","","","","","","","","","",""
"2016038443","","1","0","0","0","0","0","0","0","0","4","1","","02","4","2016","7","40.436892","-79.753969","","11","0","0","0","0","0","1","1","0","","0","1","0","","","0","","0","","40 26:12.810","","0","79 45:14.290","0","0","0","0","2446","0","0","0","","0","0","0","2","68T09","0","","1.0","","9","N","N","","0","","0","0","0","","0","","","2","0","0","0","0","0","0","2","0","2","","","","N","","","","","","","","","",""
"2016037709","","2","0","0","0","0","0","0","0","0","4","0","","02","4","2016","2","40.572019","-80.016386","","11","1","0","0","0","0","1","0","0","1","0","0","0","","","0","","1","","40 34:19.267","2","0","80 00:58.989","0","0","0","0","2108","0","0","0","N","0","0","0","2","02108","0","","1.0","","9","N","N","","0","","0","0","0","","2","N","","2","0","0","0","0","0","0","2","0","2","","","","N","","","","","","","","","",""
"2016037791","","2","0","0","0","0","0","0","0","0","4","0","","02","4","2016","5","40.437305","-79.770834","","11","0","0","0","0","0","0","0","0","","0","0","0","","","0","","0","","40 26:14.298","","0","79 46:15.002","0","0","0","0","2446","0","0","0","N","0","0","0","2","02446","0","","1.0","","9","N","N","","0","","0","0","0","","3","","","2","0","0","0","0","0","0","2","0","2","","","","N","","","","","","","","","",""
"2016033357","","1","0","0","0","0","0","0","0","0","7","0","","02","3","2016","3","40.571537","-80.202283","","11","0","0","0","0","0","0","0","0","1","0","0","0","","","1","","2","","40 34:17.533","4","0","80 12:08.218","4","0","0","0","2107","0","0","0","N","0","0","0","2","02107","1","","4.0","","1","N","N","","0","","0","0","0","","0","Y","","1","1","0","0","0","0","0","2","0","1","","","","N","","","","","","","","","",""
"2016036866","","0","0","0","0","0","0","0","0","0","0","0","","02","3","2016","6","40.434489","-79.787219","","11","0","0","0","0","0","0","0","0","1","0","0","0","","","1","","0","","40 26:04.160","4","0","79 47:13.990","8","0","0","1","2446","0","0","0","N","0","0","0","1","02446","0","","1.0","","1","N","N","","0","","0","0","0","","0","N","","1","1","0","0","0","1","0","2","0","1","","","","N","","","","","","","","","",""
"2016035635","","1","0","0","0","0","0","0","0","0","1","0","","02","4","2016","4","40.533168","-80.177318","","11","0","0","0","0","0","0","0","0","1","0","0","0","","","0","","0","","40 31:59.406","1","0","80 10:38.343","0","0","0","0","2458","0","0","0","N","0","0","0","2","02458","0","","1.0","","1","N","N","","1","","0","0","0","","0","N","","2","0","0","0","0","0","0","2","0","2","","","","N","","","","","","","","","",""
"2016033358","","0","0","0","0","0","0","0","0","0","4","0","","02","3","2016","4","40.422936","-79.960845","","11","0","0","0","0","0","1","0","0","","0","0","0","","","0","","0","","40 25:22.571","","7","79 57:39.042","0","0","0","0","2301","0","0","0","N","0","0","0","2","02301","0","","1.0","","1","N","N","","2","","0","0","0","","2","","","2","0","0","0","0","0","0","2","0","2","","","","N","","","","","","","","","",""
"2016036106","","2","0","0","0","0","0","0","0","0","1","0","","02","4","2016","5","40.352173","-79.977658","","11","0","0","0","0","0","1","0","0","","0","0","0","","","1","","1","","40 21:07.821","","0","79 58:39.567","3","0","0","0","2476","0","0","0","N","0","0","0","3","02476","0","","1.0","","1","N","N","","1","","1","0","0","","2","","","3","1","0","0","0","0","0","2","0","3","","","","N","","","","","","","","","",""
"2016036867","","1","0","0","0","0","0","0","0","0","7","0","90","02","4","2016","6","40.576714","-79.823129","","11","0","0","0","0","0","0","0","0","","0","0","0","","","0","","0","","40 34:36.170","","0","79 49:23.263","0","0","0","0","2209","0","0","0","N","0","0","0","2","02209","0","","2.0","","1","N","N","","0","","0","0","0","","3","","","1","0","0","0","0","0","0","2","0","1","","","N","Y","4","1","","","N","Y","","","Y",""
"2016036254","","0","0","0","0","0","0","0","0","0","7","0","","02","4","2016","1","40.564833","-80.20983","","11","0","0","0","0","0","0","0","0","","0","0","0","","","0","","0","","40 33:53.400","","7","80 12:35.388","0","0","0","0","2441","0","0","0","N","0","0","0","1","02441","0","","2.0","","1","N","N","","0","","0","0","1","","0","","","1","0","0","0","0","0","0","2","0","1","","","","N","","","","","","","","","",""
"2016034104","","0","0","0","0","0","0","0","0","0","4","0","","02","3","2016","5","40.655822","-79.93513","","11","0","0","0","0","0","0","1","1","1","0","0","0","","","0","","0","","40 39:20.959","2","0","79 56:06.469","0","0","0","0","2217","0","0","0","N","0","0","0","3","02505","0","","1.0","","1","N","N","","1","","0","0","0","","0","N","","2","0","0","0","0","0","0","2","1","2","","","","N","","","","","","","","","",""
"2016038529","","2","0","0","0","0","0","0","0","0","4","0","","02","4","2016","4","40.449156","-79.762252","","11","0","0","0","0","0","0","0","0","","0","0","0","","","1","","1","","40 26:56.961","","0","79 45:44.107","4","0","0","0","2446","0","0","0","N","0","0","0","2","02446","1","","1.0","","1","N","N","","0","","0","0","0","","3","","","2","1","1","0","0","0","0","2","0","2","","","","N","","","","","","","","","",""
"2016034105","","1","0","0","0","0","0","0","0","0","1","0","","02","3","2016","2","40.336527","-79.979058","","11","0","0","0","0","0","0","0","0","","0","0","0","","","2","","2","","40 20:11.496","","0","79 58:44.609","8","0","0","0","2403","0","0","0","N","0","0","0","3","02403","0","","1.0","","1","N","N","","0","","0","0","0","","2","","","2","2","0","0","0","2","0","2","1","2","","","","N","","","","","","","","","",""
"2016033360","","2","0","0","0","0","0","0","0","0","1","0","","02","3","2016","4","40.455368","-79.967174","","11","0","0","0","0","0","0","0","0","","0","0","0","","","0","","0","","40 27:19.325","","0","79 58:01.827","0","0","0","0","2301","0","0","0","N","0","0","0","2","02301","0","","1.0","","1","N","N","","0","","0","0","0","","0","","","2","0","0","0","0","0","0","2","0","2","","","","N","","","","","","","","","",""
"2016036191","","0","0","0","0","0","0","0","0","0","7","0","","02","3","2016","1","40.445372","-79.847498","","11","0","0","0","0","0","0","0","0","2","0","0","0","","","0","","0","","40 26:43.338","3","0","79 50:50.991","0","0","0","0","2419","0","0","0","","0","0","0","1","68B03","0","","3.0","","1","N","N","","0","","0","0","1","","0","N","","1","0","0","0","0","0","0","2","0","1","","","","N","","","","","","","","","",""
"2016034874","","1","0","0","0","0","0","0","0","0","4","0","","02","4","2016","7","40.359808","-80.028709","","11","0","0","0","0","0","0","1","0","1","0","0","0","","","2","","0","","40 21:35.309","2","7","80 01:43.353","4","0","0","0","2416","0","0","0","","0","0","0","3","02416","2","","1.0","","1","N","N","","0","","0","0","0","","0","N","","2","2","0","0","0","0","0","2","1","2","","","","N","","","","","","","","","",""
"2016034106","","2","0","0","0","0","0","0","0","0","4","0","","02","3","2016","4","40.653969","-80.082519","","11","0","0","0","0","0","0","0","0","1","0","0","0","","","0","","3","","40 39:14.289","3","0","80 04:57.068","0","0","0","0","2212","0","0","0","N","0","0","0","2","02505","0","","1.0","","1","N","N","","0","","0","0","0","","3","Y","","2","0","0","0","0","0","0","2","0","2","","","","N","","","","","","","","","",""
"2016038385","","1","0","0","0","0","0","0","0","0","7","0","","02","4","2016","5","40.355261","-79.87847","","11","0","0","0","0","0","0","0","0","","0","0","0","","","0","","0","","40 21:18.940","","0","79 52:42.493","0","0","0","0","2423","0","0","0","N","0","0","0","1","02304","0","","2.0","","1","N","N","","0","","0","0","0","","6","","","1","0","1","0","0","0","0","2","0","1","","","","N","","","","","","","","","",""
"2016036109","","1","0","0","0","0","0","0","0","0","1","0","","02","4","2016","5","40.614693","-80.097509","","11","0","0","0","0","0","0","0","0","","0","0","0","","","0","","0","","40 36:52.894","","0","80 05:51.031","0","0","0","0","2481","0","0","0","N","0","0","0","3","02481","0","","1.0","","9","N","N","","0","","0","0","1","","2","","","2","0","0","0","0","0","0","2","0","2","","","","N","","","","","","","","","",""
"2016037796","","2","0","0","0","0","0","0","0","0","4","0","","02","4","2016","3","40.449077","-79.808911","","11","0","0","0","0","0","0","1","1","2","0","0","0","","","2","","0","","40 26:56.678","4","0","79 48:32.080","3","0","0","0","2113","0","0","0","N","0","0","0","2","02113","0","","1.0","","1","N","N","","0","","2","0","0","","0","N","","2","2","0","0","0","0","0","2","0","2","","","","N","","","","","","","","","",""
"2016033348","","1","0","0","0","0","0","0","0","0","7","0","","02","3","2016","4","40.32146","-79.829708","","11","0","0","0","1","0","0","0","0","","0","0","0","","","3","","0","","40 19:17.256","","0","79 49:46.950","2","0","0","0","2304","0","0","0","N","0","0","0","3","02304","0","","4.0","","1","N","N","","0","","0","3","0","","0","","","1","3","3","0","3","0","0","2","0","1","","","","N","","","","","","","","","",""
"2016036342","","2","0","0","0","0","0","0","0","0","4","0","","02","4","2016","5","40.438833","-79.765309","","11","0","0","0","0","0","1","0","0","1","0","0","0","","","0","","0","","40 26:19.799","3","0","79 45:55.111","0","0","0","0","2446","0","0","0","N","0","0","0","2","02446","0","","1.0","","1","N","N","","0","","0","0","0","","0","N","","2","0","0","0","0","0","0","2","0","2","","","","N","","","","","","","","","",""
"2016037860","","1","0","0","0","0","0","0","0","0","4","0","","02","4","2016","3","40.612374","-80.054421","","11","0","1","0","0","0","0","0","0","1","0","0","0","","","0","","2","","40 36:44.547","1","7","80 03:15.917","0","0","0","0","2216","0","0","0","N","0","0","0","2","02505","0","","1.0","","1","N","N","","0","","0","0","1","","0","Y","","2","0","0","0","0","0","0","2","0","2","","","","N","","","","","","","","","",""
"2016033365","","1","0","0","0","0","0","0","0","0","7","0","","02","3","2016","2","40.500014","-79.852538","","11","0","0","0","0","0","0","0","1","1","0","0","0","","","1","","0","","40 30:00.050","3","0","79 51:09.136","8","0","0","0","2301","0","0","0","N","0","0","0","1","02301","0","","4.0","","9","N","N","","0","","0","0","0","","0","N","","1","1","0","0","0","1","0","2","0","1","","","","N","","","","","","","","","",""
"2016036874","","1","0","0","0","0","0","0","0","0","4","0","","02","4","2016","3","40.449725","-79.986084","","11","0","0","0","0","0","0","0","0","","0","0","0","","","0","","1","","40 26:59.010","","0","79 59:09.902","0","0","0","0","2301","0","0","0","N","0","0","0","3","02301","0","","1.0","","1","N","N","","0","","0","0","1","","0","","","2","0","0","0","0","0","0","2","0","2","","","","N","","","","","","","","","",""
"2016036132","","2","0","0","0","0","0","0","0","0","1","0","","02","4","2016","5","40.459997","-79.945927","","11","0","0","0","0","0","0","0","0","2","0","0","0","","","0","","1","","40 27:35.989","5","0","79 56:45.337","0","0","0","0","2301","0","0","0","N","0","0","0","3","02301","0","","1.0","","1","N","N","","1","","0","0","0","","0","Y","","3","0","0","0","0","0","0","2","0","3","","","","N","","","","","","","","","",""
"2016036959","","1","0","0","0","0","0","0","0","0","4","0","","02","4","2016","1","40.464843","-79.828658","","11","0","0","0","0","0","0","0","0","","0","0","0","","","0","","1","","40 27:53.434","","0","79 49:43.169","0","0","0","0","2113","0","0","0","N","0","0","0","4","02113","0","","1.0","","1","N","N","","0","","0","0","1","","2","","","2","0","0","0","0","0","0","2","0","2","","","","N","","","","","","","","","",""
"2016036277","","2","0","0","0","0","0","0","0","0","4","0","","02","4","2016","3","40.673438","-80.097018","","11","0","0","0","0","0","0","0","0","","0","0","0","","","0","","1","","40 40:24.376","","0","80 05:49.263","0","0","0","0","2212","0","0","0","N","0","0","0","3","02505","0","","1.0","","1","N","N","","0","","0","0","0","","3","","","2","0","0","0","0","0","0","2","0","2","","","","N","","","","","","","","","",""
"2016037862","","1","0","0","0","0","0","0","0","0","2","0","","02","4","2016","2","40.414094","-80.043775","","11","0","0","0","0","0","0","0","0","2","0","0","0","","","3","","0","","40 24:50.740","4","0","80 02:37.590","3","0","0","0","2435","0","0","0","N","0","0","0","5","02435","0","","1.0","","9","N","Y","","0","","3","0","0","","0","N","","2","3","0","0","0","0","0","2","1","2","","","","N","","","","","","","","","",""
"2016034892","","2","0","0","0","0","0","0","0","0","4","0","","02","4","2016","6","40.435726","-79.786642","","11","0","0","0","0","0","1","0","0","1","0","0","0","","","1","","0","","40 26:08.614","3","0","79 47:11.912","8","0","0","0","2446","0","0","0","N","0","0","0","2","02446","0","","1.0","","1","N","N","","0","","0","0","0","","0","N","","2","1","0","0","0","1","0","2","0","2","","","","N","","","","","","","","","",""
"2016035656","","1","0","0","0","0","0","0","0","0","1","0","","02","4","2016","4","40.535917","-80.183034","","11","0","0","0","0","0","0","0","1","1","0","0","0","","","0","","1","","40 32:09.302","1","0","80 10:58.924","0","0","0","0","2458","0","0","0","N","0","0","0","5","02458","0","","1.0","","1","N","N","","0","","0","0","1","","2","N","","2","0","0","0","0","0","0","2","0","2","","","","N","","","","","","","","","",""
"2016036960","","1","0","0","0","0","0","0","0","0","7","0","","02","4","2016","1","40.319646","-80.087519","","11","0","0","0","0","0","1","0","0","","0","0","0","","","0","","0","","40 19:10.727","","0","80 05:15.067","0","0","0","0","2123","0","0","0","N","0","0","0","1","02123","0","","5.0","","1","N","N","","0","","0","0","0","","0","","","1","0","0","0","0","0","0","2","0","1","","","","N","","","","","","","","","",""
"2016034880","","1","0","0","0","0","0","0","0","0","4","0","","02","3","2016","3","40.526384","-79.983285","","11","0","0","0","0","0","1","0","0","","0","0","0","","","0","","2","","40 31:34.982","","0","79 58:59.826","0","0","0","0","2118","0","0","0","N","0","0","0","4","02118","0","","1.0","","1","N","N","","0","","0","0","1","","3","","","2","0","0","0","0","0","0","2","0","2","","","","N","","","","","","","","","",""
"2016038466","","1","0","0","0","0","0","0","0","0","4","0","","02","4","2016","4","40.271744","-79.843109","","11","0","0","0","0","0","0","1","1","","0","0","0","","","0","","2","","40 16:18.278","","0","79 50:35.191","0","0","0","0","2105","0","0","0","N","0","0","0","2","02105","0","","1.0","","1","N","N","","1","","0","0","0","","3","","","2","0","0","0","0","0","0","1","0","2","","","","N","","","","","","","","","",""
"2016037864","","1","0","0","0","0","0","0","0","0","4","0","","02","4","2016","3","40.477847","-79.736007","","11","0","0","0","0","0","2","0","0","","0","0","0","","","0","","1","","40 28:40.250","","0","79 44:09.624","0","0","0","0","2466","0","0","0","N","0","0","0","2","02466","0","","1.0","","1","N","N","","1","","0","0","0","","3","","","2","0","0","0","0","0","0","2","0","2","","","","N","","","","","","","","","",""
"2016037576","","1","0","0","0","0","0","0","0","0","7","0","","02","4","2016","3","40.457741","-79.843211","","11","0","0","0","0","0","0","0","0","1","0","0","0","","","2","","0","","40 27:27.866","2","0","79 50:35.560","3","0","0","0","2113","0","0","0","N","0","0","0","3","02113","0","","5.0","","9","N","N","","0","","2","0","0","","0","N","","1","2","3","0","0","0","1","2","0","1","","","","N","","","","","","","","","",""
"2016037651","","1","0","0","0","0","0","0","0","0","4","0","","02","4","2016","1","40.456468","-79.896668","","11","0","0","0","0","0","0","0","0","","0","0","0","","","1","","1","","40 27:23.284","","0","79 53:48.005","8","0","0","0","2301","0","0","0","N","0","0","0","4","02301","0","","1.0","","1","N","N","","0","","0","0","0","","2","","","2","1","0","0","0","1","0","2","1","2","","","","N","","","","","","","","","",""
"2016037029","","1","0","0","0","0","0","0","0","0","1","0","","02","4","2016","6","40.438136","-80.004975","","11","0","0","0","0","0","1","0","0","","0","0","0","","","2","","0","","40 26:17.289","","0","80 00:17.910","8","0","0","0","2301","0","0","0","","0","0","0","3","68B03","0","","1.0","","9","N","N","","0","","0","0","2","","0","","","3","2","0","0","0","2","0","2","0","3","","","","N","","","","","","","","","",""
"2016038618","","0","0","0","0","0","0","0","0","0","4","0","","02","4","2016","3","40.339901","-79.906871","","11","0","0","0","0","0","1","0","0","1","0","0","0","","","1","","2","","40 20:23.645","4","0","79 54:24.734","4","0","0","1","2473","0","0","0","N","0","0","0","2","02473","1","","1.0","","1","N","N","","1","","0","0","0","","3","N","","2","1","0","0","0","0","0","2","0","2","","","","N","","","","","","","","","",""
"2016035659","","1","0","0","0","0","0","0","0","0","1","0","","02","3","2016","3","40.343141","-80.034706","","11","0","0","0","0","0","1","0","0","1","0","0","0","","","0","","0","","40 20:35.306","3","0","80 02:04.941","0","0","0","0","2407","0","0","0","N","0","0","0","4","02407","0","","1.0","","1","N","N","","0","","0","0","2","","0","N","","3","0","0","0","0","0","0","2","0","3","","","","N","","","","","","","","","",""
"2016037577","","1","0","0","0","0","0","0","0","0","7","0","","02","3","2016","1","40.448516","-80.062793","","11","0","0","0","0","0","0","0","0","","0","0","0","","","0","","0","","40 26:54.657","","0","80 03:46.055","0","0","0","0","2301","0","0","0","N","0","0","0","1","02301","0","","2.0","","1","N","N","","0","","0","0","0","","3","","","1","0","0","0","0","0","0","2","0","1","","","","N","","","","","","","","","",""
"2016035660","","0","0","0","0","0","0","0","0","0","7","0","","02","4","2016","4","40.395791","-80.033165","","11","0","0","0","0","1","0","0","0","","0","0","0","","","0","","3","","40 23:44.847","","0","80 01:59.395","0","0","0","0","2422","0","0","0","N","0","0","0","1","02422","0","","4.0","","1","N","N","","0","","0","0","1","","2","","","1","0","0","0","0","0","0","2","0","1","","","","N","","","","","","","","","",""
"2016036284","","1","0","0","0","0","0","0","0","0","7","0","","02","4","2016","6","40.587571","-79.943205","","11","1","0","0","0","0","0","0","0","1","0","0","0","","","0","","0","","40 35:15.254","1","0","79 56:35.537","0","0","0","0","2207","0","0","0","N","0","0","0","1","02207","0","","5.0","","9","N","N","","0","","0","0","0","","0","N","","1","0","0","0","0","0","0","2","0","1","","","","N","","","","","","","","","",""
"2016037044","","1","0","0","0","0","0","0","0","0","4","0","","02","4","2016","6","40.596777","-79.982946","","11","0","0","0","0","0","1","0","0","3","0","0","0","","","3","","2","","40 35:48.396","6","0","79 58:58.604","8","0","0","0","2207","0","0","0","N","0","0","0","4","02207","0","","1.0","","1","N","N","","0","","0","0","2","","0","Y","","3","3","0","0","0","3","0","1","0","3","","","","N","","","","","","","","","",""
"2016034884","","1","0","0","0","0","0","0","0","0","4","0","","02","4","2016","2","40.34505","-80.082181","","11","0","0","0","0","0","1","0","0","","0","0","0","","","1","","1","","40 20:42.181","","0","80 04:55.851","8","0","0","0","2123","0","0","0","N","0","0","0","2","02123","0","","1.0","","9","N","N","","0","","0","0","1","","2","","","2","1","0","0","0","1","0","2","0","2","","","","N","","","","","","","","","",""
"2016036121","","1","0","0","0","0","0","1","0","0","5","1","","02","4","2016","5","40.431166","-80.001905","","11","0","0","0","0","0","0","0","0","1","0","0","0","","","1","","1","","40 25:52.198","4","0","80 00:06.858","4","0","0","0","2301","0","0","0","N","0","0","0","2","02503","1","","1.0","","9","N","N","","0","","0","0","0","","1","N","","2","1","0","0","0","0","0","2","0","2","","","","N","","","","","","","","","",""
"2016036138","","1","0","0","0","0","0","0","0","0","7","0","","02","4","2016","5","40.494362","-79.827343","","11","0","0","0","0","0","1","0","0","2","0","0","0","","","1","","0","","40 29:39.704","5","0","79 49:38.436","4","0","0","0","2113","0","0","0","N","0","0","0","1","02113","1","","4.0","","9","N","N","","0","","0","0","0","","8","N","","1","1","0","0","0","0","0","2","0","1","","","","N","","","","","","","","","",""
"2016037868","","2","0","0","0","0","0","0","0","0","4","0","","02","4","2016","2","40.357128","-80.028492","","11","0","0","0","0","0","0","0","1","1","0","0","0","","","0","","0","","40 21:25.659","1","0","80 01:42.571","0","0","0","0","2416","0","0","0","","0","0","0","2","02416","0","","1.0","","1","N","N","","0","","0","0","0","","0","N","","2","0","0","0","0","0","0","2","0","2","","","","N","","","","","","","","","",""
"2016036123","","0","0","0","0","0","0","0","0","0","7","0","","02","4","2016","4","40.357551","-79.832064","","11","0","0","0","0","0","0","0","0","2","0","0","0","","","0","","2","","40 21:27.183","2","0","79 49:55.430","0","0","0","0","2304","0","0","0","N","0","0","0","1","02304","0","","2.0","","1","N","N","","0","","0","0","1","","0","N","","1","0","0","0","0","0","0","2","0","1","","","","N","","","","","","","","","",""
"2016037869","","2","0","0","0","0","0","0","0","0","4","0","","02","4","2016","7","40.358325","-80.028698","","11","0","0","0","0","0","1","0","1","2","0","0","0","","","1","","0","","40 21:29.970","5","0","80 01:43.312","4","0","0","0","2416","0","0","0","","0","0","0","2","02416","1","","1.0","","1","N","N","","0","","0","0","0","","2","Y","","2","1","0","0","0","0","0","2","0","2","","","","N","","","","","","","","","",""