"CRN","ARRIVAL_TM","AUTOMOBILE_COUNT","BELTED_DEATH_COUNT","BELTED_SUSP_SERIOUS_INJ_COUNT","BICYCLE_COUNT","BICYCLE_DEATH_COUNT","BICYCLE_SUSP_SERIOUS_INJ_COUNT","BUS_COUNT","CHLDPAS_DEATH_COUNT","CHLDPAS_SUSP_SERIOUS_INJ_COUNT","COLLISION_TYPE","COMM_VEH_COUNT","CONS_ZONE_SPD_LIM","COUNTY","CRASH_MONTH","CRASH_YEAR","DAY_OF_WEEK","DEC_LATITUDE","DEC_LONGITUDE","DISPATCH_TM","DISTRICT","DRIVER_COUNT_16YR","DRIVER_COUNT_17YR","DRIVER_COUNT_18YR","DRIVER_COUNT_19YR","DRIVER_COUNT_20YR","DRIVER_COUNT_50_64YR","DRIVER_COUNT_65_74YR","DRIVER_COUNT_75PLUS","EST_HRS_CLOSED","FATAL_COUNT","HEAVY_TRUCK_COUNT","HORSE_BUGGY_COUNT","HOUR_OF_DAY","ILLUMINATION","INJURY_COUNT","INTERSECTION_RELATED","INTERSECT_TYPE","LANE_CLOSED","LATITUDE","LN_CLOSE_DIR","LOCATION_TYPE","LONGITUDE","MAX_SEVERITY_LEVEL","MCYCLE_DEATH_COUNT","MCYCLE_SUSP_SERIOUS_INJ_COUNT","MOTORCYCLE_COUNT","MUNICIPALITY","NONMOTR_COUNT","NONMOTR_DEATH_COUNT","NONMOTR_SUSP_SERIOUS_INJ_COUNT","NTFY_HIWY_MAINT","PED_COUNT","PED_DEATH_COUNT","PED_SUSP_SERIOUS_INJ_COUNT","PERSON_COUNT","POLICE_AGCY","POSSIBLE_INJ_COUNT","RDWY_SURF_TYPE_CD","RELATION_TO_ROAD","ROADWAY_CLEARED","ROAD_CONDITION","SCH_BUS_IND","SCH_ZONE_IND","SECONDARY_CRASH","SMALL_TRUCK_COUNT","SPEC_JURIS_CD","SUSP_MINOR_INJ_COUNT","SUSP_SERIOUS_INJ_COUNT","SUV_COUNT","TCD_FUNC_CD","TCD_TYPE","TFC_DETOUR_IND","TIME_OF_DAY","TOTAL_UNITS","TOT_INJ_COUNT","UNBELTED_OCC_COUNT","UNB_DEATH_COUNT","UNB_SUSP_SERIOUS_INJ_COUNT","UNK_INJ_DEG_COUNT","UNK_INJ_PER_COUNT","URBAN_RURAL","VAN_COUNT","VEHICLE_COUNT","WEATHER1","WEATHER2","WORKERS_PRES","WORK_ZONE_IND","WORK_ZONE_LOC","WORK_ZONE_TYPE","WZ_CLOSE_DETOUR","WZ_FLAGGER","WZ_LAW_OFFCR_IND","WZ_LN_CLOSURE","WZ_MOVING","WZ_OTHER","WZ_SHLDER_MDN","WZ_WORKERS_INJ_KILLED"
"2016036882","","0","0","0","0","0","0","0","0","0","7","0","","02","4","2016","7","40.333646","-79.860642","","11","0","0","0","0","0","1","0","0","1","0","0","0","","","0","","0","","40 20:01.125","6","0","79 51:38.311","0","0","0","0","2455","0","0","0","N","0","0","0","1","02455","0","","2.0","","1","N","N","","1","","0","0","0","","0","Y","","1","0","0","0","0","0","0","2","0","1","","","","N","","","","","","","","","",""
"2016036206","","1","0","0","0","0","0","0","0","0","1","0","","02","3","2016","6","40.490737","-79.882778","","11","0","0","0","0","0","1","0","0","2","0","0","0","","","1","","6","","40 29:26.653","5","0","79 52:58.000","8","0","0","0","2112","0","0","0","","0","0","0","3","68D02","0","","1.0","","1","N","N","","1","","0","0","0","","0","N","","2","1","1","0","0","1","0","2","0","2","","","","N","","","","","","","","","",""
"2016034902","","1","0","0","0","0","0","0","0","0","4","0","","02","4","2016","2","40.428444","-79.918539","","11","0","0","0","1","0","1","0","0","","0","0","0","","","0","","1","","40 25:42.398","","0","79 55:06.740","0","0","0","0","2301","0","0","0","N","0","0","0","2","02301","0","","1.0","","9","N","N","","0","","0","0","1","","2","","","2","0","1","0","0","0","0","2","0","2","","","","N","","","","","","","","","",""
"2016036141","","1","0","0","0","0","0","0","0","0","7","0","","02","4","2016","7","40.478452","-79.752509","","11","0","0","0","0","1","0","0","0","","0","0","0","","","0","","0","","40 28:42.428","","0","79 45:09.032","0","0","0","0","2466","0","0","0","","0","0","0","2","02466","0","","2.0","","1","N","N","","0","","0","0","0","","0","","","1","0","0","0","0","0","0","2","0","1","","","","N","","","","","","","","","",""
"2016036968","","2","0","0","0","0","0","0","0","0","1","0","","02","4","2016","1","40.438906","-79.962419","","11","0","0","0","0","0","0","0","0","","0","0","0","","","0","","0","","40 26:20.060","","0","79 57:44.710","0","0","0","0","2301","0","0","0","N","0","0","0","5","02301","0","","1.0","","1","N","N","","0","","0","0","0","","0","","","2","0","0","0","0","0","0","2","0","2","","","","N","","","","","","","","","",""
"2016038625","","0","0","0","0","0","0","0","0","0","4","0","","02","4","2016","5","40.407349","-79.910275","","11","0","0","0","0","0","0","0","0","2","0","0","0","","","0","","0","","40 24:26.455","3","0","79 54:36.991","0","0","0","0","2438","0","0","0","N","0","0","0","1","02438","0","","6.0","","1","N","N","","0","","0","0","2","","0","N","","2","0","0","0","0","0","0","2","0","2","","","","N","","","","","","","","","",""
"2016033444","","0","0","0","0","0","0","0","0","0","1","0","","02","3","2016","3","40.63143","-79.975857","","11","0","0","0","0","0","1","1","0","","0","0","0","","","0","","2","","40 37:53.149","","0","79 58:33.085","0","0","0","0","2217","0","0","0","N","0","0","0","3","02505","0","","1.0","","1","N","N","","1","","0","0","1","","0","","","2","0","0","0","0","0","0","2","0","2","","","","N","","","","","","","","","",""
"2016034136","","2","0","0","0","0","0","0","0","0","1","0","","02","4","2016","6","40.473674","-79.856493","","11","0","0","0","0","0","0","0","0","","0","0","0","","","1","","2","","40 28:25.228","","0","79 51:23.374","3","0","0","0","2113","0","0","0","N","0","0","0","3","02113","0","","1.0","","9","N","N","","0","","1","0","0","","0","","","2","1","0","0","0","0","0","2","0","2","","","","N","","","","","","","","","",""
"2016034285","","1","0","0","0","0","0","0","0","0","0","0","","02","4","2016","6","40.473234","-79.84821","","11","0","1","0","0","0","0","0","0","","0","0","0","","","0","","2","","40 28:23.641","","0","79 50:53.556","0","0","0","0","2113","0","0","0","N","0","0","0","2","02113","0","","1.0","","1","N","N","","0","","0","0","0","","0","","","1","0","0","0","0","0","0","2","0","1","","","","N","","","","","","","","","",""
"2016034286","","2","0","0","0","0","0","0","0","0","4","0","","02","4","2016","6","40.354856","-79.840797","","11","0","0","0","0","0","0","0","0","2","0","0","0","","","0","","2","","40 21:17.482","3","0","79 50:26.869","0","0","0","0","2304","0","0","0","N","0","0","0","2","02304","0","","1.0","","1","N","N","","0","","0","0","0","","0","Y","","2","0","0","0","0","0","0","2","0","2","","","","N","","","","","","","","","",""
"2016034221","","1","0","0","0","0","0","0","0","0","4","0","","02","4","2016","6","40.484224","-79.907886","","11","0","0","0","0","0","0","0","0","","0","0","0","","","0","","1","","40 29:03.206","","0","79 54:28.391","0","0","0","0","2301","0","0","0","N","0","0","0","5","02301","0","","7.0","","1","N","N","","1","","0","0","0","","2","","","2","0","0","0","0","0","0","2","0","2","","","","N","","","","","","","","","",""
"2016033592","","1","0","0","0","0","0","1","0","0","2","1","","02","3","2016","1","40.4001","-79.920705","","11","0","0","0","0","0","0","0","0","2","0","0","0","","","1","","2","","40 24:00.361","7","0","79 55:14.539","3","0","0","0","2472","0","0","0","N","0","0","0","2","02503","0","","1.0","","1","N","N","","0","","1","0","0","","0","N","","2","1","0","0","0","0","0","2","0","2","","","","N","","","","","","","","","",""
"2016034222","","2","0","0","0","0","0","0","0","0","1","0","","02","3","2016","3","40.494871","-79.939469","","11","0","0","0","0","0","1","0","0","","0","0","0","","","0","","1","","40 29:41.536","","0","79 56:22.087","0","0","0","0","2430","0","0","0","N","0","0","0","2","02430","0","","1.0","","1","N","N","","0","","0","0","0","","2","","","2","0","0","0","0","0","0","2","0","2","","","","N","","","","","","","","","",""
"2016033668","","2","0","0","0","0","0","0","0","0","1","0","","02","3","2016","6","40.361129","-79.932785","","11","0","0","0","0","0","0","0","0","2","0","0","0","","","2","","0","","40 21:40.066","1","0","79 55:58.026","8","0","0","0","2473","0","0","0","N","0","0","0","6","02473","0","","1.0","","1","N","N","","0","","0","0","0","","0","N","","2","2","0","0","0","2","0","2","0","2","","","","N","","","","","","","","","",""
"2016033451","","0","0","0","0","0","0","0","0","0","4","0","","02","3","2016","4","40.366002","-79.949448","","11","0","0","0","0","0","1","0","0","","0","0","0","","","0","","2","","40 21:57.607","","0","79 56:58.013","0","0","0","0","2403","0","0","0","N","0","0","0","3","02403","0","","1.0","","1","N","N","","0","","0","0","2","","3","","","3","0","0","0","0","0","0","2","1","3","","","","N","","","","","","","","","",""
"2016033740","","1","0","0","0","0","0","0","0","0","1","0","","02","3","2016","5","40.495612","-80.055528","","11","0","0","0","0","0","0","1","0","","0","0","0","","","1","","1","","40 29:44.203","","0","80 03:19.900","4","0","0","0","2404","0","0","0","N","0","0","0","2","02404","1","","1.0","","1","N","N","","0","","0","0","1","","0","","","2","1","0","0","0","0","0","2","0","2","","","","N","","","","","","","","","",""
"2016034976","","2","0","0","0","0","0","0","0","0","1","0","","02","4","2016","2","40.427882","-80.000111","","11","0","0","0","0","0","1","0","0","","0","0","0","","","0","","0","","40 25:40.376","","4","80 00:00.400","0","0","0","0","2301","0","0","0","N","0","0","0","3","02301","0","","1.0","","1","N","N","","0","","0","0","1","","2","","","3","0","0","0","0","0","0","2","0","3","","","","N","","","","","","","","","",""
"2016034293","","1","0","0","0","0","0","0","0","0","99","0","","02","4","2016","6","40.428551","-79.997171","","11","0","0","0","0","0","0","0","0","1","0","0","0","","","0","","0","","40 25:42.783","3","0","79 59:49.815","0","0","0","0","2301","0","0","0","N","0","0","0","1","02301","0","","1.0","","9","N","N","","0","","0","0","0","","0","Y","","1","0","0","0","0","0","0","2","0","1","","","","N","","","","","","","","","",""
"2016035943","","3","0","0","0","0","0","0","0","0","1","0","","02","4","2016","5","40.409471","-80.016699","","11","0","0","0","0","0","1","0","0","","0","0","0","","","1","","0","","40 24:34.097","","0","80 01:00.115","8","0","0","0","2301","0","0","0","N","0","0","0","4","02301","0","","1.0","","9","N","N","","1","","0","0","0","","0","","","4","1","2","0","0","1","0","2","0","4","","","","N","","","","","","","","","",""
"2016032973","","2","0","0","0","0","0","0","0","0","4","0","","02","3","2016","3","40.438847","-80.020453","","11","0","0","0","0","0","1","0","0","1","0","0","0","","","0","","2","","40 26:19.849","4","0","80 01:13.630","0","0","0","0","2301","0","0","0","N","0","0","0","2","02301","0","","1.0","","1","N","N","","0","","0","0","0","","0","N","","2","0","0","0","0","0","0","2","0","2","","","","N","","","","","","","","","",""
"2016034144","","3","0","0","0","0","0","0","0","0","4","0","","02","4","2016","6","40.488573","-79.88311","","11","0","0","0","0","0","2","0","0","","0","0","0","","","0","","2","","40 29:18.862","","2","79 52:59.196","0","0","0","0","2112","0","0","0","N","0","0","0","3","02112","0","","1.0","","1","N","N","","0","","0","0","0","","2","","","3","0","0","0","0","0","0","2","0","3","","","","N","","","","","","","","","",""
"2016033468","","1","0","0","0","0","0","0","0","0","7","0","","02","3","2016","3","40.617313","-79.831481","","11","0","0","0","0","0","0","0","0","1","0","0","0","","","3","","0","","40 37:02.325","4","0","79 49:53.330","3","0","0","0","2220","0","0","0","N","0","0","0","5","02220","2","","5.0","","1","N","N","","0","","1","0","0","","0","N","","1","3","0","0","0","0","0","2","0","1","","","","N","","","","","","","","","",""
"2016034294","","2","0","0","0","0","0","0","0","0","5","0","","02","4","2016","6","40.45329","-80.001665","","11","0","0","0","1","0","0","0","0","","0","0","0","","","0","","0","","40 27:11.845","","0","80 00:05.994","0","0","0","0","2301","0","0","0","N","0","0","0","2","02301","0","","1.0","","1","N","N","","0","","0","0","0","","3","","","2","0","0","0","0","0","0","2","0","2","","","","N","","","","","","","","","",""
"2016034309","","1","0","0","0","0","0","0","0","0","7","0","","02","4","2016","6","40.425868","-79.861619","","11","0","0","0","0","0","0","0","0","2","0","0","0","","","0","","2","","40 25:33.124","4","0","79 51:41.829","0","0","0","0","2431","0","0","0","N","0","0","0","1","02431","0","","3.0","","1","N","N","","0","","0","0","0","","0","Y","","2","0","0","0","0","0","0","2","0","1","","","","N","","","","","","","","","",""
"2016035277","","0","0","0","0","0","0","0","0","0","7","1","35","02","4","2016","2","40.58857","-80.046096","","11","0","0","0","0","0","0","0","0","3","0","1","0","","","0","","0","","40 35:18.852","5","0","80 02:45.945","0","0","0","0","2108","0","0","0","Y","0","0","0","1","02108","0","","2.0","","9","N","N","","0","","0","0","0","","8","N","","1","0","0","0","0","0","0","2","0","1","","","Y","Y","3","1","Y","N","N","Y","N","N","Y",""
"2016034311","","1","0","0","0","0","0","0","0","0","7","0","","02","4","2016","6","40.446276","","","11","0","0","0","0","0","0","0","0","1","0","0","0","","","0","","0","","40 26:46.593","1","0","80 0:42.433","0","0","0","0","2301","0","0","0","N","0","0","0","1","02301","0","","2.0","","1","N","N","","0","","0","0","0","","0","N","","1","0","0","0","0","0","0","1","0","1","","","","N","","","","","","","","","",""
"2016035945","","1","0","0","0","0","0","0","0","0","4","0","","02","4","2016","5","40.420854","-79.884244","","11","0","0","0","0","0","1","0","0","","0","0","0","","","0","","1","","40 25:15.074","","0","79 53:03.278","9","0","0","0","2463","0","0","0","N","0","0","0","2","02463","0","","1.0","","1","N","N","","0","","0","0","1","","2","","","2","0","0","0","0","0","1","2","0","2","","","","N","","","","","","","","","",""
"2016033612","","1","0","0","0","0","0","0","0","0","4","0","","02","3","2016","5","40.455186","-79.881908","","11","0","0","0","0","0","0","0","0","","0","0","0","","","0","","0","","40 27:18.670","","0","79 52:54.870","0","0","0","0","2301","0","0","0","N","0","0","0","1","02301","0","","2.0","","1","N","N","","1","","0","0","1","","0","","","3","0","0","0","0","0","0","2","0","3","","","","N","","","","","","","","","",""
"2016035869","","1","0","0","0","0","0","0","0","0","7","0","","02","4","2016","5","40.479541","-79.800257","","11","0","0","0","0","0","0","0","0","1","0","0","0","","","0","","0","","40 28:46.347","3","0","79 48:00.925","0","0","0","0","2113","0","0","0","N","0","0","0","1","02113","0","","4.0","","1","N","N","","0","","0","0","0","","0","N","","1","0","0","0","0","0","0","2","0","1","","","","N","","","","","","","","","",""
"2016035135","","1","0","0","0","0","0","0","0","0","7","0","25","02","4","2016","3","40.43548","-79.994734","","11","0","0","0","0","0","0","0","0","1","0","0","0","","","0","","0","","40 26:07.728","1","8","79 59:41.042","0","0","0","0","2301","0","0","0","N","0","0","0","1","02301","0","","2.0","","1","N","N","","0","","0","0","0","","0","N","","1","0","0","0","0","0","0","2","0","1","","","N","Y","3","1","","","N","","","","",""
"2016034461","","2","0","0","0","0","0","0","0","0","2","0","","02","4","2016","6","40.301211","-80.030509","","11","0","0","0","0","0","1","1","0","2","0","0","0","","","0","","0","","40 18:04.359","3","0","80 01:49.831","0","0","0","0","2407","0","0","0","N","0","0","0","2","02407","0","","1.0","","1","N","N","","0","","0","0","0","","0","Y","","2","0","0","0","0","0","0","2","0","2","","","","N","","","","","","","","","",""
"2016033395","","1","0","0","0","0","0","0","0","0","8","0","","02","3","2016","4","40.364364","-79.983632","","11","0","0","0","0","0","0","0","0","","0","0","0","","","1","","2","","40 21:51.710","","0","79 59:01.075","8","0","0","0","2413","1","0","0","N","1","0","0","2","02413","0","","1.0","","1","N","N","","0","","0","0","0","","3","","","2","1","0","0","0","1","0","2","0","1","","","","N","","","","","","","","","",""
"2016034163","","2","0","0","0","0","0","0","0","0","4","0","","02","3","2016","4","40.582227","-80.062891","","11","0","2","0","0","0","0","0","0","1","0","0","0","","","0","","1","","40 34:56.017","1","0","80 03:46.409","0","0","0","0","2108","0","0","0","N","0","0","0","2","02108","0","","1.0","","1","N","N","","0","","0","0","0","","3","N","","2","0","0","0","0","0","0","2","0","2","","","","N","","","","","","","","","",""
"2016035139","","1","0","0","0","0","0","0","0","0","7","0","","02","4","2016","6","40.565666","-80.210805","","11","0","0","0","0","0","1","0","0","1","0","0","0","","","0","","0","","40 33:56.398","5","0","80 12:38.898","0","0","0","0","2441","0","0","0","N","0","0","0","1","02441","0","","2.0","","1","N","N","","0","","0","0","0","","0","N","","1","0","0","0","0","0","0","2","0","1","","","","N","","","","","","","","","",""
"2016034448","","0","0","0","0","0","0","0","0","0","7","0","","02","2","2016","3","40.377479","-79.994017","","11","0","0","0","0","0","0","0","0","","0","0","0","","","0","","0","","40 22:38.924","","0","79 59:38.461","9","0","0","0","2301","0","0","0","N","0","0","0","1","02301","0","","2.0","","2","N","N","","0","","0","0","1","","0","","","1","0","0","0","0","0","1","2","0","1","","","","N","","","","","","","","","",""
"2016033693","","1","0","0","0","0","0","0","0","0","4","0","","02","3","2016","5","40.44161","-80.240672","","11","0","0","0","0","0","0","1","0","","0","0","0","","","0","","1","","40 26:29.796","","0","80 14:26.419","0","0","0","0","2214","0","0","0","N","0","0","0","2","02214","0","","1.0","","1","N","N","","1","","0","0","0","","3","","","2","0","0","0","0","0","0","2","0","2","","","","N","","","","","","","","","",""
"2016034999","","0","0","0","0","0","0","0","0","0","1","0","","02","4","2016","2","40.438366","-80.012184","","11","0","0","0","0","0","1","0","0","1","0","1","0","","","0","","6","","40 26:18.117","3","2","80 00:43.863","0","0","0","0","2301","0","0","0","N","0","0","0","2","02301","0","","7.0","","1","N","N","","0","","0","0","1","","4","N","","2","0","0","0","0","0","0","2","0","2","","","","N","","","","","","","","","",""
"2016035141","","0","0","0","0","0","0","0","0","0","7","0","","02","4","2016","3","40.440291","-80.08209","","11","0","0","0","0","0","0","0","0","","0","0","0","","","1","","0","","40 26:25.046","","3","80 04:55.523","8","0","0","0","2301","0","0","0","N","0","0","0","1","02301","0","","1.0","","7","N","N","","0","","0","0","1","","0","","","1","1","0","0","0","1","0","2","0","1","","","","N","","","","","","","","","",""
"2016034449","","1","0","0","0","0","0","0","0","0","4","0","","02","3","2016","5","40.528576","-80.018057","","11","0","0","0","0","0","0","0","0","1","0","0","0","","","0","","0","","40 31:42.873","1","7","80 01:05.006","0","0","0","0","2116","0","0","0","N","0","0","0","2","02116","0","","1.0","","1","N","N","","0","","0","0","1","","0","N","","2","0","0","0","0","0","0","2","0","2","","","","N","","","","","","","","","",""
"2016034154","","1","0","0","0","0","0","0","0","0","1","0","","02","4","2016","6","40.424907","-80.191773","","11","0","0","1","0","0","0","0","0","1","0","0","0","","","0","","2","","40 25:29.666","1","0","80 11:30.381","0","0","0","0","2214","0","0","0","N","0","0","0","2","02214","0","","1.0","","1","N","N","","0","","0","0","1","","0","N","","2","0","0","0","0","0","0","1","0","2","","","","N","","","","","","","","","",""
"2016035061","","0","0","0","0","0","0","0","0","0","0","1","","02","4","2016","7","40.435944","-79.747539","","11","0","0","0","0","0","1","0","0","2","0","1","0","","","0","","0","","40 26:09.400","4","2","79 44:51.140","0","0","0","0","2446","0","0","0","","0","0","0","1","68T09","0","","1.0","","1","N","N","","0","","0","0","0","","0","N","","1","0","0","0","0","0","0","2","0","1","","","","N","","","","","","","","","",""
"2016035825","","1","0","0","0","0","0","0","0","0","6","0","","02","4","2016","3","40.473741","-80.061837","","11","0","0","0","0","0","1","0","0","2","0","0","0","","","0","","0","","40 28:25.468","5","3","80 03:42.613","0","0","0","0","2444","0","0","0","Y","0","0","0","2","02444","0","","1.0","","2","N","N","","0","","0","0","1","","0","Y","","2","0","0","0","0","0","0","2","0","2","","","","N","","","","","","","","","",""
"2016035271","","2","0","0","0","0","0","0","0","0","4","0","","02","4","2016","3","40.479278","-79.921889","","11","0","0","0","0","0","0","0","0","","0","0","0","","","0","","2","","40 28:45.400","","0","79 55:18.800","0","0","0","0","2301","0","0","0","N","0","0","0","1","02301","0","","4.0","","1","N","N","","0","","0","0","0","","0","","","2","0","0","0","0","0","0","2","0","2","","","","N","","","","","","","","","",""
"2016033695","","1","0","0","0","0","0","0","0","0","1","0","","02","3","2016","5","40.410966","-80.006048","","11","0","0","0","0","0","0","0","0","","0","0","0","","","1","","2","","40 24:39.476","","0","80 00:21.772","8","0","0","0","2301","0","0","0","N","0","0","0","2","02301","0","","1.0","","1","N","N","","1","","0","0","0","","2","","","2","1","0","0","0","1","0","2","0","2","","","","N","","","","","","","","","",""
"2016035001","","1","0","0","0","0","0","0","0","0","7","0","","02","4","2016","1","40.56822","-80.022222","","11","0","0","0","0","0","0","0","0","2","0","0","0","","","0","","0","","40 34:05.592","1","7","80 01:19.999","0","0","0","0","2108","0","0","0","N","0","0","0","1","02108","0","","4.0","","2","N","N","","0","","0","0","0","","2","N","","1","0","0","0","0","0","0","2","0","1","","","","N","","","","","","","","","",""
"2016033476","","1","0","0","0","0","0","0","0","0","7","0","","02","2","2016","7","40.433934","-79.993298","","11","0","0","0","0","0","0","0","0","","0","0","0","","","0","","0","","40 26:02.164","","0","79 59:35.873","0","0","0","0","2301","0","0","0","","0","0","0","1","68B03","0","","2.0","","7","N","N","","0","","0","0","0","","0","","","1","0","1","0","0","0","0","2","0","1","","","","N","","","","","","","","","",""
"2016034319","","1","0","0","0","0","0","0","0","0","0","0","","02","3","2016","4","40.43651","-79.963936","","11","0","0","0","0","1","0","0","0","","0","0","0","","","0","","2","","40 26:11.436","","0","79 57:50.169","0","0","0","0","2301","0","0","0","N","0","0","0","2","02301","0","","5.0","","1","N","N","","0","","0","0","0","","0","","","1","0","0","0","0","0","0","2","0","1","","","","N","","","","","","","","","",""
"2016035143","","1","0","0","0","0","0","0","0","0","2","0","","02","3","2016","5","40.495246","-79.939602","","11","0","0","0","0","0","0","0","0","1","0","0","0","","","1","","1","","40 29:42.886","7","1","79 56:22.567","4","0","0","0","2430","0","0","0","","0","0","0","2","02430","1","","1.0","","1","N","N","","0","","0","0","1","","3","N","","2","1","0","0","0","0","0","2","0","2","","","","N","","","","","","","","","",""
"2016034388","","0","0","0","0","0","0","0","0","0","7","0","55","02","4","2016","6","40.552651","-79.832844","","11","0","0","0","0","0","0","1","0","1","0","0","0","","","1","","0","","40 33:09.545","3","0","79 49:58.238","8","0","0","0","2208","0","0","0","","0","0","0","1","68T02","0","","4.0","","1","N","N","","1","","0","0","0","","0","N","","1","1","0","0","0","1","0","2","0","1","","","Y","Y","5","1","N","N","N","N","N","Y","N",""
"2016035878","","1","0","0","0","0","0","0","0","0","7","0","","02","2","2016","5","40.354799","-80.099759","","11","0","0","0","0","0","0","0","0","","0","0","0","","","0","","0","","40 21:17.275","","0","80 05:59.134","0","0","0","0","2414","0","0","0","N","0","0","0","2","02414","0","","4.0","","1","N","N","","0","","0","0","0","","0","","","1","0","0","0","0","0","0","2","0","1","","","","N","","","","","","","","","",""
"2016034306","","2","0","0","0","0","0","0","0","0","7","0","","02","4","2016","6","40.523989","-80.022245","","11","0","0","0","0","0","0","0","0","","0","0","0","","","0","","0","","40 31:26.359","","0","80 01:20.082","0","0","0","0","2122","0","0","0","N","0","0","0","1","02122","0","","4.0","","1","N","N","","0","","0","0","0","","0","","","2","0","1","0","0","0","0","2","0","2","","","","N","","","","","","","","","",""
"2016035879","","1","0","0","0","0","0","0","0","0","4","0","","02","2","2016","6","40.351989","-80.108716","","11","0","0","0","0","0","0","0","0","1","0","0","0","","","1","","2","","40 21:07.160","6","0","80 06:31.377","8","0","0","0","2414","0","0","0","N","0","0","0","2","02414","0","","1.0","","1","N","N","","0","","0","0","1","","0","Y","","2","1","0","0","0","1","0","2","0","2","","","","N","","","","","","","","","",""
"2016034158","","1","0","0","0","0","0","0","0","0","5","0","","02","4","2016","6","40.400099","-79.93722","","11","0","0","0","0","0","0","0","1","1","0","0","0","","","2","","0","","40 24:00.355","1","0","79 56:13.992","8","0","0","0","2301","0","0","0","N","0","0","0","3","02301","0","","1.0","","1","N","N","","0","","0","0","0","","0","N","","2","2","0","0","0","2","0","2","1","2","","","","N","","","","","","","","","",""
"2016035880","","0","0","0","0","0","0","0","0","0","4","0","","02","3","2016","7","40.357612","-80.105163","","11","0","0","0","0","0","0","0","0","1","0","0","0","","","2","","1","","40 21:27.402","5","0","80 06:18.588","8","0","0","0","2414","0","0","0","N","0","0","0","7","02414","0","","1.0","","1","N","N","","0","","0","0","2","","2","N","","2","2","0","0","0","2","0","2","0","2","","","","N","","","","","","","","","",""
"2016034159","","3","0","0","0","0","0","0","0","0","1","0","","02","3","2016","5","40.410482","-79.955313","","11","0","0","0","0","0","0","0","1","","0","0","0","","","1","","0","","40 24:37.736","","0","79 57:19.125","8","0","0","0","2403","0","0","0","N","0","0","0","5","02403","0","","1.0","","1","N","N","","0","","0","0","1","","0","","","4","1","0","0","0","1","0","2","0","4","","","","N","","","","","","","","","",""
"2016035830","","0","0","0","0","0","0","0","0","0","1","0","","02","4","2016","3","40.524692","-79.962089","","11","0","0","0","1","0","1","0","0","","0","0","0","","","1","","1","","40 31:28.891","","0","79 57:43.522","8","0","0","0","2118","0","0","0","N","0","0","0","2","02118","0","","1.0","","1","N","N","","0","","0","0","2","","2","","","2","1","0","0","0","1","0","2","0","2","","","","N","","","","","","","","","",""
"2016033556","","2","0","0","0","0","0","0","0","0","4","0","","02","3","2016","4","40.453987","-79.997852","","11","0","0","0","0","0","1","0","0","","0","0","0","","","1","","1","","40 27:14.353","","2","79 59:52.267","8","0","0","0","2301","0","0","0","N","0","0","0","3","02301","0","","1.0","","1","N","N","","0","","0","0","0","","0","","","2","1","0","0","0","1","1","2","0","2","","","","N","","","","","","","","","",""
"2016035956","","1","0","0","0","0","0","0","0","0","1","0","","02","4","2016","4","40.493333","-79.881444","","11","0","0","0","0","0","1","1","0","","0","0","0","","","0","","0","","40 29:36.000","","0","79 52:53.200","0","0","0","0","2112","0","0","0","N","0","0","0","3","02112","0","","1.0","","1","N","N","","0","","0","0","1","","0","","","3","0","0","0","0","0","0","2","1","3","","","","N","","","","","","","","","",""
"2016035881","","1","0","0","0","0","0","0","0","0","4","0","","02","4","2016","3","40.350871","-80.10745","","11","0","0","0","0","0","0","1","0","1","0","0","0","","","0","","2","","40 21:03.137","4","0","80 06:26.821","0","0","0","0","2414","0","0","0","N","0","0","0","5","02414","0","","1.0","","1","N","N","","0","","0","0","1","","0","N","","2","0","0","0","0","0","0","2","0","2","","","","N","","","","","","","","","",""
"2016035225","","1","0","0","0","0","0","0","0","0","7","0","","02","3","2016","4","40.459775","-79.738952","","11","0","0","0","0","0","0","0","0","","0","0","0","","","1","","0","","40 27:35.190","","0","79 44:20.227","8","0","0","0","2466","0","0","0","N","0","0","0","1","02466","0","","5.0","","1","N","N","","0","","0","0","0","","0","","","1","1","0","0","0","1","0","2","0","1","","","","N","","","","","","","","","",""
"2016035079","","1","0","0","0","0","0","0","0","0","1","1","","02","4","2016","2","40.468326","-79.961877","","11","0","0","0","0","0","1","0","1","","0","1","0","","","0","","2","","40 28:05.973","","0","79 57:42.757","0","0","0","0","2301","0","0","0","N","0","0","0","2","02301","0","","1.0","","9","N","Y","","0","","0","0","0","","2","","","2","0","0","0","0","0","0","2","0","2","","","","N","","","","","","","","","",""
"2016035148","","1","0","0","0","0","0","0","0","0","7","0","","02","1","2016","2","40.442944","-80.181249","","11","0","0","0","0","0","0","0","0","","0","0","0","","","0","","0","","40 26:34.600","","0","80 10:52.497","9","0","0","0","2214","0","0","0","","0","0","0","1","68B03","0","","4.0","","1","N","N","","0","","0","0","0","","0","","","1","0","0","0","0","0","1","2","0","1","","","","N","","","","","","","","","",""
"2016035213","","1","0","0","0","0","0","0","0","0","7","0","","02","4","2016","6","40.505677","-80.207261","","11","0","0","0","0","0","1","0","0","1","0","0","0","","","0","","0","","40 30:20.438","1","0","80 12:26.138","0","0","0","0","2213","0","0","0","","0","0","0","1","02213","0","","4.0","","1","N","N","","0","","0","0","0","","0","N","","1","0","0","0","0","0","0","2","0","1","","","","N","","","","","","","","","",""