"CRN","ARRIVAL_TM","AUTOMOBILE_COUNT","BELTED_DEATH_COUNT","BELTED_SUSP_SERIOUS_INJ_COUNT","BICYCLE_COUNT","BICYCLE_DEATH_COUNT","BICYCLE_SUSP_SERIOUS_INJ_COUNT","BUS_COUNT","CHLDPAS_DEATH_COUNT","CHLDPAS_SUSP_SERIOUS_INJ_COUNT","COLLISION_TYPE","COMM_VEH_COUNT","CONS_ZONE_SPD_LIM","COUNTY","CRASH_MONTH","CRASH_YEAR","DAY_OF_WEEK","DEC_LATITUDE","DEC_LONGITUDE","DISPATCH_TM","DISTRICT","DRIVER_COUNT_16YR","DRIVER_COUNT_17YR","DRIVER_COUNT_18YR","DRIVER_COUNT_19YR","DRIVER_COUNT_20YR","DRIVER_COUNT_50_64YR","DRIVER_COUNT_65_74YR","DRIVER_COUNT_75PLUS","EST_HRS_CLOSED","FATAL_COUNT","HEAVY_TRUCK_COUNT","HORSE_BUGGY_COUNT","HOUR_OF_DAY","ILLUMINATION","INJURY_COUNT","INTERSECTION_RELATED","INTERSECT_TYPE","LANE_CLOSED","LATITUDE","LN_CLOSE_DIR","LOCATION_TYPE","LONGITUDE","MAX_SEVERITY_LEVEL","MCYCLE_DEATH_COUNT","MCYCLE_SUSP_SERIOUS_INJ_COUNT","MOTORCYCLE_COUNT","MUNICIPALITY","NONMOTR_COUNT","NONMOTR_DEATH_COUNT","NONMOTR_SUSP_SERIOUS_INJ_COUNT","NTFY_HIWY_MAINT","PED_COUNT","PED_DEATH_COUNT","PED_SUSP_SERIOUS_INJ_COUNT","PERSON_COUNT","POLICE_AGCY","POSSIBLE_INJ_COUNT","RDWY_SURF_TYPE_CD","RELATION_TO_ROAD","ROADWAY_CLEARED","ROAD_CONDITION","SCH_BUS_IND","SCH_ZONE_IND","SECONDARY_CRASH","SMALL_TRUCK_COUNT","SPEC_JURIS_CD","SUSP_MINOR_INJ_COUNT","SUSP_SERIOUS_INJ_COUNT","SUV_COUNT","TCD_FUNC_CD","TCD_TYPE","TFC_DETOUR_IND","TIME_OF_DAY","TOTAL_UNITS","TOT_INJ_COUNT","UNBELTED_OCC_COUNT","UNB_DEATH_COUNT","UNB_SUSP_SERIOUS_INJ_COUNT","UNK_INJ_DEG_COUNT","UNK_INJ_PER_COUNT","URBAN_RURAL","VAN_COUNT","VEHICLE_COUNT","WEATHER1","WEATHER2","WORKERS_PRES","WORK_ZONE_IND","WORK_ZONE_LOC","WORK_ZONE_TYPE","WZ_CLOSE_DETOUR","WZ_FLAGGER","WZ_LAW_OFFCR_IND","WZ_LN_CLOSURE","WZ_MOVING","WZ_OTHER","WZ_SHLDER_MDN","WZ_WORKERS_INJ_KILLED"
"2016033761","","0","0","0","0","0","0","0","0","0","7","0","","02","3","2016","5","40.377794","-80.216707","","11","0","0","0","0","0","0","0","0","2","0","0","0","","","1","","2","","40 22:40.058","6","0","80 13:00.145","8","0","0","1","2214","0","0","0","N","0","0","0","1","02214","0","","4.0","","1","N","N","","0","","0","0","0","","0","Y","","1","1","0","0","0","1","0","2","0","1","","","","N","","","","","","","","","",""
"2016033141","","0","0","0","0","0","0","0","0","0","7","0","40","02","3","2016","2","40.587526","-80.045517","","11","0","0","0","0","0","0","0","0","","0","0","0","","","0","","0","","40 35:15.094","","0","80 02:43.861","0","0","0","0","2108","0","0","0","N","0","0","0","1","02108","0","","1.0","","1","N","N","","0","","0","0","1","","0","","","1","0","0","0","0","0","0","2","0","1","","","Y","Y","4","1","N","N","N","Y","N","N","N",""
"2016034615","","2","0","0","0","0","0","0","0","0","5","0","","02","4","2016","1","40.460912","-79.867026","","11","0","0","0","0","0","0","0","0","","0","0","0","","","1","","0","","40 27:39.284","","0","79 52:01.295","8","0","0","0","2113","0","0","0","N","0","0","0","4","02113","0","","1.0","","9","N","N","","0","","0","0","0","","0","","","2","1","0","0","0","1","1","2","0","2","","","","N","","","","","","","","","",""
"2016039456","","1","0","0","0","0","0","0","0","0","7","0","","02","4","2016","1","40.300206","-79.962147","","11","1","0","0","0","0","0","0","0","","0","0","0","","","0","","0","","40 18:00.740","","0","79 57:43.730","9","0","0","0","2440","0","0","0","N","0","0","0","2","02440","0","","2.0","","1","N","N","","0","","0","0","0","","0","","","1","0","0","0","0","0","1","2","0","1","","","","N","","","","","","","","","",""
"2016034601","","2","0","0","0","0","0","0","0","0","4","0","","02","4","2016","1","40.429","-79.998194","","11","0","0","0","0","0","0","0","0","","0","0","0","","","0","","1","","40 25:44.400","","0","79 59:53.500","0","0","0","0","2301","0","0","0","N","0","0","0","2","02301","0","","1.0","","9","N","N","","0","","0","0","0","","2","","","2","0","0","0","0","0","0","2","0","2","","","","N","","","","","","","","","",""
"2016039457","","1","0","0","0","0","0","0","0","0","7","0","","02","4","2016","1","40.435567","-80.024969","","11","0","0","0","0","0","0","0","0","","0","0","0","","","0","","0","","40 26:08.040","","0","80 01:29.890","0","0","0","0","2301","0","0","0","N","0","0","0","1","02301","0","","4.0","","1","N","N","","0","","0","0","0","","0","","","1","0","0","0","0","0","0","2","0","1","","","","N","","","","","","","","","",""
"2016033060","","1","0","0","0","0","0","0","0","0","1","0","","02","3","2016","3","40.436692","-79.963686","","11","0","0","0","0","0","0","1","0","1","0","0","0","","","1","","0","","40 26:12.090","3","0","79 57:49.269","4","0","0","0","2301","0","0","0","N","0","0","0","3","02301","1","","1.0","","1","N","N","","0","","0","0","1","","0","N","","2","1","0","0","0","0","0","2","0","2","","","","N","","","","","","","","","",""
"2016033207","","1","0","0","0","0","0","0","0","0","6","0","","02","3","2016","2","40.497501","-79.816762","","11","0","0","0","0","0","1","0","0","","0","0","0","","","0","","0","","40 29:51.002","","0","79 49:00.344","0","0","0","0","2113","0","0","0","N","0","0","0","1","02113","0","","6.0","","1","N","N","","0","","0","0","0","","0","","","2","0","1","0","0","0","0","2","1","2","","","","N","","","","","","","","","",""
"2016034618","","1","0","0","0","0","0","0","0","0","7","0","","02","4","2016","1","40.478566","-79.752981","","11","0","0","0","0","0","0","0","0","","0","0","0","","","1","","0","","40 28:42.839","","0","79 45:10.733","8","0","0","0","2466","0","0","0","N","0","0","0","1","02466","0","","2.0","","9","N","N","","0","","0","0","0","","0","","","1","1","0","0","0","1","0","2","0","1","","","","N","","","","","","","","","",""
"2016035496","","0","0","0","1","0","0","0","0","0","8","0","","02","4","2016","3","40.438023","-79.913084","","11","0","0","0","0","0","1","0","0","1","0","0","0","","","1","","1","","40 26:16.882","7","0","79 54:47.102","3","0","0","0","2301","1","0","0","N","0","0","0","3","02301","0","","2.0","","1","N","N","","0","","1","0","1","","2","N","","2","1","0","0","0","0","0","2","0","1","","","","N","","","","","","","","","",""
"2016033208","","1","0","0","0","0","0","0","0","0","7","0","","02","3","2016","1","40.384423","-80.043771","","11","0","0","0","0","1","0","0","0","2","0","0","0","","","1","","0","","40 23:03.921","1","0","80 02:37.576","4","0","0","0","2109","0","0","0","","0","0","0","1","02109","1","","4.0","","1","N","N","","0","","0","0","0","","0","Y","","1","1","1","0","0","0","0","2","0","1","","","","N","","","","","","","","","",""
"2016033209","","1","0","0","0","0","0","0","0","0","1","0","","02","3","2016","7","40.537993","-80.235249","","11","0","0","0","0","0","1","0","0","","0","0","0","","","1","","3","","40 32:16.773","","0","80 14:06.897","4","0","0","0","2213","0","0","0","","0","0","0","2","02213","1","","1.0","","1","N","N","","0","","0","0","1","","0","","","2","1","0","0","0","0","0","2","0","2","","","","N","","","","","","","","","",""
"2016035515","","0","0","0","0","0","0","0","0","0","4","1","","02","4","2016","3","40.425777","-80.019884","","11","0","0","0","0","0","0","1","0","","0","1","0","","","0","","1","","40 25:32.796","","0","80 01:11.584","0","0","0","0","2301","0","0","0","N","0","0","0","2","02301","0","","1.0","","1","N","N","","1","","0","0","0","","0","","","2","0","0","0","0","0","0","2","0","2","","","","N","","","","","","","","","",""
"2016034768","","4","0","0","0","0","0","0","0","0","1","0","","02","4","2016","1","40.484085","-79.961291","","11","0","0","0","0","0","0","0","0","2","0","0","0","","","0","","0","","40 29:02.705","1","0","79 57:40.646","0","0","0","0","2118","0","0","0","N","0","0","0","4","02118","0","","1.0","","1","N","N","","0","","0","0","0","","0","N","","4","0","0","0","0","0","0","2","0","4","","","","N","","","","","","","","","",""
"2016035516","","1","0","0","0","0","0","0","0","0","7","0","","02","3","2016","3","40.417014","-79.848181","","11","0","0","0","0","0","0","0","0","","0","0","0","","","1","","0","","40 25:01.249","","0","79 50:53.453","8","0","0","0","2431","0","0","0","N","0","0","0","1","02431","0","","3.0","","1","N","N","","0","","0","0","0","","0","","","1","1","0","0","0","1","0","2","0","1","","","","N","","","","","","","","","",""
"2016033286","","0","0","0","0","0","0","0","0","0","8","0","","02","3","2016","2","40.465499","-80.061275","","11","0","0","0","0","0","1","0","0","","0","0","0","","","1","","2","","40 27:55.797","","0","80 03:40.589","8","0","0","0","2444","1","0","0","N","1","0","0","3","02444","0","","1.0","","1","N","N","","0","","0","0","0","","2","","","2","1","0","0","0","1","0","2","1","1","","","","N","","","","","","","","","",""
"2016034621","","2","0","0","0","0","0","0","0","0","1","0","","02","4","2016","7","40.435158","-79.733711","","11","0","0","0","0","0","1","0","0","2","0","0","0","","","0","","0","","40 26:06.570","4","0","79 44:01.358","0","0","0","0","2446","0","0","0","N","0","0","0","3","02446","0","","1.0","","1","N","N","","1","","0","0","0","","0","N","","3","0","0","0","0","0","0","2","0","3","","","","N","","","","","","","","","",""
"2016035371","","2","0","0","0","0","0","0","0","0","1","0","","02","4","2016","3","40.45247","-79.996157","","11","0","0","0","0","0","0","0","0","1","0","0","0","","","0","","0","","40 27:08.891","4","0","79 59:46.166","0","0","0","0","2301","0","0","0","N","0","0","0","2","02301","0","","1.0","","1","N","N","","0","","0","0","0","","0","N","","2","0","0","0","0","0","0","2","0","2","","","","N","","","","","","","","","",""
"2016035518","","1","0","0","0","0","0","0","0","0","7","0","","02","4","2016","3","40.315966","-80.122344","","11","1","0","0","0","0","0","0","0","","0","0","0","","","0","","0","","40 18:57.478","","0","80 07:20.440","0","0","0","0","2119","0","0","0","N","0","0","0","1","02119","0","","4.0","","1","N","N","","0","","0","0","0","","0","","","1","0","0","0","0","0","0","2","0","1","","","","N","","","","","","","","","",""
"2016034771","","2","0","0","0","0","0","0","0","0","5","0","","02","4","2016","7","40.48228","-79.952201","","11","0","0","0","0","0","0","0","0","","0","0","0","","","0","","0","","40 28:56.208","","0","79 57:07.925","9","0","0","0","2301","0","0","0","N","0","0","0","1","02301","0","","2.0","","98","N","N","","0","","0","0","0","","0","","","2","0","0","0","0","0","1","2","0","2","","","","N","","","","","","","","","",""
"2016033289","","1","0","0","0","0","0","0","0","0","1","0","","02","3","2016","2","40.432758","-79.893912","","11","0","0","0","0","0","0","0","0","1","0","0","0","","","0","","0","","40 25:57.928","2","0","79 53:38.083","0","0","0","0","2426","0","0","0","N","0","0","0","1","02426","0","","6.0","","9","N","N","","0","","0","0","1","","0","N","","2","0","0","0","0","0","0","2","0","2","","","","N","","","","","","","","","",""
"2016034836","","0","0","0","0","0","0","0","0","0","7","0","","02","4","2016","2","40.465675","-79.826901","","11","0","0","0","0","0","0","0","0","","0","0","0","","","0","","0","","40 27:56.431","","0","79 49:36.843","0","0","0","0","2113","0","0","0","N","0","0","0","1","02113","0","","5.0","","1","N","N","","0","","0","0","1","","0","","","1","0","0","0","0","0","0","2","0","1","","","","N","","","","","","","","","",""
"2016034694","","1","0","0","0","0","0","0","0","0","4","0","","02","4","2016","1","40.438368","-79.994494","","11","0","0","0","0","0","0","0","0","1","0","0","0","","","0","","1","","40 26:18.124","2","0","79 59:40.178","0","0","0","0","2301","0","0","0","N","0","0","0","5","02301","0","","1.0","","1","N","N","","1","","0","0","0","","2","Y","","2","0","0","0","0","0","0","2","0","2","","","","N","","","","","","","","","",""
"2016035519","","1","0","0","0","0","0","0","0","0","7","0","","02","4","2016","3","40.458662","-79.998496","","11","0","0","0","0","0","0","0","0","1","0","0","0","","","1","","3","","40 27:31.184","3","0","79 59:54.587","3","0","0","0","2301","0","0","0","N","0","0","0","1","02301","0","","3.0","","2","N","N","","0","","1","0","0","","0","N","","1","1","1","0","0","0","0","2","0","1","","","","N","","","","","","","","","",""
"2016034624","","2","0","0","0","0","0","0","0","0","4","0","","02","4","2016","1","40.465202","-79.951239","","11","0","0","0","0","0","1","0","0","","0","0","0","","","0","","2","","40 27:54.727","","0","79 57:04.460","0","0","0","0","2301","0","0","0","N","0","0","0","2","02301","0","","1.0","","1","N","N","","0","","0","0","1","","2","","","3","0","0","0","0","0","0","2","0","3","","","","N","","","","","","","","","",""
"2016034695","","0","0","0","0","0","0","0","0","0","4","0","","02","3","2016","5","40.376199","-80.036513","","11","0","0","0","0","0","0","1","0","","0","0","0","","","0","","1","","40 22:34.317","","0","80 02:11.448","0","0","0","0","2109","0","0","0","","0","0","0","2","02109","0","","1.0","","1","N","N","","0","","0","0","2","","2","","","2","0","0","0","0","0","0","2","0","2","","","","N","","","","","","","","","",""
"2016033772","","2","0","0","0","0","0","0","0","0","2","0","","02","3","2016","5","40.457009","-79.955214","","11","0","0","0","0","0","1","0","0","","0","0","0","","","0","","3","","40 27:25.233","","0","79 57:18.770","0","0","0","0","2301","0","0","0","N","0","0","0","2","02301","0","","1.0","","9","N","N","","0","","0","0","0","","0","","","2","0","0","0","0","0","0","2","0","2","","","","N","","","","","","","","","",""
"2016034625","","0","0","0","0","0","0","0","0","0","1","0","","02","3","2016","3","40.33584","-80.132524","","11","0","0","0","0","1","0","0","0","","0","0","0","","","0","","2","","40 20:09.023","","0","80 07:57.085","0","0","0","0","2119","0","0","0","N","0","0","0","2","02119","0","","1.0","","1","N","N","","1","","0","0","1","","3","","","2","0","0","0","0","0","0","2","0","2","","","","N","","","","","","","","","",""
"2016034696","","2","0","0","0","0","0","0","0","0","1","0","","02","4","2016","6","40.388402","-80.042929","","11","0","0","0","0","0","0","0","0","1","0","0","0","","","1","","2","","40 23:18.248","4","0","80 02:34.545","8","0","0","0","2109","0","0","0","","0","0","0","2","02109","0","","1.0","","1","N","N","","0","","0","0","0","","2","N","","2","1","0","0","0","1","0","2","0","2","","","","N","","","","","","","","","",""
"2016033006","","3","0","0","0","0","0","0","0","0","1","0","","02","3","2016","7","40.525844","-80.069726","","11","0","0","0","0","0","0","0","1","","0","0","0","","","1","","7","","40 31:33.040","","2","80 04:11.014","8","0","0","0","2215","0","0","0","N","0","0","0","4","02215","0","","1.0","","1","N","N","","0","","0","0","0","","2","","","3","1","0","0","0","1","0","2","0","3","","","","N","","","","","","","","","",""
"2016035522","","1","0","0","0","0","0","1","0","0","4","1","","02","4","2016","3","40.443863","-80.027591","","11","0","0","0","0","0","0","0","0","4","0","0","0","","","1","","3","","40 26:37.906","6","2","80 01:39.328","3","0","0","0","2301","0","0","0","N","0","0","0","18","02301","0","","1.0","","2","N","N","","1","","1","0","0","","2","Y","","3","1","0","0","0","0","0","2","0","3","","","","N","","","","","","","","","",""
"2016040189","","1","0","0","0","0","0","0","0","0","7","0","","02","4","2016","5","40.467834","-80.240324","","11","0","0","0","0","0","0","0","0","","0","0","0","","","1","","0","","40 28:04.202","","3","80 14:25.168","8","0","0","0","2203","0","0","0","","0","0","0","1","68B03","0","","3.0","","1","N","N","","0","","0","0","0","","0","","","1","1","0","0","0","1","0","2","0","1","","","","N","","","","","","","","","",""
"2016035507","","1","0","0","0","0","0","0","0","0","1","0","","02","4","2016","3","40.383247","-79.977128","","11","0","0","0","0","1","0","0","0","","0","0","0","","","0","","0","","40 22:59.690","","0","79 58:37.660","0","0","0","0","2301","0","0","0","N","0","0","0","2","02301","0","","6.0","","1","N","N","","1","","0","0","1","","0","","","3","0","0","0","0","0","0","2","0","3","","","","N","","","","","","","","","",""
"2016033294","","2","0","0","0","0","0","0","0","0","6","0","","02","3","2016","3","40.492768","-80.11174","","11","0","0","0","0","0","0","0","0","2","0","0","0","","","0","","3","","40 29:33.965","5","0","80 06:42.265","0","0","0","0","2126","0","0","0","N","0","0","0","2","02126","0","","1.0","","1","N","N","","0","","0","0","0","","3","Y","","2","0","0","0","0","0","0","2","0","2","","","","N","","","","","","","","","",""
"2016034557","","2","0","0","0","0","0","0","0","0","1","0","","02","4","2016","7","40.27557","-79.837998","","11","0","0","0","0","0","0","0","0","2","0","0","0","","","0","","2","","40 16:32.051","7","0","79 50:16.792","0","0","0","0","2105","0","0","0","N","0","0","0","3","02105","0","","1.0","","1","N","N","","0","","0","0","0","","0","N","","2","0","1","0","0","0","0","1","0","2","","","","N","","","","","","","","","",""
"2016034778","","1","0","0","0","0","0","0","0","0","7","0","","02","4","2016","1","40.342123","-79.800828","","11","0","0","0","0","1","0","0","0","1","0","0","0","","","1","","0","","40 20:31.642","1","0","79 48:02.979","8","0","0","0","2477","0","0","0","Y","0","0","0","1","02477","0","","5.0","","1","N","N","","0","","0","0","0","","0","N","","1","1","0","0","0","1","0","2","0","1","","","","N","","","","","","","","","",""
"2016041715","","1","0","0","0","0","0","0","0","0","4","0","","02","4","2016","7","40.368137","-80.103434","","11","0","0","0","0","0","0","0","0","1","0","0","0","","","0","","0","","40 22:05.294","1","7","80 06:12.361","0","0","0","0","2102","0","0","0","N","0","0","0","4","02102","0","","1.0","","1","N","N","","0","","0","0","1","","2","N","","2","0","0","0","0","0","0","2","0","2","","","","N","","","","","","","","","",""
"2016033009","","1","0","0","0","0","0","0","0","0","7","0","","02","3","2016","7","40.647459","-80.103996","","11","0","0","0","0","0","0","0","0","","0","0","0","","","0","","0","","40 38:50.852","","0","80 06:14.385","0","0","0","0","2212","0","0","0","N","0","0","0","1","02505","0","","4.0","","1","N","N","","0","","0","0","0","","0","","","1","0","0","0","0","0","0","2","0","1","","","","N","","","","","","","","","",""
"2016034559","","1","0","0","0","0","0","0","0","0","1","0","","02","3","2016","6","40.58252","-79.951191","","11","0","1","0","0","0","0","0","0","","0","0","0","","","0","","2","","40 34:57.072","","0","79 57:04.286","0","0","0","0","2207","0","0","0","N","0","0","0","2","02207","0","","1.0","","1","N","N","","0","","0","0","1","","2","","","2","0","0","0","0","0","0","2","0","2","","","","N","","","","","","","","","",""
"2016035442","","0","0","0","0","0","0","0","0","0","1","0","","02","4","2016","2","40.51131","-79.854716","","11","0","0","0","0","0","1","0","0","1","0","0","0","","","0","","0","","40 30:40.715","2","0","79 51:16.979","0","0","0","0","2112","0","0","0","","0","0","0","2","68D02","0","","1.0","","9","N","N","","0","","0","0","2","","0","N","","2","0","0","0","0","0","0","2","0","2","","","","N","","","","","","","","","",""
"2016035527","","1","0","0","0","0","0","0","0","0","6","0","","02","4","2016","7","40.440667","-80.061222","","11","0","0","0","0","0","0","0","0","","0","0","0","","","2","","1","","40 26:26.400","","0","80 03:40.400","4","0","0","0","2439","0","0","0","N","0","0","0","2","02439","2","","1.0","","9","N","N","","0","","0","0","1","","3","","","2","2","0","0","0","0","0","2","0","2","","","","N","","","","","","","","","",""
"2016034561","","1","0","0","0","0","0","0","0","0","2","0","","02","4","2016","7","40.394294","-79.897278","","11","0","0","0","0","0","0","0","0","1","0","0","0","","","2","","2","","40 23:39.458","3","0","79 53:50.200","8","0","0","0","2448","0","0","0","N","0","0","0","3","02448","0","","1.0","","9","N","N","","0","","0","0","0","","0","Y","","2","2","0","0","0","2","0","2","1","2","","","","N","","","","","","","","","",""
"2016033013","","1","0","0","0","0","0","0","0","0","1","0","","02","3","2016","3","40.553376","-80.110392","","11","0","0","0","0","0","2","0","0","","0","0","0","","","1","","0","","40 33:12.153","","0","80 06:37.410","8","0","0","0","2215","0","0","0","N","0","0","0","2","02215","0","","1.0","","1","N","N","","0","","0","0","1","","0","","","2","1","1","0","0","1","0","2","0","2","","","","N","","","","","","","","","",""
"2016035530","","1","0","0","0","0","0","0","0","0","7","0","","02","4","2016","3","40.392681","-79.934003","","11","0","0","0","0","0","1","0","0","","0","0","0","","","0","","0","","40 23:33.651","","8","79 56:02.412","0","0","0","0","2301","0","0","0","N","0","0","0","1","02301","0","","2.0","","2","N","N","","0","","0","0","0","","0","","","1","0","0","0","0","0","0","2","0","1","","","","N","","","","","","","","","",""
"2016033303","","0","0","0","0","0","0","0","0","0","2","0","","02","3","2016","4","40.45238","-80.014199","","11","0","0","0","0","0","1","1","0","1","0","0","0","","","0","","1","","40 27:08.568","1","0","80 00:51.115","0","0","0","0","2301","0","0","0","N","0","0","0","2","02301","0","","1.0","","1","N","N","","1","","0","0","1","","1","N","","2","0","0","0","0","0","0","2","0","2","","","","N","","","","","","","","","",""
"2016035531","","1","0","0","0","0","0","0","0","0","7","0","","02","4","2016","3","40.489136","-79.932899","","11","0","0","0","0","0","0","0","0","2","0","0","0","","","0","","0","","40 29:20.891","1","0","79 55:58.437","0","0","0","0","2301","0","0","0","N","0","0","0","2","02301","0","","4.0","","1","N","N","","0","","0","0","0","","0","N","","1","0","0","0","0","0","0","2","0","1","","","","N","","","","","","","","","",""
"2016040197","","1","0","0","0","0","0","0","0","0","1","0","","02","4","2016","7","40.414745","-80.061784","","11","0","0","0","0","0","1","0","0","2","0","0","0","","","4","","0","","40 24:53.083","3","0","80 03:42.423","8","0","0","0","2435","0","0","0","","0","0","0","4","68B03","0","","1.0","","1","N","N","","1","","0","0","0","","0","Y","","2","4","0","0","0","4","0","2","0","2","","","","N","","","","","","","","","",""
"2016034636","","2","0","0","0","0","0","0","0","0","2","0","","02","4","2016","1","40.41275","-79.922583","","11","0","0","0","0","0","1","0","0","","0","0","0","","","1","","0","","40 24:45.900","","0","79 55:21.300","8","0","0","0","2301","0","0","0","N","0","0","0","2","02301","0","","1.0","","1","N","N","","0","","0","0","0","","0","","","2","1","1","0","0","1","0","2","0","2","","","","N","","","","","","","","","",""
"2016033016","","1","0","1","0","0","0","0","0","0","7","0","","02","3","2016","4","40.598223","-80.047521","","11","0","0","1","0","0","1","0","0","2","0","0","0","","","1","","0","","40 35:53.604","2","0","80 02:51.077","2","0","0","0","2108","0","0","0","N","0","0","0","3","02108","0","","1.0","","1","N","N","","0","","0","1","0","","0","Y","","2","1","0","0","0","0","0","2","1","2","","","","N","","","","","","","","","",""
"2016035533","","1","0","0","0","0","0","0","0","0","7","0","","02","4","2016","3","40.402982","-80.001118","","11","0","0","0","0","0","1","0","0","1","0","0","0","","","0","","0","","40 24:10.734","1","0","80 00:04.024","0","0","0","0","2301","0","0","0","Y","0","0","0","1","02301","0","","4.0","","2","N","N","","0","","0","0","0","","0","N","","1","0","0","0","0","0","0","2","0","1","","","","N","","","","","","","","","",""
"2016039419","","0","0","2","0","0","0","0","0","0","2","0","","02","4","2016","7","40.473577","-79.852292","","11","0","0","0","0","0","1","0","0","3","0","0","0","","","4","","0","","40 28:24.877","5","0","79 51:08.251","2","0","0","0","2113","0","0","0","N","0","0","0","5","02113","0","","1.0","","1","N","N","","0","","2","2","2","","0","Y","","2","4","1","0","0","0","0","2","0","2","","","","N","","","","","","","","","",""
"2016033017","","1","0","0","0","0","0","0","0","0","7","0","","02","3","2016","6","40.571032","-80.016263","","11","0","0","0","0","0","0","0","0","","0","0","0","","","0","","0","","40 34:15.716","","7","80 00:58.545","0","0","0","0","2108","0","0","0","N","0","0","0","2","02108","0","","5.0","","1","N","N","","0","","0","0","0","","0","","","1","0","0","0","0","0","0","2","0","1","","","","N","","","","","","","","","",""
"2016035450","","0","0","0","0","0","0","0","0","0","5","0","","02","4","2016","3","40.4876","-79.922567","","11","0","0","0","0","0","0","0","0","2","0","0","0","","","0","","0","","40 29:15.360","1","0","79 55:21.240","0","0","0","0","2301","0","0","0","N","0","0","0","1","02301","0","","2.0","","1","N","N","","1","","0","0","1","","0","N","","2","0","0","0","0","0","0","2","0","2","","","","N","","","","","","","","","",""
"2016035534","","1","0","0","0","0","0","0","0","0","1","0","","02","4","2016","4","40.420678","-79.922319","","11","0","0","0","0","0","0","0","0","1","0","0","0","","","0","","0","","40 25:14.440","3","0","79 55:20.350","0","0","0","0","2301","0","0","0","N","0","0","0","1","02301","0","","6.0","","1","N","N","","0","","0","0","1","","0","N","","2","0","0","0","0","0","0","2","0","2","","","","N","","","","","","","","","",""
"2016034004","","1","0","0","0","0","0","0","0","0","4","0","","02","3","2016","5","40.472434","-80.061696","","11","0","0","0","0","0","0","0","0","1","0","0","0","","","0","","0","","40 28:20.763","2","0","80 03:42.104","0","0","0","0","2444","0","0","0","N","0","0","0","2","02444","0","","1.0","","1","N","N","","0","","0","0","1","","4","N","","2","0","0","0","0","0","0","2","0","2","","","","N","","","","","","","","","",""
"2016033018","","1","0","0","0","0","0","0","0","0","4","1","","02","3","2016","2","40.448068","-80.162487","","11","0","0","0","0","0","1","0","0","1","0","1","0","","","1","","1","","40 26:53.043","3","0","80 09:44.953","4","0","0","0","2115","0","0","0","N","0","0","0","2","02115","1","","1.0","","1","N","N","","0","","0","0","0","","2","N","","2","1","0","0","0","0","0","2","0","2","","","","N","","","","","","","","","",""
"2016035535","","1","0","0","0","0","0","0","0","0","2","0","","02","4","2016","1","40.485437","-79.96834","","11","0","0","0","0","0","0","0","0","1","0","0","0","","","0","","2","","40 29:07.573","1","0","79 58:06.024","0","0","0","0","2118","0","0","0","N","0","0","0","1","02118","0","","4.0","","9","N","N","","0","","0","0","1","","0","N","","2","0","0","0","0","0","0","2","0","2","","","","N","","","","","","","","","",""
"2016034790","","1","0","0","0","0","0","0","0","0","4","0","","02","4","2016","1","40.475702","-80.098963","","11","0","0","1","0","0","1","0","0","1","0","0","0","","","2","","1","","40 28:32.527","2","0","80 05:56.266","8","0","0","0","2126","0","0","0","N","0","0","0","2","02126","0","","1.0","","1","N","N","","1","","0","0","0","","2","N","","2","2","0","0","0","2","0","2","0","2","","","","N","","","","","","","","","",""
"2016033019","","2","0","0","0","0","0","0","0","0","1","0","","02","3","2016","3","40.329736","-80.045853","","11","0","0","0","0","0","0","0","0","","0","0","0","","","0","","0","","40 19:47.050","","0","80 02:45.070","0","0","0","0","2407","0","0","0","N","0","0","0","3","02407","0","","1.0","","1","N","N","","0","","0","0","0","","0","","","2","0","0","0","0","0","0","2","0","2","","","","N","","","","","","","","","",""
"2016034791","","1","0","0","0","0","0","0","0","0","7","0","","02","4","2016","1","40.348439","-79.986986","","11","0","0","0","0","0","0","0","0","2","0","0","0","","","1","","0","","40 20:54.380","2","0","79 59:13.150","3","0","0","0","2476","0","0","0","N","0","0","0","1","02476","0","","5.0","","1","N","N","","0","","1","0","0","","0","N","","1","1","0","0","0","0","0","2","0","1","","","","N","","","","","","","","","",""
"2016034020","","1","0","0","0","0","0","0","0","0","4","1","","02","3","2016","5","40.355084","-80.116178","","11","0","0","0","0","0","1","0","0","","0","1","0","","","1","","2","","40 21:18.304","","0","80 06:58.240","3","0","0","0","2119","0","0","0","N","0","0","0","2","02119","0","","1.0","","1","N","N","","0","","1","0","0","","0","","","2","1","0","0","0","0","0","2","0","2","","","","N","","","","","","","","","",""
"2016034572","","3","0","1","0","0","0","0","0","0","1","0","","02","3","2016","4","40.57662","-80.222546","","11","0","0","0","0","0","0","0","0","","0","0","0","","","1","","10","","40 34:35.833","","0","80 13:21.166","2","0","0","0","2441","0","0","0","N","0","0","0","3","02441","0","","1.0","","1","N","N","","0","","0","1","0","","2","","","3","1","0","0","0","0","0","2","0","3","","","","N","","","","","","","","","",""
"2016035453","","2","0","0","0","0","0","0","0","0","4","0","","02","4","2016","2","40.364028","-80.047965","","11","0","0","0","0","0","0","0","0","2","0","0","0","","","0","","3","","40 21:50.502","2","0","80 02:52.673","0","0","0","0","2109","0","0","0","","0","0","0","2","02109","0","","1.0","","1","N","N","","0","","0","0","0","","3","N","","2","0","0","0","0","0","0","2","0","2","","","","N","","","","","","","","","",""