"CRN","ARRIVAL_TM","AUTOMOBILE_COUNT","BELTED_DEATH_COUNT","BELTED_SUSP_SERIOUS_INJ_COUNT","BICYCLE_COUNT","BICYCLE_DEATH_COUNT","BICYCLE_SUSP_SERIOUS_INJ_COUNT","BUS_COUNT","CHLDPAS_DEATH_COUNT","CHLDPAS_SUSP_SERIOUS_INJ_COUNT","COLLISION_TYPE","COMM_VEH_COUNT","CONS_ZONE_SPD_LIM","COUNTY","CRASH_MONTH","CRASH_YEAR","DAY_OF_WEEK","DEC_LATITUDE","DEC_LONGITUDE","DISPATCH_TM","DISTRICT","DRIVER_COUNT_16YR","DRIVER_COUNT_17YR","DRIVER_COUNT_18YR","DRIVER_COUNT_19YR","DRIVER_COUNT_20YR","DRIVER_COUNT_50_64YR","DRIVER_COUNT_65_74YR","DRIVER_COUNT_75PLUS","EST_HRS_CLOSED","FATAL_COUNT","HEAVY_TRUCK_COUNT","HORSE_BUGGY_COUNT","HOUR_OF_DAY","ILLUMINATION","INJURY_COUNT","INTERSECTION_RELATED","INTERSECT_TYPE","LANE_CLOSED","LATITUDE","LN_CLOSE_DIR","LOCATION_TYPE","LONGITUDE","MAX_SEVERITY_LEVEL","MCYCLE_DEATH_COUNT","MCYCLE_SUSP_SERIOUS_INJ_COUNT","MOTORCYCLE_COUNT","MUNICIPALITY","NONMOTR_COUNT","NONMOTR_DEATH_COUNT","NONMOTR_SUSP_SERIOUS_INJ_COUNT","NTFY_HIWY_MAINT","PED_COUNT","PED_DEATH_COUNT","PED_SUSP_SERIOUS_INJ_COUNT","PERSON_COUNT","POLICE_AGCY","POSSIBLE_INJ_COUNT","RDWY_SURF_TYPE_CD","RELATION_TO_ROAD","ROADWAY_CLEARED","ROAD_CONDITION","SCH_BUS_IND","SCH_ZONE_IND","SECONDARY_CRASH","SMALL_TRUCK_COUNT","SPEC_JURIS_CD","SUSP_MINOR_INJ_COUNT","SUSP_SERIOUS_INJ_COUNT","SUV_COUNT","TCD_FUNC_CD","TCD_TYPE","TFC_DETOUR_IND","TIME_OF_DAY","TOTAL_UNITS","TOT_INJ_COUNT","UNBELTED_OCC_COUNT","UNB_DEATH_COUNT","UNB_SUSP_SERIOUS_INJ_COUNT","UNK_INJ_DEG_COUNT","UNK_INJ_PER_COUNT","URBAN_RURAL","VAN_COUNT","VEHICLE_COUNT","WEATHER1","WEATHER2","WORKERS_PRES","WORK_ZONE_IND","WORK_ZONE_LOC","WORK_ZONE_TYPE","WZ_CLOSE_DETOUR","WZ_FLAGGER","WZ_LAW_OFFCR_IND","WZ_LN_CLOSURE","WZ_MOVING","WZ_OTHER","WZ_SHLDER_MDN","WZ_WORKERS_INJ_KILLED"
"2016034657","","0","0","0","0","0","0","0","0","0","4","0","","02","4","2016","7","40.522327","-80.084116","","11","1","0","0","0","0","0","0","0","1","0","0","0","","","1","","2","","40 31:20.377","1","0","80 05:02.817","8","0","0","0","2211","0","0","0","N","0","0","0","3","02215","0","","1.0","","1","N","N","","0","","0","0","1","","3","N","","2","1","0","0","0","1","0","2","1","2","","","","N","","","","","","","","","",""
"2016034021","","0","0","0","0","0","0","0","0","0","7","0","","02","3","2016","4","40.336028","-79.839667","","11","0","0","0","0","0","0","0","0","1","0","0","0","","","0","","0","","40 20:09.700","4","0","79 50:22.800","0","0","0","0","2304","0","0","0","N","0","0","0","0","02304","0","","2.0","","1","N","N","","1","","0","0","1","","0","N","","2","0","0","0","0","0","0","2","0","2","","","","N","","","","","","","","","",""
"2016039423","","1","0","0","0","0","0","0","0","0","4","0","","02","4","2016","1","40.360154","-79.994515","","11","0","0","0","0","0","0","1","0","","0","0","0","","","0","","0","","40 21:36.555","","0","79 59:40.254","0","0","0","1","2476","0","0","0","","0","0","0","2","02476","0","","2.0","","1","","","","0","","0","0","0","","0","","","2","0","0","0","0","0","0","2","0","2","","","","N","","","","","","","","","",""
"2016034508","","1","0","0","0","0","0","0","0","0","3","0","","02","4","2016","7","40.469439","-79.96044","","11","0","0","0","0","0","0","0","0","","0","0","0","","","0","","1","","40 28:09.980","","0","79 57:37.584","9","0","0","1","2301","0","0","0","N","0","0","0","2","02301","0","","1.0","","1","N","N","","0","","0","0","0","","0","","","2","0","0","0","0","0","1","2","0","2","","","","N","","","","","","","","","",""
"2016035326","","0","0","0","0","0","0","0","0","0","0","0","","02","4","2016","3","40.490309","-80.009317","","11","0","0","0","0","0","0","0","0","2","0","0","0","","","0","","0","","40 29:25.114","1","2","80 00:33.540","0","0","0","0","2301","0","0","0","N","0","0","0","1","02301","0","","5.0","","2","N","N","","0","","0","0","1","","0","N","","1","0","0","0","0","0","0","2","0","1","","","","N","","","","","","","","","",""
"2016035454","","3","0","0","0","0","0","0","0","0","1","0","","02","4","2016","2","40.385945","-80.054038","","11","0","0","0","0","0","2","0","0","2","0","0","0","","","3","","0","","40 23:09.403","2","0","80 03:14.536","8","0","0","0","2109","0","0","0","","0","0","0","5","02109","0","","1.0","","1","N","N","","0","","0","0","1","","0","N","","4","3","0","0","0","3","0","2","0","4","","","","N","","","","","","","","","",""
"2016034793","","0","0","0","0","0","0","0","0","0","4","0","","02","4","2016","1","40.443946","-80.055368","","11","0","0","0","0","0","0","0","0","2","0","0","0","","","0","","3","","40 26:38.205","1","0","80 03:19.324","0","0","0","0","2301","0","0","0","N","0","0","0","2","02301","0","","1.0","","1","N","N","","0","","0","0","2","","0","N","","2","0","1","0","0","0","0","2","0","2","","","","N","","","","","","","","","",""
"2016034807","","4","0","0","0","0","0","0","0","0","4","0","","02","4","2016","1","40.400669","-80.103848","","11","0","0","0","0","0","0","0","0","2","0","0","0","","","0","","0","","40 24:02.410","3","0","80 06:13.851","0","0","0","0","2301","0","0","0","N","0","0","0","1","02301","0","","6.0","","1","N","N","","0","","0","0","0","","0","Y","","4","0","0","0","0","0","0","2","0","4","","","","N","","","","","","","","","",""
"2016041729","","0","0","0","0","0","0","0","0","0","7","0","","02","4","2016","6","40.621225","-79.83475","","11","0","0","0","0","0","0","0","0","","0","0","0","","","0","","0","","40 37:16.410","","0","79 50:05.100","0","0","0","0","2220","0","0","0","N","0","0","0","1","02220","0","","5.0","","9","N","N","","1","","0","0","0","","0","","","1","0","1","0","0","0","0","2","0","1","","","","N","","","","","","","","","",""
"2016035328","","1","0","0","0","0","0","0","0","0","1","0","","02","4","2016","3","40.615681","-80.094185","","11","0","0","0","0","0","1","0","0","","0","0","0","","","0","","1","","40 36:56.450","","2","80 05:39.065","0","0","0","0","2481","0","0","0","N","0","0","0","4","02481","0","","1.0","","1","N","N","","0","","0","0","0","","2","","","2","0","0","0","0","0","0","2","1","2","","","","N","","","","","","","","","",""
"2016041730","","1","0","0","0","0","0","0","0","0","7","0","","02","4","2016","6","40.411556","-80.011748","","11","0","0","0","0","0","0","0","0","4","0","0","0","","","1","","0","","40 24:41.600","2","0","80 00:42.292","3","0","0","0","2301","0","0","0","N","0","0","0","5","02301","0","","4.0","","1","N","N","","0","","1","0","0","","0","Y","","1","1","0","0","0","0","0","2","0","1","","","","N","","","","","","","","","",""
"2016034645","","1","0","0","0","0","0","0","0","0","7","0","","02","4","2016","1","40.607478","-79.762866","","11","0","0","0","0","0","0","0","1","2","0","0","0","","","0","","0","","40 36:26.919","6","0","79 45:46.317","0","0","0","0","2464","0","0","0","N","0","0","0","2","02464","0","","2.0","","2","N","N","","0","","0","0","0","","0","Y","","1","0","0","0","0","0","0","2","0","1","","","","N","","","","","","","","","",""
"2016035315","","1","0","0","0","0","0","0","0","0","7","0","","02","4","2016","3","40.495961","-80.005097","","11","0","0","0","0","0","0","0","0","","0","0","0","","","0","","0","","40 29:45.460","","0","80 00:18.350","0","0","0","0","2301","0","0","0","N","0","0","0","2","02301","0","","5.0","","2","N","N","","0","","0","0","0","","0","","","1","0","0","0","0","0","0","2","0","1","","","","N","","","","","","","","","",""
"2016035330","","0","0","0","0","0","0","0","0","0","7","0","","02","4","2016","3","40.3579","-80.008342","","11","0","0","0","0","0","0","0","0","2","0","0","0","","","0","","0","","40 21:28.440","6","0","80 00:30.030","0","0","0","0","2476","0","0","0","N","0","0","0","1","02476","0","","5.0","","2","N","N","","0","","0","0","1","","0","Y","","1","0","0","0","0","0","0","2","0","1","","","","N","","","","","","","","","",""
"2016034798","","0","0","0","0","0","0","0","0","0","7","0","","02","4","2016","1","40.442437","-80.033446","","11","0","0","0","0","0","0","0","0","","0","0","0","","","0","","0","","40 26:32.773","","0","80 02:00.405","0","0","0","0","2301","0","0","0","N","0","0","0","1","02301","0","","5.0","","1","N","N","","0","","0","0","1","","0","","","1","0","0","0","0","0","0","2","0","1","","","","N","","","","","","","","","",""
"2016039431","","2","0","0","0","0","0","0","0","0","4","0","","02","4","2016","1","40.459792","-79.920838","","11","0","0","0","0","0","0","1","0","","0","0","0","","","1","","2","","40 27:35.252","","0","79 55:15.016","8","0","0","0","2301","0","0","0","N","0","0","0","6","02301","0","","1.0","","1","N","N","","0","","0","0","0","","2","","","2","1","1","0","0","1","0","2","0","2","","","","N","","","","","","","","","",""
"2016034648","","2","0","0","0","0","0","0","0","0","4","0","","02","3","2016","5","40.619186","-80.077971","","11","0","0","0","0","0","1","0","0","","0","0","0","","","0","","1","","40 37:09.071","","0","80 04:40.697","0","0","0","0","2212","0","0","0","N","0","0","0","2","02505","0","","1.0","","1","N","N","","0","","0","0","0","","2","","","2","0","0","0","0","0","0","2","0","2","","","","N","","","","","","","","","",""
"2016034028","","1","0","0","0","0","0","0","0","0","7","0","","02","3","2016","5","40.393356","-79.931382","","11","0","0","0","0","1","0","0","0","1","0","0","0","","","2","","0","","40 23:36.082","6","3","79 55:52.976","3","0","0","0","2301","0","0","0","N","0","0","0","3","02301","0","","1.0","","1","N","N","","0","","2","0","0","","0","N","","1","2","1","0","0","0","0","2","0","1","","","","N","","","","","","","","","",""
"2016041811","","0","0","0","0","0","0","0","0","0","1","0","","02","4","2016","1","40.4469","-80.026607","","11","0","0","0","0","0","1","0","0","1","0","0","0","","","1","","0","","40 26:48.840","1","3","80 01:35.784","2","0","1","1","2301","0","0","0","N","0","0","0","2","02301","0","","1.0","","1","N","N","","0","","0","1","1","","0","N","","2","1","0","0","0","0","0","2","0","2","","","","N","","","","","","","","","",""
"2016041324","","0","0","0","0","0","0","0","0","0","4","0","","02","4","2016","6","40.47466","-80.060074","","11","0","0","0","0","0","0","1","0","1","0","0","0","","","0","","6","","40 28:28.777","2","8","80 03:36.265","0","0","0","0","2444","0","0","0","N","0","0","0","2","02444","0","","1.0","","9","N","N","","0","","0","0","2","","4","N","","2","0","2","0","0","0","0","2","0","2","","","","N","","","","","","","","","",""
"2016040437","","1","0","0","0","0","0","0","0","0","2","0","","02","4","2016","7","40.331714","-79.892233","","11","0","0","0","0","0","0","0","0","2","0","0","0","","","0","","0","","40 19:54.170","2","0","79 53:32.040","0","0","0","0","2433","0","0","0","N","0","0","0","1","02433","0","","4.0","","1","N","N","","1","","0","0","0","","0","N","","2","0","0","0","0","0","0","2","0","2","","","","N","","","","","","","","","",""
"2016040212","","0","0","0","0","0","0","0","0","0","1","0","","02","4","2016","3","40.524368","-80.131057","","11","0","0","0","0","0","0","0","0","2","0","0","0","","","0","","0","","40 31:27.724","2","0","80 07:51.805","0","0","0","0","2434","0","0","0","","0","0","0","3","68B03","0","","1.0","","1","N","N","","0","","0","0","3","","0","Y","","3","0","0","0","0","0","0","1","0","3","","","","N","","","","","","","","","",""
"2016041800","","1","0","0","0","0","0","0","0","0","4","0","","02","4","2016","7","40.334102","-79.812358","","11","0","0","0","0","0","2","0","0","2","0","0","0","","","1","","0","","40 20:02.767","1","7","79 48:44.487","4","0","0","1","2477","0","0","0","N","0","0","0","2","02477","1","","1.0","","1","N","N","","0","","0","0","0","","0","N","","2","1","0","0","0","0","0","2","0","2","","","","N","","","","","","","","","",""
"2016039508","","2","0","0","0","0","0","0","0","0","1","0","","02","4","2016","7","40.421081","-80.044611","","11","0","0","0","0","0","1","0","0","1","0","0","0","","","2","","0","","40 25:15.892","3","0","80 02:40.601","8","0","0","0","2435","0","0","0","","0","0","0","3","68B03","0","","1.0","","1","N","N","","0","","0","0","0","","0","N","","2","2","0","0","0","2","0","2","0","2","","","","N","","","","","","","","","",""
"2016041813","","1","0","0","0","0","0","0","0","0","7","0","","02","4","2016","7","40.268672","-79.801806","","11","0","0","0","0","0","0","0","0","2","0","0","0","","","1","","0","","40 16:07.220","4","0","79 48:06.500","8","0","0","0","2105","0","0","0","N","0","0","0","1","02105","0","","4.0","","1","N","N","","0","","0","0","0","","0","N","","1","1","0","0","0","1","0","2","0","1","","","","N","","","","","","","","","",""
"2016041313","","1","0","0","0","0","0","0","0","0","7","0","","02","4","2016","6","40.465635","-79.947673","","11","0","0","0","0","0","0","0","0","","0","0","0","","","0","","0","","40 27:56.286","","0","79 56:51.623","0","0","0","0","2301","0","0","0","N","0","0","0","1","02301","0","","5.0","","9","N","N","","0","","0","0","0","","2","","","1","0","0","0","0","0","0","2","0","1","","","","N","","","","","","","","","",""
"2016041326","","1","0","0","0","0","0","0","0","0","4","0","","02","3","2016","2","40.5034","-80.025118","","11","0","0","0","0","0","1","0","0","1","0","0","0","","","0","","1","","40 30:12.241","3","0","80 01:30.426","0","0","0","0","2116","0","0","0","N","0","0","0","2","02116","0","","1.0","","1","N","N","","0","","0","0","1","","2","Y","","2","0","0","0","0","0","0","2","0","2","","","","N","","","","","","","","","",""
"2016040213","","1","0","0","0","0","0","0","0","0","7","0","","02","4","2016","4","40.429493","-79.877386","","11","0","0","0","0","0","0","0","0","1","0","0","0","","","0","","0","","40 25:46.175","4","0","79 52:38.588","0","0","0","0","2426","0","0","0","","0","0","0","1","68B03","0","","4.0","","1","N","N","","0","","0","0","0","","0","Y","","1","0","0","0","0","0","0","2","0","1","","","","N","","","","","","","","","",""
"2016041801","","3","0","0","0","0","0","0","0","0","1","0","","02","4","2016","7","40.451019","-79.984039","","11","0","0","0","0","0","0","0","0","","0","0","0","","","0","","0","","40 27:03.670","","0","79 59:02.540","0","0","0","0","2301","0","0","0","N","0","0","0","1","02301","0","","4.0","","1","N","N","","0","","0","0","0","","0","","","3","0","1","0","0","0","0","2","0","3","","","","N","","","","","","","","","",""
"2016040354","","1","0","0","0","0","0","0","0","0","1","0","","02","4","2016","3","40.472262","-79.908395","","11","0","0","0","0","0","1","0","0","1","0","0","0","","","0","","0","","40 28:20.144","1","0","79 54:30.222","0","0","0","0","2301","0","0","0","N","0","0","0","3","02301","0","","1.0","","1","N","N","","0","","0","0","1","","0","N","","2","0","0","0","0","0","0","2","0","2","","","","N","","","","","","","","","",""
"2016040515","","1","0","0","0","0","0","0","0","0","7","0","","02","4","2016","1","40.414536","-79.870594","","11","0","0","0","0","0","0","0","0","2","0","0","0","","","1","","0","","40 24:52.330","3","7","79 52:14.140","4","0","0","0","2456","0","0","0","N","0","0","0","2","02456","1","","5.0","","1","N","N","","0","","0","0","0","","0","N","","1","1","0","0","0","0","0","2","0","1","","","","N","","","","","","","","","",""
"2016041815","","1","0","0","0","0","0","0","0","0","2","1","","02","4","2016","2","40.50097","-80.114434","","11","0","0","0","0","1","1","0","0","3","0","1","0","","","2","","0","","40 30:03.491","5","0","80 06:51.963","3","0","0","0","2126","0","0","0","N","0","0","0","3","02126","1","","1.0","","1","N","N","","0","","1","0","0","","0","Y","","2","2","0","0","0","0","0","2","0","2","","","","N","","","","","","","","","",""
"2016040355","","0","0","0","0","0","0","0","0","0","7","0","","02","4","2016","3","40.332976","-80.069294","","11","0","0","0","0","1","0","0","0","2","0","0","0","","","0","","0","","40 19:58.713","1","0","80 04:09.459","0","0","0","0","2123","0","0","0","N","0","0","0","1","02123","0","","2.0","","1","N","N","","0","","0","0","1","","0","N","","1","0","0","0","0","0","0","2","0","1","","","","N","","","","","","","","","",""
"2016040368","","1","0","0","0","0","0","0","0","0","6","0","","02","4","2016","2","40.445953","-79.848798","","11","0","0","0","0","0","1","1","0","2","0","0","0","","","1","","0","","40 26:45.430","3","0","79 50:55.671","8","0","0","0","2419","0","0","0","N","0","0","0","2","02419","0","","1.0","","1","N","N","","1","","0","0","0","","0","N","","2","1","0","0","0","1","0","2","0","2","","","","N","","","","","","","","","",""
"2016041183","","0","0","0","0","0","0","0","0","0","4","0","","02","4","2016","5","40.397948","-80.027386","","11","0","0","0","0","0","1","0","0","","0","0","0","","","1","","0","","40 23:52.613","","0","80 01:38.591","8","0","0","0","2301","0","0","0","Y","0","0","0","5","02301","0","","1.0","","1","N","N","","1","","0","0","1","","0","","","2","1","0","0","0","1","0","2","0","2","","","","N","","","","","","","","","",""
"2016041803","","0","0","0","0","0","0","0","0","0","1","0","","02","4","2016","5","40.525095","-79.838873","","11","0","0","0","0","0","1","0","0","2","0","0","0","","","3","","0","","40 31:30.343","6","0","79 50:19.942","2","0","0","0","2451","0","0","0","N","0","0","0","4","02451","0","","1.0","","1","N","N","","1","","2","1","1","","0","Y","","3","3","0","0","0","0","0","2","1","3","","","","N","","","","","","","","","",""
"2016041330","","1","0","0","0","0","0","0","0","0","8","0","","02","4","2016","6","40.440662","-80.080219","","11","0","0","0","0","0","0","0","0","1","0","0","0","","","1","","0","","40 26:26.383","3","0","80 04:48.789","8","0","0","0","2301","1","0","0","N","1","0","0","2","02301","0","","1.0","","9","N","N","","0","","0","0","0","","0","Y","","2","1","0","0","0","1","0","2","0","1","","","","N","","","","","","","","","",""
"2016041884","","2","0","0","0","0","0","0","0","0","1","0","","02","4","2016","1","40.401308","-80.063113","","11","0","0","0","0","0","1","0","0","1","0","0","0","","","1","","2","","40 24:04.710","1","0","80 03:47.205","8","0","0","0","2117","0","0","0","N","0","0","0","4","02117","0","","1.0","","1","N","N","","0","","0","0","0","","0","N","","2","1","1","0","0","1","0","2","0","2","","","","N","","","","","","","","","",""
"2016040357","","1","0","0","0","0","0","0","0","0","7","0","","02","4","2016","3","40.420159","-80.046369","","11","0","0","0","0","1","0","0","0","","0","0","0","","","0","","0","","40 25:12.572","","0","80 02:46.928","0","0","0","0","2435","0","0","0","N","0","0","0","2","02435","0","","2.0","","1","N","N","","0","","0","0","0","","0","","","1","0","0","0","0","0","0","2","0","1","","","","N","","","","","","","","","",""
"2016040370","","2","0","0","0","0","0","0","0","0","4","0","","02","4","2016","3","40.498242","-80.007658","","11","0","0","0","0","0","1","0","0","3","0","0","0","","","1","","0","","40 29:53.672","5","0","80 00:27.570","8","0","0","0","2116","0","0","0","N","0","0","0","3","02116","0","","1.0","","2","N","N","","1","","0","0","0","","0","Y","","3","1","0","0","0","1","0","2","0","3","","","","N","","","","","","","","","",""
"2016041818","","1","0","0","0","0","0","0","0","0","1","0","","02","4","2016","7","40.448227","-79.986908","","11","0","0","0","0","0","0","0","0","","0","0","0","","","0","","2","","40 26:53.617","","0","79 59:12.868","0","0","0","0","2301","0","0","0","N","0","0","0","2","02301","0","","1.0","","1","N","N","","0","","0","0","0","","2","","","2","0","0","0","0","0","0","2","1","2","","","","N","","","","","","","","","",""
"2016041332","","1","0","0","0","0","0","0","0","0","1","0","","02","4","2016","6","40.452347","-79.922814","","11","0","0","0","0","0","1","0","1","1","0","0","0","","","0","","0","","40 27:08.450","3","0","79 55:22.130","0","0","0","0","2301","0","0","0","N","0","0","0","2","02301","0","","1.0","","1","N","N","","0","","0","0","1","","0","N","","2","0","0","0","0","0","0","2","0","2","","","","N","","","","","","","","","",""
"2016041886","","1","0","0","0","0","0","0","0","0","1","0","","02","4","2016","1","40.432306","-79.918257","","11","0","0","0","0","0","0","1","0","","0","0","0","","","0","","1","","40 25:56.301","","0","79 55:05.725","0","0","0","0","2301","0","0","0","N","0","0","0","3","02301","0","","1.0","","1","N","N","","0","","0","0","1","","2","","","2","0","0","0","0","0","0","2","0","2","","","","N","","","","","","","","","",""
"2016041887","","1","0","0","0","0","0","0","0","0","4","0","","02","4","2016","1","40.487819","-79.955982","","11","0","0","0","0","0","0","0","0","2","0","0","0","","","1","","0","","40 29:16.147","1","0","79 57:21.536","8","0","0","0","2118","0","0","0","N","0","0","0","2","02118","0","","1.0","","1","N","N","","0","","0","0","1","","0","N","","2","1","0","0","0","1","0","2","0","2","","","","N","","","","","","","","","",""
"2016040522","","1","0","0","0","0","0","0","0","0","4","0","","02","4","2016","4","40.445799","-79.948862","","11","0","1","0","0","0","0","0","0","","0","0","0","","","0","","1","","40 26:44.876","","0","79 56:55.903","0","0","0","0","2301","0","0","0","N","0","0","0","3","02301","0","","1.0","","1","N","N","","0","","0","0","1","","3","","","2","0","0","0","0","0","0","2","0","2","","","","N","","","","","","","","","",""
"2016040234","","2","0","0","0","0","0","0","0","0","1","0","","02","4","2016","3","40.436391","-79.976298","","11","0","0","0","0","0","0","0","0","2","0","0","0","","","0","","0","","40 26:11.006","4","0","79 58:34.671","0","0","0","0","2301","0","0","0","N","0","0","0","2","02301","0","","1.0","","1","N","N","","0","","0","0","0","","0","N","","2","0","0","0","0","0","0","2","0","2","","","","N","","","","","","","","","",""
"2016041165","","2","0","0","0","0","0","0","0","0","5","0","","02","4","2016","5","40.439098","-79.919575","","11","0","0","0","0","0","0","0","0","","0","0","0","","","0","","0","","40 26:20.752","","0","79 55:10.470","0","0","0","0","2301","0","0","0","N","0","0","0","3","02301","0","","1.0","","1","N","N","","0","","0","0","0","","0","","","2","0","0","0","0","0","0","2","0","2","","","","N","","","","","","","","","",""
"2016041191","","2","0","0","0","0","0","0","0","0","2","0","","02","4","2016","6","40.532825","-79.995115","","11","0","1","0","0","0","0","0","0","1","0","0","0","","","1","","0","","40 31:58.170","5","0","79 59:42.414","4","0","0","0","2116","0","0","0","N","0","0","0","1","02116","1","","1.0","","1","N","N","","0","","0","0","0","","0","N","","2","1","0","0","0","0","0","2","0","2","","","","N","","","","","","","","","",""
"2016042015","","2","0","0","0","0","0","0","0","0","4","0","","02","4","2016","5","40.515282","-80.008918","","11","0","0","1","0","0","1","0","0","","0","0","0","","","2","","0","","40 30:55.014","","7","80 00:32.104","3","0","0","0","2116","0","0","0","N","0","0","0","2","02116","1","","1.0","","1","N","N","","0","","1","0","0","","0","","","2","2","0","0","0","0","0","2","0","2","","","","N","","","","","","","","","",""
"2016041259","","0","0","0","0","0","0","0","0","0","7","0","","02","4","2016","6","40.603202","-80.094095","","11","0","0","0","0","0","0","0","0","","0","0","0","","","0","","0","","40 36:11.526","","0","80 05:38.742","0","0","0","0","2481","0","0","0","","0","0","0","1","68B03","0","","3.0","","9","N","N","","0","","0","0","1","","0","","","1","0","0","0","0","0","0","2","0","1","","","","N","","","","","","","","","",""
"2016040523","","1","0","0","0","0","0","0","0","0","7","0","","02","4","2016","4","40.396511","-79.998346","","11","0","0","0","0","0","0","0","0","2","0","0","0","","","1","","0","","40 23:47.438","1","0","79 59:54.047","3","0","0","0","2301","0","0","0","N","0","0","0","1","02301","0","","5.0","","1","N","N","","0","","1","0","0","","0","N","","1","1","0","0","0","0","0","2","0","1","","","","N","","","","","","","","","",""
"2016041336","","1","0","0","0","0","0","0","0","0","4","0","","02","4","2016","6","40.457331","-80.029443","","11","0","0","0","0","0","1","0","0","","0","0","0","","","0","","2","","40 27:26.391","","0","80 01:45.993","0","0","0","0","2301","0","0","0","N","0","0","0","3","02301","0","","1.0","","9","N","N","","0","","0","0","0","","3","","","2","0","0","0","0","0","0","2","1","2","","","","N","","","","","","","","","",""
"2016039825","","1","0","0","0","0","0","0","0","0","5","0","","02","4","2016","4","40.398321","-80.104606","","11","0","0","0","0","0","0","0","0","","0","0","0","","","1","","0","","40 23:53.956","","0","80 06:16.583","8","0","0","0","2102","0","0","0","","0","0","0","2","68B03","0","","1.0","","1","N","N","","1","","0","0","0","","0","","","2","1","0","0","0","1","0","2","0","2","","","","N","","","","","","","","","",""
"2016041758","","1","0","0","0","0","0","0","0","0","7","0","55","02","4","2016","5","40.513285","-80.278338","","11","0","0","0","0","0","0","0","0","","0","0","0","","","0","","7","","40 30:47.827","","2","80 16:42.017","0","0","0","0","2203","0","0","0","","0","0","0","1","68B03","0","","4.0","","1","N","N","","0","","0","0","0","","0","","","1","0","0","0","0","0","0","2","0","1","","","Y","Y","4","1","N","N","N","N","Y","N","N",""
"2016041890","","1","0","0","0","0","0","0","0","0","4","0","","02","4","2016","1","40.489479","-79.819853","","11","0","0","0","0","0","0","1","0","","0","0","0","","","1","","5","","40 29:22.124","","0","79 49:11.470","4","0","0","0","2113","0","0","0","N","0","0","0","2","02113","1","","1.0","","1","N","N","","1","","0","0","0","","3","","","2","1","0","0","0","0","0","2","0","2","","","","N","","","","","","","","","",""
"2016040362","","0","0","0","0","0","0","0","0","0","7","0","","02","4","2016","3","40.470339","-79.960511","","11","0","0","0","0","0","0","0","0","","0","0","0","","","4","","0","","40 28:13.220","","0","79 57:37.840","8","0","0","0","2301","4","0","0","N","4","0","0","6","02301","0","","5.0","","1","N","N","","0","","0","0","1","","0","","","5","4","0","0","0","4","0","2","0","1","","","","N","","","","","","","","","",""
"2016041904","","1","0","0","0","0","0","0","0","0","6","0","","02","4","2016","7","40.334203","-79.888931","","11","0","0","0","0","0","0","0","0","2","0","0","0","","","0","","0","","40 20:03.130","7","0","79 53:20.150","0","0","0","0","2433","0","0","0","N","0","0","0","1","02433","0","","1.0","","1","N","N","","0","","0","0","1","","0","Y","","2","0","0","0","0","0","0","2","0","2","","","","N","","","","","","","","","",""
"2016041192","","1","0","0","0","0","0","0","0","0","1","0","","02","4","2016","6","40.410135","-80.082507","","11","0","0","0","0","0","0","0","0","1","0","0","0","","","2","","1","","40 24:36.487","6","0","80 04:57.026","8","0","0","0","2415","0","0","0","N","0","0","0","3","02415","0","","1.0","","1","N","N","","1","","0","0","0","","2","Y","","2","2","0","0","0","2","0","2","0","2","","","","N","","","","","","","","","",""
"2016042016","","1","0","0","0","0","0","0","0","0","7","0","","02","4","2016","1","40.395005","-79.941688","","11","0","0","0","0","0","0","0","0","3","0","0","0","","","0","","0","","40 23:42.019","6","0","79 56:30.076","0","0","0","0","2403","0","0","0","N","0","0","0","1","02403","0","","4.0","","1","N","N","","0","","0","0","0","","0","N","","1","0","0","0","0","0","0","2","0","1","","","","N","","","","","","","","","",""
"2016040524","","2","0","0","0","0","0","0","0","0","2","0","","02","4","2016","6","40.471189","-79.820247","","11","0","0","1","0","0","0","0","0","2","0","0","0","","","8","","2","","40 28:16.281","1","0","79 49:12.889","8","0","0","0","2113","0","0","0","N","0","0","0","8","02113","0","","1.0","","1","N","N","","0","","0","0","0","","0","N","","2","8","0","0","0","8","0","2","0","2","","","","N","","","","","","","","","",""
"2016040363","","3","0","0","0","0","0","0","0","0","1","0","","02","4","2016","3","40.489188","-79.953556","","11","0","0","0","0","0","0","0","0","2","0","0","0","","","0","","0","","40 29:21.077","1","0","79 57:12.803","0","0","0","0","2118","0","0","0","N","0","0","0","4","02118","0","","1.0","","1","N","N","","0","","0","0","1","","0","N","","4","0","0","0","0","0","0","2","0","4","","","","N","","","","","","","","","",""
"2016040237","","1","0","0","0","0","0","0","0","0","7","0","","02","4","2016","3","40.6265","-80.040322","","11","0","0","1","0","0","0","0","0","2","0","0","0","","","1","","0","","40 37:35.399","6","0","80 02:25.158","3","0","0","0","2216","0","0","0","N","0","0","0","2","02505","0","","5.0","","1","N","N","","0","","1","0","0","","0","Y","","1","1","0","0","0","0","0","1","0","1","","","","N","","","","","","","","","",""
"2016040364","","0","0","0","0","0","0","0","0","0","1","0","","02","4","2016","3","40.442403","-79.99485","","11","0","0","0","0","0","1","0","0","","0","0","0","","","1","","0","","40 26:32.650","","0","79 59:41.460","8","0","0","0","2301","0","0","0","N","0","0","0","2","02301","0","","1.0","","1","N","N","","0","","0","0","1","","2","","","2","1","0","0","0","1","0","2","1","2","","","","N","","","","","","","","","",""