"CRN","ARRIVAL_TM","AUTOMOBILE_COUNT","BELTED_DEATH_COUNT","BELTED_SUSP_SERIOUS_INJ_COUNT","BICYCLE_COUNT","BICYCLE_DEATH_COUNT","BICYCLE_SUSP_SERIOUS_INJ_COUNT","BUS_COUNT","CHLDPAS_DEATH_COUNT","CHLDPAS_SUSP_SERIOUS_INJ_COUNT","COLLISION_TYPE","COMM_VEH_COUNT","CONS_ZONE_SPD_LIM","COUNTY","CRASH_MONTH","CRASH_YEAR","DAY_OF_WEEK","DEC_LATITUDE","DEC_LONGITUDE","DISPATCH_TM","DISTRICT","DRIVER_COUNT_16YR","DRIVER_COUNT_17YR","DRIVER_COUNT_18YR","DRIVER_COUNT_19YR","DRIVER_COUNT_20YR","DRIVER_COUNT_50_64YR","DRIVER_COUNT_65_74YR","DRIVER_COUNT_75PLUS","EST_HRS_CLOSED","FATAL_COUNT","HEAVY_TRUCK_COUNT","HORSE_BUGGY_COUNT","HOUR_OF_DAY","ILLUMINATION","INJURY_COUNT","INTERSECTION_RELATED","INTERSECT_TYPE","LANE_CLOSED","LATITUDE","LN_CLOSE_DIR","LOCATION_TYPE","LONGITUDE","MAX_SEVERITY_LEVEL","MCYCLE_DEATH_COUNT","MCYCLE_SUSP_SERIOUS_INJ_COUNT","MOTORCYCLE_COUNT","MUNICIPALITY","NONMOTR_COUNT","NONMOTR_DEATH_COUNT","NONMOTR_SUSP_SERIOUS_INJ_COUNT","NTFY_HIWY_MAINT","PED_COUNT","PED_DEATH_COUNT","PED_SUSP_SERIOUS_INJ_COUNT","PERSON_COUNT","POLICE_AGCY","POSSIBLE_INJ_COUNT","RDWY_SURF_TYPE_CD","RELATION_TO_ROAD","ROADWAY_CLEARED","ROAD_CONDITION","SCH_BUS_IND","SCH_ZONE_IND","SECONDARY_CRASH","SMALL_TRUCK_COUNT","SPEC_JURIS_CD","SUSP_MINOR_INJ_COUNT","SUSP_SERIOUS_INJ_COUNT","SUV_COUNT","TCD_FUNC_CD","TCD_TYPE","TFC_DETOUR_IND","TIME_OF_DAY","TOTAL_UNITS","TOT_INJ_COUNT","UNBELTED_OCC_COUNT","UNB_DEATH_COUNT","UNB_SUSP_SERIOUS_INJ_COUNT","UNK_INJ_DEG_COUNT","UNK_INJ_PER_COUNT","URBAN_RURAL","VAN_COUNT","VEHICLE_COUNT","WEATHER1","WEATHER2","WORKERS_PRES","WORK_ZONE_IND","WORK_ZONE_LOC","WORK_ZONE_TYPE","WZ_CLOSE_DETOUR","WZ_FLAGGER","WZ_LAW_OFFCR_IND","WZ_LN_CLOSURE","WZ_MOVING","WZ_OTHER","WZ_SHLDER_MDN","WZ_WORKERS_INJ_KILLED"
"2016041275","","0","0","0","0","0","0","0","0","0","99","0","55","02","4","2016","7","40.581698","-79.871274","","11","0","0","0","0","0","0","0","0","","0","0","0","","","0","","0","","40 34:54.114","","0","79 52:16.587","0","0","0","0","2209","0","0","0","","0","0","0","1","68T02","0","","1.0","","1","N","N","","0","","0","0","1","","0","","","1","0","0","0","0","0","0","2","0","1","","","N","Y","3","1","N","N","Y","N","N","Y","N",""
"2016040224","","0","0","0","0","0","0","0","0","0","8","0","","02","4","2016","3","40.442588","-79.962235","","11","0","0","0","0","0","0","0","0","","0","0","0","","","3","","2","","40 26:33.316","","0","79 57:44.046","3","0","0","1","2301","2","0","0","N","2","0","0","3","02506","0","","1.0","","1","N","N","","0","","3","0","0","","0","","","3","3","0","0","0","0","0","2","0","1","","","","N","","","","","","","","","",""
"2016041825","","1","0","0","0","0","0","0","0","0","1","0","","02","4","2016","6","40.437518","-79.777729","","11","0","0","0","0","0","1","0","0","1","0","0","0","","","1","","2","","40 26:15.063","3","0","79 46:39.823","8","0","0","0","2446","0","0","0","N","0","0","0","3","02446","0","","1.0","","9","N","N","","0","","0","0","1","","2","N","","2","1","0","0","0","1","0","2","0","2","","","","N","","","","","","","","","",""
"2016040306","","0","0","0","0","0","0","0","0","0","7","1","","02","1","2016","1","40.539883","-80.122839","","11","0","0","0","0","0","1","0","0","4","0","1","0","","","0","","0","","40 32:23.577","2","0","80 07:22.219","0","0","0","0","2460","0","0","0","","0","0","0","1","68B03","0","","3.0","","1","N","N","","0","","0","0","0","","0","N","","1","0","0","0","0","0","0","1","0","1","","","","N","","","","","","","","","",""
"2016039602","","0","0","0","0","0","0","0","0","0","1","0","","02","4","2016","5","40.287642","-80.011817","","11","0","0","0","0","0","1","0","0","2","0","0","0","","","0","","0","","40 17:15.510","2","0","80 00:42.540","0","0","0","0","2219","0","0","0","N","0","0","0","2","02219","0","","1.0","","1","N","N","","1","","0","0","1","","0","N","","2","0","0","0","0","0","0","2","0","2","","","","N","","","","","","","","","",""
"2016039618","","1","0","0","0","0","0","0","0","0","8","0","","02","4","2016","2","40.437408","-79.951261","","11","0","0","0","0","0","0","0","0","","0","0","0","","","1","","0","","40 26:14.670","","0","79 57:04.540","4","0","0","0","2301","1","0","0","N","1","0","0","2","02301","1","","6.0","","1","N","N","","0","","0","0","0","","0","","","2","1","0","0","0","0","0","2","0","1","","","","N","","","","","","","","","",""
"2016042021","","0","0","0","0","0","0","0","0","0","4","0","","02","3","2016","2","40.38473","-79.824237","","11","0","0","0","0","0","2","0","0","1","0","0","0","","","0","","1","","40 23:05.027","4","0","79 49:27.253","0","0","0","0","2111","0","0","0","N","0","0","0","2","02111","0","","1.0","","1","N","N","","1","","0","0","0","","2","N","","2","0","0","0","0","0","0","2","1","2","","","","N","","","","","","","","","",""
"2016041763","","0","0","0","0","0","0","0","0","0","7","0","","02","4","2016","5","40.669241","-80.093284","","11","0","0","0","0","0","1","0","0","","0","0","0","","","1","","0","","40 40:09.267","","0","80 05:35.821","4","0","0","0","2212","0","0","0","","0","0","0","3","68B03","1","","3.0","","1","Y","N","","0","","0","0","1","","0","","","1","1","0","0","0","0","0","2","0","1","","","","N","","","","","","","","","",""
"2016040242","","1","0","0","0","0","0","0","0","0","1","0","","02","4","2016","3","40.665528","-80.014826","","11","0","1","0","0","0","1","0","0","2","0","0","0","","","1","","0","","40 39:55.900","1","0","80 00:53.373","4","0","0","0","2216","0","0","0","N","0","0","0","4","02505","1","","1.0","","1","N","N","","1","","0","0","0","","0","N","","2","1","0","0","0","0","0","2","0","2","","","","N","","","","","","","","","",""
"2016040307","","1","0","0","0","0","0","0","0","0","7","0","","02","2","2016","5","40.633812","-80.097661","","11","0","0","0","0","0","0","0","0","1","0","0","0","","","1","","0","","40 38:01.724","1","0","80 05:51.580","8","0","0","0","2212","0","0","0","","0","0","0","1","68B03","0","","4.0","","1","N","N","","0","","0","0","0","","0","N","","1","1","0","0","0","1","0","2","0","1","","","","N","","","","","","","","","",""
"2016039472","","1","0","0","0","0","0","0","0","0","7","0","","02","4","2016","2","40.427971","-80.053703","","11","0","0","0","0","0","0","0","0","2","0","0","0","","","0","","1","","40 25:40.696","1","0","80 03:13.329","0","0","0","0","2301","0","0","0","N","0","0","0","1","02301","0","","2.0","","1","N","N","","0","","0","0","0","","2","N","","1","0","0","0","0","0","0","2","0","1","","","","N","","","","","","","","","",""
"2016040243","","1","0","0","0","0","0","0","0","0","1","0","","02","4","2016","3","40.535946","-79.873983","","11","0","0","2","0","0","0","0","0","","0","1","0","","","1","","2","","40 32:09.405","","0","79 52:26.338","3","0","0","0","2432","0","0","0","","0","0","0","5","02432","0","","1.0","","1","","","","0","","1","0","0","","0","","","2","1","0","0","0","0","0","2","0","2","","","","N","","","","","","","","","",""
"2016039537","","1","0","0","0","0","0","0","0","0","6","0","","02","4","2016","7","40.272294","-79.900224","","11","0","0","0","0","0","0","0","0","2","0","0","0","","","1","","2","","40 16:20.258","3","0","79 54:00.806","3","0","0","0","2471","0","0","0","N","0","0","0","2","02428","0","","1.0","","1","N","N","","1","","1","0","0","","0","N","","2","1","0","0","0","0","0","2","0","2","","","","N","","","","","","","","","",""
"2016040308","","1","0","0","0","0","0","0","0","0","1","0","","02","2","2016","6","40.420255","-80.036798","","11","0","0","0","0","0","1","0","0","2","0","0","0","","","1","","0","","40 25:12.919","4","0","80 02:12.472","8","0","0","0","2301","0","0","0","","0","0","0","4","68B03","0","","1.0","","1","N","N","","0","","0","0","2","","0","N","","3","1","1","0","0","1","0","2","0","3","","","","N","","","","","","","","","",""
"2016041108","","0","0","0","0","0","0","0","0","0","7","0","55","02","4","2016","7","40.483786","-80.26325","","11","0","0","0","0","0","0","0","0","","0","0","0","","","2","","0","","40 29:01.629","","0","80 15:47.700","2","0","0","0","2203","2","0","1","","2","0","1","3","68B03","0","","1.0","","1","N","N","","0","","1","1","1","","8","","","3","2","0","0","0","0","0","2","0","1","","","Y","Y","4","1","N","N","N","Y","N","N","N",""
"2016041345","","1","0","0","0","0","0","0","0","0","1","0","","02","4","2016","5","40.555295","-80.021674","","11","0","0","0","0","0","0","0","0","","0","0","0","","","0","","0","","40 33:19.061","","0","80 01:18.026","0","0","0","0","2108","0","0","0","N","0","0","0","2","02108","0","","1.0","","1","N","N","","0","","0","0","1","","0","","","2","0","0","0","0","0","0","2","0","2","","","","N","","","","","","","","","",""
"2016040244","","1","0","0","0","0","0","0","0","0","1","0","","02","2","2016","4","40.369479","-79.783376","","11","0","0","0","0","0","0","0","0","2","0","0","0","","","1","","0","","40 22:10.123","4","0","79 47:00.152","3","0","0","0","2111","0","0","0","N","0","0","0","2","02111","0","","1.0","","9","N","N","","0","","1","0","1","","0","N","","2","1","0","0","0","0","0","2","0","2","","","","N","","","","","","","","","",""
"2016040309","","2","0","0","0","0","0","0","0","0","1","0","","02","3","2016","6","40.425895","-79.911336","","11","0","0","1","0","0","1","0","0","","0","0","0","","","1","","0","","40 25:33.221","","4","79 54:40.809","3","0","0","0","2301","0","0","0","","0","0","0","5","68B03","0","","1.0","","1","N","N","","0","","1","0","1","","0","","","3","1","2","0","0","0","0","2","0","3","","","","N","","","","","","","","","",""
"2016041346","","1","0","0","0","0","0","0","0","0","4","0","","02","4","2016","4","40.447744","-80.158203","","11","0","0","0","0","0","0","0","0","2","0","0","0","","","0","","0","","40 26:51.880","5","7","80 09:29.530","0","0","0","0","2115","0","0","0","N","0","0","0","2","02115","0","","1.0","","1","N","N","","1","","0","0","0","","0","N","","2","0","0","0","0","0","0","2","0","2","","","","N","","","","","","","","","",""
"2016040245","","2","0","0","0","0","0","0","0","0","5","0","","02","4","2016","3","40.49087","-80.053287","","11","0","0","0","0","0","0","0","0","2","0","0","0","","","0","","0","","40 29:27.133","2","0","80 03:11.832","0","0","0","0","2404","0","0","0","N","0","0","0","1","02404","0","","6.0","","1","N","N","","0","","0","0","2","","0","Y","","4","0","0","0","0","0","0","2","0","4","","","","N","","","","","","","","","",""
"2016040310","","2","0","0","0","0","0","0","0","0","1","0","","02","3","2016","3","40.431686","-79.872146","","11","0","0","0","0","0","1","0","0","1","0","0","0","","","0","","0","","40 25:54.068","4","0","79 52:19.726","0","0","0","0","2411","0","0","0","","0","0","0","4","68B03","0","","1.0","","1","N","N","","0","","0","0","2","","0","N","","4","0","0","0","0","0","0","2","0","4","","","","N","","","","","","","","","",""
"2016042025","","1","0","0","0","0","0","0","0","0","5","1","","02","4","2016","1","40.33776","-79.951536","","11","0","0","0","0","0","0","0","1","1","0","1","0","","","0","","0","","40 20:15.936","1","7","79 57:05.530","0","0","0","0","2473","0","0","0","N","0","0","0","2","02473","0","","1.0","","1","N","N","","0","","0","0","0","","2","N","","2","0","0","0","0","0","0","2","0","2","","","","N","","","","","","","","","",""
"2016041347","","1","0","0","0","0","0","0","0","0","1","0","","02","4","2016","5","40.456376","-80.138179","","11","0","0","0","0","0","1","0","0","","0","0","0","","","0","","2","","40 27:22.954","","0","80 08:17.443","0","0","0","0","2115","0","0","0","N","0","0","0","2","02115","0","","1.0","","1","N","N","","0","","0","0","1","","3","","","2","0","0","0","0","0","0","2","0","2","","","","N","","","","","","","","","",""
"2016039052","","1","0","0","0","0","0","0","0","0","7","0","","02","4","2016","7","40.323668","-79.78535","","11","0","0","0","0","0","0","0","0","9","0","0","0","","","0","","0","","40 19:25.205","3","0","79 47:07.260","0","0","0","0","2477","0","0","0","N","0","0","0","1","02477","0","","5.0","","1","N","N","","0","","0","0","0","","0","Y","","1","0","0","0","0","0","0","2","0","1","","","","N","","","","","","","","","",""
"2016041767","","0","0","0","0","0","0","0","0","0","7","0","","02","4","2016","1","40.578412","-80.116799","","11","0","0","0","0","0","0","1","0","2","0","0","0","","","1","","0","","40 34:42.283","1","0","80 07:00.477","4","0","0","0","2481","0","0","0","","0","0","0","1","68B03","1","","3.0","","1","N","N","","0","","0","0","1","","0","N","","1","1","0","0","0","0","0","2","0","1","","","","N","","","","","","","","","",""
"2016040311","","2","0","0","0","0","0","0","0","0","1","0","","02","4","2016","6","40.42009","-80.036244","","11","0","0","0","0","0","1","0","0","1","0","0","0","","","1","","0","","40 25:12.325","3","0","80 02:10.479","3","0","0","0","2301","0","0","0","","0","0","0","3","68B03","0","","1.0","","1","N","N","","0","","1","0","1","","0","N","","3","1","0","0","0","0","0","2","0","3","","","","N","","","","","","","","","",""
"2016041202","","1","0","0","0","0","0","0","0","0","7","0","","02","4","2016","6","40.427914","-79.928291","","11","0","0","0","0","1","0","0","0","","0","0","0","","","0","","0","","40 25:40.492","","2","79 55:41.849","0","0","0","0","2301","0","0","0","N","0","0","0","1","02301","0","","2.0","","1","N","N","","0","","0","0","0","","0","","","1","0","0","0","0","0","0","2","0","1","","","","N","","","","","","","","","",""
"2016041348","","1","0","0","0","0","0","0","0","0","1","0","","02","4","2016","5","40.355587","-80.028125","","11","0","0","0","0","0","0","0","0","","0","0","0","","","1","","0","","40 21:20.112","","0","80 01:41.249","4","0","0","0","2407","0","0","0","N","0","0","0","2","02407","1","","1.0","","1","N","N","","0","","0","0","1","","0","","","2","1","0","0","0","0","0","2","0","2","","","","N","","","","","","","","","",""
"2016039054","","0","0","0","0","0","0","0","0","0","7","1","","02","4","2016","5","40.639162","-80.061633","","11","0","0","0","0","0","0","1","0","3","0","1","0","","","0","","0","","40 38:20.984","5","0","80 03:41.877","0","0","0","0","2216","0","0","0","N","0","0","0","1","02505","0","","1.0","","1","N","N","","0","","0","0","0","","0","Y","","1","0","0","0","0","0","0","2","0","1","","","","N","","","","","","","","","",""
"2016040312","","0","0","0","0","0","0","0","0","0","7","0","","02","3","2016","2","40.496911","-79.937619","","11","0","0","0","0","0","1","0","0","","0","0","0","","","0","","6","","40 29:48.880","","8","79 56:15.430","0","0","0","0","2461","0","0","0","","0","0","0","1","68D02","0","","2.0","","1","N","N","","1","","0","0","0","","8","","","1","0","0","0","0","0","0","2","0","1","","","","N","","","","","","","","","",""
"2016039055","","2","0","0","0","0","0","0","0","0","4","0","","02","4","2016","6","40.38525","-79.802667","","11","0","0","0","0","0","0","0","1","","0","0","0","","","1","","2","","40 23:06.900","","0","79 48:09.600","4","0","0","0","2424","0","0","0","N","0","0","0","2","02111","1","","1.0","","1","N","N","","0","","0","0","0","","0","","","2","1","0","0","0","0","0","2","0","2","","","","N","","","","","","","","","",""
"2016040325","","2","0","0","0","0","0","0","0","0","1","0","","02","4","2016","2","40.428829","-79.933311","","11","0","0","0","0","0","0","0","0","","0","0","0","","","1","","0","","40 25:43.784","","0","79 55:59.919","3","0","0","0","2301","0","0","0","","0","0","0","2","68B03","0","","1.0","","1","N","N","","0","","1","0","0","","0","","","2","1","0","0","0","0","0","2","0","2","","","","N","","","","","","","","","",""
"2016039627","","0","0","0","0","0","0","0","0","0","0","0","","02","4","2016","2","40.465653","-79.876394","","11","0","0","0","0","0","0","1","0","","0","0","0","","","0","","2","","40 27:56.350","","0","79 52:35.018","0","0","0","0","2113","0","0","0","N","0","0","0","1","02113","0","","1.0","","1","N","N","","1","","0","0","0","","0","","","1","0","0","0","0","0","0","2","0","1","","","","N","","","","","","","","","",""
"2016040388","","1","0","0","0","0","0","0","0","0","4","0","","02","4","2016","3","40.495551","-80.042759","","11","0","0","0","0","0","0","0","0","","0","0","0","","","0","","2","","40 29:43.983","","0","80 02:33.932","0","0","0","0","2116","0","0","0","N","0","0","0","2","02116","0","","4.0","","1","N","N","","1","","0","0","0","","3","","","2","0","0","0","0","0","0","2","0","2","","","","N","","","","","","","","","",""
"2016039837","","1","0","0","0","0","0","0","0","0","0","0","","02","4","2016","7","40.637781","-79.724268","","11","0","0","0","0","0","0","0","0","","0","0","0","","","0","","0","","40 38:16.013","","0","79 43:27.364","0","0","0","0","2106","0","0","0","","0","0","0","1","68D02","0","","1.0","","1","N","N","","0","","0","0","0","","0","","","1","0","0","0","0","0","0","1","0","1","","","","N","","","","","","","","","",""
"2016042046","","0","0","0","0","0","0","0","0","0","7","0","","02","4","2016","1","40.483553","-79.920644","","11","0","0","0","0","0","0","0","0","2","0","0","0","","","0","","0","","40 29:00.790","5","0","79 55:14.320","0","0","0","0","2301","0","0","0","","0","0","0","1","02301","0","","2.0","","1","","","","0","","0","0","1","","0","Y","","1","0","0","0","0","0","0","2","0","1","","","","N","","","","","","","","","",""
"2016039777","","2","0","0","0","0","0","0","0","0","1","0","","02","4","2016","5","40.412856","-80.065748","","11","0","0","0","0","0","0","1","0","","0","0","0","","","1","","0","","40 24:46.280","","0","80 03:56.691","8","0","0","0","2435","0","0","0","","0","0","0","3","68B03","0","","1.0","","1","N","N","","0","","0","0","0","","0","","","2","1","0","0","0","1","0","2","0","2","","","","N","","","","","","","","","",""
"2016041771","","2","0","0","0","0","0","0","0","0","4","0","","02","4","2016","7","40.422434","-79.998498","","11","0","0","0","0","0","0","0","0","","0","0","0","","","1","","1","","40 25:20.762","","0","79 59:54.592","3","0","0","0","2301","0","0","0","N","0","0","0","2","02301","0","","1.0","","1","N","N","","0","","1","0","0","","3","","","2","1","0","0","0","0","0","2","0","2","","","","N","","","","","","","","","",""
"2016041207","","0","0","0","0","0","0","0","0","0","7","0","","02","4","2016","5","40.468878","-79.930361","","11","0","0","0","0","0","0","0","0","1","0","0","0","","","0","","0","","40 28:07.960","2","0","79 55:49.300","0","0","0","0","2301","0","0","0","N","0","0","0","1","02301","0","","5.0","","1","N","N","","0","","0","0","1","","0","N","","1","0","0","0","0","0","0","2","0","1","","","","N","","","","","","","","","",""
"2016039778","","2","0","0","0","0","0","0","0","0","1","0","","02","4","2016","5","40.490975","-79.876942","","11","0","0","0","0","0","1","0","0","2","0","0","0","","","0","","0","","40 29:27.510","2","0","79 52:36.991","0","0","0","0","2112","0","0","0","","0","0","0","4","68D02","0","","1.0","","1","N","N","","0","","0","0","1","","0","N","","3","0","0","0","0","0","0","2","0","3","","","","N","","","","","","","","","",""
"2016040252","","2","0","0","0","0","0","0","0","0","1","0","","02","4","2016","3","40.436368","-79.975879","","11","0","0","0","0","0","1","1","0","3","0","0","0","","","1","","0","","40 26:10.925","6","0","79 58:33.166","3","0","0","0","2301","0","0","0","N","0","0","0","4","02301","0","","1.0","","1","N","N","","0","","1","0","2","","0","N","","4","1","0","0","0","0","0","2","0","4","","","","N","","","","","","","","","",""
"2016039630","","1","0","0","0","0","0","0","0","0","7","0","","02","4","2016","6","40.613299","-79.889838","","11","0","0","0","1","0","0","0","0","1","0","0","0","","","1","","0","","40 36:47.875","5","0","79 53:23.417","4","0","0","0","2220","0","0","0","N","0","0","0","2","02220","1","","5.0","","1","N","N","","0","","0","0","0","","0","N","","1","1","1","0","0","0","1","1","0","1","","","","N","","","","","","","","","",""
"2016040253","","2","0","0","0","0","0","0","0","0","5","0","","02","4","2016","3","40.418319","-79.923014","","11","0","0","0","0","0","0","0","0","2","0","0","0","","","0","","0","","40 25:05.950","2","0","79 55:22.850","0","0","0","0","2301","0","0","0","N","0","0","0","1","02301","0","","2.0","","1","N","N","","0","","0","0","0","","0","N","","2","0","0","0","0","0","0","2","0","2","","","","N","","","","","","","","","",""
"2016039562","","1","0","0","0","0","0","0","0","0","2","1","","02","4","2016","2","40.436028","-79.979609","","11","0","0","0","0","0","0","0","0","","0","1","0","","","0","","2","","40 26:09.701","","0","79 58:46.594","0","0","0","0","2301","0","0","0","N","0","0","0","2","02301","0","","1.0","","1","N","N","","0","","0","0","0","","3","","","2","0","0","0","0","0","0","2","0","2","","","","N","","","","","","","","","",""
"2016039780","","0","0","0","0","0","0","0","0","0","1","0","","02","4","2016","6","40.421853","-80.104915","","11","0","0","0","1","0","0","1","0","","0","0","0","","","0","","3","","40 25:18.671","","2","80 06:17.694","0","0","0","0","2115","0","0","0","","0","0","0","4","68B03","0","","1.0","","1","N","N","","0","","0","0","2","","0","","","3","0","0","0","0","0","0","2","1","3","","","","N","","","","","","","","","",""
"2016040540","","1","0","0","0","0","0","0","0","0","1","0","","02","4","2016","3","40.506767","-80.006989","","11","0","0","0","0","0","1","0","0","2","0","0","0","","","2","","1","","40 30:24.360","2","0","80 00:25.161","8","0","0","0","2116","0","0","0","N","0","0","0","2","02116","0","","1.0","","1","N","N","","0","","0","0","1","","2","N","","2","2","0","0","0","2","0","2","0","2","","","","N","","","","","","","","","",""
"2016041774","","2","0","0","0","0","0","0","0","0","1","0","","02","4","2016","7","40.465503","-80.026538","","11","0","0","0","0","0","0","0","0","","0","0","0","","","0","","0","","40 27:55.809","","0","80 01:35.536","0","0","0","0","2301","0","0","0","N","0","0","0","5","02301","0","","1.0","","1","N","N","","1","","0","0","0","","0","","","3","0","0","0","0","0","0","2","0","3","","","","N","","","","","","","","","",""
"2016040255","","2","0","0","0","0","0","0","0","0","5","0","","02","4","2016","2","40.458827","-79.972836","","11","0","0","0","0","0","0","0","0","3","0","0","0","","","0","","1","","40 27:31.777","2","0","79 58:22.209","9","0","0","0","2301","0","0","0","N","0","0","0","4","02301","0","","1.0","","1","N","N","","0","","0","0","0","","0","N","","2","0","0","0","0","0","1","2","0","2","","","","N","","","","","","","","","",""
"2016040318","","1","0","0","0","0","0","0","0","0","7","0","","02","4","2016","7","40.494523","-80.123415","","11","0","0","0","0","0","0","0","0","1","0","0","0","","","0","","0","","40 29:40.283","1","0","80 07:24.295","0","0","0","0","2115","0","0","0","","0","0","0","1","68B03","0","","4.0","","1","N","N","","0","","0","0","0","","0","N","","1","0","0","0","0","0","0","2","0","1","","","","N","","","","","","","","","",""
"2016039563","","0","0","0","0","0","0","0","0","0","4","0","","02","4","2016","6","40.631647","","","11","0","0","0","0","0","0","0","1","1","0","0","0","","","0","","1","","40 37:53.929","5","0","80 3:18.381","0","0","0","0","2216","0","0","0","N","0","0","0","2","02505","0","","1.0","","1","N","N","","1","","0","0","1","","3","N","","2","0","0","0","0","0","0","1","0","2","","","","N","","","","","","","","","",""
"2016040397","","2","0","0","0","0","0","0","0","0","4","0","","02","4","2016","4","40.444202","-80.028173","","11","0","0","0","0","0","1","0","0","1","0","0","0","","","0","","1","","40 26:39.126","4","3","80 01:41.424","0","0","0","0","2301","0","0","0","N","0","0","0","2","02301","0","","1.0","","1","N","N","","0","","0","0","0","","2","N","","2","0","0","0","0","0","0","2","0","2","","","","N","","","","","","","","","",""
"2016042033","","0","0","0","0","0","0","0","0","0","4","0","","02","4","2016","1","40.453869","-79.894033","","11","0","0","0","0","0","0","0","0","","0","0","0","","","0","","0","","40 27:13.930","","0","79 53:38.520","9","0","0","0","2301","0","0","0","N","0","0","0","1","02301","0","","6.0","","1","N","N","","1","","0","0","1","","0","","","3","0","0","0","0","0","1","2","0","3","","","","N","","","","","","","","","",""
"2016039549","","0","0","0","0","0","0","1","0","0","1","1","","02","4","2016","3","40.455556","-80.02975","","11","0","0","0","0","0","1","0","0","1","0","0","0","","","1","","0","","40 27:20.000","3","0","80 01:47.100","8","0","0","0","2301","0","0","0","N","0","0","0","3","02503","0","","1.0","","1","N","N","","0","","0","0","1","","0","N","","2","1","1","0","0","1","0","2","0","2","","","","N","","","","","","","","","",""
"2016039564","","1","0","0","0","0","0","0","0","0","5","0","","02","4","2016","2","40.357152","-79.832754","","11","0","0","0","0","0","0","0","0","1","0","0","0","","","0","","3","","40 21:25.747","3","0","79 49:57.914","0","0","0","0","2304","0","0","0","N","0","0","0","2","02304","0","","1.0","","1","N","N","","0","","0","0","1","","2","N","","2","0","0","0","0","0","0","2","0","2","","","","N","","","","","","","","","",""
"2016040543","","1","0","0","0","0","0","0","0","0","5","0","","02","4","2016","4","40.451926","-80.01666","","11","0","0","0","0","0","1","0","0","","0","0","0","","","0","","0","","40 27:06.935","","0","80 00:59.975","9","0","0","0","2301","0","0","0","N","0","0","0","1","02301","0","","2.0","","1","N","N","","1","","0","0","0","","0","","","2","0","0","0","0","0","1","2","0","2","","","","N","","","","","","","","","",""
"2016040258","","1","0","0","0","0","0","0","0","0","4","0","","02","4","2016","3","40.240883","-79.860116","","11","0","1","0","0","1","0","0","0","","0","0","0","","","0","","1","","40 14:27.178","","0","79 51:36.419","0","0","0","0","2105","0","0","0","N","0","0","0","2","02105","0","","1.0","","1","N","N","","1","","0","0","0","","0","","","2","0","0","0","0","0","0","1","0","2","","","","N","","","","","","","","","",""
"2016041841","","0","0","0","0","0","0","0","0","0","7","0","","02","4","2016","1","40.451689","-80.027864","","11","0","0","0","0","0","0","0","0","1","0","0","0","","","0","","0","","40 27:06.080","1","0","80 01:40.311","0","0","0","0","2301","0","0","0","N","0","0","0","1","02301","0","","2.0","","1","N","N","","0","","0","0","1","","0","N","","1","0","0","0","0","0","0","2","0","1","","","","N","","","","","","","","","",""
"2016039565","","1","0","0","0","0","0","0","0","0","7","0","","02","4","2016","1","40.427519","-79.928159","","11","0","0","1","0","0","0","0","0","","0","0","0","","","1","","2","","40 25:39.067","","2","79 55:41.374","8","0","0","0","2301","0","0","0","N","0","0","0","2","02301","0","","5.0","","1","N","N","","0","","0","0","0","","0","","","1","1","0","0","0","1","0","2","0","1","","","","N","","","","","","","","","",""
"2016041777","","1","0","0","0","0","0","0","0","0","7","0","","02","4","2016","6","40.356768","-79.870618","","11","0","0","0","0","0","0","0","0","1","0","0","0","","","0","","0","","40 21:24.365","5","0","79 52:14.223","9","0","0","0","2473","0","0","0","N","0","0","0","1","02473","0","","5.0","","9","N","N","","0","","0","0","0","","0","Y","","1","0","0","0","0","0","1","2","0","1","","","","N","","","","","","","","","",""
"2016040321","","1","0","0","0","0","0","0","0","0","7","0","","02","4","2016","2","40.474808","-80.006693","","11","0","0","0","0","0","0","0","0","1","0","0","0","","","2","","0","","40 28:29.307","2","0","80 00:24.095","3","0","0","0","2301","0","0","0","","0","0","0","2","68B03","0","","4.0","","1","N","N","","0","","1","0","0","","0","N","","1","2","0","0","0","1","0","2","0","1","","","","N","","","","","","","","","",""
"2016041844","","1","0","0","0","0","0","0","0","0","4","0","","02","4","2016","7","40.527589","-79.950612","","11","0","0","0","0","0","0","0","0","2","0","0","0","","","1","","2","","40 31:39.319","1","0","79 57:02.202","8","0","0","0","2118","0","0","0","N","0","0","0","3","02118","0","","1.0","","1","N","N","","0","","0","0","1","","2","N","","2","1","1","0","0","1","0","2","0","2","","","","N","","","","","","","","","",""
"2016042039","","2","0","0","0","0","0","0","0","0","2","0","","02","4","2016","1","40.523142","-80.05775","","11","0","0","0","0","0","0","0","0","2","0","0","0","","","0","","0","","40 31:23.310","2","0","80 03:27.900","0","0","0","0","2116","0","0","0","N","0","0","0","1","02116","0","","1.0","","1","N","N","","0","","0","0","0","","0","N","","2","0","0","0","0","0","0","2","0","2","","","","N","","","","","","","","","",""
"2016039490","","2","0","0","0","0","0","0","0","0","1","0","","02","2","2016","5","40.428614","-79.937443","","11","0","0","0","0","0","0","0","0","1","0","0","0","","","0","","0","","40 25:43.012","4","0","79 56:14.794","0","0","0","0","2301","0","0","0","","0","0","0","3","68B03","0","","1.0","","1","N","N","","0","","0","0","1","","0","N","","3","0","0","0","0","0","0","2","0","3","","","","N","","","","","","","","","",""