"CRN","ARRIVAL_TM","AUTOMOBILE_COUNT","BELTED_DEATH_COUNT","BELTED_SUSP_SERIOUS_INJ_COUNT","BICYCLE_COUNT","BICYCLE_DEATH_COUNT","BICYCLE_SUSP_SERIOUS_INJ_COUNT","BUS_COUNT","CHLDPAS_DEATH_COUNT","CHLDPAS_SUSP_SERIOUS_INJ_COUNT","COLLISION_TYPE","COMM_VEH_COUNT","CONS_ZONE_SPD_LIM","COUNTY","CRASH_MONTH","CRASH_YEAR","DAY_OF_WEEK","DEC_LATITUDE","DEC_LONGITUDE","DISPATCH_TM","DISTRICT","DRIVER_COUNT_16YR","DRIVER_COUNT_17YR","DRIVER_COUNT_18YR","DRIVER_COUNT_19YR","DRIVER_COUNT_20YR","DRIVER_COUNT_50_64YR","DRIVER_COUNT_65_74YR","DRIVER_COUNT_75PLUS","EST_HRS_CLOSED","FATAL_COUNT","HEAVY_TRUCK_COUNT","HORSE_BUGGY_COUNT","HOUR_OF_DAY","ILLUMINATION","INJURY_COUNT","INTERSECTION_RELATED","INTERSECT_TYPE","LANE_CLOSED","LATITUDE","LN_CLOSE_DIR","LOCATION_TYPE","LONGITUDE","MAX_SEVERITY_LEVEL","MCYCLE_DEATH_COUNT","MCYCLE_SUSP_SERIOUS_INJ_COUNT","MOTORCYCLE_COUNT","MUNICIPALITY","NONMOTR_COUNT","NONMOTR_DEATH_COUNT","NONMOTR_SUSP_SERIOUS_INJ_COUNT","NTFY_HIWY_MAINT","PED_COUNT","PED_DEATH_COUNT","PED_SUSP_SERIOUS_INJ_COUNT","PERSON_COUNT","POLICE_AGCY","POSSIBLE_INJ_COUNT","RDWY_SURF_TYPE_CD","RELATION_TO_ROAD","ROADWAY_CLEARED","ROAD_CONDITION","SCH_BUS_IND","SCH_ZONE_IND","SECONDARY_CRASH","SMALL_TRUCK_COUNT","SPEC_JURIS_CD","SUSP_MINOR_INJ_COUNT","SUSP_SERIOUS_INJ_COUNT","SUV_COUNT","TCD_FUNC_CD","TCD_TYPE","TFC_DETOUR_IND","TIME_OF_DAY","TOTAL_UNITS","TOT_INJ_COUNT","UNBELTED_OCC_COUNT","UNB_DEATH_COUNT","UNB_SUSP_SERIOUS_INJ_COUNT","UNK_INJ_DEG_COUNT","UNK_INJ_PER_COUNT","URBAN_RURAL","VAN_COUNT","VEHICLE_COUNT","WEATHER1","WEATHER2","WORKERS_PRES","WORK_ZONE_IND","WORK_ZONE_LOC","WORK_ZONE_TYPE","WZ_CLOSE_DETOUR","WZ_FLAGGER","WZ_LAW_OFFCR_IND","WZ_LN_CLOSURE","WZ_MOVING","WZ_OTHER","WZ_SHLDER_MDN","WZ_WORKERS_INJ_KILLED"
"2016039117","","0","0","0","0","0","0","0","0","0","7","0","","02","4","2016","7","40.460886","-79.987979","","11","0","0","0","0","0","0","0","0","2","0","0","0","","","1","","2","","40 27:39.189","4","0","79 59:16.724","8","0","0","0","2301","0","0","0","N","0","0","0","1","02301","0","","2.0","","1","N","N","","0","","0","0","1","","0","N","","1","1","1","0","0","1","0","2","0","1","","","","N","","","","","","","","","",""
"2016041547","","0","0","0","0","0","0","0","0","0","1","1","","02","4","2016","6","40.390783","-79.93335","","11","0","0","0","0","0","0","0","0","2","0","1","0","","","3","","0","","40 23:26.817","5","0","79 56:00.060","3","0","0","0","2301","0","0","0","N","0","0","0","4","02403","1","","1.0","","1","N","N","","0","","2","0","1","","0","N","","2","3","0","0","0","0","0","2","0","2","","","","N","","","","","","","","","",""
"2016040034","","0","0","0","0","0","0","0","0","0","1","0","","02","4","2016","3","40.477967","-79.845844","","11","0","0","0","1","0","0","0","0","","0","0","0","","","0","","0","","40 28:40.680","","0","79 50:45.039","0","0","0","0","2113","0","0","0","N","0","0","0","2","02113","0","","1.0","","1","N","N","","2","","0","0","0","","0","","","2","0","0","0","0","0","0","2","0","2","","","","N","","","","","","","","","",""
"2016039885","","2","0","0","0","0","0","0","0","0","1","0","","02","4","2016","6","40.362137","-80.068545","","11","0","0","0","0","0","0","0","0","3","0","0","0","","","1","","2","","40 21:43.693","4","0","80 04:06.762","8","0","0","0","2123","0","0","0","N","0","0","0","2","02123","0","","1.0","","1","N","N","","0","","0","0","0","","0","N","","2","1","0","0","0","1","0","2","0","2","","","","N","","","","","","","","","",""
"2016040649","","1","0","0","0","0","0","0","0","0","1","0","","02","4","2016","1","40.323972","-79.795917","","11","0","0","0","1","0","0","0","0","","0","0","0","","","0","","0","","40 19:26.300","","0","79 47:45.300","0","0","0","0","2477","0","0","0","N","0","0","0","1","02477","0","","2.0","","1","N","N","","0","","0","0","1","","0","","","2","0","0","0","0","0","0","2","0","2","","","","N","","","","","","","","","",""
"2016040663","","2","0","0","0","0","0","0","0","0","4","0","","02","4","2016","4","40.417091","-80.025155","","11","0","0","0","0","0","1","0","0","","0","0","0","","","0","","1","","40 25:01.527","","0","80 01:30.558","0","0","0","0","2301","0","0","0","N","0","0","0","2","02301","0","","1.0","","1","N","N","","0","","0","0","0","","2","","","2","0","0","0","0","0","0","2","0","2","","","","N","","","","","","","","","",""
"2016039260","","1","0","0","0","0","0","0","0","0","6","1","","02","3","2016","4","40.390765","-80.074126","","11","0","0","0","0","1","0","0","0","","0","1","0","","","0","","0","","40 23:26.755","","0","80 04:26.855","0","0","0","0","2117","0","0","0","N","0","0","0","3","02117","0","","1.0","","1","N","N","","0","","0","0","0","","0","","","2","0","0","0","0","0","0","2","0","2","","","","N","","","","","","","","","",""
"2016040051","","3","0","0","0","0","0","0","0","0","5","0","","02","4","2016","2","40.451606","-79.983319","","11","0","0","0","0","0","0","0","0","1","0","0","0","","","0","","0","","40 27:05.780","4","0","79 58:59.950","0","0","0","0","2301","0","0","0","N","0","0","0","1","02301","0","","6.0","","1","N","N","","0","","0","0","0","","2","N","","3","0","0","0","0","0","0","2","0","3","","","","N","","","","","","","","","",""
"2016039887","","0","0","0","0","0","0","0","0","0","1","0","","02","3","2016","3","40.400281","-79.905219","","11","0","0","0","0","0","0","0","0","2","0","0","0","","","1","","0","","40 24:01.010","5","0","79 54:18.790","4","0","0","0","2438","0","0","0","N","0","0","0","1","02438","1","","1.0","","1","N","N","","0","","0","0","1","","0","Y","","2","1","1","0","0","0","0","2","1","2","","","","N","","","","","","","","","",""
"2016039121","","2","0","0","0","0","0","0","0","0","1","0","","02","4","2016","7","40.459298","-79.944452","","11","0","0","0","0","0","0","0","0","","0","0","0","","","0","","0","","40 27:33.472","","0","79 56:40.027","0","0","0","0","2301","0","0","0","N","0","0","0","3","02301","0","","1.0","","1","N","N","","0","","0","0","0","","2","","","2","0","0","0","0","0","0","2","0","2","","","","N","","","","","","","","","",""
"2016039249","","0","0","0","0","0","0","0","0","0","7","0","","02","4","2016","7","40.438174","-80.031279","","11","0","0","0","0","0","1","0","0","1","0","0","0","","","0","","0","","40 26:17.426","1","0","80 01:52.604","0","0","0","0","2301","0","0","0","N","0","0","0","4","02301","0","","2.0","","1","N","N","","0","","0","0","1","","0","N","","1","0","0","0","0","0","0","2","0","1","","","","N","","","","","","","","","",""
"2016040037","","1","0","0","0","0","0","0","0","0","7","0","","02","4","2016","3","40.314847","-80.009219","","11","0","0","0","0","0","0","0","0","","0","0","0","","","1","","0","","40 18:53.450","","0","80 00:33.190","8","0","0","0","2219","0","0","0","N","0","0","0","1","02501","0","","4.0","","1","N","N","","0","","0","0","0","","0","","","1","1","0","0","0","1","0","2","0","1","","","","N","","","","","","","","","",""
"2016039335","","0","0","0","0","0","0","0","0","0","4","0","","02","4","2016","1","40.435719","-79.787173","","11","0","0","0","0","0","0","0","0","1","0","0","0","","","1","","0","","40 26:08.589","3","0","79 47:13.823","3","0","0","0","2446","0","0","0","N","0","0","0","2","02446","0","","1.0","","1","N","N","","0","","1","0","2","","0","N","","2","1","0","0","0","0","0","2","0","2","","","","N","","","","","","","","","",""
"2016039250","","2","0","0","0","0","0","0","0","0","1","0","","02","4","2016","1","40.456534","-79.990245","","11","1","0","0","0","0","0","0","0","1","0","0","0","","","0","","7","","40 27:23.524","2","2","79 59:24.881","0","0","0","0","2301","0","0","0","N","0","0","0","4","02301","0","","1.0","","1","N","N","","0","","0","0","0","","0","N","","2","0","0","0","0","0","0","2","0","2","","","","N","","","","","","","","","",""
"2016041565","","2","0","0","0","0","0","0","0","0","4","0","","02","4","2016","6","40.39182","-80.016755","","11","0","0","0","0","0","1","0","0","3","0","0","0","","","0","","1","","40 23:30.552","6","0","80 01:00.318","0","0","0","0","2301","0","0","0","N","0","0","0","3","02301","0","","1.0","","1","N","N","","0","","0","0","0","","2","Y","","2","0","0","0","0","0","0","2","0","2","","","","N","","","","","","","","","",""
"2016041631","","1","0","0","0","0","0","0","0","0","7","0","","02","4","2016","7","40.63416","-80.097699","","11","0","0","0","0","0","0","0","0","","0","0","0","","","0","","0","","40 38:02.975","","0","80 05:51.718","0","0","0","0","2212","0","0","0","","0","0","0","1","68B03","0","","3.0","","9","N","N","","0","","0","0","0","","0","","","1","0","0","0","0","0","0","2","0","1","","","","N","","","","","","","","","",""
"2016039336","","1","0","0","0","0","0","0","0","0","5","0","","02","4","2016","1","40.431389","-80.006869","","11","0","0","0","0","0","1","0","0","","0","0","0","","","0","","0","","40 25:53.000","","0","80 00:24.730","0","0","0","0","2301","0","0","0","N","0","0","0","2","02301","0","","1.0","","1","N","N","","0","","0","0","1","","3","","","2","0","0","0","0","0","0","2","0","2","","","","N","","","","","","","","","",""
"2016041406","","2","0","0","0","0","0","0","0","0","5","0","","02","4","2016","3","40.626007","-79.941849","","11","0","0","0","0","0","1","0","1","","0","0","0","","","0","","1","","40 37:33.626","","0","79 56:30.657","0","0","0","0","2217","0","0","0","N","0","0","0","2","02505","0","","1.0","","1","N","N","","0","","0","0","0","","2","","","2","0","0","0","0","0","0","2","0","2","","","","N","","","","","","","","","",""
"2016039110","","1","0","0","0","0","0","0","0","0","1","0","","02","4","2016","6","40.339091","-80.125898","","11","0","0","0","0","0","1","0","0","","0","0","0","","","1","","2","","40 20:20.726","","0","80 07:33.233","4","0","0","0","2119","0","0","0","N","0","0","0","2","02119","1","","1.0","","1","N","N","","0","","0","0","1","","0","","","2","1","0","0","0","0","0","2","0","2","","","","N","","","","","","","","","",""
"2016039905","","2","0","0","0","0","0","0","0","0","1","0","","02","4","2016","7","40.393072","-79.93481","","11","0","0","0","0","0","0","0","0","","0","0","0","","","0","","7","","40 23:35.058","","2","79 56:05.315","0","0","0","0","2301","0","0","0","N","0","0","0","4","02301","0","","1.0","","1","N","N","","0","","0","0","0","","3","","","2","0","0","0","0","0","0","2","0","2","","","","N","","","","","","","","","",""
"2016040667","","1","0","0","0","0","0","0","0","0","1","0","","02","4","2016","4","40.401814","-80.067748","","11","0","0","1","0","0","1","0","1","","0","0","0","","","0","","1","","40 24:06.530","","0","80 04:03.893","0","0","0","0","2415","0","0","0","N","0","0","0","4","02415","0","","1.0","","1","N","N","","0","","0","0","2","","0","","","3","0","0","0","0","0","0","2","0","3","","","","N","","","","","","","","","",""
"2016039112","","2","0","0","0","0","0","0","0","0","4","0","","02","4","2016","7","40.484334","-80.035812","","11","0","0","0","0","0","0","1","0","","0","0","0","","","0","","1","","40 29:03.602","","0","80 02:08.923","0","0","0","0","2301","0","0","0","N","0","0","0","2","02301","0","","1.0","","1","N","N","","0","","0","0","0","","2","","","2","0","0","0","0","0","0","2","0","2","","","","N","","","","","","","","","",""
"2016039893","","1","0","0","0","0","0","0","0","0","7","0","","02","4","2016","2","40.377602","-79.888612","","11","0","0","0","0","0","0","0","1","1","0","0","0","","","1","","0","","40 22:39.367","3","0","79 53:19.004","8","0","0","0","2473","0","0","0","N","0","0","0","1","02473","0","","5.0","","1","N","N","","0","","0","0","0","","0","N","","1","1","0","0","0","1","0","2","0","1","","","","N","","","","","","","","","",""
"2016040742","","1","0","0","0","0","0","0","0","0","7","0","","02","4","2016","7","40.439151","-79.861657","","11","0","0","0","0","1","0","0","0","","0","0","0","","","1","","0","","40 26:20.943","","0","79 51:41.964","3","0","0","0","2478","0","0","0","","0","0","0","1","68B03","0","","5.0","","9","N","N","","0","","1","0","0","","0","","","1","1","0","0","0","0","0","2","0","1","","","","N","","","","","","","","","",""
"2016039114","","1","0","0","0","0","0","0","0","0","4","0","","02","4","2016","7","40.448039","-80.017839","","11","0","0","0","0","0","1","0","0","1","0","0","0","","","1","","1","","40 26:52.940","5","0","80 01:04.220","8","0","0","0","2301","0","0","0","N","0","0","0","4","02301","0","","1.0","","1","N","N","","0","","0","0","1","","2","N","","2","1","0","0","0","1","0","2","0","2","","","","N","","","","","","","","","",""
"2016040670","","1","0","0","0","0","0","0","0","0","4","0","","02","4","2016","4","40.408147","-79.941825","","11","0","0","0","0","0","0","0","0","1","0","0","0","","","2","","1","","40 24:29.329","3","0","79 56:30.570","3","0","0","0","2301","0","0","0","N","0","0","0","5","02301","0","","1.0","","1","N","N","","0","","2","0","0","","3","N","","2","2","0","0","0","0","1","2","0","2","","","","N","","","","","","","","","",""
"2016041558","","1","0","0","0","0","0","0","0","0","4","0","","02","4","2016","6","40.44023","-80.034371","","11","0","0","0","0","0","0","0","0","","0","0","0","","","0","","2","","40 26:24.828","","0","80 02:03.735","0","0","0","0","2301","0","0","0","N","0","0","0","2","02301","0","","1.0","","1","N","N","","0","","0","0","1","","2","","","2","0","0","0","0","0","0","2","0","2","","","","N","","","","","","","","","",""
"2016039255","","0","0","0","0","0","0","0","0","0","7","0","","02","2","2016","5","40.373622","-80.091434","","11","0","0","0","0","0","1","0","0","1","0","0","0","","","1","","0","","40 22:25.039","6","0","80 05:29.162","8","0","0","0","2117","0","0","0","N","0","0","0","1","02117","0","","5.0","","2","N","N","","0","","0","0","1","","0","Y","","1","1","0","0","0","1","0","2","0","1","","","","N","","","","","","","","","",""
"2016039129","","1","0","0","0","0","0","0","0","0","7","0","","02","3","2016","4","40.656172","-79.961114","","11","0","0","0","0","0","0","0","0","2","0","0","0","","","1","","0","","40 39:22.220","2","0","79 57:40.010","2","0","0","0","2217","0","0","0","N","0","0","0","1","02505","0","","4.0","","1","N","N","","0","","0","1","0","","0","Y","","1","1","0","0","0","0","0","2","0","1","","","","N","","","","","","","","","",""
"2016039909","","2","0","0","0","0","0","0","0","0","4","0","","02","4","2016","2","40.524158","-80.188378","","11","0","0","0","1","0","0","0","0","2","0","0","0","","","1","","0","","40 31:26.970","3","0","80 11:18.160","3","0","0","0","2213","0","0","0","","0","0","0","3","02213","0","","1.0","","9","N","N","","0","","1","0","0","","0","N","","2","1","0","0","0","0","0","2","0","2","","","","N","","","","","","","","","",""
"2016040671","","3","0","0","0","0","0","0","0","0","1","0","","02","4","2016","4","40.452898","-79.948844","","11","0","0","0","0","0","0","0","0","3","0","0","0","","","1","","0","","40 27:10.432","4","0","79 56:55.838","3","0","0","0","2301","0","0","0","N","0","0","0","6","02301","0","","1.0","","1","N","N","","0","","1","0","1","","2","N","","4","1","0","0","0","0","0","2","0","4","","","","N","","","","","","","","","",""
"2016040137","","0","0","0","0","0","0","0","0","0","0","0","","02","4","2016","1","40.428808","-80.029361","","11","0","0","0","0","0","2","0","0","","0","0","0","","","2","","0","","40 25:43.707","","0","80 01:45.700","8","0","0","1","2301","0","0","0","","0","0","0","3","68B03","0","","1.0","","1","N","N","","0","","0","0","1","","0","","","2","2","0","0","0","2","0","2","0","2","","","","N","","","","","","","","","",""
"2016039910","","1","0","0","0","0","0","0","0","0","7","0","","02","4","2016","6","40.507167","-80.20938","","11","0","0","0","0","0","0","0","0","2","0","0","0","","","1","","0","","40 30:25.801","1","0","80 12:33.769","8","0","0","0","2213","0","0","0","","0","0","0","3","02213","0","","4.0","","1","N","N","","0","","0","0","0","","0","N","","1","1","0","0","0","1","2","2","0","1","","","","N","","","","","","","","","",""
"2016040672","","1","0","0","0","0","0","0","0","0","4","0","","02","4","2016","4","40.340254","-79.967351","","11","0","0","0","0","0","0","0","0","1","0","0","0","","","1","","2","","40 20:24.915","4","0","79 58:02.465","3","0","0","1","2454","0","0","0","N","0","0","0","2","02454","0","","1.0","","1","N","N","","0","","1","0","0","","2","N","","2","1","0","0","0","0","1","2","0","2","","","","N","","","","","","","","","",""
"2016041639","","5","0","0","0","0","0","0","0","0","5","0","","02","4","2016","7","40.426622","-79.988061","","11","0","0","0","0","0","0","0","0","","0","0","0","","","0","","0","","40 25:35.840","","0","79 59:17.020","0","0","0","0","2301","0","0","0","N","0","0","0","1","02301","0","","1.0","","1","N","N","","0","","0","0","1","","0","","","6","0","0","0","0","0","0","2","0","6","","","","N","","","","","","","","","",""
"2016040673","","0","0","0","0","0","0","0","0","0","4","0","","02","1","2016","4","40.371152","-79.814936","","11","0","0","0","0","0","0","0","0","2","0","0","0","","","1","","0","","40 22:16.147","5","0","79 48:53.770","3","0","0","0","2111","0","0","0","N","0","0","0","2","02111","0","","1.0","","7","N","N","","1","","1","0","1","","0","N","","2","1","1","0","0","0","0","2","0","2","","","","N","","","","","","","","","",""
"2016040747","","1","0","0","0","0","0","0","0","0","7","0","","02","4","2016","4","40.632641","-80.097514","","11","0","0","0","0","0","1","0","0","2","0","0","0","","","0","","0","","40 37:57.509","1","0","80 05:51.049","9","0","0","0","2212","0","0","0","","0","0","0","2","68B03","0","","4.0","","1","N","N","","0","","0","0","1","","0","N","","2","0","0","0","0","0","1","2","0","2","","","","N","","","","","","","","","",""
"2016041640","","1","0","0","0","0","0","0","0","0","7","0","","02","4","2016","5","40.303881","-79.996208","","11","0","0","0","0","0","0","0","0","2","0","0","0","","","1","","1","","40 18:13.971","5","0","79 59:46.348","8","0","0","0","2219","0","0","0","N","0","0","0","1","02501","0","","2.0","","1","N","N","","0","","0","0","0","","0","Y","","1","1","0","0","0","1","0","2","0","1","","","","N","","","","","","","","","",""
"2016041711","","0","0","0","0","0","0","0","0","0","1","0","","02","4","2016","7","40.355084","-80.116178","","11","0","0","0","0","0","1","0","0","","0","0","0","","","0","","2","","40 21:18.304","","2","80 06:58.240","0","0","0","0","2119","0","0","0","N","0","0","0","3","02119","0","","1.0","","1","N","N","","0","","0","0","1","","2","","","2","0","0","0","0","0","0","2","1","2","","","","N","","","","","","","","","",""
"2016039845","","2","0","0","0","0","0","0","0","0","4","0","","02","4","2016","2","40.36534","-80.108246","","11","0","0","0","0","0","0","0","0","","0","0","0","","","0","","0","","40 21:55.225","","7","80 06:29.685","0","0","0","0","2102","0","0","0","N","0","0","0","2","02102","0","","1.0","","1","N","N","","0","","0","0","0","","2","","","2","0","0","0","0","0","0","2","0","2","","","","N","","","","","","","","","",""
"2016039980","","2","0","0","0","0","0","0","0","0","4","0","","02","4","2016","3","40.48208","-80.036274","","11","0","0","0","0","0","1","0","0","","0","0","0","","","1","","1","","40 28:55.488","","0","80 02:10.586","8","0","0","0","2301","0","0","0","N","0","0","0","2","02301","0","","1.0","","1","N","N","","0","","0","0","0","","3","","","2","1","0","0","0","1","0","2","0","2","","","","N","","","","","","","","","",""
"2016040675","","1","0","0","0","0","0","0","0","0","7","0","","02","4","2016","6","40.475341","-79.765732","","11","0","0","0","0","0","0","0","0","2","0","0","0","","","1","","0","","40 28:31.228","3","0","79 45:56.636","8","0","0","0","2466","0","0","0","N","0","0","0","1","02466","0","","5.0","","1","N","N","","0","","0","0","0","","0","N","","1","1","1","0","0","1","0","2","0","1","","","","N","","","","","","","","","",""
"2016040737","","0","0","0","0","0","0","0","0","0","4","0","","02","4","2016","2","40.425944","-79.911673","","11","0","0","0","0","0","1","0","0","1","0","0","0","","","0","","0","","40 25:33.399","4","4","79 54:42.022","0","0","0","0","2301","0","0","0","","0","0","0","3","68B03","0","","1.0","","1","N","N","","1","","0","0","1","","0","N","","2","0","0","0","0","0","0","2","0","2","","","","N","","","","","","","","","",""
"2016040749","","1","0","0","0","0","0","0","0","0","7","0","","02","4","2016","6","40.509807","-80.092559","","11","0","0","1","0","0","0","0","0","1","0","0","0","","","0","","0","","40 30:35.304","1","0","80 05:33.212","0","0","0","0","2429","0","0","0","N","0","0","0","1","02215","0","","5.0","","1","N","N","","0","","0","0","0","","0","N","","1","0","0","0","0","0","0","2","0","1","","","","N","","","","","","","","","",""
"2016040612","","0","0","0","0","0","0","0","0","0","1","0","","02","3","2016","5","40.425506","-79.906218","","11","0","0","0","0","0","1","0","0","","0","0","0","","","1","","0","","40 25:31.823","","4","79 54:22.385","4","0","0","0","2301","0","0","0","","0","0","0","2","68B04","1","","1.0","","1","N","N","","1","","0","0","1","","0","","","2","1","0","0","0","0","0","2","0","2","","","","N","","","","","","","","","",""
"2016039136","","0","0","0","0","0","0","0","0","0","1","0","","02","4","2016","7","40.378703","-80.216631","","11","0","0","0","0","0","1","0","1","2","0","0","0","","","0","","0","","40 22:43.330","2","0","80 12:59.870","0","0","0","0","2214","0","0","0","Y","0","0","0","3","02214","0","","1.0","","1","N","N","","2","","0","0","0","","0","N","","2","0","0","0","0","0","0","2","0","2","","","","N","","","","","","","","","",""
"2016041580","","2","0","0","0","0","0","0","0","0","1","0","","02","4","2016","6","40.416936","-80.014558","","11","0","0","0","0","0","0","0","1","1","0","0","0","","","0","","2","","40 25:00.970","2","0","80 00:52.409","0","0","0","0","2301","0","0","0","N","0","0","0","3","02301","0","","1.0","","9","N","N","","0","","0","0","1","","2","N","","3","0","0","0","0","0","0","2","0","3","","","","N","","","","","","","","","",""
"2016044807","","0","0","0","0","0","0","0","0","0","1","0","","02","4","2016","4","40.435918","-79.975168","","11","0","0","0","0","0","0","0","0","1","0","0","0","","","0","","0","","40 26:09.305","3","0","79 58:30.604","0","0","0","0","2301","0","0","0","","0","0","0","2","68B03","0","","1.0","","1","N","N","","0","","0","0","2","","0","N","","2","0","0","0","0","0","0","2","0","2","","","","N","","","","","","","","","",""
"2016039068","","1","0","0","0","0","0","0","0","0","7","0","","02","4","2016","7","40.540771","-79.833136","","11","0","0","0","0","0","0","0","0","","0","0","0","","","1","","0","","40 32:26.777","","0","79 49:59.290","8","0","0","0","2112","0","0","0","N","0","0","0","4","02112","0","","5.0","","1","N","N","","0","","0","0","0","","0","","","1","1","1","0","0","1","0","2","0","1","","","","N","","","","","","","","","",""
"2016040751","","1","0","0","0","0","0","0","0","0","4","0","","02","4","2016","3","40.441415","-79.923384","","11","0","0","0","0","0","0","0","0","3","0","0","0","","","0","","1","","40 26:29.094","1","0","79 55:24.182","0","0","0","0","2301","0","0","0","N","0","0","0","3","02301","0","","1.0","","1","N","N","","0","","0","0","1","","2","Y","","2","0","0","0","0","0","0","2","0","2","","","","N","","","","","","","","","",""
"2016040821","","1","0","0","0","0","0","0","0","0","1","0","90","02","4","2016","5","40.434169","-79.995845","","11","0","0","0","0","0","0","0","0","","0","0","0","","","1","","6","","40 26:03.007","","8","79 59:45.042","3","0","0","0","2301","0","0","0","N","0","0","0","3","02301","0","","1.0","","1","N","N","","1","","1","0","0","","3","","","3","1","0","0","0","0","0","2","1","3","","","Y","Y","4","1","","","N","Y","","","",""
"2016044808","","2","0","0","0","0","0","0","0","0","5","0","","02","4","2016","3","40.420318","-80.037244","","11","0","0","0","0","0","0","0","0","1","0","0","0","","","0","","0","","40 25:13.143","4","0","80 02:14.079","0","0","0","0","2301","0","0","0","","0","0","0","2","68B03","0","","1.0","","1","N","N","","0","","0","0","0","","0","N","","2","0","0","0","0","0","0","2","0","2","","","","N","","","","","","","","","",""
"2016039849","","2","0","0","0","0","0","0","0","0","4","0","","02","4","2016","2","40.385258","-79.802694","","11","0","0","0","0","0","0","0","1","","0","0","0","","","0","","2","","40 23:06.930","","0","79 48:09.700","0","0","0","0","2424","0","0","0","N","0","0","0","2","02424","0","","1.0","","1","N","N","","0","","0","0","0","","0","","","2","0","0","0","0","0","0","2","0","2","","","","N","","","","","","","","","",""
"2016040740","","1","0","0","0","0","0","0","0","0","99","0","","02","4","2016","4","40.439373","-79.861319","","11","0","0","0","0","0","0","1","0","","0","0","0","","","0","","0","","40 26:21.742","","0","79 51:40.747","0","0","0","0","2478","0","0","0","","0","0","0","1","68B03","0","","1.0","","1","N","N","","0","","0","0","0","","0","","","1","0","0","0","0","0","0","2","0","1","","","","N","","","","","","","","","",""
"2016039212","","2","0","0","0","0","0","0","0","0","1","0","","02","4","2016","7","40.523765","-80.071929","","11","0","0","0","0","0","1","0","0","","0","0","0","","","0","","1","","40 31:25.554","","0","80 04:18.945","0","0","0","0","2215","0","0","0","N","0","0","0","6","02215","0","","1.0","","1","N","N","","0","","0","0","0","","2","","","2","0","0","0","0","0","0","2","0","2","","","","N","","","","","","","","","",""
"2016041583","","1","0","0","0","0","0","0","0","0","4","0","","02","4","2016","7","40.448652","-80.002304","","11","0","0","0","0","0","0","0","0","1","0","0","0","","","0","","1","","40 26:55.147","3","0","80 00:08.294","0","0","0","0","2301","0","0","0","N","0","0","0","2","02301","0","","1.0","","9","N","N","","0","","0","0","1","","2","N","","2","0","0","0","0","0","0","2","0","2","","","","N","","","","","","","","","",""
"2016044809","","2","0","0","0","0","0","0","0","0","1","0","","02","4","2016","4","40.377615","-80.099928","","11","0","0","0","0","0","0","0","0","","0","0","0","","","2","","0","","40 22:39.413","","0","80 05:59.742","3","0","0","0","2102","0","0","0","","0","0","0","6","68B03","1","","1.0","","1","N","N","","0","","1","0","2","","0","","","4","2","0","0","0","0","0","2","0","4","","","","N","","","","","","","","","",""
"2016039918","","1","0","0","0","0","0","0","0","0","1","0","","02","2","2016","7","40.428492","-79.937352","","11","0","0","0","0","0","0","0","0","","0","0","0","","","1","","0","","40 25:42.571","","0","79 56:14.467","3","0","0","0","2301","0","0","0","","0","0","0","6","68B03","0","","1.0","","1","N","N","","0","","1","0","1","","0","","","2","1","0","0","0","0","0","2","0","2","","","","N","","","","","","","","","",""
"2016040680","","1","0","0","0","0","0","0","0","0","5","0","","02","4","2016","4","40.442804","-80.008877","","11","0","0","0","0","1","0","0","0","1","0","0","0","","","0","","7","","40 26:34.094","3","8","80 00:31.957","9","0","0","0","2301","0","0","0","N","0","0","0","3","02301","0","","1.0","","1","N","N","","0","","0","0","0","","0","Y","","2","0","0","0","0","0","1","2","0","2","","","","N","","","","","","","","","",""
"2016040002","","1","0","0","0","0","0","0","0","0","2","0","","02","4","2016","2","40.395606","-79.898886","","11","0","0","0","0","0","1","1","0","1","0","0","0","","","1","","2","","40 23:44.181","4","0","79 53:55.989","8","0","0","0","2448","0","0","0","N","0","0","0","2","02448","0","","1.0","","1","N","N","","1","","0","0","0","","0","N","","2","1","0","0","0","1","0","2","0","2","","","","N","","","","","","","","","",""
"2016039282","","0","0","0","0","0","0","0","0","0","7","0","","02","4","2016","1","40.659384","-79.882697","","11","0","0","0","0","0","1","0","0","1","0","0","0","","","1","","0","","40 39:33.784","3","0","79 52:57.710","3","0","0","1","2220","0","0","0","N","0","0","0","1","02220","0","","5.0","","1","N","N","","0","","1","0","0","","0","N","","1","1","0","0","0","0","0","1","0","1","","","","N","","","","","","","","","",""
"2016039366","","2","0","0","0","0","0","0","0","0","1","0","","02","4","2016","6","40.655184","-80.072519","","11","0","0","0","0","0","1","0","0","","0","0","0","","","1","","0","","40 39:18.662","","0","80 04:21.068","3","0","0","0","2212","0","0","0","","0","0","0","4","68T02","0","","1.0","","1","N","N","","0","","1","0","0","","0","","","2","1","0","0","0","0","0","2","0","2","","","","N","","","","","","","","","",""
"2016039919","","0","0","0","0","0","0","0","0","0","1","0","","02","3","2016","5","40.412258","-80.067012","","11","0","0","0","0","0","1","0","0","1","0","0","0","","","0","","0","","40 24:44.130","3","0","80 04:01.243","0","0","0","0","2435","0","0","0","","0","0","0","3","68B03","0","","1.0","","1","N","N","","1","","0","0","2","","0","N","","3","0","0","0","0","0","0","2","0","3","","","","N","","","","","","","","","",""
"2016040681","","2","0","0","0","0","0","0","0","0","4","0","","02","4","2016","4","40.432765","-80.028216","","11","0","0","0","0","0","1","0","0","","0","0","0","","","0","","2","","40 25:57.955","","0","80 01:41.578","0","0","0","0","2301","0","0","0","N","0","0","0","4","02301","0","","1.0","","1","N","N","","0","","0","0","0","","3","","","2","0","0","0","0","0","0","2","0","2","","","","N","","","","","","","","","",""