"CRN","ARRIVAL_TM","AUTOMOBILE_COUNT","BELTED_DEATH_COUNT","BELTED_SUSP_SERIOUS_INJ_COUNT","BICYCLE_COUNT","BICYCLE_DEATH_COUNT","BICYCLE_SUSP_SERIOUS_INJ_COUNT","BUS_COUNT","CHLDPAS_DEATH_COUNT","CHLDPAS_SUSP_SERIOUS_INJ_COUNT","COLLISION_TYPE","COMM_VEH_COUNT","CONS_ZONE_SPD_LIM","COUNTY","CRASH_MONTH","CRASH_YEAR","DAY_OF_WEEK","DEC_LATITUDE","DEC_LONGITUDE","DISPATCH_TM","DISTRICT","DRIVER_COUNT_16YR","DRIVER_COUNT_17YR","DRIVER_COUNT_18YR","DRIVER_COUNT_19YR","DRIVER_COUNT_20YR","DRIVER_COUNT_50_64YR","DRIVER_COUNT_65_74YR","DRIVER_COUNT_75PLUS","EST_HRS_CLOSED","FATAL_COUNT","HEAVY_TRUCK_COUNT","HORSE_BUGGY_COUNT","HOUR_OF_DAY","ILLUMINATION","INJURY_COUNT","INTERSECTION_RELATED","INTERSECT_TYPE","LANE_CLOSED","LATITUDE","LN_CLOSE_DIR","LOCATION_TYPE","LONGITUDE","MAX_SEVERITY_LEVEL","MCYCLE_DEATH_COUNT","MCYCLE_SUSP_SERIOUS_INJ_COUNT","MOTORCYCLE_COUNT","MUNICIPALITY","NONMOTR_COUNT","NONMOTR_DEATH_COUNT","NONMOTR_SUSP_SERIOUS_INJ_COUNT","NTFY_HIWY_MAINT","PED_COUNT","PED_DEATH_COUNT","PED_SUSP_SERIOUS_INJ_COUNT","PERSON_COUNT","POLICE_AGCY","POSSIBLE_INJ_COUNT","RDWY_SURF_TYPE_CD","RELATION_TO_ROAD","ROADWAY_CLEARED","ROAD_CONDITION","SCH_BUS_IND","SCH_ZONE_IND","SECONDARY_CRASH","SMALL_TRUCK_COUNT","SPEC_JURIS_CD","SUSP_MINOR_INJ_COUNT","SUSP_SERIOUS_INJ_COUNT","SUV_COUNT","TCD_FUNC_CD","TCD_TYPE","TFC_DETOUR_IND","TIME_OF_DAY","TOTAL_UNITS","TOT_INJ_COUNT","UNBELTED_OCC_COUNT","UNB_DEATH_COUNT","UNB_SUSP_SERIOUS_INJ_COUNT","UNK_INJ_DEG_COUNT","UNK_INJ_PER_COUNT","URBAN_RURAL","VAN_COUNT","VEHICLE_COUNT","WEATHER1","WEATHER2","WORKERS_PRES","WORK_ZONE_IND","WORK_ZONE_LOC","WORK_ZONE_TYPE","WZ_CLOSE_DETOUR","WZ_FLAGGER","WZ_LAW_OFFCR_IND","WZ_LN_CLOSURE","WZ_MOVING","WZ_OTHER","WZ_SHLDER_MDN","WZ_WORKERS_INJ_KILLED"
"2016029718","","2","0","0","0","0","0","0","0","0","1","0","","02","3","2016","6","40.453564","-79.824823","","11","1","0","0","0","0","1","0","0","2","0","0","0","","","3","","0","","40 27:12.831","5","0","79 49:29.364","3","0","0","0","2113","0","0","0","N","0","0","0","3","02113","2","","1.0","","1","N","N","","0","","1","0","1","","0","Y","","3","3","0","0","0","0","0","2","0","3","","","","N","","","","","","","","","",""
"2016027462","","1","0","0","0","0","0","0","0","0","4","0","","02","3","2016","5","40.566055","-79.998807","","11","0","0","0","1","0","0","0","0","1","0","0","0","","","0","","1","","40 33:57.797","4","0","79 59:55.705","0","0","0","0","2108","0","0","0","N","0","0","0","2","02108","0","","1.0","","9","N","N","","0","","0","0","1","","3","N","","2","0","0","0","0","0","0","2","0","2","","","","N","","","","","","","","","",""
"2016028742","","0","0","0","0","0","0","0","0","0","7","0","","02","3","2016","2","40.43388","-80.14282","","11","0","0","0","0","0","1","0","0","","0","0","0","","","1","","0","","40 26:01.969","","0","80 08:34.152","4","0","0","0","2115","0","0","0","","0","0","0","1","68B03","1","","3.0","","1","N","N","","0","","0","0","1","","0","","","1","1","0","0","0","0","0","2","0","1","","","","N","","","","","","","","","",""
"2016029572","","1","0","0","0","0","0","0","0","0","4","0","","02","3","2016","5","40.423853","-79.962195","","11","0","0","0","0","0","1","0","0","","0","0","0","","","3","","5","","40 25:25.870","","0","79 57:43.901","3","0","0","0","2301","0","0","0","N","0","0","0","3","02301","2","","1.0","","1","N","N","","0","","1","0","1","","2","","","2","3","0","0","0","0","0","2","0","2","","","","N","","","","","","","","","",""
"2016027294","","2","0","0","0","0","0","0","0","0","1","0","","02","3","2016","5","40.410179","-80.024611","","11","0","1","0","0","0","1","0","0","1","0","0","0","","","0","","0","","40 24:36.644","1","0","80 01:28.599","0","0","0","0","2301","0","0","0","N","0","0","0","3","02301","0","","1.0","","9","N","N","","0","","0","0","0","","0","N","","3","0","0","0","0","0","0","2","1","3","","","","N","","","","","","","","","",""
"2016027308","","1","0","0","0","0","0","0","0","0","0","0","","02","3","2016","5","40.350596","-79.925247","","11","0","0","0","1","0","0","0","0","1","0","0","0","","","0","","0","","40 21:02.147","4","0","79 55:30.889","0","0","0","0","2473","0","0","0","N","0","0","0","2","02473","0","","1.0","","9","N","N","","0","","0","0","0","","0","N","","1","0","0","0","0","0","0","2","0","1","","","","N","","","","","","","","","",""
"2016028951","","2","0","0","0","0","0","0","0","0","2","1","","02","3","2016","4","40.454461","-80.000161","","11","0","0","0","0","0","0","0","0","1","0","1","0","","","0","","0","","40 27:16.060","4","0","80 00:00.580","9","0","0","0","2301","0","0","0","N","0","0","0","2","02301","0","","1.0","","1","N","N","","0","","0","0","0","","3","N","","3","0","0","0","0","0","1","2","0","3","","","","N","","","","","","","","","",""
"2016029588","","1","0","0","0","0","0","0","0","0","7","0","","02","3","2016","6","40.340889","-79.860645","","11","0","0","0","0","0","0","0","0","1","0","0","0","","","0","","0","","40 20:27.199","2","0","79 51:38.321","0","0","0","0","2304","0","0","0","N","0","0","0","2","02304","0","","5.0","","1","N","N","","0","","0","0","0","","0","N","","1","0","0","0","0","0","0","2","0","1","","","","N","","","","","","","","","",""
"2016029590","","1","0","0","0","0","0","0","0","0","7","0","","02","3","2016","6","40.431014","-79.729533","","11","0","0","0","0","0","1","0","0","","0","0","0","","","0","","0","","40 25:51.652","","0","79 43:46.317","0","0","0","0","2446","0","0","0","Y","0","0","0","1","02446","0","","2.0","","1","N","N","","0","","0","0","0","","0","","","1","0","0","0","0","0","0","2","0","1","","","","N","","","","","","","","","",""
"2016028002","","1","0","0","0","0","0","0","0","0","4","0","","02","3","2016","5","40.319435","-79.89853","","11","0","0","0","0","0","0","0","0","2","0","0","0","","","1","","0","","40 19:09.966","5","0","79 53:54.709","3","0","0","0","2440","0","0","0","N","0","0","0","3","02440","0","","1.0","","9","N","N","","1","","1","0","0","","0","Y","","2","1","0","0","0","0","0","2","0","2","","","","N","","","","","","","","","",""
"2016028954","","2","0","0","0","0","0","0","0","0","4","0","","02","3","2016","3","40.434036","-79.752425","","11","0","0","0","0","0","0","0","0","","0","0","0","","","0","","0","","40 26:02.528","","7","79 45:08.729","0","0","0","0","2446","0","0","0","N","0","0","0","2","02446","0","","1.0","","1","N","N","","0","","0","0","0","","0","","","2","0","0","0","0","0","0","2","0","2","","","","N","","","","","","","","","",""
"2016028085","","0","0","0","0","0","0","0","0","0","6","0","","02","3","2016","3","40.535959","-79.988122","","11","0","0","0","0","0","0","0","0","","0","0","0","","","0","","2","","40 32:09.452","","0","79 59:17.239","0","0","0","0","2118","0","0","0","N","0","0","0","2","02118","0","","1.0","","1","N","N","","0","","0","0","2","","0","","","2","0","0","0","0","0","0","2","0","2","","","","N","","","","","","","","","",""
"2016029723","","0","0","0","0","0","0","0","0","0","4","0","","02","3","2016","6","40.486973","-79.916229","","11","0","0","0","0","0","0","0","0","","0","0","0","","","0","","6","","40 29:13.104","","2","79 54:58.423","0","0","0","0","2301","0","0","0","N","0","0","0","6","02301","0","","1.0","","1","N","N","","1","","0","0","1","","0","","","2","0","0","0","0","0","0","2","0","2","","","","N","","","","","","","","","",""
"2016029106","","1","0","0","0","0","0","0","0","0","1","0","","02","3","2016","4","40.462304","-80.03023","","11","0","0","0","0","0","1","0","0","1","0","0","0","","","0","","7","","40 27:44.294","3","2","80 01:48.829","0","0","0","0","2301","0","0","0","N","0","0","0","3","02301","0","","1.0","","1","N","N","","1","","0","0","0","","0","N","","2","0","0","0","0","0","0","2","0","2","","","","N","","","","","","","","","",""
"2016028004","","1","0","0","1","0","1","0","0","0","8","0","","02","3","2016","7","40.575554","-79.983444","","11","0","0","0","0","0","0","1","0","1","0","0","0","","","1","","0","","40 34:31.994","6","0","79 59:00.400","2","0","0","0","2207","1","0","1","N","0","0","0","2","02207","0","","1.0","","1","N","N","","0","","0","1","0","","0","N","","2","1","0","0","0","0","0","1","0","1","","","","N","","","","","","","","","",""
"2016029594","","1","0","0","0","0","0","0","0","0","1","0","","02","3","2016","5","40.578757","-79.969156","","11","0","0","0","0","0","1","0","0","","0","0","0","","","1","","2","","40 34:43.526","","0","79 58:08.961","4","0","0","0","2207","0","0","0","N","0","0","0","2","02207","1","","1.0","","9","N","N","","0","","0","0","1","","0","","","2","1","0","0","0","0","0","2","0","2","","","","N","","","","","","","","","",""
"2016028005","","0","0","0","0","0","0","0","0","0","4","0","","02","3","2016","7","40.534706","-79.843465","","11","0","0","1","0","0","0","1","0","1","0","0","0","","","0","","0","","40 32:04.940","3","7","79 50:36.474","0","0","0","0","2208","0","0","0","N","0","0","0","5","02208","0","","1.0","","1","N","N","","0","","0","0","2","","0","N","","2","0","0","0","0","0","0","2","0","2","","","","N","","","","","","","","","",""
"2016029595","","2","0","0","0","0","0","0","0","0","2","0","","02","2","2016","7","40.550061","-80.026432","","11","0","0","0","0","0","0","0","0","2","0","0","0","","","3","","2","","40 33:00.219","6","0","80 01:35.155","3","0","0","0","2116","0","0","0","N","0","0","0","5","02116","2","","1.0","","1","N","N","","0","","1","0","1","","0","Y","","3","3","2","0","0","0","0","2","0","3","","","","N","","","","","","","","","",""
"2016027316","","1","0","0","0","0","0","0","0","0","4","0","","02","3","2016","5","40.429155","-79.838326","","11","0","0","0","0","0","0","1","0","2","0","0","0","","","0","","2","","40 25:44.957","4","0","79 50:17.973","0","0","0","0","2419","0","0","0","N","0","0","0","3","02419","0","","1.0","","9","N","N","","0","","0","0","0","","3","N","","2","0","0","0","0","0","0","2","1","2","","","","N","","","","","","","","","",""
"2016029659","","2","0","0","0","0","0","0","0","0","4","0","","02","3","2016","2","40.331045","-79.986903","","11","0","0","0","0","0","1","0","0","2","0","0","0","","","0","","2","","40 19:51.762","2","0","79 59:12.849","0","0","0","0","2219","0","0","0","N","0","0","0","2","02219","0","","1.0","","1","N","N","","0","","0","0","0","","2","N","","2","0","0","0","0","0","0","2","0","2","","","","N","","","","","","","","","",""
"2016029660","","1","0","0","0","0","0","0","0","0","1","0","","02","3","2016","6","40.381748","-79.928181","","11","0","0","0","0","0","0","0","0","1","0","0","0","","","0","","0","","40 22:54.291","1","0","79 55:41.452","0","0","0","0","2301","0","0","0","N","0","0","0","3","02301","0","","1.0","","1","N","N","","1","","0","0","1","","0","N","","3","0","0","0","0","0","0","2","0","3","","","","N","","","","","","","","","",""
"2016029044","","2","0","0","0","0","0","0","0","0","4","0","","02","3","2016","4","40.447687","-80.164319","","11","0","0","0","1","0","0","0","0","2","0","0","0","","","1","","2","","40 26:51.672","4","2","80 09:51.547","4","0","0","0","2115","0","0","0","N","0","0","0","4","02115","1","","1.0","","1","N","N","","0","","0","0","0","","2","N","","2","1","0","0","0","0","0","2","0","2","","","","N","","","","","","","","","",""
"2016029130","","1","0","0","0","0","0","0","0","0","1","0","","02","3","2016","4","40.456525","-79.997597","","11","0","0","0","0","1","0","0","0","","0","0","0","","","0","","1","","40 27:23.489","","0","79 59:51.348","0","0","0","0","2301","0","0","0","N","0","0","0","2","02301","0","","1.0","","1","N","N","","1","","0","0","0","","2","","","2","0","0","0","0","0","0","2","0","2","","","","N","","","","","","","","","",""
"2016028538","","0","0","0","0","0","0","0","0","0","2","0","","02","3","2016","6","40.370974","-80.009618","","11","0","0","0","0","0","1","1","0","","0","0","0","","","0","","0","","40 22:15.507","","0","80 00:34.624","0","0","0","1","2416","0","0","0","","0","0","0","2","02416","0","","1.0","","1","N","N","","1","","0","0","0","","0","","","2","0","0","0","0","0","0","2","0","2","","","","N","","","","","","","","","",""
"2016029357","","1","0","0","0","0","0","0","0","0","7","0","","02","3","2016","3","40.486921","-79.957779","","11","0","0","0","0","0","0","0","0","","0","0","0","","","1","","0","","40 29:12.917","","0","79 57:28.005","3","0","0","0","2118","0","0","0","N","0","0","0","2","02118","0","","2.0","","9","N","N","","0","","1","0","0","","0","","","1","1","2","0","0","0","0","2","0","1","","","","N","","","","","","","","","",""
"2016029278","","1","0","0","0","0","0","0","0","0","7","0","","02","3","2016","5","40.426931","-80.281867","","11","0","0","0","0","0","0","0","0","","0","0","0","","","0","N","0","","40 25:36.950","","0","80 16:54.722","0","0","0","0","2214","0","0","0","N","0","0","0","1","02214","0","","5.0","","1","N","N","","0","","0","0","0","","0","","","1","0","0","0","0","0","0","1","0","1","","","","N","","","","","","","","","",""
"2016026995","","1","0","0","0","0","0","0","0","0","7","0","","02","3","2016","6","40.646755","-80.073284","","11","0","0","0","0","0","0","0","0","","0","0","0","","","1","","0","","40 38:48.317","","0","80 04:23.821","4","0","0","0","2212","0","0","0","Y","0","0","0","1","02505","1","","3.0","","1","N","N","","0","","0","0","0","","0","","","1","1","0","0","0","0","0","2","0","1","","","","N","","","","","","","","","",""
"2016027849","","1","0","0","0","0","0","0","0","0","7","0","","02","3","2016","7","40.456906","-79.909386","","11","0","0","0","0","0","0","0","0","","0","0","0","","","0","","0","","40 27:24.861","","1","79 54:33.789","0","0","0","0","2301","0","0","0","N","0","0","0","1","02301","0","","5.0","","1","N","N","","0","","0","0","0","","0","","","1","0","0","0","0","0","0","2","0","1","","","","N","","","","","","","","","",""
"2016026848","","1","0","0","0","0","0","0","0","0","7","0","","02","3","2016","3","40.294003","-80.024183","","11","0","0","0","0","0","0","0","0","2","0","0","0","","","0","","0","","40 17:38.410","4","0","80 01:27.060","9","0","0","0","2219","0","0","0","N","0","0","0","2","02219","0","","5.0","","1","N","N","","0","","0","0","0","","0","N","","1","0","0","0","0","0","1","2","0","1","","","","N","","","","","","","","","",""
"2016029281","","1","0","0","0","0","0","0","0","0","7","0","","02","3","2016","5","40.444032","-79.781789","","11","0","0","1","0","0","0","0","0","2","0","0","0","","","0","","2","","40 26:38.515","1","0","79 46:54.440","0","0","0","0","2446","0","0","0","N","0","0","0","1","02446","0","","5.0","","1","N","N","","0","","0","0","0","","0","N","","1","0","0","0","0","0","0","2","0","1","","","","N","","","","","","","","","",""
"2016029346","","1","0","0","0","0","0","0","0","0","7","0","","02","3","2016","6","40.509368","-80.05717","","11","0","0","0","0","0","0","0","0","","0","0","0","","","0","","0","","40 30:33.723","","0","80 03:25.813","0","0","0","0","2116","0","0","0","N","0","0","0","1","02116","0","","2.0","","2","N","N","","0","","0","0","0","","0","","","1","0","0","0","0","0","0","2","0","1","","","","N","","","","","","","","","",""
"2016027785","","3","0","0","0","0","0","0","0","0","1","0","","02","3","2016","4","40.341516","-80.039999","","11","0","0","0","1","0","1","0","0","1","0","0","0","","","3","","0","","40 20:29.459","3","0","80 02:23.995","4","0","0","0","2407","0","0","0","N","0","0","0","4","02407","3","","1.0","","1","N","N","","1","","0","0","0","","0","Y","","4","3","1","0","0","0","0","2","0","4","","","","N","","","","","","","","","",""
"2016029363","","1","0","0","0","0","0","0","0","0","7","0","","02","3","2016","1","40.313584","-80.067014","","11","0","0","0","0","0","0","0","0","","0","0","0","","","1","","2","","40 18:48.903","","0","80 04:01.249","8","0","0","0","2407","0","0","0","N","0","0","0","1","02407","0","","4.0","","1","N","N","","0","","0","0","0","","2","","","1","1","0","0","0","1","0","2","0","1","","","","N","","","","","","","","","",""
"2016029364","","1","0","0","0","0","0","0","0","0","4","0","","02","3","2016","3","40.343797","-80.051458","","11","0","0","0","0","0","0","0","1","","0","0","0","","","1","","0","","40 20:37.670","","0","80 03:05.250","4","0","0","0","2407","0","0","0","N","0","0","0","2","02407","1","","1.0","","1","N","N","","0","","0","0","1","","0","","","2","1","0","0","0","0","0","2","0","2","","","","N","","","","","","","","","",""
"2016027168","","1","0","0","0","0","0","0","0","0","4","0","","02","3","2016","3","40.470295","-80.220373","","11","0","0","0","0","0","2","0","0","1","0","0","0","","","0","","1","","40 28:13.061","4","2","80 13:13.344","0","0","0","0","2203","0","0","0","N","0","0","0","2","02203","0","","1.0","","1","N","N","","1","","0","0","0","","2","N","","2","0","0","0","0","0","0","2","0","2","","","","N","","","","","","","","","",""
"2016027020","","1","0","0","0","0","0","0","0","0","7","0","","02","3","2016","4","40.519883","-79.942235","","11","0","0","0","0","0","0","0","0","1","0","0","0","","","1","","0","","40 31:11.578","2","0","79 56:32.046","4","0","0","0","2118","0","0","0","N","0","0","0","1","02118","1","","2.0","","1","N","N","","0","","0","0","0","","0","N","","1","1","0","0","0","0","0","2","0","1","","","","N","","","","","","","","","",""
"2016029365","","1","0","0","0","0","0","0","0","0","1","0","","02","3","2016","3","40.350586","-80.015105","","11","0","0","0","0","0","0","0","0","","0","0","0","","","3","","0","","40 21:02.111","","0","80 00:54.377","4","0","0","0","2407","0","0","0","N","0","0","0","6","02407","3","","1.0","","1","N","N","","0","","0","0","1","","0","","","2","3","0","0","0","0","0","2","0","2","","","","N","","","","","","","","","",""
"2016027856","","1","0","0","0","0","0","0","0","0","99","0","","02","3","2016","7","40.413472","-80.042753","","11","0","0","0","0","0","1","0","0","","0","0","0","","","1","","1","","40 24:48.499","","0","80 02:33.910","3","0","0","0","2301","0","0","0","N","0","0","0","5","02301","0","","1.0","","1","N","N","","0","","1","0","1","","3","","","2","1","1","0","0","0","0","2","0","2","","","","N","","","","","","","","","",""
"2016029446","","2","0","0","0","0","0","0","0","0","6","0","","02","3","2016","5","40.494969","-79.936635","","11","0","0","0","0","0","0","1","1","2","0","0","0","","","1","","0","","40 29:41.889","6","0","79 56:11.887","4","0","0","0","2461","0","0","0","N","0","0","0","2","02461","1","","1.0","","1","N","N","","0","","0","0","0","","0","Y","","2","1","0","0","0","0","0","2","0","2","","","","N","","","","","","","","","",""
"2016027777","","2","0","0","0","0","0","0","0","0","5","0","","02","3","2016","5","40.530368","-79.954563","","11","0","0","0","0","0","1","0","0","","0","0","0","","","1","","0","","40 31:49.323","","0","79 57:16.428","8","0","0","0","2118","0","0","0","N","0","0","0","2","02118","0","","1.0","","9","N","N","","0","","0","0","0","","0","","","2","1","0","0","0","1","0","2","0","2","","","","N","","","","","","","","","",""
"2016027021","","2","0","0","0","0","0","0","0","0","2","0","","02","3","2016","3","40.47112","-80.071749","","11","0","0","0","0","0","0","0","0","","0","0","0","","","0","","0","","40 28:16.032","","0","80 04:18.296","0","0","0","0","2122","0","0","0","N","0","0","0","1","02122","0","","1.0","","1","N","N","","0","","0","0","0","","0","","","2","0","0","0","0","0","0","2","0","2","","","","N","","","","","","","","","",""
"2016027858","","2","0","0","0","0","0","0","0","0","5","0","","02","3","2016","7","40.436558","-79.962433","","11","0","0","0","0","0","0","0","1","","0","0","0","","","0","","0","","40 26:11.610","","7","79 57:44.760","0","0","0","0","2301","0","0","0","N","0","0","0","7","02301","0","","1.0","","1","N","N","","0","","0","0","0","","0","","","2","0","0","0","0","0","0","2","0","2","","","","N","","","","","","","","","",""
"2016028550","","0","0","0","0","0","0","0","0","0","7","0","","02","3","2016","5","40.616102","-80.092674","","11","0","0","0","0","0","0","0","0","1","0","0","0","","","1","","0","","40 36:57.967","4","0","80 05:33.625","3","0","0","0","2212","0","0","0","N","0","0","0","1","02505","0","","5.0","","9","N","N","","0","","1","0","1","","0","N","","1","1","0","0","0","0","0","2","0","1","","","","N","","","","","","","","","",""
"2016027716","","1","0","0","0","0","0","0","0","0","7","0","","02","3","2016","7","40.448624","-80.025931","","11","0","0","0","0","0","0","0","0","","0","0","0","","","0","","0","","40 26:55.047","","2","80 01:33.350","0","0","0","0","2301","0","0","0","N","0","0","0","0","02301","0","","4.0","","1","N","N","","0","","0","0","0","","0","","","1","0","0","0","0","0","0","2","0","1","","","","N","","","","","","","","","",""
"2016027781","","3","0","0","0","0","0","0","0","0","1","0","","02","3","2016","2","40.3806","-80.103475","","11","0","0","3","0","0","0","0","0","","0","0","0","","","0","","0","","40 22:50.160","","7","80 06:12.510","0","0","0","0","2102","0","0","0","N","0","0","0","4","02102","0","","1.0","","1","N","N","","0","","0","0","0","","0","","","3","0","0","0","0","0","0","2","0","3","","","","N","","","","","","","","","",""
"2016027718","","1","0","0","0","0","0","0","0","0","7","0","","02","3","2016","7","40.473225","-79.930674","","11","0","0","0","0","0","0","0","0","","0","0","0","","","0","","1","","40 28:23.610","","0","79 55:50.426","9","0","0","0","2301","0","0","0","N","0","0","0","1","02301","0","","4.0","","1","N","N","","0","","0","0","0","","2","","","1","0","0","0","0","0","1","2","0","1","","","","N","","","","","","","","","",""
"2016027782","","1","0","0","0","0","0","0","0","0","4","0","","02","3","2016","7","40.455602","-79.976706","","11","0","0","0","0","0","0","0","0","","0","0","0","","","0","","1","","40 27:20.167","","0","79 58:36.141","0","0","0","0","2301","0","0","0","N","0","0","0","2","02301","0","","1.0","","1","N","N","","1","","0","0","0","","9","","","2","0","0","0","0","0","0","2","0","2","","","","N","","","","","","","","","",""
"2016027796","","1","0","0","0","0","0","0","0","0","99","0","","02","3","2016","7","40.596153","-80.077861","","11","0","0","0","0","0","1","0","0","","0","0","0","","","0","","0","","40 35:46.150","","0","80 04:40.300","0","0","0","0","2481","0","0","0","N","0","0","0","3","02481","0","","1.0","","1","N","N","","0","","0","0","0","","0","","","1","0","0","0","0","0","0","2","0","1","","","","N","","","","","","","","","",""
"2016029438","","0","0","0","0","0","0","1","0","0","1","1","","02","3","2016","5","40.619604","-79.833565","","11","0","0","0","0","0","1","0","1","3","0","0","0","","","3","","0","","40 37:10.575","5","0","79 50:00.834","3","0","0","0","2220","0","0","0","N","0","0","0","13","02220","1","","1.0","","1","Y","N","","0","","1","0","0","","8","Y","","2","3","0","0","0","1","0","2","1","2","","","","N","","","","","","","","","",""
"2016027176","","0","0","0","0","0","0","0","0","0","1","0","","02","3","2016","4","40.350109","-79.873361","","11","0","0","0","0","0","2","1","0","1","0","0","0","","","1","","2","","40 21:00.392","6","0","79 52:24.098","4","0","0","0","2304","0","0","0","N","0","0","0","3","02304","1","","1.0","","1","N","N","","1","","0","0","2","","2","N","","3","1","0","0","0","0","0","2","0","3","","","","N","","","","","","","","","",""
"2016028625","","1","0","0","0","0","0","0","0","0","7","0","","02","3","2016","3","40.425019","-79.959607","","11","0","0","0","0","0","0","1","0","","0","0","0","","","0","","0","","40 25:30.068","","0","79 57:34.585","0","0","0","0","2301","0","0","0","N","0","0","0","1","02301","0","","5.0","","9","N","N","","0","","0","0","0","","0","","","1","0","0","0","0","0","0","2","0","1","","","","N","","","","","","","","","",""
"2016029439","","4","0","0","0","0","0","0","0","0","5","0","","02","3","2016","5","40.473627","-79.908267","","11","0","0","0","0","0","2","0","0","1","0","0","0","","","0","","0","","40 28:25.056","1","0","79 54:29.760","0","0","0","0","2301","0","0","0","N","0","0","0","5","02301","0","","1.0","","1","N","N","","0","","0","0","1","","0","N","","5","0","0","0","0","0","0","2","0","5","","","","N","","","","","","","","","",""
"2016028336","","1","0","0","0","0","0","0","0","0","4","0","","02","1","2016","7","40.398706","-79.885374","","11","0","0","0","0","0","0","0","0","1","0","0","0","","","2","","1","","40 23:55.340","1","99","79 53:07.347","3","0","0","0","2475","0","0","0","N","0","0","0","4","02475","0","","1.0","","1","N","N","","0","","2","0","1","","3","N","","2","2","0","0","0","0","0","2","0","2","","","","N","","","","","","","","","",""
"2016027656","","2","0","0","0","0","0","0","0","0","1","0","","02","2","2016","2","40.503634","-80.222451","","11","0","0","0","0","0","0","0","0","","0","0","0","","","1","","1","","40 30:13.083","","0","80 13:20.825","8","0","0","0","2213","0","0","0","","0","0","0","3","02213","0","","1.0","","1","N","N","","0","","0","0","1","","2","","","3","1","0","0","0","1","0","2","0","3","","","","N","","","","","","","","","",""
"2016027031","","2","0","0","0","0","0","0","0","0","4","0","","02","3","2016","7","40.427817","-79.969764","","11","0","0","0","0","0","0","0","0","2","0","0","0","","","1","","1","","40 25:40.141","3","0","79 58:11.151","4","0","0","0","2301","0","0","0","N","0","0","0","3","02301","1","","1.0","","1","N","N","","0","","0","0","0","","2","N","","2","1","0","0","0","0","0","2","0","2","","","","N","","","","","","","","","",""
"2016026881","","0","0","0","0","0","0","0","0","0","8","0","","02","3","2016","4","40.463392","-79.982842","","11","0","0","0","0","0","0","1","0","1","0","0","0","","","2","","0","","40 27:48.210","3","0","79 58:58.230","8","0","0","1","2301","1","0","0","N","1","0","0","2","02301","0","","1.0","","1","N","N","","0","","0","0","0","","3","Y","","2","2","0","0","0","2","0","2","0","1","","","","N","","","","","","","","","",""
"2016029294","","1","0","0","0","0","0","0","0","0","7","0","","02","3","2016","5","40.437497","-79.951251","","11","0","0","0","0","0","0","0","0","1","0","0","0","","","0","","0","","40 26:14.989","2","0","79 57:04.504","0","0","0","0","2301","0","0","0","N","0","0","0","1","02301","0","","2.0","","1","N","N","","0","","0","0","0","","0","Y","","1","0","0","0","0","0","0","2","0","1","","","","N","","","","","","","","","",""
"2016027018","","1","0","0","0","0","0","0","0","0","0","0","","02","2","2016","2","40.457306","-79.888967","","11","0","0","0","0","0","0","0","0","3","1","0","0","","","0","","0","","40 27:26.300","6","0","79 53:20.280","1","0","0","0","2301","0","0","0","N","0","0","0","2","02301","0","1","1.0","","1","N","N","","0","0","0","0","0","","0","Y","","1","0","2","1","0","0","0","2","0","1","","","","N","","","","","","","","","",""
"2016028494","","1","0","0","0","0","0","0","0","0","0","0","","02","3","2016","7","40.451289","-79.963628","","11","0","0","0","0","0","0","0","0","","0","0","0","","","0","","0","","40 27:04.640","","0","79 57:49.060","0","0","0","0","2301","0","0","0","N","0","0","0","1","02301","0","","5.0","","1","N","N","","0","","0","0","0","","0","","","1","0","0","0","0","0","0","2","0","1","","","","N","","","","","","","","","",""
"2016026882","","1","0","0","0","0","0","0","0","0","1","0","","02","3","2016","4","40.448039","-80.017839","","11","0","0","0","0","0","1","1","0","2","0","0","0","","","1","","1","","40 26:52.940","3","0","80 01:04.220","8","0","0","0","2301","0","0","0","N","0","0","0","2","02301","0","","1.0","","1","N","N","","0","","0","0","0","","1","N","","2","1","0","0","0","1","0","2","1","2","","","","N","","","","","","","","","",""
"2016027723","","1","0","0","0","0","0","0","0","0","5","0","","02","3","2016","7","40.346696","-79.831742","","11","0","0","0","0","0","0","0","0","","0","0","0","","","0","","0","","40 20:48.105","","0","79 49:54.271","9","0","0","0","2304","0","0","0","N","0","0","0","1","02304","0","","6.0","","1","N","N","","1","","0","0","0","","0","","","2","0","0","0","0","0","1","2","0","2","","","","N","","","","","","","","","",""
"2016027883","","1","0","0","0","0","0","0","0","0","4","0","","02","3","2016","7","40.427211","-79.989774","","11","0","0","0","0","0","0","0","0","2","0","0","0","","","1","","2","","40 25:37.959","7","0","79 59:23.186","3","0","0","0","2301","0","0","0","N","0","0","0","3","02301","0","","1.0","","1","N","N","","1","","1","0","0","","3","N","","2","1","0","0","0","0","0","2","0","2","","","","N","","","","","","","","","",""
"2016026883","","2","0","0","0","0","0","0","0","0","2","0","","02","3","2016","4","40.45402","-79.952034","","11","0","0","0","0","0","0","0","0","","0","0","0","","","0","","1","","40 27:14.473","","0","79 57:07.323","0","0","0","0","2301","0","0","0","N","0","0","0","2","02301","0","","1.0","","1","N","N","","0","","0","0","0","","2","","","2","0","0","0","0","0","0","2","0","2","","","","N","","","","","","","","","",""