"CRN","ARRIVAL_TM","AUTOMOBILE_COUNT","BELTED_DEATH_COUNT","BELTED_SUSP_SERIOUS_INJ_COUNT","BICYCLE_COUNT","BICYCLE_DEATH_COUNT","BICYCLE_SUSP_SERIOUS_INJ_COUNT","BUS_COUNT","CHLDPAS_DEATH_COUNT","CHLDPAS_SUSP_SERIOUS_INJ_COUNT","COLLISION_TYPE","COMM_VEH_COUNT","CONS_ZONE_SPD_LIM","COUNTY","CRASH_MONTH","CRASH_YEAR","DAY_OF_WEEK","DEC_LATITUDE","DEC_LONGITUDE","DISPATCH_TM","DISTRICT","DRIVER_COUNT_16YR","DRIVER_COUNT_17YR","DRIVER_COUNT_18YR","DRIVER_COUNT_19YR","DRIVER_COUNT_20YR","DRIVER_COUNT_50_64YR","DRIVER_COUNT_65_74YR","DRIVER_COUNT_75PLUS","EST_HRS_CLOSED","FATAL_COUNT","HEAVY_TRUCK_COUNT","HORSE_BUGGY_COUNT","HOUR_OF_DAY","ILLUMINATION","INJURY_COUNT","INTERSECTION_RELATED","INTERSECT_TYPE","LANE_CLOSED","LATITUDE","LN_CLOSE_DIR","LOCATION_TYPE","LONGITUDE","MAX_SEVERITY_LEVEL","MCYCLE_DEATH_COUNT","MCYCLE_SUSP_SERIOUS_INJ_COUNT","MOTORCYCLE_COUNT","MUNICIPALITY","NONMOTR_COUNT","NONMOTR_DEATH_COUNT","NONMOTR_SUSP_SERIOUS_INJ_COUNT","NTFY_HIWY_MAINT","PED_COUNT","PED_DEATH_COUNT","PED_SUSP_SERIOUS_INJ_COUNT","PERSON_COUNT","POLICE_AGCY","POSSIBLE_INJ_COUNT","RDWY_SURF_TYPE_CD","RELATION_TO_ROAD","ROADWAY_CLEARED","ROAD_CONDITION","SCH_BUS_IND","SCH_ZONE_IND","SECONDARY_CRASH","SMALL_TRUCK_COUNT","SPEC_JURIS_CD","SUSP_MINOR_INJ_COUNT","SUSP_SERIOUS_INJ_COUNT","SUV_COUNT","TCD_FUNC_CD","TCD_TYPE","TFC_DETOUR_IND","TIME_OF_DAY","TOTAL_UNITS","TOT_INJ_COUNT","UNBELTED_OCC_COUNT","UNB_DEATH_COUNT","UNB_SUSP_SERIOUS_INJ_COUNT","UNK_INJ_DEG_COUNT","UNK_INJ_PER_COUNT","URBAN_RURAL","VAN_COUNT","VEHICLE_COUNT","WEATHER1","WEATHER2","WORKERS_PRES","WORK_ZONE_IND","WORK_ZONE_LOC","WORK_ZONE_TYPE","WZ_CLOSE_DETOUR","WZ_FLAGGER","WZ_LAW_OFFCR_IND","WZ_LN_CLOSURE","WZ_MOVING","WZ_OTHER","WZ_SHLDER_MDN","WZ_WORKERS_INJ_KILLED"
"2016026904","","1","0","0","0","0","0","0","0","0","1","0","","02","3","2016","7","40.442903","-79.855983","","11","0","0","0","0","0","1","0","0","2","0","0","0","","","1","","0","","40 26:34.452","4","0","79 51:21.537","3","0","0","0","2419","0","0","0","","0","0","0","3","68B03","0","","1.0","","1","N","N","","1","","1","0","0","","0","N","","2","1","0","0","0","0","0","2","0","2","","","","N","","","","","","","","","",""
"2016027138","","1","0","0","0","0","0","0","0","0","4","0","","02","3","2016","6","40.455755","-79.942755","","11","0","0","0","0","0","0","0","0","","0","0","0","","","0","","2","","40 27:20.718","","0","79 56:33.917","0","0","0","0","2301","0","0","0","N","0","0","0","2","02301","0","","1.0","","1","N","N","","0","","0","0","0","","0","","","2","0","0","0","0","0","0","2","0","2","","","","N","","","","","","","","","",""
"2016026905","","0","0","0","0","0","0","0","0","0","1","0","","02","3","2016","2","40.430221","-79.882664","","11","0","0","0","0","0","1","0","0","","0","0","0","","","0","","0","","40 25:48.794","","0","79 52:57.589","0","0","0","0","2426","0","0","0","","0","0","0","3","68B03","0","","1.0","","1","N","N","","1","","0","0","1","","0","","","2","0","0","0","0","0","0","2","0","2","","","","N","","","","","","","","","",""
"2016027839","","0","0","0","0","0","0","0","0","0","7","0","","02","3","2016","5","40.458009","-79.758002","","11","0","0","0","0","0","1","0","0","","0","0","0","","","1","","0","","40 27:28.831","","0","79 45:28.808","3","0","0","0","2446","0","0","0","","0","0","0","1","68T02","0","","4.0","","9","N","N","","1","","1","0","0","","0","","","1","1","0","0","0","0","0","2","0","1","","","","N","","","","","","","","","",""
"2016029412","","1","0","0","0","0","0","0","0","0","8","0","","02","3","2016","7","40.428846","-79.982048","","11","0","0","0","0","0","0","0","0","","0","0","0","","","1","","1","","40 25:43.844","","0","79 58:55.371","3","0","0","0","2301","1","0","0","N","1","0","0","2","02301","0","","1.0","","1","N","N","","0","","1","0","0","","2","","","2","1","0","0","0","0","0","2","0","1","","","","N","","","","","","","","","",""
"2016027906","","1","0","0","0","0","0","0","0","0","4","0","","02","3","2016","1","40.470483","-79.961027","","11","0","0","0","0","0","0","0","0","","0","0","0","","","0","","1","","40 28:13.738","","0","79 57:39.697","0","0","0","0","2301","0","0","0","N","0","0","0","2","02301","0","","1.0","","9","N","N","","0","","0","0","1","","3","","","2","0","0","0","0","0","0","2","0","2","","","","N","","","","","","","","","",""
"2016026906","","2","0","0","0","0","0","0","0","0","1","0","","02","3","2016","2","40.426354","-79.914463","","11","0","0","0","0","0","1","0","0","","0","0","0","","","0","","0","","40 25:34.876","","4","79 54:52.068","0","0","0","0","2301","0","0","0","","0","0","0","2","68B03","0","","1.0","","1","N","N","","0","","0","0","0","","0","","","2","0","0","0","0","0","0","2","0","2","","","","N","","","","","","","","","",""
"2016027694","","4","0","0","0","0","0","0","0","0","2","0","","02","2","2016","7","40.431047","-79.8928","","11","0","0","0","0","0","0","0","0","","0","0","0","","","0","","0","","40 25:51.769","","0","79 53:34.079","9","0","0","0","2426","0","0","0","N","0","0","0","1","02426","0","","1.0","","1","N","N","","0","","0","0","1","","0","","","5","0","0","0","0","0","1","2","0","5","","","","N","","","","","","","","","",""
"2016027140","","1","0","0","0","0","0","0","0","0","2","0","","02","3","2016","4","40.506119","-79.990498","","11","0","0","0","1","0","0","0","0","1","0","0","0","","","0","","2","","40 30:22.028","7","0","79 59:25.791","0","0","0","0","2116","0","0","0","N","0","0","0","3","02116","0","","1.0","","1","N","N","","0","","0","0","0","","2","Y","","2","0","0","0","0","0","0","2","1","2","","","","N","","","","","","","","","",""
"2016026907","","1","0","0","0","0","0","0","0","0","1","0","","02","3","2016","2","40.42751","-79.890716","","11","0","0","0","0","0","1","0","0","1","0","0","0","","","1","","0","","40 25:39.035","3","0","79 53:26.579","3","0","0","0","2463","0","0","0","","0","0","0","3","68B03","0","","1.0","","1","N","N","","0","","1","0","2","","0","N","","3","1","0","0","0","0","0","2","0","3","","","","N","","","","","","","","","",""
"2016027695","","0","0","0","0","0","0","0","0","0","8","0","","02","3","2016","6","40.426521","-79.973234","","11","0","0","0","0","0","0","0","0","2","0","0","0","","","1","","1","","40 25:35.475","1","0","79 58:23.642","8","0","0","0","2301","1","0","0","N","1","0","0","2","02301","0","","1.0","","1","N","N","","1","","0","0","0","","3","Y","","2","1","0","0","0","1","0","2","0","1","","","","N","","","","","","","","","",""
"2016029334","","2","0","0","0","0","0","0","0","0","4","0","","02","3","2016","1","40.406145","-79.912412","","11","0","0","0","0","0","1","0","0","","0","0","0","","","2","","0","","40 24:22.122","","3","79 54:44.684","8","0","0","0","2438","0","0","0","N","0","0","0","3","02438","0","","1.0","","9","N","N","","0","","0","0","0","","2","","","2","2","0","0","0","2","0","2","0","2","","","","N","","","","","","","","","",""
"2016027841","","2","0","0","0","0","0","0","0","0","4","0","","02","3","2016","7","40.248853","-79.877087","","11","0","0","0","0","0","1","0","0","2","0","0","0","","","1","","2","","40 14:55.870","5","0","79 52:37.512","8","0","0","0","2204","0","0","0","N","0","0","0","2","02204","0","","1.0","","1","N","N","","0","","0","0","0","","2","Y","","2","1","0","0","0","1","0","1","0","2","","","","N","","","","","","","","","",""
"2016027141","","1","0","0","0","0","0","0","0","0","7","0","","02","3","2016","5","40.501523","-80.227292","","11","0","0","0","0","0","0","0","0","3","0","0","0","","","2","","0","","40 30:05.483","3","99","80 13:38.250","4","0","0","0","2213","0","0","0","N","0","0","0","3","02501","2","","2.0","","9","N","N","","0","","0","0","0","","2","N","","1","2","1","0","0","0","0","2","0","1","","","","N","","","","","","","","","",""
"2016029335","","1","0","0","0","0","0","0","0","0","5","1","","02","3","2016","5","40.541408","-79.797819","","11","0","0","0","0","0","2","0","0","","0","1","0","","","0","","0","","40 32:29.070","","0","79 47:52.150","0","0","0","0","2418","0","0","0","N","0","0","0","2","02418","0","","1.0","","1","N","N","","0","","0","0","0","","0","","","2","0","0","0","0","0","0","2","0","2","","","","N","","","","","","","","","",""
"2016029349","","1","0","0","0","0","0","0","0","0","4","0","","02","3","2016","2","40.411004","-79.955525","","11","0","0","0","0","0","0","0","0","","0","0","0","","","0","","2","","40 24:39.614","","0","79 57:19.891","0","0","0","0","2301","0","0","0","N","0","0","0","2","02301","0","","1.0","","1","N","N","","1","","0","0","0","","2","","","2","0","0","0","0","0","0","2","0","2","","","","N","","","","","","","","","",""
"2016028601","","1","0","0","0","0","0","0","0","0","1","0","","02","3","2016","2","40.5728","-80.036901","","11","1","0","0","0","0","1","0","0","1","0","0","0","","","1","","1","","40 34:22.081","2","0","80 02:12.842","8","0","0","0","2108","0","0","0","N","0","0","0","4","02108","0","","1.0","","1","N","N","","1","","0","0","1","","0","N","","3","1","0","0","0","1","0","2","0","3","","","","N","","","","","","","","","",""
"2016029415","","1","0","0","0","0","0","0","0","0","7","0","","02","3","2016","5","40.452848","-80.022285","","11","0","0","0","0","0","0","0","0","1","0","0","0","","","0","","1","","40 27:10.252","5","0","80 01:20.226","9","0","0","0","2301","0","0","0","N","0","0","0","2","02301","0","","5.0","","1","N","N","","0","","0","0","0","","3","Y","","1","0","0","0","0","0","2","2","0","1","","","","N","","","","","","","","","",""
"2016027142","","0","0","0","0","0","0","0","0","0","1","0","","02","3","2016","3","40.461818","-80.139922","","11","0","0","0","0","0","0","0","0","2","0","0","0","","","1","","2","","40 27:42.544","1","0","80 08:23.719","8","0","0","0","2115","0","0","0","N","0","0","0","4","02115","0","","1.0","","1","N","N","","0","","0","0","1","","0","N","","2","1","0","0","0","1","0","2","1","2","","","","N","","","","","","","","","",""
"2016026838","","1","0","0","0","0","0","0","0","0","1","0","","02","3","2016","4","40.486338","-79.913704","","11","0","0","0","0","0","0","0","0","1","0","1","0","","","0","","10","","40 29:10.816","2","3","79 54:49.335","0","0","0","0","2301","0","0","0","N","0","0","0","2","02301","0","","1.0","","1","N","N","","0","","0","0","0","","0","N","","2","0","0","0","0","0","0","2","0","2","","","","N","","","","","","","","","",""
"2016029337","","2","0","0","0","0","0","0","0","0","4","0","","02","3","2016","5","40.426292","-79.963576","","11","0","0","1","0","0","1","0","0","","0","0","0","","","0","","1","","40 25:34.651","","0","79 57:48.873","0","0","0","0","2301","0","0","0","N","0","0","0","2","02301","0","","1.0","","1","N","N","","0","","0","0","0","","2","","","2","0","0","0","0","0","0","2","0","2","","","","N","","","","","","","","","",""
"2016027843","","1","0","0","0","0","0","0","0","0","4","0","","02","3","2016","6","40.300414","-79.92292","","11","0","0","0","0","0","1","0","1","2","0","0","0","","","1","","2","","40 18:01.491","1","0","79 55:22.513","8","0","0","0","2440","0","0","0","N","0","0","0","2","02440","0","","1.0","","1","N","N","","1","","0","0","0","","3","Y","","2","1","0","0","0","1","0","2","0","2","","","","N","","","","","","","","","",""
"2016028602","","1","0","0","0","0","0","0","0","0","4","0","","02","3","2016","2","40.608763","-80.052784","","11","0","0","0","0","0","0","0","0","2","0","0","0","","","1","","2","","40 36:31.548","2","0","80 03:10.021","4","0","0","0","2108","0","0","0","N","0","0","0","2","02108","1","","1.0","","1","N","N","","0","","0","0","1","","3","Y","","2","1","1","0","0","0","0","2","0","2","","","","N","","","","","","","","","",""
"2016029271","","1","0","0","0","0","0","0","0","0","7","0","","02","3","2016","5","40.477369","-80.006794","","11","0","0","0","0","0","0","0","0","3","0","0","0","","","0","","0","","40 28:38.529","1","0","80 00:24.460","0","0","0","0","2301","0","0","0","N","0","0","0","3","02301","0","","5.0","","1","N","N","","0","","0","0","0","","0","N","","1","0","2","0","0","0","0","2","0","1","","","","N","","","","","","","","","",""
"2016026840","","0","0","0","0","0","0","0","0","0","7","0","","02","3","2016","4","40.400809","-80.031766","","11","0","0","0","0","0","0","0","0","1","0","0","0","","","0","","1","","40 24:02.912","7","0","80 01:54.358","0","0","0","0","2301","0","0","0","N","0","0","0","1","02301","0","","5.0","","1","N","N","","0","","0","0","1","","3","Y","","1","0","0","0","0","0","0","2","0","1","","","","N","","","","","","","","","",""
"2016026990","","1","0","0","0","0","0","0","0","0","1","0","","02","3","2016","3","40.617082","-80.089444","","11","0","0","0","0","0","1","0","0","","0","0","0","","","0","","2","","40 37:01.494","","0","80 05:21.998","0","0","0","0","2212","0","0","0","N","0","0","0","2","02505","0","","1.0","","1","N","N","","1","","0","0","0","","2","","","2","0","0","0","0","0","0","2","0","2","","","","N","","","","","","","","","",""
"2016027764","","1","0","0","0","0","0","0","0","0","7","0","","02","3","2016","7","40.488428","-80.041896","","11","0","0","0","0","0","1","0","0","1","0","0","0","","","0","","2","","40 29:18.340","4","0","80 02:30.825","0","0","0","0","2301","0","0","0","N","0","0","0","1","02301","0","","4.0","","1","N","N","","0","","0","0","0","","0","N","","1","0","0","0","0","0","0","2","0","1","","","","N","","","","","","","","","",""
"2016027912","","2","0","0","0","0","0","0","0","0","2","0","","02","3","2016","1","40.440833","-80.006762","","11","0","0","0","0","0","1","0","0","","0","0","0","","","0","","1","","40 26:26.997","","0","80 00:24.343","0","0","0","0","2301","0","0","0","N","0","0","0","2","02301","0","","1.0","","9","N","N","","0","","0","0","0","","2","","","2","0","0","0","0","0","0","2","0","2","","","","N","","","","","","","","","",""
"2016029128","","1","0","0","0","0","0","0","0","0","4","0","","02","3","2016","4","40.352692","-79.837941","","11","0","0","0","0","0","0","0","1","1","0","0","0","","","0","","0","","40 21:09.692","3","0","79 50:16.589","0","0","0","0","2304","0","0","0","N","0","0","0","2","02304","0","","3.0","","1","N","N","","1","","0","0","0","","0","N","","2","0","0","0","0","0","0","2","0","2","","","","N","","","","","","","","","",""
"2016026841","","1","0","0","0","0","0","0","0","0","4","0","","02","3","2016","4","40.440519","-80.238481","","11","0","0","0","0","0","2","0","0","1","0","0","0","","","0","","1","","40 26:25.870","1","0","80 14:18.530","0","0","0","0","2214","0","0","0","N","0","0","0","2","02214","0","","1.0","","1","N","N","","0","","0","0","1","","3","Y","","2","0","0","0","0","0","0","2","0","2","","","","N","","","","","","","","","",""
"2016029275","","1","0","0","0","0","0","0","0","0","7","0","","02","3","2016","7","40.428347","-79.997872","","11","0","0","0","0","0","0","0","0","","0","0","0","","","0","","0","","40 25:42.050","","0","79 59:52.340","9","0","0","0","2301","0","0","0","N","0","0","0","1","02301","0","","4.0","","1","N","N","","0","","0","0","0","","0","","","1","0","1","0","0","0","1","2","0","1","","","","N","","","","","","","","","",""
"2016029341","","1","0","0","0","0","0","0","0","0","7","0","","02","3","2016","4","40.426068","-80.041359","","11","0","0","0","0","0","0","0","0","2","0","0","0","","","1","","0","","40 25:33.843","1","0","80 02:28.891","3","0","0","0","2435","0","0","0","N","0","0","0","1","02435","0","","5.0","","1","N","N","","0","","1","0","0","","0","N","","1","1","0","0","0","0","0","2","0","1","","","","N","","","","","","","","","",""
"2016028678","","0","0","0","0","0","0","0","0","0","7","0","","02","3","2016","6","40.428061","-79.948113","","11","0","0","0","0","0","1","0","0","1","0","0","0","","","0","","0","","40 25:41.018","3","4","79 56:53.207","0","0","0","0","2301","0","0","0","","0","0","0","1","68B03","0","","4.0","","9","N","N","","0","","0","0","1","","0","N","","1","0","0","0","0","0","0","2","0","1","","","","N","","","","","","","","","",""
"2016024262","","3","0","1","0","0","0","0","0","0","1","0","","02","3","2016","3","40.33955","-79.840826","","11","0","0","0","0","0","0","0","0","","0","0","0","","","1","","0","","40 20:22.380","","0","79 50:26.973","2","0","0","0","2304","0","0","0","N","0","0","0","3","02304","0","","1.0","","9","N","N","","0","","0","1","0","","0","","","3","1","0","0","0","0","1","2","0","3","","","","N","","","","","","","","","",""
"2016025775","","3","0","0","0","0","0","0","0","0","5","0","","02","3","2016","1","40.493269","-80.050781","","11","0","0","0","0","0","0","0","1","2","0","0","0","","","2","","0","","40 29:35.770","6","0","80 03:02.810","4","0","0","0","2404","0","0","0","N","0","0","0","2","02404","1","","2.0","","1","N","N","","0","","0","0","0","","0","Y","","3","2","0","0","0","1","0","2","0","3","","","","N","","","","","","","","","",""
"2016025939","","3","0","0","0","0","0","0","0","0","1","0","","02","3","2016","2","40.454175","-79.996854","","11","0","0","0","0","0","0","0","1","","0","0","0","","","1","","1","","40 27:15.029","","2","79 59:48.676","8","0","0","0","2301","0","0","0","N","0","0","0","4","02301","0","","1.0","","1","N","N","","0","","0","0","0","","2","","","3","1","0","0","0","1","0","2","0","3","","","","N","","","","","","","","","",""
"2016026801","","1","0","0","0","0","0","0","0","0","1","0","90","02","3","2016","4","40.458406","-79.84638","","11","0","0","0","0","0","0","0","0","","0","0","0","","","1","","1","","40 27:30.261","","0","79 50:46.968","8","0","0","0","2113","0","0","0","N","0","0","0","2","02113","0","","1.0","","1","N","N","","1","","0","0","0","","7","","","2","1","0","0","0","1","0","2","0","2","","","Y","Y","4","3","","Y","N","Y","","","Y",""
"2016026454","","0","0","0","0","0","0","0","0","0","1","0","","02","3","2016","3","40.474231","-79.90834","","11","0","0","0","0","0","0","0","0","","0","0","0","","","0","","2","","40 28:27.233","","0","79 54:30.025","0","0","0","0","2301","0","0","0","N","0","0","0","1","02301","0","","1.0","","1","N","N","","1","","0","0","0","","0","","","2","0","0","0","0","0","0","2","0","1","","","","N","","","","","","","","","",""
"2016025777","","0","0","0","0","0","0","0","0","0","7","0","","02","3","2016","1","40.351931","-79.865161","","11","0","0","0","0","0","0","0","0","","0","0","0","","","0","","0","","40 21:06.950","","0","79 51:54.580","9","0","0","0","2304","0","0","0","N","0","0","0","2","02304","0","","5.0","","1","N","N","","0","","0","0","1","","0","","","1","0","0","0","0","0","1","2","0","1","","","","N","","","","","","","","","",""
"2016026455","","3","0","0","0","0","0","0","0","0","4","0","","02","3","2016","2","40.438799","-79.766264","","11","0","0","0","0","0","1","0","0","","0","0","0","","","0","","0","","40 26:19.677","","7","79 45:58.552","0","0","0","0","2446","0","0","0","N","0","0","0","4","02446","0","","1.0","","1","N","N","","0","","0","0","1","","2","","","4","0","0","0","0","0","0","2","0","4","","","","N","","","","","","","","","",""
"2016024955","","5","0","0","0","0","0","0","0","0","4","0","","02","3","2016","5","40.437078","-79.981483","","11","0","0","0","0","0","1","0","0","1","0","0","0","","","0","","2","","40 26:13.480","2","0","79 58:53.338","0","0","0","0","2301","0","0","0","N","0","0","0","2","02301","0","","1.0","","9","N","N","","0","","0","0","0","","0","N","","5","0","0","0","0","0","0","2","0","5","","","","N","","","","","","","","","",""
"2016024347","","1","0","0","0","0","0","0","0","0","1","0","","02","2","2016","2","40.453184","-79.891127","","11","0","0","0","0","0","0","0","0","","0","0","0","","","0","","1","","40 27:11.462","","0","79 53:28.057","9","0","0","0","2301","0","0","0","","0","0","0","3","02301","0","","1.0","","1","","","","0","","0","0","0","","0","","","2","0","0","0","0","0","2","2","1","2","","","","N","","","","","","","","","",""
"2016025112","","1","0","0","0","0","0","0","0","0","7","0","","02","3","2016","6","40.331327","-80.126718","","11","0","0","0","0","0","0","0","0","3","0","0","0","","","1","","0","","40 19:52.777","4","0","80 07:36.184","8","0","0","0","2119","0","0","0","N","0","0","0","1","02119","0","","2.0","","9","N","N","","0","","0","0","0","","0","N","","1","1","0","0","0","1","0","2","0","1","","","","N","","","","","","","","","",""
"2016027932","","1","0","0","0","0","0","0","0","0","4","0","","02","3","2016","7","40.545049","-79.838168","","11","0","0","0","0","0","1","0","0","2","0","0","0","","","0","","2","","40 32:42.178","4","2","79 50:17.403","0","0","0","0","2208","0","0","0","N","0","0","0","5","02208","0","","2.0","","1","N","N","","0","","0","0","0","","2","N","","2","0","0","0","0","0","0","2","1","2","","","","N","","","","","","","","","",""
"2016026456","","3","0","0","0","0","0","0","0","0","1","0","","02","3","2016","2","40.617631","-79.945591","","11","0","0","0","0","0","2","0","0","2","0","0","0","","","0","","0","","40 37:03.471","1","0","79 56:44.129","0","0","0","0","2217","0","0","0","N","0","0","0","6","02505","0","","1.0","","1","N","N","","0","","0","0","1","","0","N","","4","0","0","0","0","0","0","2","0","4","","","","N","","","","","","","","","",""
"2016024956","","1","0","0","0","0","0","0","0","0","2","0","","02","2","2016","5","40.544583","-80.035882","","11","0","0","0","0","0","0","0","0","2","0","0","0","","","1","","1","","40 32:40.497","1","0","80 02:09.174","3","0","0","0","2116","0","0","0","N","0","0","0","2","02116","0","","1.0","","1","N","N","","0","","1","0","1","","0","Y","","2","1","1","0","0","0","0","2","0","2","","","","N","","","","","","","","","",""
"2016025779","","2","0","0","0","0","0","0","0","0","1","0","","02","2","2016","7","40.421406","-79.788864","","11","0","0","0","0","0","0","0","0","","0","0","0","","","0","","0","","40 25:17.060","","0","79 47:19.910","0","0","0","0","2446","0","0","0","N","0","0","0","1","02446","0","","6.0","","1","N","N","","0","","0","0","0","","0","","","2","0","0","0","0","0","0","2","0","2","","","","N","","","","","","","","","",""
"2016025797","","1","0","0","0","0","0","0","0","0","7","0","","02","3","2016","1","40.430024","-79.98866","","11","0","0","0","0","0","0","0","0","","0","0","0","","","0","","2","","40 25:48.086","","0","79 59:19.176","0","0","0","0","2301","0","0","0","N","0","0","0","1","02301","0","","5.0","","1","N","N","","0","","0","0","0","","0","","","1","0","0","0","0","0","0","2","0","1","","","","N","","","","","","","","","",""
"2016026457","","2","0","0","0","0","0","0","0","0","1","0","","02","3","2016","3","40.406765","-79.888544","","11","0","0","1","0","0","1","0","0","","0","0","0","","","1","","0","","40 24:24.353","","0","79 53:18.759","4","0","0","0","2448","0","0","0","N","0","0","0","2","02448","1","","1.0","","1","N","N","","0","","0","0","0","","2","","","2","1","0","0","0","0","0","2","0","2","","","","N","","","","","","","","","",""
"2016025780","","0","0","0","0","0","0","0","0","0","7","0","","02","3","2016","6","40.3519","-80.011188","","11","0","1","0","0","0","0","0","0","","0","0","0","","","0","","0","","40 21:06.839","","0","80 00:40.278","0","0","0","0","2476","0","0","0","N","0","0","0","2","02476","0","","5.0","","1","N","N","","0","","0","0","0","","0","","","1","0","0","0","0","0","0","2","1","1","","","","N","","","","","","","","","",""
"2016024269","","2","0","0","0","0","0","0","0","0","4","0","","02","3","2016","4","40.456848","-79.975654","","11","0","0","0","0","0","1","0","0","","0","0","0","","","4","","1","","40 27:24.652","","0","79 58:32.354","3","0","0","0","2301","0","0","0","N","0","0","0","4","02301","1","","1.0","","1","N","N","","0","","3","0","0","","1","","","2","4","3","0","0","0","0","2","0","2","","","","N","","","","","","","","","",""
"2016027934","","2","0","0","0","0","0","0","0","0","4","0","","02","3","2016","1","40.491481","-79.86589","","11","0","0","0","0","1","0","0","0","","0","0","0","","","1","","1","","40 29:29.330","","0","79 51:57.203","3","0","0","0","2112","0","0","0","N","0","0","0","3","02112","0","","1.0","","9","N","N","","0","","1","0","0","","2","","","2","1","0","0","0","0","0","2","0","2","","","","N","","","","","","","","","",""
"2016024198","","1","0","0","0","0","0","0","0","0","7","0","","02","2","2016","2","40.434803","-80.027297","","11","0","0","0","0","0","0","0","0","1","0","0","0","","","0","","0","","40 26:05.290","5","0","80 01:38.270","9","0","0","0","2301","0","0","0","N","0","0","0","1","02301","0","","2.0","","1","N","N","","0","","0","0","0","","0","N","","1","0","0","0","0","0","1","2","0","1","","","","N","","","","","","","","","",""
"2016024958","","0","0","0","0","0","0","0","0","0","4","0","","02","2","2016","6","40.521875","-80.048203","","11","0","0","0","0","0","1","0","0","2","0","0","0","","","2","","2","","40 31:18.751","1","0","80 02:53.531","4","0","0","0","2116","0","0","0","N","0","0","0","2","02116","2","","1.0","","1","N","N","","1","","0","0","1","","0","N","","2","2","1","0","0","0","0","2","0","2","","","","N","","","","","","","","","",""
"2016025045","","0","0","0","0","0","0","0","0","0","7","0","","02","3","2016","6","40.450265","-79.98016","","11","0","0","0","0","0","1","0","0","","0","0","0","","","0","","0","","40 27:00.955","","0","79 58:48.575","0","0","0","0","2301","0","0","0","N","0","0","0","1","02301","0","","2.0","","6","N","N","","0","","0","0","1","","0","","","1","0","0","0","0","0","0","2","0","1","","","","N","","","","","","","","","",""
"2016025116","","1","0","0","0","0","0","0","0","0","7","0","","02","3","2016","5","40.5728","-80.036901","","11","0","0","0","0","0","0","0","0","1","0","0","0","","","0","","3","","40 34:22.081","1","0","80 02:12.842","0","0","0","0","2108","0","0","0","","0","0","0","1","02108","0","","5.0","","1","N","N","","0","","0","0","0","","0","N","","1","0","0","0","0","0","0","2","0","1","","","","N","","","","","","","","","",""
"2016024959","","1","0","0","0","0","0","0","0","0","4","0","","02","3","2016","4","40.552819","-80.106903","","11","1","0","0","0","0","0","0","0","","0","0","0","","","0","","1","","40 33:10.150","","0","80 06:24.852","0","0","0","0","2215","0","0","0","N","0","0","0","2","02215","0","","1.0","","1","N","N","","1","","0","0","0","","0","","","2","0","0","0","0","0","0","2","0","2","","","","N","","","","","","","","","",""
"2016026525","","1","0","0","0","0","0","0","0","0","1","0","","02","3","2016","3","40.323248","-79.9432","","11","0","0","0","0","0","1","1","0","","0","0","0","","","0","","0","","40 19:23.693","","0","79 56:35.519","0","0","0","0","2454","0","0","0","N","0","0","0","3","02454","0","","1.0","","1","N","N","","2","","0","0","0","","0","","","3","0","0","0","0","0","0","2","0","3","","","","N","","","","","","","","","",""
"2016025117","","0","0","0","0","0","0","0","0","0","4","1","","02","3","2016","5","40.449096","-80.119429","","11","0","0","0","0","0","0","0","0","","0","1","0","","","0","","1","","40 26:56.744","","0","80 07:09.946","0","0","0","0","2115","0","0","0","N","0","0","0","2","02115","0","","1.0","","1","N","N","","1","","0","0","0","","0","","","2","0","0","0","0","0","0","2","0","2","","","","N","","","","","","","","","",""
"2016025118","","2","0","0","0","0","0","0","0","0","1","0","","02","3","2016","5","40.336667","-80.047572","","11","0","0","0","0","0","0","1","0","","0","0","0","","","1","","0","","40 20:12.000","","0","80 02:51.260","4","0","0","0","2407","0","0","0","N","0","0","0","2","02407","1","","1.0","","1","N","N","","0","","0","0","0","","0","","","2","1","0","0","0","0","0","2","0","2","","","","N","","","","","","","","","",""
"2016026461","","0","0","0","0","0","0","0","0","0","1","0","","02","3","2016","3","40.470492","-79.908658","","11","0","0","0","0","0","1","0","0","","0","0","0","","","1","","0","","40 28:13.770","","0","79 54:31.170","4","0","0","0","2301","0","0","0","N","0","0","0","4","02301","1","","1.0","","1","N","N","","1","","0","0","1","","0","","","2","1","0","0","0","0","0","2","0","2","","","","N","","","","","","","","","",""
"2016025802","","2","0","0","0","0","0","0","0","0","5","0","","02","3","2016","2","40.452586","-79.937373","","11","0","0","0","0","0","0","0","0","","0","0","0","","","0","","0","","40 27:09.309","","0","79 56:14.542","0","0","0","0","2301","0","0","0","N","0","0","0","1","02301","0","","4.0","","1","N","N","","0","","0","0","0","","0","","","2","0","1","0","0","0","0","2","0","2","","","","N","","","","","","","","","",""
"2016026810","","0","0","0","0","0","0","0","0","0","7","0","","02","3","2016","3","40.572544","-80.054586","","11","0","0","0","0","0","0","0","0","","0","0","0","","","0","","0","","40 34:21.160","","0","80 03:16.510","0","0","0","0","2108","0","0","0","N","0","0","0","1","02108","0","","5.0","","1","N","N","","0","","0","0","1","","0","","","1","0","0","0","0","0","0","2","0","1","","","","N","","","","","","","","","",""
"2016026462","","1","0","0","0","0","0","0","0","0","1","0","","02","3","2016","3","40.439315","-79.993673","","11","0","0","0","0","0","0","0","0","","0","0","0","","","0","","0","","40 26:21.533","","0","79 59:37.224","0","0","0","0","2301","0","0","0","N","0","0","0","3","02301","0","","1.0","","1","N","N","","0","","0","0","2","","0","","","3","0","0","0","0","0","0","2","0","3","","","","N","","","","","","","","","",""