"CRN","ARRIVAL_TM","AUTOMOBILE_COUNT","BELTED_DEATH_COUNT","BELTED_SUSP_SERIOUS_INJ_COUNT","BICYCLE_COUNT","BICYCLE_DEATH_COUNT","BICYCLE_SUSP_SERIOUS_INJ_COUNT","BUS_COUNT","CHLDPAS_DEATH_COUNT","CHLDPAS_SUSP_SERIOUS_INJ_COUNT","COLLISION_TYPE","COMM_VEH_COUNT","CONS_ZONE_SPD_LIM","COUNTY","CRASH_MONTH","CRASH_YEAR","DAY_OF_WEEK","DEC_LATITUDE","DEC_LONGITUDE","DISPATCH_TM","DISTRICT","DRIVER_COUNT_16YR","DRIVER_COUNT_17YR","DRIVER_COUNT_18YR","DRIVER_COUNT_19YR","DRIVER_COUNT_20YR","DRIVER_COUNT_50_64YR","DRIVER_COUNT_65_74YR","DRIVER_COUNT_75PLUS","EST_HRS_CLOSED","FATAL_COUNT","HEAVY_TRUCK_COUNT","HORSE_BUGGY_COUNT","HOUR_OF_DAY","ILLUMINATION","INJURY_COUNT","INTERSECTION_RELATED","INTERSECT_TYPE","LANE_CLOSED","LATITUDE","LN_CLOSE_DIR","LOCATION_TYPE","LONGITUDE","MAX_SEVERITY_LEVEL","MCYCLE_DEATH_COUNT","MCYCLE_SUSP_SERIOUS_INJ_COUNT","MOTORCYCLE_COUNT","MUNICIPALITY","NONMOTR_COUNT","NONMOTR_DEATH_COUNT","NONMOTR_SUSP_SERIOUS_INJ_COUNT","NTFY_HIWY_MAINT","PED_COUNT","PED_DEATH_COUNT","PED_SUSP_SERIOUS_INJ_COUNT","PERSON_COUNT","POLICE_AGCY","POSSIBLE_INJ_COUNT","RDWY_SURF_TYPE_CD","RELATION_TO_ROAD","ROADWAY_CLEARED","ROAD_CONDITION","SCH_BUS_IND","SCH_ZONE_IND","SECONDARY_CRASH","SMALL_TRUCK_COUNT","SPEC_JURIS_CD","SUSP_MINOR_INJ_COUNT","SUSP_SERIOUS_INJ_COUNT","SUV_COUNT","TCD_FUNC_CD","TCD_TYPE","TFC_DETOUR_IND","TIME_OF_DAY","TOTAL_UNITS","TOT_INJ_COUNT","UNBELTED_OCC_COUNT","UNB_DEATH_COUNT","UNB_SUSP_SERIOUS_INJ_COUNT","UNK_INJ_DEG_COUNT","UNK_INJ_PER_COUNT","URBAN_RURAL","VAN_COUNT","VEHICLE_COUNT","WEATHER1","WEATHER2","WORKERS_PRES","WORK_ZONE_IND","WORK_ZONE_LOC","WORK_ZONE_TYPE","WZ_CLOSE_DETOUR","WZ_FLAGGER","WZ_LAW_OFFCR_IND","WZ_LN_CLOSURE","WZ_MOVING","WZ_OTHER","WZ_SHLDER_MDN","WZ_WORKERS_INJ_KILLED"
"2016026358","","0","0","0","0","0","0","0","0","0","4","0","","02","3","2016","5","40.406467","-79.826811","","11","0","0","0","0","0","1","0","0","2","0","0","0","","","0","","1","","40 24:23.281","3","0","79 49:36.519","0","0","0","0","2467","0","0","0","N","0","0","0","4","02467","0","","1.0","","1","N","N","","0","","0","0","2","","2","Y","","2","0","0","0","0","0","0","2","0","2","","","","N","","","","","","","","","",""
"2016026717","","1","0","0","0","0","0","0","0","0","4","0","","02","2","2016","2","40.382469","-80.048294","","11","0","0","0","0","0","1","0","0","2","0","0","0","","","0","","0","","40 22:56.890","4","0","80 02:53.860","0","0","0","0","2109","0","0","0","","0","0","0","1","02109","0","","1.0","","1","N","N","","1","","0","0","0","","0","N","","2","0","1","0","0","0","0","2","0","2","","","","N","","","","","","","","","",""
"2016025555","","1","0","0","0","0","0","0","0","0","4","0","","02","3","2016","7","40.339358","-79.967921","","11","0","0","0","0","1","0","0","0","2","0","0","0","","","1","","2","","40 20:21.688","6","0","79 58:04.516","3","0","0","0","2454","0","0","0","N","0","0","0","2","02454","0","","1.0","","9","N","N","","0","","1","0","1","","0","N","","2","1","0","0","0","0","0","2","0","2","","","","N","","","","","","","","","",""
"2016025635","","1","0","0","0","0","0","0","0","0","8","0","","02","2","2016","2","40.391718","-79.88361","","11","0","0","0","0","0","0","0","0","1","0","0","0","","","1","","0","","40 23:30.184","5","0","79 53:00.995","8","0","0","0","2473","1","0","0","N","1","0","0","2","02473","0","","1.0","","1","N","N","","0","","0","0","0","","0","Y","","2","1","0","0","0","1","0","2","0","1","","","","N","","","","","","","","","",""
"2016026718","","1","0","0","0","0","0","0","0","0","1","0","","02","3","2016","2","40.363177","-80.046937","","11","0","0","0","0","0","0","0","0","2","0","0","0","","","2","","2","","40 21:47.436","2","0","80 02:48.972","8","0","0","0","2109","0","0","0","","0","0","0","2","02109","0","","1.0","","1","N","N","","0","","0","0","0","","2","N","","2","2","0","0","0","2","0","2","0","2","","","","N","","","","","","","","","",""
"2016024552","","0","0","0","0","0","0","0","0","0","0","0","","02","3","2016","4","40.667242","-80.102969","","11","0","0","0","0","0","0","0","0","1","0","0","0","","","1","","0","","40 40:02.070","3","0","80 06:10.690","8","0","0","1","2212","0","0","0","N","0","0","0","1","02505","0","","1.0","","1","N","N","","0","","0","0","0","","0","N","","1","1","0","0","0","1","0","2","0","1","","","","N","","","","","","","","","",""
"2016023868","","0","0","0","0","0","0","0","0","0","7","0","","02","2","2016","1","40.491481","-79.86589","","11","0","0","0","0","0","0","0","0","","0","0","0","","","0","","2","","40 29:29.330","","0","79 51:57.203","0","0","0","0","2408","0","0","0","N","0","0","0","1","02408","0","","4.0","","1","N","N","","0","","0","0","0","","2","","","1","0","0","0","0","0","0","2","1","1","","","","N","","","","","","","","","",""
"2016024649","","0","0","0","0","0","0","0","0","0","7","0","55","02","3","2016","3","40.548484","-79.824902","","11","0","0","0","0","0","0","0","0","1","0","0","0","","","0","","0","","40 32:54.542","4","0","79 49:29.648","0","0","0","0","2208","0","0","0","","0","0","0","1","68T02","0","","2.0","","9","N","N","","0","","0","0","0","","7","N","","1","0","0","0","0","0","0","2","1","1","","","N","Y","3","1","N","N","N","N","N","N","Y",""
"2016026719","","1","0","0","0","0","0","0","0","0","1","0","","02","3","2016","5","40.358204","-80.028684","","11","0","0","0","0","0","0","1","0","","0","0","0","","","1","","0","","40 21:29.534","","0","80 01:43.263","4","0","0","0","2416","0","0","0","","0","0","0","6","02416","1","","1.0","","1","N","N","","0","","0","0","2","","0","","","3","1","0","0","0","0","0","2","0","3","","","","N","","","","","","","","","",""
"2016024566","","0","0","0","0","0","0","0","0","0","7","0","","02","3","2016","4","40.42903","-80.029681","","11","0","0","0","0","0","1","0","0","2","0","0","0","","","2","","0","","40 25:44.507","2","2","80 01:46.850","3","0","0","0","2301","0","0","0","Y","0","0","0","2","02301","0","","5.0","","2","N","N","","0","","2","0","1","","0","Y","","1","2","0","0","0","0","0","2","0","1","","","","N","","","","","","","","","",""
"2016026221","","1","0","0","0","0","0","0","0","0","1","0","","02","3","2016","7","40.418328","-80.054271","","11","0","0","0","0","0","0","0","0","2","0","0","0","","","0","","0","","40 25:05.981","3","0","80 03:15.375","0","0","0","0","2435","0","0","0","","0","0","0","2","68B03","0","","1.0","","1","N","N","","0","","0","0","1","","0","N","","2","0","0","0","0","0","0","2","0","2","","","","N","","","","","","","","","",""
"2016024017","","1","0","0","0","0","0","0","0","0","5","0","","02","2","2016","2","40.513163","-79.950636","","11","0","0","0","0","0","0","2","0","","0","0","0","","","0","","0","","40 30:47.388","","0","79 57:02.291","0","0","0","0","2118","0","0","0","N","0","0","0","2","02118","0","","1.0","","1","N","N","","0","","0","0","1","","0","","","2","0","0","0","0","0","0","2","0","2","","","","N","","","","","","","","","",""
"2016024783","","2","0","0","0","0","0","0","0","0","3","0","","02","3","2016","5","40.424997","-79.985","","11","0","0","0","0","0","0","0","0","1","0","0","0","","","0","","0","","40 25:29.990","1","0","79 59:06.000","0","0","0","0","2301","0","0","0","N","0","0","0","1","02301","0","","4.0","","1","N","N","","0","","0","0","0","","0","N","","2","0","0","0","0","0","0","2","0","2","","","","N","","","","","","","","","",""
"2016026720","","1","0","0","0","0","0","0","0","0","2","0","","02","2","2016","7","40.51721","-80.160536","","11","1","0","0","0","0","0","0","0","","0","0","0","","","0","","1","","40 31:01.957","","0","80 09:37.930","0","0","0","0","2420","0","0","0","","0","0","0","2","02420","0","","1.0","","1","N","N","","0","","0","0","1","","2","","","2","0","0","0","0","0","0","2","0","2","","","","N","","","","","","","","","",""
"2016024784","","2","0","0","0","0","0","0","0","0","4","0","","02","3","2016","5","40.457146","-79.929301","","11","0","0","0","1","0","0","0","1","","0","0","0","","","0","","1","","40 27:25.725","","0","79 55:45.483","0","0","0","0","2301","0","0","0","N","0","0","0","2","02301","0","","1.0","","1","N","N","","0","","0","0","0","","3","","","2","0","1","0","0","0","0","2","0","2","","","","N","","","","","","","","","",""
"2016026721","","2","0","0","0","0","0","0","0","0","2","0","","02","2","2016","2","40.520688","-80.169804","","11","0","0","0","0","0","0","0","0","","0","0","0","","","0","","10","","40 31:14.478","","0","80 10:11.295","0","0","0","0","2420","0","0","0","","0","0","0","2","02420","0","","1.0","","9","N","N","","0","","0","0","0","","1","","","2","0","0","0","0","0","0","2","0","2","","","","N","","","","","","","","","",""
"2016024568","","0","0","0","0","0","0","0","0","0","7","0","","02","2","2016","2","40.362656","-79.875086","","11","0","0","0","0","0","0","0","0","1","0","0","0","","","1","","0","","40 21:45.560","6","0","79 52:30.310","3","0","0","0","2473","0","0","0","N","0","0","0","1","02473","0","","5.0","","9","N","N","","1","","1","0","0","","0","Y","","1","1","0","0","0","0","0","2","0","1","","","","N","","","","","","","","","",""
"2016024019","","1","0","0","0","0","0","1","0","0","0","1","","02","3","2016","3","40.384751","-79.823783","","11","0","0","0","0","0","2","0","0","","0","0","0","","","1","","2","","40 23:05.103","","7","79 49:25.618","3","0","0","0","2111","0","0","0","N","0","0","0","3","02503","0","","1.0","","1","N","N","","0","","1","0","0","","3","","","2","1","0","0","0","0","0","2","0","2","","","","N","","","","","","","","","",""
"2016026722","","1","0","0","0","0","0","0","0","0","4","1","","02","2","2016","2","40.522549","-80.174736","","11","0","0","0","0","0","1","0","0","","0","1","0","","","0","","2","","40 31:21.175","","0","80 10:29.050","0","0","0","0","2420","0","0","0","N","0","0","0","2","02420","0","","1.0","","1","N","N","","0","","0","0","0","","0","","","2","0","0","0","0","0","0","2","0","2","","","","N","","","","","","","","","",""
"2016024569","","2","0","0","0","0","0","0","0","0","1","0","","02","2","2016","1","40.533924","-79.844837","","11","0","0","0","0","0","1","0","0","1","0","0","0","","","1","","0","","40 32:02.127","2","0","79 50:41.412","3","0","0","0","2208","0","0","0","N","0","0","0","3","02208","0","","1.0","","1","N","N","","0","","1","0","0","","0","N","","2","1","0","0","0","0","0","2","0","2","","","","N","","","","","","","","","",""
"2016025334","","2","0","0","0","0","0","0","0","0","1","0","","02","2","2016","2","40.404615","-80.083523","","11","0","0","0","0","0","0","0","0","1","0","0","0","","","0","","0","","40 24:16.614","3","0","80 05:00.684","0","0","0","0","2415","0","0","0","N","0","0","0","3","02415","0","","1.0","","1","N","N","","0","","0","0","0","","0","N","","2","0","2","0","0","0","0","2","0","2","","","","N","","","","","","","","","",""
"2016023889","","1","0","0","0","0","0","0","0","0","2","0","","02","3","2016","3","40.435988","-80.056057","","11","0","0","0","0","0","0","0","0","","0","0","0","","","0","","0","","40 26:09.556","","0","80 03:21.805","0","0","0","0","2301","0","0","0","N","0","0","0","1","02301","0","","1.0","","1","N","N","","1","","0","0","1","","0","","","3","0","0","0","0","0","0","2","0","3","","","","N","","","","","","","","","",""
"2016024022","","2","0","0","0","0","0","0","0","0","4","0","","02","2","2016","2","40.334056","-80.030914","","11","0","0","0","0","0","0","1","1","1","0","0","0","","","1","","0","","40 20:02.600","5","0","80 01:51.290","8","0","0","0","2407","0","0","0","N","0","0","0","3","02407","0","","1.0","","1","N","N","","0","","0","0","0","","3","Y","","2","1","0","0","0","1","1","2","0","2","","","","N","","","","","","","","","",""
"2016024801","","1","0","0","0","0","0","0","0","0","1","0","","02","3","2016","5","40.555752","-79.771224","","11","0","0","0","0","0","0","1","0","2","0","0","0","","","0","","0","","40 33:20.707","1","0","79 46:16.405","0","0","0","0","2121","0","0","0","N","0","0","0","3","02121","0","","1.0","","1","N","N","","1","","0","0","0","","0","N","","2","0","0","0","0","0","0","1","0","2","","","","N","","","","","","","","","",""
"2016025270","","1","0","0","0","0","0","0","0","0","7","0","","02","3","2016","4","40.515693","-80.219388","","11","0","0","0","0","0","0","0","0","","0","0","0","","","1","","0","","40 30:56.493","","0","80 13:09.796","4","0","0","0","2213","0","0","0","","0","0","0","1","02213","1","","5.0","","1","N","N","","0","","0","0","0","","0","","","1","1","0","0","0","0","0","2","0","1","","","","N","","","","","","","","","",""
"2016024023","","1","0","0","0","0","0","0","0","0","1","0","","02","2","2016","5","40.313358","-80.06682","","11","0","0","0","0","0","0","0","0","1","0","0","0","","","0","","0","","40 18:48.088","2","0","80 04:00.551","0","0","0","0","2407","0","0","0","N","0","0","0","3","02407","0","","1.0","","9","N","N","","0","","0","0","1","","0","N","","2","0","3","0","0","0","0","2","0","2","","","","N","","","","","","","","","",""
"2016024024","","1","0","0","0","0","0","0","0","0","7","0","","02","2","2016","6","40.309596","-80.058734","","11","0","0","0","0","0","0","1","0","","0","0","0","","","0","","0","","40 18:34.544","","0","80 03:31.441","0","0","0","0","2407","0","0","0","N","0","0","0","1","02407","0","","4.0","","2","N","N","","0","","0","0","0","","0","","","1","0","0","0","0","0","0","2","0","1","","","","N","","","","","","","","","",""
"2016025403","","0","0","0","0","0","0","0","0","0","8","0","","02","3","2016","5","40.434401","-79.953214","","11","0","0","0","0","0","1","0","0","","0","0","0","","","1","","1","","40 26:03.843","","0","79 57:11.570","8","0","0","0","2301","1","0","0","N","1","0","0","2","02301","0","","1.0","","1","N","N","","1","","0","0","0","","2","","","2","1","0","0","0","1","0","2","0","1","","","","N","","","","","","","","","",""
"2016025576","","1","0","0","0","0","0","0","0","0","1","0","","02","3","2016","6","40.433558","-79.797373","","11","0","0","0","0","0","0","0","0","1","0","0","0","","","1","","0","","40 26:00.807","4","0","79 47:50.543","3","0","0","0","2446","0","0","0","N","0","0","0","5","02446","0","","1.0","","1","N","N","","0","","1","0","1","","2","N","","2","1","0","0","0","0","0","2","0","2","","","","N","","","","","","","","","",""
"2016023877","","1","0","0","0","0","0","0","0","0","7","0","","02","1","2016","4","40.406018","-79.843199","","11","0","0","0","0","0","0","0","0","","0","0","0","","","1","","2","","40 24:21.664","","0","79 50:35.516","4","0","0","0","2449","0","0","0","N","0","0","0","1","02449","1","","5.0","","1","N","N","","0","","0","0","0","","3","","","1","1","1","0","0","0","0","2","0","1","","","","N","","","","","","","","","",""
"2016025427","","1","0","0","0","0","0","0","0","0","4","0","","02","3","2016","5","40.446182","-79.764649","","11","0","0","0","0","0","0","0","0","","0","0","0","","","1","","1","","40 26:46.255","","0","79 45:52.736","8","0","0","0","2446","0","0","0","N","0","0","0","2","02446","0","","1.0","","1","N","N","","0","","0","0","1","","3","","","2","1","0","0","0","1","0","2","0","2","","","","N","","","","","","","","","",""
"2016071250","","2","0","0","0","0","0","0","0","0","2","0","","02","7","2016","7","40.364163","-79.842653","","11","0","0","0","0","0","1","0","0","3","1","0","0","","","2","","7","","40 21:50.988","1","2","79 50:33.550","1","0","0","0","2303","0","0","0","N","0","0","0","3","02303","0","1","1.0","","1","N","N","","0","0","0","0","0","","0","Y","","2","2","0","0","0","2","0","2","0","2","","","","N","","","","","","","","","",""
"2016069821","","0","0","0","0","0","0","0","0","0","0","0","","02","7","2016","2","40.332483","-79.945956","","11","0","0","0","0","0","0","0","0","","0","0","0","","","1","","0","","40 19:56.937","","7","79 56:45.441","4","0","0","1","2454","0","0","0","N","0","0","0","1","02454","1","","1.0","","1","N","N","","0","","0","0","0","","0","","","2","1","0","0","0","0","0","2","0","1","","","","N","","","","","","","","","",""
"2016072331","","1","0","0","0","0","0","0","0","0","1","0","","02","7","2016","2","40.420088","-79.948871","","11","0","0","0","0","0","1","0","0","","0","0","0","","","0","","0","","40 25:12.317","","0","79 56:55.937","0","0","0","0","2301","0","0","0","N","0","0","0","2","02301","0","","4.0","","1","N","N","","1","","0","0","0","","0","","","2","0","1","0","0","0","0","2","0","2","","","","N","","","","","","","","","",""
"2016072271","","1","0","0","0","0","0","0","0","0","1","0","","02","7","2016","2","40.500086","-79.836167","","11","0","0","0","0","0","0","0","0","","0","0","0","","","1","","0","","40 30:00.308","","0","79 50:10.201","4","0","0","0","2113","0","0","0","N","0","0","0","4","02113","1","","1.0","","1","N","N","","0","","0","0","1","","0","","","2","1","2","0","0","0","0","2","0","2","","","","N","","","","","","","","","",""
"2016071253","","2","0","0","0","0","0","0","0","0","4","0","","02","7","2016","5","40.418403","-79.969338","","11","0","0","0","0","0","0","1","0","","0","0","0","","","0","","2","","40 25:06.250","","0","79 58:09.616","0","0","0","0","2301","0","0","0","N","0","0","0","2","02301","0","","1.0","","9","N","N","","0","","0","0","0","","0","","","2","0","0","0","0","0","0","2","0","2","","","","N","","","","","","","","","",""
"2016070508","","1","0","0","0","0","0","0","0","0","6","0","","02","7","2016","6","40.667851","-80.020274","","11","0","0","0","0","0","0","0","0","2","0","0","0","","","2","","0","","40 40:04.264","6","0","80 01:12.988","2","0","0","0","2216","0","0","0","N","0","0","0","2","02505","0","","1.0","","1","N","N","","0","","1","1","1","","0","Y","","2","2","0","0","0","0","0","2","0","2","","","","N","","","","","","","","","",""
"2016071393","","2","0","0","0","0","0","0","0","0","4","0","","02","7","2016","6","40.398706","-79.885374","","11","0","0","0","0","0","0","0","0","","0","0","0","","","1","","1","","40 23:55.340","","0","79 53:07.347","3","0","0","0","2475","0","0","0","N","0","0","0","2","02475","0","","1.0","","1","N","N","","0","","1","0","0","","3","","","2","1","0","0","0","0","0","2","0","2","","","","N","","","","","","","","","",""
"2016071407","","1","0","0","0","0","0","0","0","0","4","0","","02","7","2016","6","40.477847","-79.736007","","11","0","0","0","1","0","0","0","0","1","0","0","0","","","2","","1","","40 28:40.250","1","0","79 44:09.624","3","0","0","0","2466","0","0","0","N","0","0","0","2","02466","0","","1.0","","1","N","N","","0","","2","0","0","","3","N","","2","2","0","0","0","0","0","2","1","2","","","","N","","","","","","","","","",""
"2016071571","","2","0","0","0","0","0","0","0","0","4","0","","02","7","2016","6","40.352997","-79.917268","","11","0","0","0","0","0","0","0","0","1","0","0","0","","","0","","2","","40 21:10.788","3","0","79 55:02.166","0","0","0","0","2473","0","0","0","Y","0","0","0","4","02473","0","","1.0","","1","N","N","","0","","0","0","0","","2","N","","2","0","0","0","0","0","0","2","0","2","","","","N","","","","","","","","","",""
"2016070509","","3","0","0","0","0","0","0","0","0","1","0","","02","7","2016","2","40.578061","-79.953778","","11","0","0","0","1","0","1","0","0","1","0","0","0","","","0","","2","","40 34:41.021","2","0","79 57:13.600","0","0","0","0","2207","0","0","0","N","0","0","0","5","02207","0","","1.0","","1","N","N","","0","","0","0","0","","0","N","","3","0","0","0","0","0","0","2","0","3","","","","N","","","","","","","","","",""
"2016072146","","1","0","0","0","0","0","0","0","0","7","0","","02","7","2016","1","40.55074","-80.097373","","11","0","0","0","0","0","0","0","1","1","0","0","0","","","0","","0","","40 33:02.663","1","0","80 05:50.544","0","0","0","0","2215","0","0","0","Y","0","0","0","1","02215","0","","5.0","","1","N","N","","0","","0","0","0","","0","Y","","1","0","0","0","0","0","0","2","0","1","","","","N","","","","","","","","","",""
"2016070742","","1","0","0","0","0","0","0","0","0","1","0","","02","7","2016","2","40.477394","-80.007768","","11","0","0","0","0","0","1","0","0","","0","0","0","","","0","","0","","40 28:38.619","","0","80 00:27.964","0","0","0","0","2301","0","0","0","","0","0","0","3","68B03","0","","1.0","","1","N","N","","0","","0","0","2","","0","","","3","0","0","0","0","0","0","2","0","3","","","","N","","","","","","","","","",""
"2016070754","","2","0","0","0","0","0","0","0","0","1","0","","02","6","2016","5","40.499045","-80.208187","","11","0","0","0","0","0","0","0","0","","0","0","0","","","2","","6","","40 29:56.561","","2","80 12:29.473","4","0","0","0","2213","0","0","0","","0","0","0","4","02213","2","","1.0","","1","N","N","","0","","0","0","0","","4","","","2","2","0","0","0","0","0","2","0","2","","","","N","","","","","","","","","",""
"2016072335","","1","0","0","0","0","0","0","0","0","7","0","","02","7","2016","7","40.213626","-79.91051","","11","0","0","0","0","0","0","0","0","2","0","0","0","","","1","","0","","40 12:49.053","7","0","79 54:37.835","3","0","0","0","2204","0","0","0","N","0","0","0","1","02204","0","","5.0","","1","N","N","","0","","1","0","0","","0","Y","","1","1","1","0","0","0","0","1","0","1","","","","N","","","","","","","","","",""
"2016071256","","2","0","0","0","0","0","0","0","0","1","0","","02","7","2016","5","40.421444","-80.004502","","11","0","0","0","0","0","0","0","0","2","0","0","0","","","0","","0","","40 25:17.197","1","4","80 00:16.208","0","0","0","0","2301","0","0","0","N","0","0","0","3","02301","0","","1.0","","1","N","N","","0","","0","0","0","","0","N","","2","0","0","0","0","0","0","2","0","2","","","","N","","","","","","","","","",""
"2016069825","","0","0","0","0","0","0","0","0","0","7","0","","02","7","2016","1","40.275731","-79.892028","","11","0","0","0","0","0","0","0","0","2","0","0","0","","","1","","0","","40 16:32.633","1","0","79 53:31.299","3","0","0","0","2302","0","0","0","N","0","0","0","1","02302","0","","4.0","","1","N","N","","1","","1","0","0","","0","N","","1","1","0","0","0","0","0","2","0","1","","","","N","","","","","","","","","",""
"2016071395","","2","0","0","0","0","0","0","0","0","4","0","","02","7","2016","6","40.454232","-79.883969","","11","0","0","0","0","0","1","0","0","1","0","0","0","","","0","","1","","40 27:15.236","7","0","79 53:02.289","0","0","0","0","2301","0","0","0","N","0","0","0","2","02301","0","","1.0","","1","N","N","","0","","0","0","0","","2","N","","2","0","1","0","0","0","0","2","0","2","","","","N","","","","","","","","","",""
"2016072148","","1","0","1","0","0","0","0","0","0","7","0","","02","7","2016","1","40.451599","-79.954664","","11","0","0","0","0","0","1","0","0","","0","0","0","","","1","","0","","40 27:05.757","","0","79 57:16.790","2","0","0","0","2301","0","0","0","N","0","0","0","1","02301","0","","5.0","","1","N","N","","0","","0","1","0","","0","","","1","1","0","0","0","0","0","2","0","1","","","","N","","","","","","","","","",""
"2016071410","","0","0","0","0","0","0","0","0","0","7","0","","02","6","2016","6","40.3824","-79.828007","","11","0","0","0","0","0","1","0","0","2","0","0","0","","","1","","0","","40 22:56.639","3","0","79 49:40.825","3","0","0","0","2111","0","0","0","N","0","0","0","1","02111","0","","4.0","","1","N","N","","1","","1","0","0","","0","N","","1","1","1","0","0","0","0","2","0","1","","","","N","","","","","","","","","",""
"2016071490","","1","0","0","0","0","0","0","0","0","1","0","","02","7","2016","3","40.431393","-80.025545","","11","0","0","0","0","0","2","0","0","","0","0","0","","","1","","0","","40 25:53.013","","0","80 01:31.962","3","0","0","0","2301","0","0","0","","0","0","0","2","68B03","0","","1.0","","1","N","N","","0","","1","0","1","","0","","","2","1","0","0","0","0","0","2","0","2","","","","N","","","","","","","","","",""
"2016070755","","2","0","0","0","0","0","0","0","0","1","0","","02","7","2016","5","40.532581","-80.191379","","11","0","0","0","0","0","1","0","0","","0","0","0","","","1","","0","","40 31:57.292","","0","80 11:28.964","8","0","0","0","2213","0","0","0","","0","0","0","3","02213","0","","1.0","","1","N","N","","0","","0","0","1","","0","","","3","1","0","0","0","1","0","2","0","3","","","","N","","","","","","","","","",""
"2016071257","","1","0","0","0","0","0","0","0","0","1","0","","02","7","2016","5","40.43868","-79.749944","","11","0","0","0","0","0","0","0","0","1","0","0","0","","","2","","0","","40 26:19.248","3","0","79 44:59.797","8","0","0","0","2446","0","0","0","N","0","0","0","2","02446","0","","1.0","","1","N","N","","1","","0","0","0","","0","N","","2","2","0","0","0","2","0","2","0","2","","","","N","","","","","","","","","",""
"2016070594","","0","0","0","0","0","0","0","0","0","8","0","","02","7","2016","4","40.373018","-79.975482","","11","0","0","0","0","0","0","0","0","","0","0","0","","","1","","2","","40 22:22.864","","0","79 58:31.735","8","0","0","0","2413","1","0","0","N","1","0","0","2","02413","0","","1.0","","1","N","N","","0","","0","0","1","","2","","","2","1","0","0","0","1","0","2","0","1","","","","N","","","","","","","","","",""
"2016069848","","0","0","0","0","0","0","0","0","0","7","0","","02","7","2016","7","40.449262","-79.827166","","11","0","0","0","0","0","1","0","0","1","0","0","0","","","1","","0","","40 26:57.343","1","0","79 49:37.799","8","0","0","0","2113","0","0","0","N","0","0","0","1","02113","0","","4.0","","1","N","N","","0","","0","0","1","","0","Y","","1","1","1","0","0","1","0","2","0","1","","","","N","","","","","","","","","",""
"2016070612","","1","0","0","0","0","0","0","0","0","2","0","","02","7","2016","6","40.460211","-79.77147","","11","0","0","0","0","0","0","0","0","","0","0","0","","","0","","2","","40 27:36.758","","0","79 46:17.293","0","0","0","0","2466","0","0","0","N","0","0","0","3","02466","0","","1.0","","1","N","N","","0","","0","0","0","","3","","","2","0","0","0","0","0","0","2","1","2","","","","N","","","","","","","","","",""
"2016071491","","2","0","0","0","0","0","0","0","0","1","0","","02","7","2016","3","40.432527","-80.0234","","11","0","0","1","0","0","1","0","0","","0","0","0","","","0","","0","","40 25:57.097","","4","80 01:24.239","0","0","0","0","2301","0","0","0","","0","0","0","4","68B03","0","","1.0","","1","N","N","","1","","0","0","0","","0","","","3","0","0","0","0","0","0","2","0","3","","","","N","","","","","","","","","",""
"2016071397","","0","0","0","0","0","0","0","0","0","7","0","","02","7","2016","5","40.413847","-79.905281","","11","0","0","0","0","0","0","1","0","3","0","0","0","","","1","","0","","40 24:49.850","6","0","79 54:19.010","8","0","0","0","2448","0","0","0","N","0","0","0","1","02448","0","","4.0","","1","N","N","","0","","0","0","0","","0","Y","","1","1","0","0","0","1","0","2","1","1","","","","N","","","","","","","","","",""
"2016072340","","1","0","0","0","0","0","0","0","0","7","0","","02","7","2016","2","40.405639","-79.991239","","11","0","0","0","0","0","1","0","0","","0","0","0","","","1","","1","","40 24:20.300","","0","79 59:28.460","8","0","0","0","2301","0","0","0","N","0","0","0","1","02301","0","","2.0","","1","N","N","","0","","0","0","0","","0","","","1","1","0","0","0","1","0","2","0","1","","","","N","","","","","","","","","",""
"2016070596","","2","0","0","0","0","0","0","0","0","4","0","","02","7","2016","5","40.427499","-79.751215","","11","0","0","1","0","0","0","1","0","","0","0","0","","","1","","2","","40 25:38.996","","0","79 45:04.374","3","0","0","0","2446","0","0","0","N","0","0","0","2","02446","0","","1.0","","1","N","N","","0","","1","0","0","","0","","","2","1","0","0","0","0","0","2","0","2","","","","N","","","","","","","","","",""
"2016069995","","0","0","0","0","0","0","0","0","0","4","0","","02","7","2016","1","40.433037","-80.029231","","11","0","0","0","0","0","1","0","0","1","0","0","0","","","0","","1","","40 25:58.933","4","0","80 01:45.231","0","0","0","0","2301","0","0","0","N","0","0","0","2","02301","0","","1.0","","1","N","N","","0","","0","0","2","","3","N","","2","0","0","0","0","0","0","2","0","2","","","","N","","","","","","","","","",""
"2016071400","","1","0","0","0","0","0","0","0","0","1","0","","02","7","2016","6","40.49035","-80.018611","","11","0","0","0","0","0","0","0","0","","0","0","0","","","0","","2","","40 29:25.261","","0","80 01:07.001","0","0","0","0","2301","0","0","0","N","0","0","0","2","02301","0","","1.0","","1","N","N","","1","","0","0","0","","0","","","2","0","0","0","0","0","0","2","0","2","","","","N","","","","","","","","","",""
"2016072279","","1","0","0","0","0","0","0","0","0","4","0","","02","7","2016","1","40.408953","-80.083636","","11","0","0","0","0","0","0","0","0","","0","0","0","","","1","","0","","40 24:32.230","","0","80 05:01.089","8","0","0","1","2415","0","0","0","N","0","0","0","2","02415","0","","1.0","","1","N","N","","0","","0","0","0","","0","","","2","1","0","0","0","1","0","2","0","2","","","","N","","","","","","","","","",""