"CRN","ARRIVAL_TM","AUTOMOBILE_COUNT","BELTED_DEATH_COUNT","BELTED_SUSP_SERIOUS_INJ_COUNT","BICYCLE_COUNT","BICYCLE_DEATH_COUNT","BICYCLE_SUSP_SERIOUS_INJ_COUNT","BUS_COUNT","CHLDPAS_DEATH_COUNT","CHLDPAS_SUSP_SERIOUS_INJ_COUNT","COLLISION_TYPE","COMM_VEH_COUNT","CONS_ZONE_SPD_LIM","COUNTY","CRASH_MONTH","CRASH_YEAR","DAY_OF_WEEK","DEC_LATITUDE","DEC_LONGITUDE","DISPATCH_TM","DISTRICT","DRIVER_COUNT_16YR","DRIVER_COUNT_17YR","DRIVER_COUNT_18YR","DRIVER_COUNT_19YR","DRIVER_COUNT_20YR","DRIVER_COUNT_50_64YR","DRIVER_COUNT_65_74YR","DRIVER_COUNT_75PLUS","EST_HRS_CLOSED","FATAL_COUNT","HEAVY_TRUCK_COUNT","HORSE_BUGGY_COUNT","HOUR_OF_DAY","ILLUMINATION","INJURY_COUNT","INTERSECTION_RELATED","INTERSECT_TYPE","LANE_CLOSED","LATITUDE","LN_CLOSE_DIR","LOCATION_TYPE","LONGITUDE","MAX_SEVERITY_LEVEL","MCYCLE_DEATH_COUNT","MCYCLE_SUSP_SERIOUS_INJ_COUNT","MOTORCYCLE_COUNT","MUNICIPALITY","NONMOTR_COUNT","NONMOTR_DEATH_COUNT","NONMOTR_SUSP_SERIOUS_INJ_COUNT","NTFY_HIWY_MAINT","PED_COUNT","PED_DEATH_COUNT","PED_SUSP_SERIOUS_INJ_COUNT","PERSON_COUNT","POLICE_AGCY","POSSIBLE_INJ_COUNT","RDWY_SURF_TYPE_CD","RELATION_TO_ROAD","ROADWAY_CLEARED","ROAD_CONDITION","SCH_BUS_IND","SCH_ZONE_IND","SECONDARY_CRASH","SMALL_TRUCK_COUNT","SPEC_JURIS_CD","SUSP_MINOR_INJ_COUNT","SUSP_SERIOUS_INJ_COUNT","SUV_COUNT","TCD_FUNC_CD","TCD_TYPE","TFC_DETOUR_IND","TIME_OF_DAY","TOTAL_UNITS","TOT_INJ_COUNT","UNBELTED_OCC_COUNT","UNB_DEATH_COUNT","UNB_SUSP_SERIOUS_INJ_COUNT","UNK_INJ_DEG_COUNT","UNK_INJ_PER_COUNT","URBAN_RURAL","VAN_COUNT","VEHICLE_COUNT","WEATHER1","WEATHER2","WORKERS_PRES","WORK_ZONE_IND","WORK_ZONE_LOC","WORK_ZONE_TYPE","WZ_CLOSE_DETOUR","WZ_FLAGGER","WZ_LAW_OFFCR_IND","WZ_LN_CLOSURE","WZ_MOVING","WZ_OTHER","WZ_SHLDER_MDN","WZ_WORKERS_INJ_KILLED"
"2016071564","","2","0","0","0","0","0","0","0","0","2","0","","02","7","2016","6","40.487475","-80.05593","","11","0","0","0","0","0","0","0","0","1","0","0","0","","","2","","0","","40 29:14.910","2","0","80 03:21.348","3","0","0","0","2404","0","0","0","N","0","0","0","2","02404","1","","1.0","","1","N","N","","0","","1","0","0","","0","N","","2","2","0","0","0","0","0","2","0","2","","","","N","","","","","","","","","",""
"2016071580","","2","0","0","0","0","0","0","0","0","1","0","","02","7","2016","6","40.326006","-79.793457","","11","0","0","0","0","1","1","0","0","","0","0","0","","","0","","2","","40 19:33.622","","0","79 47:36.446","0","0","0","0","2477","0","0","0","N","0","0","0","3","02477","0","","1.0","","1","N","N","","0","","0","0","1","","3","","","3","0","0","0","0","0","0","2","0","3","","","","N","","","","","","","","","",""
"2016071261","","0","0","0","0","0","0","0","0","0","8","0","","02","7","2016","5","40.400422","-80.064381","","11","0","0","0","0","0","1","0","0","","0","0","0","","","1","","0","","40 24:01.518","","7","80 03:51.770","8","0","0","0","2117","1","0","0","N","1","0","0","2","02117","0","","5.0","","9","N","N","","0","","0","0","1","","0","","","2","1","0","0","0","1","0","2","0","1","","","","N","","","","","","","","","",""
"2016070013","","2","0","0","0","0","0","0","0","0","5","0","","02","7","2016","4","40.435802","-79.954346","","11","0","0","0","0","0","0","0","0","3","0","0","0","","","0","","2","","40 26:08.887","2","0","79 57:15.645","0","0","0","0","2301","0","0","0","N","0","0","0","2","02506","0","","1.0","","1","N","N","","0","","0","0","0","","3","Y","","3","0","0","0","0","0","0","2","1","3","","","","N","","","","","","","","","",""
"2016071582","","3","0","0","0","0","0","0","0","0","1","0","","02","7","2016","6","40.536551","-80.184341","","11","0","0","0","0","0","0","0","0","2","0","0","0","","","0","","10","","40 32:11.582","3","3","80 11:03.626","0","0","0","0","2458","0","0","0","N","0","0","0","3","02458","0","","1.0","","1","N","N","","0","","0","0","0","","0","N","","3","0","0","0","0","0","0","2","0","3","","","","N","","","","","","","","","",""
"2016071263","","1","0","0","0","0","0","0","0","0","2","0","","02","7","2016","5","40.351741","-80.011492","","11","0","0","0","0","0","1","0","0","2","0","0","0","","","2","","1","","40 21:06.266","4","0","80 00:41.371","8","0","0","0","2476","0","0","0","N","0","0","0","2","02476","0","","1.0","","9","N","N","","1","","0","0","0","","2","Y","","2","2","0","0","0","2","0","2","0","2","","05","","N","","","","","","","","","",""
"2016071583","","1","0","0","0","0","0","0","0","0","1","0","","02","7","2016","2","40.403655","-79.909079","","11","0","0","0","0","0","0","0","0","2","0","0","0","","","1","","0","","40 24:13.159","2","0","79 54:32.684","4","0","0","0","2438","0","0","0","N","0","0","0","4","02438","1","","1.0","","9","N","N","","0","","0","0","1","","2","N","","2","1","0","0","0","0","0","2","0","2","","","","N","","","","","","","","","",""
"2016070083","","2","0","0","0","0","0","0","0","0","1","0","55","02","7","2016","1","40.53491","-80.272446","","11","0","0","0","0","0","0","0","0","","0","0","0","","","0","","0","","40 32:05.676","","0","80 16:20.806","0","0","0","0","2213","0","0","0","","0","0","0","3","68B03","0","","1.0","","1","N","N","","0","","0","0","0","","0","","","2","0","0","0","0","0","0","2","0","2","","","N","Y","4","1","N","N","N","N","N","N","Y",""
"2016070521","","1","0","0","0","0","0","0","0","0","7","0","","02","7","2016","3","40.328788","-79.797283","","11","0","0","0","0","0","0","1","0","1","0","0","0","","","0","","0","","40 19:43.637","6","0","79 47:50.218","0","0","0","0","2477","0","0","0","N","0","0","0","1","02477","0","","2.0","","1","N","N","","0","","0","0","0","","0","N","","1","0","0","0","0","0","0","2","0","1","","","","N","","","","","","","","","",""
"2016070016","","1","0","0","0","0","0","0","0","0","1","1","","02","7","2016","3","40.338708","-79.851722","","11","0","0","0","0","0","1","0","0","","0","1","0","","","0","","0","","40 20:19.350","","0","79 51:06.200","0","0","0","0","2473","0","0","0","N","0","0","0","2","02473","0","","1.0","","1","N","N","","0","","0","0","0","","0","","","2","0","0","0","0","0","0","2","0","2","","","","N","","","","","","","","","",""
"2016070084","","1","0","0","0","0","0","0","0","0","1","0","","02","7","2016","2","40.519922","-80.062168","","11","0","0","0","1","0","1","0","0","","0","0","0","","","1","","0","","40 31:11.718","","0","80 03:43.806","4","0","0","0","2116","0","0","0","","0","0","0","2","68B03","1","","1.0","","1","N","N","","0","","0","0","1","","0","","","2","1","0","0","0","0","0","2","0","2","","","","N","","","","","","","","","",""
"2016069839","","1","0","0","0","0","0","0","0","0","4","0","","02","7","2016","7","40.486826","-79.915647","","11","0","0","0","0","0","1","0","0","1","0","0","0","","","0","","6","","40 29:12.574","4","8","79 54:56.328","0","0","0","0","2301","0","0","0","N","0","0","0","2","02301","0","","1.0","","1","N","N","","0","","0","0","1","","0","N","","2","0","0","0","0","0","0","2","0","2","","","","N","","","","","","","","","",""
"2016070602","","1","0","0","0","0","0","0","0","0","4","0","","02","7","2016","2","40.545007","-79.838081","","11","0","0","0","0","0","1","1","0","1","0","0","0","","","2","","2","","40 32:42.026","4","2","79 50:17.093","3","0","0","0","2208","0","0","0","N","0","0","0","2","02208","0","","1.0","","1","N","N","","0","","2","0","1","","2","N","","2","2","0","0","0","0","0","2","0","2","","","","N","","","","","","","","","",""
"2016070000","","1","0","0","0","0","0","0","0","0","0","0","","02","7","2016","3","40.382998","-79.875243","","11","0","0","0","0","0","0","0","0","1","0","0","0","","","0","","0","","40 22:58.791","6","7","79 52:30.873","0","0","0","0","2473","0","0","0","N","0","0","0","1","02473","0","","1.0","","1","N","N","","0","","0","0","0","","3","Y","","1","0","0","0","0","0","0","2","0","1","","","","N","","","","","","","","","",""
"2016070018","","1","0","0","0","0","0","0","0","0","7","0","","02","7","2016","2","40.393718","-79.83654","","11","0","0","0","0","0","0","0","0","1","0","0","0","","","0","","0","","40 23:37.385","3","0","79 50:11.544","0","0","0","0","2111","0","0","0","N","0","0","0","1","02111","0","","2.0","","1","N","N","","0","","0","0","0","","0","N","","1","0","0","0","0","0","0","2","0","1","","","","N","","","","","","","","","",""
"2016070087","","2","0","0","0","0","0","0","0","0","1","0","","02","7","2016","2","40.381602","-80.058943","","11","0","0","0","0","0","0","1","0","1","0","0","0","","","0","","2","","40 22:53.767","4","0","80 03:32.194","0","0","0","0","2109","0","0","0","","0","0","0","3","02109","0","","1.0","","1","N","N","","0","","0","0","0","","0","N","","2","0","0","0","0","0","0","2","0","2","","","","N","","","","","","","","","",""
"2016071268","","2","0","0","0","0","0","0","0","0","4","0","","02","7","2016","5","40.419547","-79.904256","","11","0","0","0","0","0","1","0","0","","0","0","0","","","0","","1","","40 25:10.369","","0","79 54:15.321","0","0","0","0","2301","0","0","0","N","0","0","0","2","02301","0","","1.0","","1","N","N","","1","","0","0","0","","3","","","3","0","0","0","0","0","0","2","0","3","","","","N","","","","","","","","","",""
"2016072103","","1","0","0","0","0","0","0","0","0","4","0","","02","7","2016","7","40.384433","-80.055512","","11","0","0","0","0","0","2","0","0","1","0","0","0","","","0","","2","","40 23:03.958","6","0","80 03:19.843","0","0","0","0","2109","0","0","0","","0","0","0","3","02109","0","","1.0","","1","N","N","","0","","0","0","1","","0","N","","2","0","0","0","0","0","0","2","0","2","","","","N","","","","","","","","","",""
"2016072155","","1","0","0","0","0","0","0","0","0","4","0","","02","7","2016","1","40.449154","-79.901323","","11","0","0","0","0","0","0","1","0","1","0","0","0","","","2","","2","","40 26:56.954","4","0","79 54:04.762","3","0","0","0","2301","0","0","0","N","0","0","0","2","02301","0","","1.0","","1","N","N","","0","","2","0","1","","2","Y","","2","2","0","0","0","0","0","2","0","2","","","","N","","","","","","","","","",""
"2016070088","","1","0","0","0","0","0","0","0","0","7","0","","02","7","2016","3","40.5092","-80.238201","","11","0","0","0","0","0","0","1","0","","0","0","0","","","1","","0","","40 30:33.119","","0","80 14:17.524","8","0","0","0","2213","0","0","0","","0","0","0","1","02213","0","","5.0","","1","N","N","","0","","0","0","0","","0","","","1","1","0","0","0","1","0","2","0","1","","","","N","","","","","","","","","",""
"2016071269","","3","0","0","0","0","0","0","0","0","5","0","","02","7","2016","7","40.404072","-79.905035","","11","0","0","0","0","0","1","0","0","","0","0","0","","","0","","0","","40 24:14.658","","0","79 54:18.126","0","0","0","0","2438","0","0","0","N","0","0","0","2","02438","0","","6.0","","1","N","N","","0","","0","0","0","","0","","","3","0","0","0","0","0","0","2","0","3","","","","N","","","","","","","","","",""
"2016072104","","1","0","0","0","0","0","0","0","0","1","0","","02","7","2016","7","40.355201","-80.050178","","11","0","0","0","0","0","1","0","0","","0","0","0","","","2","","1","","40 21:18.723","","0","80 03:00.639","4","0","0","0","2109","0","0","0","","0","0","0","3","02109","2","","1.0","","1","N","N","","0","","0","0","1","","2","","","2","2","0","0","0","0","0","2","0","2","","","","N","","","","","","","","","",""
"2016070004","","3","0","0","0","0","0","0","0","0","5","0","","02","7","2016","2","40.489528","-80.108333","","11","0","0","0","0","0","0","0","0","1","0","0","0","","","0","","0","","40 29:22.300","4","0","80 06:30.000","0","0","0","0","2126","0","0","0","N","0","0","0","2","02126","0","","2.0","","1","N","N","","0","","0","0","0","","0","N","","3","0","0","0","0","0","0","2","0","3","","","","N","","","","","","","","","",""
"2016070020","","1","0","0","0","0","0","0","0","0","7","0","","02","7","2016","2","40.448227","-79.986908","","11","0","0","0","0","0","0","0","0","","0","0","0","","","0","","2","","40 26:53.617","","0","79 59:12.868","9","0","0","0","2301","0","0","0","N","0","0","0","1","02301","0","","5.0","","1","N","N","","0","","0","0","0","","2","","","1","0","0","0","0","0","1","2","0","1","","","","N","","","","","","","","","",""
"2016070766","","3","0","0","0","0","0","0","0","0","1","0","","02","6","2016","4","40.375334","-80.102666","","11","0","0","0","0","0","0","0","0","","0","0","0","","","1","","0","","40 22:31.204","","0","80 06:09.597","3","0","0","0","2102","0","0","0","","0","0","0","4","68B03","0","","1.0","","1","N","N","","0","","1","0","0","","0","","","3","1","0","0","0","0","0","2","0","3","","","","N","","","","","","","","","",""
"2016071271","","0","0","0","0","0","0","0","0","0","7","0","","02","7","2016","5","40.481452","-79.91897","","11","0","0","0","0","0","1","0","0","1","0","0","0","","","0","","10","","40 28:53.227","2","0","79 55:08.292","0","0","0","0","2301","0","0","0","N","0","0","0","1","02301","0","","4.0","","9","N","N","","1","","0","0","0","","0","Y","","1","0","0","0","0","0","0","2","0","1","","","","N","","","","","","","","","",""
"2016070005","","1","0","0","0","0","0","0","0","0","7","0","","02","7","2016","2","40.339615","-79.908111","","11","0","0","0","0","0","0","0","0","1","0","0","0","","","2","","0","","40 20:22.615","6","0","79 54:29.199","8","0","0","0","2473","0","0","0","N","0","0","0","5","02473","0","","4.0","","1","N","N","","0","","0","0","0","","0","Y","","1","2","5","0","0","2","0","2","0","1","","","","N","","","","","","","","","",""
"2016071508","","2","0","0","0","0","0","0","0","0","1","0","","02","7","2016","6","40.274654","-79.89346","","11","0","0","0","0","0","0","0","0","","0","0","0","","","0","","6","","40 16:28.755","","2","79 53:36.455","0","0","0","0","2471","0","0","0","N","0","0","0","2","02440","0","","1.0","","9","N","N","","0","","0","0","0","","3","","","2","0","0","0","0","0","0","2","0","2","","","","N","","","","","","","","","",""
"2016072161","","2","0","0","0","0","0","0","0","0","4","0","","02","7","2016","1","40.447425","-79.942471","","11","0","0","0","0","0","0","0","0","1","0","0","0","","","0","","1","","40 26:50.730","3","0","79 56:32.895","0","0","0","0","2301","0","0","0","N","0","0","0","2","02301","0","","1.0","","1","N","N","","0","","0","0","0","","2","N","","2","0","0","0","0","0","0","2","0","2","","","","N","","","","","","","","","",""
"2016070549","","1","0","0","0","0","0","0","0","0","4","0","","02","7","2016","3","40.608463","-80.052637","","11","0","0","0","0","0","0","0","1","1","0","0","0","","","2","","0","","40 36:30.468","1","7","80 03:09.493","8","0","0","0","2108","0","0","0","","0","0","0","2","02108","0","","1.0","","1","N","N","","0","","0","0","1","","0","N","","2","2","0","0","0","2","0","2","0","2","","","","N","","","","","","","","","",""
"2016072295","","1","0","0","0","0","0","0","0","0","1","0","","02","7","2016","2","40.427565","-80.030185","","11","0","0","0","0","0","0","0","0","","0","0","0","","","0","","6","","40 25:39.234","","2","80 01:48.665","0","0","0","0","2301","0","0","0","N","0","0","0","2","02301","0","","1.0","","9","N","N","","1","","0","0","0","","4","","","2","0","0","0","0","0","0","2","0","2","","","","N","","","","","","","","","",""
"2016070705","","2","0","0","0","0","0","0","0","0","1","0","","02","5","2016","4","40.426267","-79.915057","","11","0","0","0","0","0","0","0","0","1","0","0","0","","","0","","0","","40 25:34.562","3","4","79 54:54.205","0","0","0","0","2301","0","0","0","","0","0","0","8","68B03","0","","1.0","","1","N","N","","0","","0","0","2","","0","N","","4","0","0","0","0","0","0","2","0","4","","","","N","","","","","","","","","",""
"2016071593","","1","0","0","0","0","0","0","0","0","7","0","","02","7","2016","5","40.61125","-79.894704","","11","0","0","0","0","0","0","1","0","3","0","0","0","","","1","","3","","40 36:40.500","6","0","79 53:40.936","2","0","0","0","2220","0","0","0","Y","0","0","0","1","02220","0","","2.0","","1","N","N","","0","","0","1","0","","0","Y","","1","1","0","0","0","0","0","1","0","1","","","","N","","","","","","","","","",""
"2016070550","","1","0","0","0","0","0","0","0","0","4","0","","02","7","2016","6","40.449186","-80.141272","","11","0","0","0","0","0","0","1","0","","0","0","0","","","0","","0","","40 26:57.070","","0","80 08:28.578","0","0","0","0","2115","0","0","0","","0","0","0","4","02115","0","","1.0","","1","N","N","","0","","0","0","1","","0","","","2","0","0","0","0","0","0","2","0","2","","","","N","","","","","","","","","",""
"2016071343","","1","0","0","0","0","0","0","0","0","1","0","","02","6","2016","6","40.518377","-80.163631","","11","0","0","0","0","0","0","0","0","1","0","0","0","","","0","","0","","40 31:06.158","3","0","80 09:49.073","0","0","0","0","2420","0","0","0","","0","0","0","2","02420","0","","1.0","","1","N","N","","1","","0","0","0","","0","N","","2","0","0","0","0","0","0","2","0","2","","","","N","","","","","","","","","",""
"2016070706","","1","0","0","0","0","0","0","0","0","4","1","","02","5","2016","5","40.442593","-79.818266","","11","0","0","0","0","0","0","0","0","","0","1","0","","","1","","0","","40 26:33.334","","0","79 49:05.757","8","0","0","0","2124","0","0","0","","0","0","0","2","68B03","0","","1.0","","1","N","N","","0","","0","0","0","","0","","","2","1","0","0","0","1","0","2","0","2","","","","N","","","","","","","","","",""
"2016070532","","0","0","0","0","0","0","0","0","0","4","0","","02","6","2016","3","40.366726","-79.984329","","11","0","0","0","0","0","0","0","0","","0","0","0","","","1","","2","","40 22:00.213","","0","79 59:03.583","8","0","0","0","2413","0","0","0","N","0","0","0","3","02413","0","","1.0","","1","N","N","","1","","0","0","1","","3","","","2","1","0","0","0","1","0","2","0","2","","","","N","","","","","","","","","",""
"2016070551","","0","0","0","0","0","0","0","0","0","7","0","","02","6","2016","4","40.295527","-80.036404","","11","0","0","0","0","0","1","0","0","2","0","0","0","","","0","","0","","40 17:43.896","6","0","80 02:11.053","9","0","0","0","2407","0","0","0","","0","0","0","1","02407","0","","4.0","","1","N","N","","1","","0","0","0","","0","N","","1","0","0","0","0","0","1","2","0","1","","","","N","","","","","","","","","",""
"2016072297","","1","0","0","0","0","0","0","0","0","1","0","","02","7","2016","2","40.44604","-79.827954","","11","0","0","0","0","1","1","0","0","","0","0","0","","","0","","0","","40 26:45.744","","0","79 49:40.633","0","0","0","0","2113","0","0","0","N","0","0","0","2","02113","0","","1.0","","9","N","N","","1","","0","0","0","","2","","","2","0","0","0","0","0","0","2","0","2","","","","N","","","","","","","","","",""
"2016070707","","3","0","0","0","0","0","0","0","0","1","0","","02","6","2016","5","40.337709","-80.133491","","11","0","0","0","0","0","0","0","0","","0","0","0","","","1","","0","","40 20:15.752","","0","80 08:00.567","3","0","0","0","2119","0","0","0","","0","0","0","4","68B03","0","","1.0","","1","N","N","","0","","1","0","0","","0","","","3","1","0","0","0","0","0","2","0","3","","","","N","","","","","","","","","",""
"2016072165","","0","0","0","0","0","0","0","0","0","1","0","","02","7","2016","1","40.618296","-79.904835","","11","0","0","0","0","0","0","0","0","","0","0","0","","","0","","2","","40 37:05.866","","0","79 54:17.406","0","0","0","0","2220","0","0","0","N","0","0","0","2","02220","0","","1.0","","1","N","N","","2","","0","0","0","","0","","","2","0","0","0","0","0","0","2","0","2","","","","N","","","","","","","","","",""
"2016072357","","1","0","0","0","0","0","0","0","0","7","0","","02","7","2016","3","40.371059","-80.122137","","11","0","0","0","0","0","0","0","0","2","0","0","0","","","0","","0","","40 22:15.812","2","0","80 07:19.694","0","0","0","0","2119","0","0","0","N","0","0","0","1","02119","0","","2.0","","1","N","N","","0","","0","0","0","","0","N","","1","0","0","0","0","0","0","2","0","1","","","","N","","","","","","","","","",""
"2016070552","","0","0","0","0","0","0","0","0","0","7","0","","02","6","2016","2","40.32507","-80.051961","","11","0","0","0","0","0","0","0","0","","0","0","0","","","0","","0","","40 19:30.253","","0","80 03:07.061","0","0","0","0","2407","0","0","0","","0","0","0","1","02407","0","","5.0","","1","N","N","","0","","0","0","0","","0","","","1","0","0","0","0","0","0","2","1","1","","","","N","","","","","","","","","",""
"2016070029","","1","0","0","0","0","0","0","0","0","1","0","","02","7","2016","3","40.451989","-79.891673","","11","0","0","0","1","0","0","0","0","","0","0","0","","","1","","1","","40 27:07.160","","0","79 53:30.022","3","0","0","0","2301","0","0","0","N","0","0","0","3","02301","0","","1.0","","1","N","N","","0","","1","0","1","","3","","","2","1","0","0","0","0","0","2","0","2","","","","N","","","","","","","","","",""
"2016070553","","3","0","0","0","0","0","0","0","0","1","0","","02","6","2016","2","40.311086","-80.03299","","11","0","0","0","1","1","0","0","0","1","0","0","0","","","0","","2","","40 18:39.908","1","0","80 01:58.763","0","0","0","0","2407","0","0","0","","0","0","0","3","02407","0","","1.0","","1","N","N","","0","","0","0","0","","2","N","","3","0","0","0","0","0","0","2","0","3","","","","N","","","","","","","","","",""
"2016071438","","2","0","0","0","0","0","0","0","0","1","0","","02","7","2016","6","40.461207","-79.920834","","11","0","0","0","0","0","1","0","1","1","0","0","0","","","1","","2","","40 27:40.345","1","0","79 55:15.002","4","0","0","0","2301","0","0","0","N","0","0","0","3","02301","1","","1.0","","1","N","N","","0","","0","0","0","","2","N","","2","1","0","0","0","0","0","2","0","2","","","","N","","","","","","","","","",""
"2016070030","","1","0","0","0","0","0","0","0","0","7","0","","02","7","2016","2","40.371838","-79.843671","","11","0","0","0","0","0","0","0","0","1","0","0","0","","","1","","1","","40 22:18.618","2","0","79 50:37.217","8","0","0","0","2303","0","0","0","N","0","0","0","1","02303","0","","2.0","","1","N","N","","0","","0","0","0","","2","N","","1","1","0","0","0","1","0","2","0","1","","","","N","","","","","","","","","",""
"2016071599","","1","0","0","0","0","0","0","0","0","4","0","","02","7","2016","7","40.398327","-80.026313","","11","0","0","0","0","0","0","0","0","2","0","0","0","","","2","","1","","40 23:53.978","1","0","80 01:34.725","8","0","0","0","2301","0","0","0","N","0","0","0","3","02301","0","","1.0","","1","N","N","","0","","0","0","1","","2","N","","2","2","1","0","0","2","0","2","0","2","","","","N","","","","","","","","","",""
"2016070097","","2","0","0","0","0","0","0","0","0","7","0","","02","6","2016","2","40.569216","-79.796704","","11","0","0","0","0","0","1","0","0","1","0","0","0","","","0","","0","","40 34:09.177","2","0","79 47:48.136","0","0","0","0","2206","0","0","0","","0","0","0","2","68D02","0","","4.0","","1","N","N","","0","","0","0","0","","0","Y","","2","0","0","0","0","0","0","2","0","2","","","","N","","","","","","","","","",""
"2016072301","","2","0","0","0","0","0","0","0","0","6","0","","02","7","2016","6","40.372025","-79.859029","","11","0","0","0","0","0","0","0","0","","0","0","0","","","0","","0","","40 22:19.289","","0","79 51:32.506","0","0","0","0","2473","0","0","0","N","0","0","0","1","02473","0","","4.0","","1","N","N","","0","","0","0","0","","0","","","2","0","0","0","0","0","0","2","0","2","","","","N","","","","","","","","","",""
"2016069953","","1","0","0","0","0","0","0","0","0","7","0","","02","7","2016","2","40.598014","-79.919912","","11","0","0","0","0","0","0","0","0","3","0","0","0","","","0","","0","","40 35:52.850","4","0","79 55:11.682","0","0","0","0","2207","0","0","0","","0","0","0","1","68T02","0","","4.0","","9","N","N","","0","","0","0","0","","0","N","","1","0","0","0","0","0","0","1","0","1","","","","N","","","","","","","","","",""
"2016071527","","1","0","0","0","0","0","0","0","0","7","0","","02","6","2016","5","40.587525","-80.100046","","11","0","0","0","0","0","0","0","0","","0","0","0","","","0","","0","","40 35:15.090","","0","80 06:00.164","0","0","0","0","2481","0","0","0","","0","0","0","1","68B03","0","","2.0","","9","N","N","","0","","0","0","0","","0","","","1","0","0","0","0","0","0","2","0","1","","","","N","","","","","","","","","",""
"2016072171","","0","0","0","0","0","0","0","0","0","7","0","","02","6","2016","3","40.559543","-79.772323","","11","0","0","1","0","0","0","0","0","1","0","0","0","","","1","","0","","40 33:34.356","1","0","79 46:20.362","4","0","0","0","2121","0","0","0","N","0","0","0","1","02121","1","","5.0","","1","N","N","","1","","0","0","0","","0","N","","1","1","0","0","0","0","0","1","0","1","","","","N","","","","","","","","","",""
"2016072302","","1","0","0","0","0","0","0","0","0","7","0","","02","7","2016","2","40.667397","-80.103122","","11","0","0","0","0","0","0","0","0","","0","0","0","","","0","","0","","40 40:02.628","","0","80 06:11.239","0","0","0","0","2212","0","0","0","N","0","0","0","1","02505","0","","4.0","","9","N","N","","0","","0","0","0","","0","","","1","0","0","0","0","0","0","2","0","1","","","","N","","","","","","","","","",""
"2016025687","","1","0","0","0","0","0","0","0","0","4","0","","02","3","2016","1","40.466797","-79.873281","","11","0","0","0","0","0","0","0","1","2","0","0","0","","","0","","2","","40 28:00.469","3","0","79 52:23.811","0","0","0","0","2113","0","0","0","N","0","0","0","2","02113","0","","1.0","","1","N","N","","0","","0","0","0","","2","N","","2","0","0","0","0","0","0","2","1","2","","","","N","","","","","","","","","",""
"2016025688","","1","0","0","0","0","0","0","0","0","4","0","","02","3","2016","7","40.456922","-79.894133","","11","0","0","0","0","0","1","0","0","1","0","0","0","","","2","","2","","40 27:24.919","5","0","79 53:38.878","3","0","0","0","2301","0","0","0","N","0","0","0","2","02301","0","","1.0","","1","N","N","","1","","1","0","0","","3","Y","","2","2","0","0","0","1","0","2","0","2","","","","N","","","","","","","","","",""
"2016071282","","1","0","0","0","0","0","0","0","0","4","0","","02","6","2016","6","40.409313","-79.916573","","11","0","0","1","1","0","0","0","0","3","0","0","0","","","0","","2","","40 24:33.526","4","0","79 54:59.662","9","0","0","0","2438","0","0","0","N","0","0","0","4","02438","0","","1.0","","9","N","N","","0","","0","0","1","","3","N","","2","0","0","0","0","0","1","2","0","2","","","","N","","","","","","","","","",""
"2016071604","","2","0","0","0","0","0","0","0","0","2","0","25","02","7","2016","7","40.392639","-79.933805","","11","0","0","0","0","0","0","0","0","1","0","0","0","","","0","","0","","40 23:33.501","4","0","79 56:01.698","9","0","0","0","2301","0","0","0","N","0","0","0","2","02301","0","","1.0","","1","N","N","","0","","0","0","0","","0","N","","2","0","1","0","0","0","1","2","0","2","","","N","Y","4","1","","","N","","","","Y",""
"2016071283","","1","0","0","0","0","0","0","0","0","1","0","","02","7","2016","6","40.396242","-79.998126","","11","0","0","0","0","1","0","0","0","","0","0","0","","","1","","1","","40 23:46.470","","0","79 59:53.254","8","0","0","0","2301","0","0","0","N","0","0","0","3","02301","0","","1.0","","1","N","N","","0","","0","0","1","","2","","","2","1","0","0","0","1","0","2","0","2","","","","N","","","","","","","","","",""
"2016070544","","2","0","0","0","0","0","0","0","0","2","0","","02","7","2016","1","40.542925","-80.192003","","11","0","0","0","0","0","1","0","0","1","0","0","0","","","1","","0","","40 32:34.530","2","7","80 11:31.211","8","0","0","0","2427","0","0","0","N","0","0","0","2","02427","0","","1.0","","1","N","N","","0","","0","0","0","","0","N","","2","1","1","0","0","1","1","2","0","2","","","","N","","","","","","","","","",""
"2016069957","","1","0","0","0","0","0","0","0","0","7","0","","02","7","2016","2","40.395217","-80.017561","","11","0","0","0","0","0","0","0","0","","0","0","0","","","0","","0","","40 23:42.781","","0","80 01:03.219","0","0","0","0","2301","0","0","0","N","0","0","0","0","02301","0","","5.0","","1","N","N","","0","","0","0","0","","0","","","1","0","0","0","0","0","0","2","0","1","","","","N","","","","","","","","","",""
"2016072175","","1","0","0","0","0","0","0","0","0","7","0","","02","7","2016","1","40.414656","-80.043575","","11","0","0","0","1","0","0","0","0","","0","0","0","","","0","","0","","40 24:52.760","","0","80 02:36.870","0","0","0","0","2301","0","0","0","N","0","0","0","2","02301","0","","4.0","","1","N","N","","0","","0","0","0","","0","","","1","0","0","0","0","0","0","2","0","1","","","","N","","","","","","","","","",""
"2016072176","","1","0","0","0","0","0","0","0","0","7","0","","02","7","2016","1","40.398611","-80.076139","","11","0","0","0","0","0","1","0","0","1","0","0","0","","","1","","0","","40 23:55.000","2","0","80 04:34.100","3","0","0","0","2117","0","0","0","N","0","0","0","1","02117","0","","5.0","","1","N","N","","0","","1","0","0","","0","N","","1","1","0","0","0","0","0","2","0","1","","","","N","","","","","","","","","",""