"CRN","ARRIVAL_TM","AUTOMOBILE_COUNT","BELTED_DEATH_COUNT","BELTED_SUSP_SERIOUS_INJ_COUNT","BICYCLE_COUNT","BICYCLE_DEATH_COUNT","BICYCLE_SUSP_SERIOUS_INJ_COUNT","BUS_COUNT","CHLDPAS_DEATH_COUNT","CHLDPAS_SUSP_SERIOUS_INJ_COUNT","COLLISION_TYPE","COMM_VEH_COUNT","CONS_ZONE_SPD_LIM","COUNTY","CRASH_MONTH","CRASH_YEAR","DAY_OF_WEEK","DEC_LATITUDE","DEC_LONGITUDE","DISPATCH_TM","DISTRICT","DRIVER_COUNT_16YR","DRIVER_COUNT_17YR","DRIVER_COUNT_18YR","DRIVER_COUNT_19YR","DRIVER_COUNT_20YR","DRIVER_COUNT_50_64YR","DRIVER_COUNT_65_74YR","DRIVER_COUNT_75PLUS","EST_HRS_CLOSED","FATAL_COUNT","HEAVY_TRUCK_COUNT","HORSE_BUGGY_COUNT","HOUR_OF_DAY","ILLUMINATION","INJURY_COUNT","INTERSECTION_RELATED","INTERSECT_TYPE","LANE_CLOSED","LATITUDE","LN_CLOSE_DIR","LOCATION_TYPE","LONGITUDE","MAX_SEVERITY_LEVEL","MCYCLE_DEATH_COUNT","MCYCLE_SUSP_SERIOUS_INJ_COUNT","MOTORCYCLE_COUNT","MUNICIPALITY","NONMOTR_COUNT","NONMOTR_DEATH_COUNT","NONMOTR_SUSP_SERIOUS_INJ_COUNT","NTFY_HIWY_MAINT","PED_COUNT","PED_DEATH_COUNT","PED_SUSP_SERIOUS_INJ_COUNT","PERSON_COUNT","POLICE_AGCY","POSSIBLE_INJ_COUNT","RDWY_SURF_TYPE_CD","RELATION_TO_ROAD","ROADWAY_CLEARED","ROAD_CONDITION","SCH_BUS_IND","SCH_ZONE_IND","SECONDARY_CRASH","SMALL_TRUCK_COUNT","SPEC_JURIS_CD","SUSP_MINOR_INJ_COUNT","SUSP_SERIOUS_INJ_COUNT","SUV_COUNT","TCD_FUNC_CD","TCD_TYPE","TFC_DETOUR_IND","TIME_OF_DAY","TOTAL_UNITS","TOT_INJ_COUNT","UNBELTED_OCC_COUNT","UNB_DEATH_COUNT","UNB_SUSP_SERIOUS_INJ_COUNT","UNK_INJ_DEG_COUNT","UNK_INJ_PER_COUNT","URBAN_RURAL","VAN_COUNT","VEHICLE_COUNT","WEATHER1","WEATHER2","WORKERS_PRES","WORK_ZONE_IND","WORK_ZONE_LOC","WORK_ZONE_TYPE","WZ_CLOSE_DETOUR","WZ_FLAGGER","WZ_LAW_OFFCR_IND","WZ_LN_CLOSURE","WZ_MOVING","WZ_OTHER","WZ_SHLDER_MDN","WZ_WORKERS_INJ_KILLED"
"2016056695","","2","0","0","0","0","0","0","0","0","1","0","","02","5","2016","7","40.403945","-79.8828","","11","0","0","0","0","0","0","0","0","1","0","0","0","","","1","","0","","40 24:14.203","1","0","79 52:58.080","8","0","0","0","2475","0","0","0","N","0","0","0","8","02475","0","","1.0","","1","N","N","","0","","0","0","1","","0","N","","3","1","0","0","0","1","1","2","0","3","","","","N","","","","","","","","","",""
"2016070252","","1","0","0","0","0","0","0","0","0","1","0","","02","7","2016","3","40.318531","-79.899239","","11","0","0","0","0","0","0","1","0","2","0","0","0","","","1","","1","","40 19:06.710","2","0","79 53:57.260","8","0","0","0","2440","0","0","0","N","0","0","0","2","02440","0","","1.0","","1","N","N","","0","","0","0","1","","2","Y","","2","1","0","0","0","1","0","2","0","2","","","","N","","","","","","","","","",""
"2016069707","","3","0","0","0","0","0","0","0","0","6","0","","02","7","2016","1","40.44262","-80.052829","","11","0","0","0","0","0","1","0","0","","0","0","0","","","1","","0","","40 26:33.432","","0","80 03:10.184","3","0","0","0","2301","0","0","0","N","0","0","0","1","02301","0","","1.0","","1","N","N","","0","","1","0","0","","0","","","3","1","1","0","0","0","0","2","0","3","","","","N","","","","","","","","","",""
"2016071642","","1","0","0","0","0","0","0","0","0","1","0","","02","7","2016","7","40.424203","-80.111154","","11","0","0","0","0","0","0","0","0","","0","0","0","","","1","","0","","40 25:27.131","","2","80 06:40.154","8","0","0","0","2115","0","0","0","","0","0","0","4","68B03","0","","1.0","","1","N","N","","0","","0","0","1","","0","","","2","1","0","0","0","1","0","2","0","2","","","","N","","","","","","","","","",""
"2016072507","","0","0","0","0","0","0","0","0","0","7","0","","02","7","2016","2","40.481997","-79.94055","","11","0","0","0","0","0","0","0","0","2","0","0","0","","","0","","1","","40 28:55.189","1","0","79 56:25.980","0","0","0","0","2301","0","0","0","N","0","0","0","1","02301","0","","2.0","","1","N","N","","0","","0","0","1","","0","N","","1","0","0","0","0","0","0","2","0","1","","","","N","","","","","","","","","",""
"2016071726","","2","0","0","0","0","0","0","0","0","4","0","","02","7","2016","7","40.347703","-79.996067","","11","0","0","0","1","0","0","0","1","","0","0","0","","","1","","1","","40 20:51.730","","0","79 59:45.841","4","0","0","0","2403","0","0","0","N","0","0","0","2","02403","1","","1.0","","1","N","N","","0","","0","0","0","","3","","","2","1","0","0","0","0","0","2","0","2","","","","N","","","","","","","","","",""
"2016071877","","1","0","0","0","0","0","0","0","0","7","0","","02","7","2016","7","40.438058","-80.067859","","11","0","0","0","0","0","0","0","0","1","0","0","0","","","1","","0","","40 26:17.008","3","0","80 04:04.291","4","0","0","0","2421","0","0","0","N","0","0","0","1","02421","1","","4.0","","1","N","N","","0","","0","0","0","","0","Y","","1","1","0","0","0","0","0","2","0","1","","","","N","","","","","","","","","",""
"2016071643","","1","0","0","0","0","0","0","0","0","1","0","55","02","7","2016","7","40.421158","-80.044632","","11","0","0","0","0","0","0","0","0","","0","0","0","","","2","","0","","40 25:16.168","","0","80 02:40.676","3","0","0","0","2435","0","0","0","","0","0","0","3","68B03","0","","1.0","","1","N","N","","0","","2","0","0","","0","","","2","2","0","0","0","0","1","2","0","2","","","Y","Y","4","1","N","N","N","N","Y","N","Y",""
"2016071644","","0","0","0","0","0","0","0","0","0","99","1","","02","7","2016","7","40.524297","-80.071025","","11","0","0","0","0","0","0","0","0","","0","1","0","","","1","","2","","40 31:27.468","","2","80 04:15.691","3","0","0","0","2215","0","0","0","","0","0","0","1","68B03","0","","1.0","","1","N","N","","0","","1","0","0","","0","","","1","1","0","0","0","0","0","2","0","1","","","","N","","","","","","","","","",""
"2016072510","","0","0","0","0","0","0","0","0","0","99","0","","02","7","2016","2","40.392456","-80.103965","","11","0","0","0","0","0","1","0","0","2","1","0","0","","","2","","2","","40 23:32.842","5","0","80 06:14.273","1","0","0","0","2102","0","0","0","Y","0","0","0","4","02102","2","2","1.0","","1","N","N","","0","0","0","0","2","","3","Y","","2","2","1","1","0","0","0","2","0","2","","","","N","","","","","","","","","",""
"2016071645","","1","0","0","0","0","0","0","0","0","7","0","","02","7","2016","1","40.638661","-80.097681","","11","0","0","0","0","0","0","0","0","","0","0","0","","","2","","0","","40 38:19.179","","0","80 05:51.651","2","0","0","0","2212","0","0","0","","0","0","0","2","68B03","0","","4.0","","1","N","N","","0","","0","1","1","","0","","","2","2","1","0","1","1","0","2","0","2","","","","N","","","","","","","","","",""
"2016071880","","0","0","0","0","0","0","0","0","0","4","0","","02","7","2016","6","40.526952","-79.816469","","11","0","0","0","0","0","0","0","0","1","0","0","0","","","1","","0","","40 31:37.028","5","0","79 48:59.290","8","0","0","0","2466","0","0","0","N","0","0","0","3","02466","0","","1.0","","1","N","N","","0","","0","0","2","","0","Y","","2","1","0","0","0","1","0","2","0","2","","","","N","","","","","","","","","",""
"2016070988","","2","0","0","0","0","0","0","0","0","1","0","","02","7","2016","5","40.470081","-80.060293","","11","0","0","0","0","0","0","0","0","1","0","0","0","","","0","","0","","40 28:12.292","2","0","80 03:37.055","0","0","0","0","2444","0","0","0","N","0","0","0","1","02444","0","","1.0","","1","N","N","","0","","0","0","0","","0","N","","2","0","0","0","0","0","0","2","0","2","","","","N","","","","","","","","","",""
"2016069556","","0","0","0","0","0","0","0","0","0","99","0","","02","6","2016","4","40.589166","-79.775339","","11","0","0","0","0","0","0","0","1","","0","0","0","","","0","","0","","40 35:20.999","","3","79 46:31.221","0","0","0","0","2104","0","0","0","","0","0","0","2","68D02","0","","1.0","","1","N","N","","0","","0","0","1","","0","","","1","0","0","0","0","0","0","2","0","1","","","","N","","","","","","","","","",""
"2016071070","","2","0","0","0","0","0","0","0","0","4","0","","02","7","2016","5","40.476679","-79.788217","","11","0","0","0","0","0","0","1","0","1","0","0","0","","","1","","0","","40 28:36.045","6","7","79 47:17.582","8","0","0","0","2113","0","0","0","N","0","0","0","2","02113","0","","1.0","","1","N","N","","0","","0","0","0","","0","N","","2","1","1","0","0","1","0","2","0","2","","","","N","","","","","","","","","",""
"2016070830","","1","0","0","0","0","0","0","0","0","6","0","","02","7","2016","6","40.544051","-80.08161","","11","0","0","0","0","0","1","0","0","1","0","0","0","","","1","","0","","40 32:38.583","6","0","80 04:53.796","8","0","0","0","2215","0","0","0","N","0","0","0","2","02215","0","","1.0","","1","N","N","","0","","0","0","1","","0","N","","2","1","0","0","0","1","0","2","0","2","","","","N","","","","","","","","","",""
"2016071734","","2","0","0","0","0","0","0","0","0","4","0","","02","7","2016","7","40.423005","-79.936647","","11","0","0","0","0","0","1","0","1","","0","0","0","","","2","","2","","40 25:22.818","","0","79 56:11.929","3","0","0","0","2301","0","0","0","N","0","0","0","3","02301","0","","1.0","","1","N","N","","0","","2","0","0","","3","","","2","2","0","0","0","0","0","2","0","2","","","","N","","","","","","","","","",""
"2016070162","","1","0","0","0","0","0","0","0","0","7","0","","02","7","2016","3","40.613486","-80.090089","","11","0","0","0","0","0","1","0","0","","0","0","0","","","0","","0","","40 36:48.549","","0","80 05:24.320","0","0","0","0","2481","0","0","0","N","0","0","0","1","02481","0","","4.0","","1","N","N","","0","","0","0","0","","0","","","1","0","0","0","0","0","0","2","0","1","","","","N","","","","","","","","","",""
"2016071735","","0","0","0","0","0","0","0","0","0","1","0","","02","7","2016","7","40.578495","-79.953491","","11","0","0","0","0","0","0","0","0","2","0","0","0","","","0","","0","","40 34:42.581","2","0","79 57:12.568","0","0","0","0","2207","0","0","0","N","0","0","0","2","02207","0","","1.0","","1","N","N","","0","","0","0","2","","0","N","","2","0","0","0","0","0","0","2","0","2","","","","N","","","","","","","","","",""
"2016070414","","2","0","0","0","0","0","0","0","0","7","0","","02","7","2016","3","40.351027","-79.988323","","11","0","0","0","0","0","0","0","0","2","0","0","0","","","0","","0","","40 21:03.697","5","0","79 59:17.962","0","0","0","0","2476","0","0","0","N","0","0","0","1","02476","0","","5.0","","1","N","N","","0","","0","0","0","","0","Y","","2","0","0","0","0","0","0","2","0","2","","","","N","","","","","","","","","",""
"2016069717","","1","0","0","0","0","0","0","0","0","1","0","","02","6","2016","4","40.497245","-79.866435","","11","0","0","0","0","0","1","0","0","2","0","0","0","","","1","","0","","40 29:50.083","1","0","79 51:59.166","8","0","0","0","2112","0","0","0","","0","0","0","2","68D02","0","","1.0","","1","N","N","","0","","0","0","0","","0","N","","2","1","0","0","0","1","0","2","1","2","","","","N","","","","","","","","","",""
"2016071649","","2","0","0","0","0","0","0","0","0","1","0","","02","7","2016","3","40.411626","-80.075976","","11","0","0","0","0","0","0","0","0","","0","0","0","","","0","","6","","40 24:41.855","","2","80 04:33.513","0","0","0","0","2117","0","0","0","","0","0","0","2","68B03","0","","1.0","","1","N","N","","0","","0","0","0","","4","","","2","0","0","0","0","0","0","2","0","2","","","","N","","","","","","","","","",""
"2016070992","","2","0","0","0","0","0","0","0","0","2","0","","02","7","2016","2","40.634469","-80.058014","","11","0","0","0","0","0","1","0","1","2","0","0","0","","","2","","0","","40 38:04.089","3","0","80 03:28.850","3","0","0","0","2216","0","0","0","N","0","0","0","2","02505","1","","1.0","","1","N","N","","0","","1","0","0","","0","N","","2","2","0","0","0","0","0","2","0","2","","","","N","","","","","","","","","",""
"2016070336","","2","0","0","0","0","0","0","0","0","4","0","","02","6","2016","7","40.551128","-80.086792","","11","0","0","0","0","0","0","0","0","","0","0","0","","","0","","0","","40 33:04.059","","0","80 05:12.450","0","0","0","0","2215","0","0","0","","0","0","0","8","68B03","0","","1.0","","1","N","N","","0","","0","0","0","","0","","","2","0","1","0","0","0","0","2","0","2","","","","N","","","","","","","","","",""
"2016069718","","1","0","0","0","0","0","0","0","0","7","0","","02","6","2016","5","40.548524","-79.82354","","11","0","0","0","0","0","0","0","0","3","0","0","0","","","1","","0","","40 32:54.687","2","0","79 49:24.743","3","0","0","0","2208","0","0","0","","0","0","0","1","68D02","0","","2.0","","1","N","N","","0","","1","0","0","","0","N","","1","1","0","0","0","0","0","2","0","1","","","","N","","","","","","","","","",""
"2016070908","","2","0","0","0","0","0","0","0","0","1","0","","02","7","2016","7","40.445133","-80.009422","","11","0","0","0","0","0","1","0","0","1","0","0","0","","","0","","0","","40 26:42.477","1","3","80 00:33.920","0","0","0","0","2301","0","0","0","","0","0","0","4","68B03","0","","1.0","","1","N","N","","0","","0","0","0","","0","N","","2","0","0","0","0","0","0","2","0","2","","","","N","","","","","","","","","",""
"2016070180","","1","0","0","0","0","0","0","0","0","8","0","25","02","7","2016","2","40.454175","-79.996854","","11","0","0","0","0","0","0","0","0","","0","0","0","","","1","","1","","40 27:15.029","","3","79 59:48.676","8","0","0","0","2301","1","0","0","N","1","0","0","2","02301","0","","1.0","","1","N","N","","0","","0","0","0","","7","","","2","1","0","0","0","1","0","2","0","1","","","Y","Y","4","1","","Y","N","","","","",""
"2016070337","","2","0","0","0","0","0","0","0","0","5","0","","02","6","2016","1","40.481461","-80.007502","","11","0","0","0","0","0","0","0","0","2","0","0","0","","","3","","0","","40 28:53.260","2","0","80 00:27.008","3","0","0","0","2301","0","0","0","","0","0","0","3","68B03","0","","1.0","","1","N","N","","0","","1","0","0","","0","N","","2","3","0","0","0","2","0","2","0","2","","","","N","","","","","","","","","",""
"2016056707","","0","0","0","0","0","0","0","0","0","1","0","","02","5","2016","7","40.375486","-79.796663","","11","0","0","0","0","0","2","0","0","","0","0","0","","","2","","0","","40 22:31.750","","0","79 47:47.987","8","0","0","0","2111","0","0","0","N","0","0","0","4","02111","0","","1.0","","9","N","N","","0","","0","0","3","","0","","","4","2","0","0","0","2","0","2","0","3","","","","N","","","","","","","","","",""
"2016072518","","0","0","0","0","0","0","0","0","0","2","0","","02","7","2016","2","40.602819","-79.967258","","11","0","1","0","0","0","1","0","0","3","0","0","0","","","2","","2","","40 36:10.149","6","0","79 58:02.130","8","0","0","0","2207","0","0","0","N","0","0","0","2","02207","0","","1.0","","1","N","N","","1","","0","0","1","","3","Y","","2","2","1","0","0","2","0","2","0","2","","","","N","","","","","","","","","",""
"2016070165","","1","0","0","0","0","0","0","0","0","4","0","","02","7","2016","1","40.576876","-80.055876","","11","0","0","1","0","0","1","0","1","","0","0","0","","","0","","1","","40 34:36.753","","0","80 03:21.153","0","0","0","0","2108","0","0","0","","0","0","0","3","02108","0","","1.0","","1","N","N","","0","","0","0","1","","3","","","3","0","0","0","0","0","0","2","1","3","","","","N","","","","","","","","","",""
"2016071652","","1","0","0","0","0","0","0","0","0","1","0","","02","7","2016","6","40.505884","-79.858588","","11","0","0","0","0","0","0","0","0","","0","0","0","","","0","","0","","40 30:21.182","","0","79 51:30.917","0","0","0","0","2112","0","0","0","","0","0","0","2","68D02","0","","1.0","","1","N","N","","1","","0","0","0","","0","","","2","0","0","0","0","0","0","2","0","2","","","","N","","","","","","","","","",""
"2016072520","","1","0","0","0","0","0","0","0","0","1","1","","02","7","2016","2","40.401682","-80.000594","","11","0","0","0","0","0","0","1","0","1","0","1","0","","","3","","0","","40 24:06.056","2","0","80 00:02.139","4","0","0","0","2301","0","0","0","N","0","0","0","5","02301","3","","1.0","","1","N","N","","1","","0","0","0","","0","N","","3","3","0","0","0","0","0","2","0","3","","","","N","","","","","","","","","",""
"2016070166","","1","0","0","0","0","0","0","0","0","1","0","","02","6","2016","2","40.355718","-80.028176","","11","0","0","0","0","0","1","0","0","","0","0","0","","","1","","0","","40 21:20.585","","0","80 01:41.435","4","0","0","0","2407","0","0","0","N","0","0","0","4","02407","1","","1.0","","1","N","N","","1","","0","0","2","","0","","","4","1","0","0","0","0","1","2","0","4","","","","N","","","","","","","","","",""
"2016070995","","1","0","0","0","0","0","0","0","0","2","0","","02","7","2016","5","40.456919","-79.903331","","11","0","0","0","0","0","1","0","0","","0","0","0","","","0","","0","","40 27:24.908","","0","79 54:11.991","0","0","0","0","2301","0","0","0","N","0","0","0","2","02301","0","","1.0","","1","N","N","","1","","0","0","0","","3","","","2","0","0","0","0","0","0","2","0","2","","","","N","","","","","","","","","",""
"2016070167","","1","0","0","0","0","0","0","0","0","4","0","","02","7","2016","6","40.343817","-80.051251","","11","0","0","0","0","1","1","0","0","","0","0","0","","","2","","0","","40 20:37.740","","0","80 03:04.505","8","0","0","0","2407","0","0","0","N","0","0","0","2","02407","0","","1.0","","1","N","N","","0","","0","0","1","","3","","","2","2","0","0","0","2","0","2","0","2","","","","N","","","","","","","","","",""
"2016071743","","1","0","0","0","0","0","0","0","0","4","0","","02","7","2016","7","40.333537","-80.133396","","11","0","0","0","0","0","0","1","0","","0","0","0","","","1","","2","","40 20:00.732","","0","80 08:00.226","8","0","0","0","2119","0","0","0","N","0","0","0","2","02119","0","","1.0","","3","N","N","","0","","0","0","1","","3","","","2","1","0","0","0","1","0","2","0","2","","","","N","","","","","","","","","",""
"2016070327","","2","0","0","0","0","0","0","0","0","5","0","","02","6","2016","4","40.565789","-80.089654","","11","0","0","0","0","0","1","0","0","","0","0","0","","","1","","0","","40 33:56.841","","0","80 05:22.754","8","0","0","0","2481","0","0","0","","0","0","0","2","68B03","0","","1.0","","1","N","N","","0","","0","0","0","","0","","","2","1","0","0","0","1","0","2","0","2","","","","N","","","","","","","","","",""
"2016072523","","1","0","0","0","0","0","0","0","0","1","0","","02","7","2016","2","40.452882","-79.936813","","11","0","0","0","0","0","0","0","0","2","0","0","0","","","0","","0","","40 27:10.376","2","0","79 56:12.525","0","0","0","0","2301","0","0","0","N","0","0","0","3","02301","0","","1.0","","1","N","N","","0","","0","0","1","","0","N","","2","0","0","0","0","0","0","2","0","2","","","","N","","","","","","","","","",""
"2016071001","","1","0","0","0","0","0","0","0","0","8","0","","02","7","2016","3","40.460478","-79.922047","","11","0","0","0","0","0","0","0","0","1","0","0","0","","","1","","0","","40 27:37.720","5","0","79 55:19.368","2","0","0","0","2301","1","0","1","N","1","0","1","2","02301","0","","1.0","","1","N","N","","0","","0","1","0","","2","N","","2","1","0","0","0","0","0","2","0","1","","","","N","","","","","","","","","",""
"2016071002","","1","0","0","0","0","0","0","0","0","4","0","","02","7","2016","7","40.544776","-79.838578","","11","0","0","0","1","0","0","0","0","","0","0","0","","","0","","2","","40 32:41.192","","0","79 50:18.880","0","0","0","0","2208","0","0","0","N","0","0","0","4","02208","0","","1.0","","1","N","N","","0","","0","0","0","","2","","","2","0","0","0","0","0","0","2","1","2","","","","N","","","","","","","","","",""
"2016071913","","1","0","0","0","0","0","0","0","0","8","0","","02","7","2016","1","40.463471","-79.930682","","11","0","0","0","0","0","0","1","0","1","0","0","0","","","1","","2","","40 27:48.495","2","0","79 55:50.455","8","0","0","0","2301","1","0","0","N","1","0","0","2","02301","0","","1.0","","1","N","Y","","0","","0","0","0","","2","N","","2","1","0","0","0","1","0","2","0","1","","","","N","","","","","","","","","",""
"2016069649","","1","0","0","0","0","0","0","0","0","7","0","","02","7","2016","1","40.434872","-80.291497","","11","0","0","0","0","0","0","0","0","","0","0","0","","","1","","2","","40 26:05.540","","0","80 17:29.388","3","0","0","0","2203","0","0","0","Y","0","0","0","3","02203","0","","2.0","","1","N","N","","0","","1","0","0","","0","","","1","1","0","0","0","0","0","1","0","1","","","","N","","","","","","","","","",""
"2016070422","","1","0","1","0","0","0","0","0","0","7","0","","02","7","2016","3","40.496014","-80.007929","","11","0","0","0","0","0","0","0","0","","0","0","0","","","2","","1","","40 29:45.651","","0","80 00:28.545","2","0","0","0","2301","0","0","0","N","0","0","0","2","02301","0","","2.0","","1","N","N","","0","","1","1","0","","0","","","1","2","0","0","0","0","0","2","0","1","","","","N","","","","","","","","","",""
"2016071830","","2","0","0","0","0","0","0","0","0","1","0","","02","7","2016","7","40.434033","-79.957492","","11","0","0","0","0","0","0","0","0","1","0","0","0","","","1","","0","","40 26:02.517","1","0","79 57:26.971","3","0","0","0","2301","0","0","0","N","0","0","0","4","02301","0","","1.0","","1","N","N","","0","","1","0","0","","0","N","","2","1","0","0","0","0","0","2","0","2","","","","N","","","","","","","","","",""
"2016071166","","1","0","0","0","0","0","0","0","0","7","0","","02","7","2016","6","40.436544","-79.749555","","11","0","0","0","0","0","0","0","0","","0","0","0","","","0","","0","","40 26:11.558","","0","79 44:58.399","0","0","0","0","2446","0","0","0","","0","0","0","2","68T09","0","","4.0","","1","N","N","","0","","0","0","0","","0","","","1","0","0","0","0","0","0","2","0","1","","","","N","","","","","","","","","",""
"2016069652","","1","0","0","0","0","0","0","0","0","7","0","","02","7","2016","7","40.557251","-79.935975","","11","0","0","0","0","0","0","0","0","","0","0","0","","","0","","0","","40 33:26.103","","0","79 56:09.511","0","0","0","0","2207","0","0","0","N","0","0","0","1","02207","0","","4.0","","1","N","N","","0","","0","0","0","","3","","","1","0","0","0","0","0","0","2","0","1","","","","N","","","","","","","","","",""
"2016070424","","0","0","0","0","0","0","0","0","0","7","0","","02","6","2016","2","40.592098","-79.971013","","11","0","0","0","0","0","1","0","0","","0","0","0","","","1","","0","","40 35:31.553","","0","79 58:15.648","4","0","0","1","2207","0","0","0","N","0","0","0","1","02207","1","","2.0","","1","N","N","","0","","0","0","0","","0","","","1","1","0","0","0","0","0","2","0","1","","","","N","","","","","","","","","",""
"2016070844","","1","0","0","0","0","0","0","0","0","4","0","","02","7","2016","1","40.429979","-80.025201","","11","0","0","0","0","0","2","0","0","1","0","0","0","","","0","","0","","40 25:47.925","1","0","80 01:30.723","0","0","0","0","2301","0","0","0","N","0","0","0","2","02301","0","","1.0","","1","N","N","","0","","0","0","1","","0","N","","2","0","0","0","0","0","0","2","0","2","","","","N","","","","","","","","","",""
"2016071658","","1","0","0","0","0","0","0","0","0","4","0","","02","7","2016","4","40.388402","-80.042929","","11","0","0","0","0","0","1","1","0","2","0","0","0","","","0","","2","","40 23:18.248","5","0","80 02:34.545","0","0","0","0","2109","0","0","0","","0","0","0","2","02109","0","","1.0","","1","N","N","","0","","0","0","1","","2","N","","2","0","0","0","0","0","0","2","0","2","","","","N","","","","","","","","","",""
"2016070189","","0","0","0","0","0","0","0","0","0","1","0","","02","7","2016","6","40.436443","-79.99479","","11","0","0","0","0","0","0","0","0","","0","0","0","","","0","","0","","40 26:11.195","","8","79 59:41.244","0","0","0","0","2301","0","0","0","N","0","0","0","2","02301","0","","1.0","","1","N","N","","0","","0","0","2","","0","","","2","0","0","0","0","0","0","2","0","2","","","","N","","","","","","","","","",""
"2016071006","","1","0","0","0","0","0","1","0","0","1","1","","02","7","2016","4","40.65208","-80.055155","","11","0","0","0","0","0","0","0","1","","0","0","0","","","1","","0","","40 39:07.488","","0","80 03:18.557","4","0","0","0","2216","0","0","0","N","0","0","0","2","02505","1","","1.0","","1","N","N","","0","","0","0","0","","8","","","2","1","0","0","0","0","0","2","0","2","","","","N","","","","","","","","","",""
"2016071227","","1","0","0","0","0","0","0","0","0","4","0","","02","7","2016","5","40.443111","-80.057917","","11","0","0","0","0","0","0","0","0","","0","0","0","","","0","","1","","40 26:35.200","","0","80 03:28.500","0","0","0","0","2301","0","0","0","N","0","0","0","2","02301","0","","1.0","","1","N","N","","1","","0","0","0","","3","","","2","0","0","0","0","0","0","2","0","2","","","","N","","","","","","","","","",""
"2016070845","","2","0","0","0","0","0","0","0","0","1","0","55","02","6","2016","4","40.528148","-80.272556","","11","0","0","0","0","0","0","0","0","2","0","0","0","","","1","","3","","40 31:41.333","3","0","80 16:21.203","3","0","0","0","2203","0","0","0","N","0","0","0","4","02203","0","","1.0","","1","N","N","","0","","1","0","1","","7","N","","3","1","0","0","0","0","0","1","0","3","","","Y","Y","4","1","Y","Y","N","Y","","","Y",""
"2016071659","","1","0","0","0","0","0","0","0","0","1","0","","02","7","2016","5","40.355201","-80.050178","","11","0","0","0","0","0","1","0","0","","0","0","0","","","1","","1","","40 21:18.723","","0","80 03:00.639","4","0","0","0","2109","0","0","0","","0","0","0","2","02109","1","","1.0","","1","N","N","","1","","0","0","0","","2","","","2","1","0","0","0","0","1","2","0","2","","","","N","","","","","","","","","",""
"2016070191","","2","0","0","0","0","0","0","0","0","4","0","","02","7","2016","3","40.459803","-79.971389","","11","0","0","0","0","0","0","0","0","","0","0","0","","","0","","1","","40 27:35.291","","0","79 58:17.002","0","0","0","0","2301","0","0","0","N","0","0","0","2","02301","0","","1.0","","1","N","N","","0","","0","0","0","","2","","","2","0","0","0","0","0","0","2","0","2","","","","N","","","","","","","","","",""
"2016071007","","0","0","0","0","0","0","0","0","0","0","1","","02","7","2016","5","40.399922","-79.935894","","11","0","0","0","0","0","1","0","0","4","0","1","0","","","0","","0","","40 23:59.718","1","3","79 56:09.218","0","0","0","0","2301","0","0","0","Y","0","0","0","1","02301","0","","1.0","","1","N","N","","0","","0","0","0","","0","Y","","1","0","0","0","0","0","0","2","0","1","","","","N","","","","","","","","","",""
"2016071820","","1","0","0","0","0","0","0","0","0","7","0","","02","7","2016","7","40.654396","-79.892918","","11","0","0","0","0","0","1","0","0","2","0","0","0","","","1","","0","","40 39:15.827","3","0","79 53:34.505","4","0","0","0","2220","0","0","0","N","0","0","0","1","02220","1","","2.0","","1","N","N","","0","","0","0","0","","0","N","","1","1","1","0","0","0","0","1","0","1","","","","N","","","","","","","","","",""
"2016071917","","1","0","0","0","0","0","0","0","0","7","0","","02","7","2016","7","40.361859","-79.950722","","11","0","0","0","0","0","0","0","0","","0","0","0","","","0","","0","","40 21:42.694","","0","79 57:02.598","9","0","0","0","2403","0","0","0","N","0","0","0","1","02403","0","","5.0","","1","N","N","","0","","0","0","0","","0","","","1","0","0","0","0","0","1","2","0","1","","","","N","","","","","","","","","",""
"2016070488","","1","0","0","0","0","0","0","0","0","1","0","","02","7","2016","6","40.41499","-80.083672","","11","0","0","0","0","0","0","0","0","","0","0","0","","","1","","0","","40 24:53.965","","0","80 05:01.219","3","0","0","1","2415","0","0","0","","0","0","0","2","68B03","0","","1.0","","1","N","N","","0","","1","0","0","","0","","","2","1","0","0","0","0","0","2","0","2","","","","N","","","","","","","","","",""
"2016071660","","1","0","0","0","0","0","0","0","0","1","0","","02","7","2016","4","40.359123","-80.028683","","11","0","0","0","0","0","0","0","0","1","0","0","0","","","2","","0","","40 21:32.843","1","0","80 01:43.260","8","0","0","0","2416","0","0","0","","0","0","0","5","02416","0","","1.0","","1","N","N","","0","","0","0","2","","0","N","","3","2","0","0","0","2","0","2","0","3","","","","N","","","","","","","","","",""
"2016072533","","2","0","0","0","0","0","0","0","0","2","0","","02","7","2016","2","40.46375","-79.920694","","11","0","0","0","0","0","0","0","0","","0","0","0","","","0","","0","","40 27:49.500","","0","79 55:14.500","0","0","0","0","2301","0","0","0","N","0","0","0","3","02301","0","","6.0","","1","N","N","","0","","0","0","0","","2","","","2","0","3","0","0","0","0","2","0","2","","","","N","","","","","","","","","",""
"2016071010","","1","0","0","0","0","0","0","0","0","1","0","","02","7","2016","4","40.560981","-80.013394","","11","0","0","0","0","0","1","0","0","1","0","0","0","","","0","","0","","40 33:39.530","3","0","80 00:48.219","0","0","0","0","2108","0","0","0","","0","0","0","4","02108","0","","1.0","","1","N","N","","0","","0","0","2","","2","N","","3","0","0","0","0","0","0","2","0","3","","","","N","","","","","","","","","",""