"CRN","ARRIVAL_TM","AUTOMOBILE_COUNT","BELTED_DEATH_COUNT","BELTED_SUSP_SERIOUS_INJ_COUNT","BICYCLE_COUNT","BICYCLE_DEATH_COUNT","BICYCLE_SUSP_SERIOUS_INJ_COUNT","BUS_COUNT","CHLDPAS_DEATH_COUNT","CHLDPAS_SUSP_SERIOUS_INJ_COUNT","COLLISION_TYPE","COMM_VEH_COUNT","CONS_ZONE_SPD_LIM","COUNTY","CRASH_MONTH","CRASH_YEAR","DAY_OF_WEEK","DEC_LATITUDE","DEC_LONGITUDE","DISPATCH_TM","DISTRICT","DRIVER_COUNT_16YR","DRIVER_COUNT_17YR","DRIVER_COUNT_18YR","DRIVER_COUNT_19YR","DRIVER_COUNT_20YR","DRIVER_COUNT_50_64YR","DRIVER_COUNT_65_74YR","DRIVER_COUNT_75PLUS","EST_HRS_CLOSED","FATAL_COUNT","HEAVY_TRUCK_COUNT","HORSE_BUGGY_COUNT","HOUR_OF_DAY","ILLUMINATION","INJURY_COUNT","INTERSECTION_RELATED","INTERSECT_TYPE","LANE_CLOSED","LATITUDE","LN_CLOSE_DIR","LOCATION_TYPE","LONGITUDE","MAX_SEVERITY_LEVEL","MCYCLE_DEATH_COUNT","MCYCLE_SUSP_SERIOUS_INJ_COUNT","MOTORCYCLE_COUNT","MUNICIPALITY","NONMOTR_COUNT","NONMOTR_DEATH_COUNT","NONMOTR_SUSP_SERIOUS_INJ_COUNT","NTFY_HIWY_MAINT","PED_COUNT","PED_DEATH_COUNT","PED_SUSP_SERIOUS_INJ_COUNT","PERSON_COUNT","POLICE_AGCY","POSSIBLE_INJ_COUNT","RDWY_SURF_TYPE_CD","RELATION_TO_ROAD","ROADWAY_CLEARED","ROAD_CONDITION","SCH_BUS_IND","SCH_ZONE_IND","SECONDARY_CRASH","SMALL_TRUCK_COUNT","SPEC_JURIS_CD","SUSP_MINOR_INJ_COUNT","SUSP_SERIOUS_INJ_COUNT","SUV_COUNT","TCD_FUNC_CD","TCD_TYPE","TFC_DETOUR_IND","TIME_OF_DAY","TOTAL_UNITS","TOT_INJ_COUNT","UNBELTED_OCC_COUNT","UNB_DEATH_COUNT","UNB_SUSP_SERIOUS_INJ_COUNT","UNK_INJ_DEG_COUNT","UNK_INJ_PER_COUNT","URBAN_RURAL","VAN_COUNT","VEHICLE_COUNT","WEATHER1","WEATHER2","WORKERS_PRES","WORK_ZONE_IND","WORK_ZONE_LOC","WORK_ZONE_TYPE","WZ_CLOSE_DETOUR","WZ_FLAGGER","WZ_LAW_OFFCR_IND","WZ_LN_CLOSURE","WZ_MOVING","WZ_OTHER","WZ_SHLDER_MDN","WZ_WORKERS_INJ_KILLED"
"2016071822","","2","0","0","0","0","0","0","0","0","1","0","","02","7","2016","7","40.379021","-79.923914","","11","0","0","0","0","0","1","0","0","","0","0","0","","","0","","3","","40 22:44.476","","0","79 55:26.090","0","0","0","0","2301","0","0","0","N","0","0","0","2","02301","0","","1.0","","1","N","N","","0","","0","0","0","","0","","","2","0","0","0","0","0","0","2","0","2","","","","N","","","","","","","","","",""
"2016071011","","1","0","0","0","0","0","0","0","0","4","0","","02","7","2016","1","40.465917","-80.133556","","11","0","0","0","0","0","1","0","0","","0","0","0","","","3","","2","","40 27:57.300","","0","80 08:00.800","3","0","0","0","2115","0","0","0","","0","0","0","3","02115","2","","1.0","","1","N","N","","0","","1","0","2","","0","","","3","3","0","0","0","0","0","2","0","3","","","","N","","","","","","","","","",""
"2016070430","","0","0","0","0","0","0","0","0","0","7","0","","02","7","2016","4","40.385212","-79.959523","","11","0","0","0","1","0","0","0","0","","0","0","0","","","1","","0","","40 23:06.763","","0","79 57:34.282","3","0","0","0","2403","0","0","0","N","0","0","0","1","02403","0","","4.0","","1","N","N","","0","","1","0","1","","0","","","1","1","1","0","0","0","0","2","0","1","","","","N","","","","","","","","","",""
"2016071171","","1","0","0","0","0","0","0","0","0","7","0","","02","7","2016","5","40.463525","-80.073853","","11","0","0","0","0","0","0","0","0","2","0","0","0","","","0","","0","","40 27:48.690","4","0","80 04:25.870","9","0","0","0","2444","0","0","0","N","0","0","0","1","02444","0","","5.0","","1","N","N","","0","","0","0","0","","8","Y","","1","0","0","0","0","0","1","2","0","1","","","","N","","","","","","","","","",""
"2016056662","","2","1","0","0","0","0","0","0","0","2","0","","02","6","2016","7","40.483056","-80.048883","","11","0","0","0","0","0","0","0","0","4","2","0","0","","","1","","0","","40 28:59.003","6","0","80 02:55.980","1","0","0","0","2301","0","0","0","Y","0","0","0","3","02301","0","2","1.0","","1","N","N","","0","0","0","1","0","","0","Y","","2","1","0","0","0","0","0","2","0","2","","","","N","","","","","","","","","",""
"2016070199","","0","0","0","0","0","0","0","0","0","1","0","","02","7","2016","3","40.39067","-79.869136","","11","0","0","0","0","0","1","1","0","","0","0","0","","","0","","2","","40 23:26.412","","0","79 52:08.889","0","0","0","0","2473","0","0","0","N","0","0","0","4","02473","0","","1.0","","1","N","N","","2","","0","0","0","","2","","","2","0","0","0","0","0","0","2","0","2","","","","N","","","","","","","","","",""
"2016071754","","1","0","0","0","0","0","0","0","0","7","0","","02","7","2016","7","40.445169","-80.065477","","11","0","0","0","0","0","0","0","0","","0","0","0","","","0","","0","","40 26:42.608","","0","80 03:55.717","0","0","0","0","2439","0","0","0","N","0","0","0","1","02439","0","","4.0","","1","N","N","","0","","0","0","0","","0","","","1","0","0","0","0","0","0","2","0","1","","","","N","","","","","","","","","",""
"2016071172","","1","0","0","0","0","0","0","0","0","4","0","","02","7","2016","2","40.517263","-80.148499","","11","0","0","0","0","1","1","0","0","","0","0","0","","","0","","0","","40 31:02.146","","7","80 08:54.596","0","0","0","0","2110","0","0","0","N","0","0","0","3","02215","0","","1.0","","1","N","N","","0","","0","0","0","","0","","","2","0","0","0","0","0","0","2","1","2","","","","N","","","","","","","","","",""
"2016071676","","1","0","0","0","0","0","0","0","0","1","0","","02","7","2016","6","40.470342","-79.908528","","11","0","0","0","0","0","0","0","1","","0","0","0","","","1","","0","","40 28:13.231","","0","79 54:30.701","4","0","0","0","2301","0","0","0","N","0","0","0","3","02301","1","","1.0","","1","N","N","","1","","0","0","0","","0","","","2","1","0","0","0","0","0","2","0","2","","","","N","","","","","","","","","",""
"2016071030","","2","0","0","0","0","0","0","0","0","4","0","","02","7","2016","5","40.410061","-80.080742","","11","0","0","0","0","0","1","0","0","","0","0","0","","","1","","7","","40 24:36.218","","2","80 04:50.671","8","0","0","0","2415","0","0","0","N","0","0","0","2","02415","0","","1.0","","1","N","N","","0","","0","0","0","","3","","","2","1","0","0","0","1","0","2","0","2","","","","N","","","","","","","","","",""
"2016071180","","2","0","0","0","0","0","0","0","0","4","0","","02","6","2016","4","40.513762","-80.156181","","11","0","0","0","0","1","0","0","0","1","0","0","0","","","1","","1","","40 30:49.543","2","0","80 09:22.252","4","0","0","0","2420","0","0","0","","0","0","0","3","02420","1","","1.0","","1","N","N","","0","","0","0","0","","2","N","","2","1","0","0","0","0","0","2","0","2","","","","N","","","","","","","","","",""
"2016072227","","1","0","0","0","0","0","0","0","0","1","1","","02","6","2016","2","40.439572","-80.010125","","11","0","0","0","0","1","0","0","0","2","0","1","0","","","1","","0","","40 26:22.458","2","3","80 00:36.450","8","0","0","0","2301","0","0","0","","0","0","0","2","68B03","0","","1.0","","9","N","N","","0","","0","0","0","","0","N","","2","1","0","0","0","1","0","2","0","2","","","","N","","","","","","","","","",""
"2016071826","","1","0","0","0","0","0","0","0","0","7","0","","02","7","2016","4","40.553889","-79.948556","","11","0","0","0","1","0","0","0","0","1","0","0","0","","","1","","0","","40 33:14.000","4","0","79 56:54.800","8","0","0","0","2207","0","0","0","N","0","0","0","1","02207","0","","5.0","","1","N","N","","0","","0","0","0","","0","N","","1","1","1","0","0","1","0","2","0","1","","","","N","","","","","","","","","",""
"2016071842","","0","0","0","0","0","0","0","0","0","2","0","","02","7","2016","6","40.511192","-79.993856","","11","1","0","0","0","0","0","0","0","","0","0","0","","","0","","2","","40 30:40.291","","0","79 59:37.881","0","0","0","0","2116","0","0","0","N","0","0","0","4","02116","0","","1.0","","1","N","N","","0","","0","0","1","","0","","","2","0","0","0","0","0","0","2","1","2","","","","N","","","","","","","","","",""
"2016070353","","1","0","0","0","0","0","0","0","0","1","0","","02","7","2016","7","40.447472","-80.166098","","11","0","0","0","1","0","1","0","0","","0","0","0","","","1","","7","","40 26:50.898","","2","80 09:57.953","8","0","0","0","2115","0","0","0","","0","0","0","3","68B03","0","","1.0","","1","N","N","","0","","0","0","1","","0","","","2","1","0","0","0","1","0","2","0","2","","","","N","","","","","","","","","",""
"2016070433","","1","0","0","0","0","0","0","0","0","1","0","","02","7","2016","1","40.439771","-79.959409","","11","0","0","0","0","1","0","0","0","3","0","0","0","","","0","","0","","40 26:23.175","3","0","79 57:33.873","0","0","0","0","2301","0","0","0","N","0","0","0","1","02506","0","","1.0","","1","N","N","","0","","0","0","0","","0","N","","2","0","0","0","0","0","0","2","1","2","","","","N","","","","","","","","","",""
"2016071181","","2","0","0","0","0","0","0","0","0","5","0","","02","7","2016","4","40.517389","-80.172867","","11","0","0","0","0","0","0","0","0","1","0","0","0","","","0","","0","","40 31:02.600","1","0","80 10:22.320","0","0","0","0","2420","0","0","0","","0","0","0","1","02420","0","","5.0","","1","N","N","","0","","0","0","0","","0","N","","2","0","0","0","0","0","0","2","0","2","","","","N","","","","","","","","","",""
"2016071681","","1","0","0","0","0","0","0","0","0","7","0","","02","7","2016","7","40.44225","-80.060472","","11","0","0","0","0","0","0","0","0","","0","0","0","","","0","","0","","40 26:32.100","","0","80 03:37.700","0","0","0","0","2301","0","0","0","N","0","0","0","1","02301","0","","5.0","","1","N","N","","0","","0","0","0","","0","","","1","0","0","0","0","0","0","2","0","1","","","","N","","","","","","","","","",""
"2016072228","","1","0","0","0","0","0","0","0","0","7","0","","02","6","2016","7","40.433898","-80.143121","","11","0","0","0","0","0","0","0","0","","0","0","0","","","0","","0","","40 26:02.033","","0","80 08:35.236","0","0","0","0","2115","0","0","0","","0","0","0","2","68B03","0","","4.0","","1","N","N","","0","","0","0","0","","0","","","1","0","0","0","0","0","0","2","0","1","","","","N","","","","","","","","","",""
"2016070354","","1","0","0","0","0","0","0","0","0","4","0","45","02","7","2016","7","40.443324","-80.180323","","11","0","0","0","0","1","0","0","0","","0","0","0","","","2","","0","","40 26:35.965","","0","80 10:49.163","8","0","0","0","2214","0","0","0","","0","0","0","5","68B03","0","","1.0","","1","N","N","","0","","0","0","1","","8","","","2","2","0","0","0","2","0","2","0","2","","","N","Y","2","1","N","N","N","Y","N","N","N",""
"2016056667","","1","0","0","0","0","0","0","0","0","0","0","","02","6","2016","5","40.408133","-80.025293","","11","0","0","0","0","0","0","0","0","1","0","0","0","","","0","","0","","40 24:29.278","2","0","80 01:31.054","0","0","0","0","2301","0","0","0","N","0","0","0","2","02301","0","","1.0","","1","N","N","","0","","0","0","0","","0","Y","","1","0","0","0","0","0","0","2","0","1","","","","N","","","","","","","","","",""
"2016070855","","2","0","0","0","0","0","0","0","0","4","0","","02","6","2016","1","40.542031","-80.012994","","11","0","0","0","0","0","0","0","0","1","0","0","0","","","0","","1","","40 32:31.310","1","0","80 00:46.779","0","0","0","0","2116","0","0","0","N","0","0","0","2","02116","0","","1.0","","1","N","N","","0","","0","0","0","","2","N","","2","0","0","0","0","0","0","2","0","2","","","","N","","","","","","","","","",""
"2016070113","","1","0","0","0","0","0","0","0","0","7","0","","02","7","2016","7","40.482242","-79.780524","","11","0","0","0","0","0","0","0","0","","0","0","0","","","0","","2","","40 28:56.071","","0","79 46:49.886","0","0","0","0","2466","0","0","0","N","0","0","0","1","02466","0","","5.0","","1","N","N","","0","","0","0","0","","0","","","1","0","0","0","0","0","0","2","0","1","","","","N","","","","","","","","","",""
"2016072229","","2","0","0","0","0","0","0","0","0","1","0","","02","6","2016","7","40.603783","-80.094168","","11","0","1","0","0","0","0","0","0","1","0","0","0","","","2","","0","","40 36:13.619","2","0","80 05:39.004","3","0","0","0","2481","0","0","0","","0","0","0","10","68B03","0","","1.0","","9","N","N","","0","","2","0","2","","0","N","","4","2","0","0","0","0","0","2","0","4","","","","N","","","","","","","","","",""
"2016070203","","2","0","0","0","0","0","0","0","0","1","0","","02","7","2016","2","40.489575","-79.930106","","11","0","0","0","0","0","0","0","0","2","0","0","0","","","0","","0","","40 29:22.470","4","0","79 55:48.383","0","0","0","0","2301","0","0","0","N","0","0","0","3","02301","0","","1.0","","1","N","N","","0","","0","0","0","","0","N","","2","0","0","0","0","0","0","2","0","2","","","","N","","","","","","","","","",""
"2016070940","","1","0","0","0","0","0","0","0","0","1","0","","02","7","2016","6","40.531476","-80.189479","","11","0","0","0","0","0","1","0","0","","0","0","0","","","0","","0","","40 31:53.315","","3","80 11:22.124","0","0","0","0","2213","0","0","0","","0","0","0","4","02213","0","","1.0","","1","N","N","","0","","0","0","1","","2","","","3","0","0","0","0","0","0","2","1","3","","","","N","","","","","","","","","",""
"2016071758","","2","0","0","0","0","0","0","0","0","4","0","","02","7","2016","7","40.456279","-79.97498","","11","0","0","0","1","0","0","0","1","","0","0","0","","","0","","2","","40 27:22.604","","0","79 58:29.928","0","0","0","0","2301","0","0","0","N","0","0","0","2","02301","0","","1.0","","1","N","N","","0","","0","0","0","","0","","","2","0","0","0","0","0","0","2","0","2","","","","N","","","","","","","","","",""
"2016069522","","1","0","0","0","0","0","0","0","0","1","0","","02","7","2016","1","40.438735","-79.746879","","11","0","0","0","0","0","0","0","0","1","0","0","0","","","0","","0","","40 26:19.446","4","0","79 44:48.764","0","0","0","0","2446","0","0","0","N","0","0","0","2","02446","0","","1.0","","1","N","N","","0","","0","0","1","","0","N","","2","0","0","0","0","0","0","2","0","2","","","","N","","","","","","","","","",""
"2016054360","","0","0","0","0","0","0","0","0","0","0","0","","02","5","2016","4","40.490106","-80.009921","","11","0","0","0","0","0","0","0","0","1","0","0","0","","","1","","0","","40 29:24.382","2","0","80 00:35.717","8","0","0","1","2301","0","0","0","","0","0","0","1","68B03","0","","1.0","","1","N","N","","0","","0","0","0","","0","Y","","1","1","0","0","0","1","0","2","0","1","","","","N","","","","","","","","","",""
"2016072230","","0","0","0","0","0","0","0","0","0","99","0","","02","6","2016","7","40.413701","-80.105061","","11","0","0","0","0","0","0","0","0","","0","0","0","","","1","","0","","40 24:49.322","","0","80 06:18.218","3","0","0","1","2115","0","0","0","","0","0","0","1","68B03","0","","1.0","","1","N","N","","0","","1","0","0","","0","","","1","1","0","0","0","0","0","2","0","1","","","","N","","","","","","","","","",""
"2016070941","","1","0","0","0","0","0","0","0","0","4","0","","02","7","2016","3","40.366348","-80.025886","","11","0","0","1","0","0","0","0","1","1","0","0","0","","","0","","2","","40 21:58.851","4","0","80 01:33.191","0","0","0","0","2416","0","0","0","","0","0","0","2","02416","0","","1.0","","1","N","N","","0","","0","0","1","","3","N","","2","0","0","0","0","0","0","2","0","2","","","","N","","","","","","","","","",""
"2016071759","","1","0","0","0","0","0","0","0","0","4","0","","02","7","2016","7","40.482366","-80.005975","","11","0","0","0","0","1","1","0","0","3","0","0","0","","","1","","2","","40 28:56.518","6","0","80 00:21.510","8","0","0","0","2301","0","0","0","N","0","0","0","5","02301","0","","1.0","","1","N","N","","0","","0","0","1","","2","Y","","2","1","0","0","0","1","0","2","0","2","","","","N","","","","","","","","","",""
"2016071846","","2","0","0","0","0","0","0","0","0","2","0","","02","7","2016","7","40.301472","-80.015396","","11","0","0","0","0","0","0","0","0","","0","0","0","","","0","","0","","40 18:05.299","","0","80 00:55.425","0","0","0","0","2219","0","0","0","N","0","0","0","1","02219","0","","1.0","","1","N","N","","0","","0","0","0","","0","","","2","0","0","0","0","0","0","2","0","2","","","","N","","","","","","","","","",""
"2016070356","","3","0","0","0","0","0","0","0","0","1","0","","02","7","2016","1","40.438973","-80.011056","","11","0","0","0","1","0","0","0","0","1","0","0","0","","","3","","0","","40 26:20.302","3","3","80 00:39.800","8","0","0","0","2301","0","0","0","","0","0","0","5","68B03","0","","1.0","","1","N","N","","0","","0","0","1","","0","N","","4","3","0","0","0","3","0","2","0","4","","","","N","","","","","","","","","",""
"2016071178","","1","0","0","0","0","0","0","0","0","7","0","","02","7","2016","1","40.387629","-80.043527","","11","0","0","0","0","0","0","0","0","2","0","0","0","","","1","","0","","40 23:15.465","2","0","80 02:36.696","3","0","0","0","2109","0","0","0","","0","0","0","1","02109","0","","4.0","","1","N","N","","0","","1","0","0","","0","Y","","1","1","0","0","0","0","0","2","0","1","","","","N","","","","","","","","","",""
"2016070117","","1","0","0","0","0","0","0","0","0","99","0","","02","7","2016","7","40.645533","-80.071078","","11","0","0","0","0","1","0","0","0","","0","0","0","","","0","","0","","40 38:43.919","","0","80 04:15.882","0","0","0","0","2212","0","0","0","N","0","0","0","1","02505","0","","1.0","","1","N","N","","0","","0","0","0","","0","","","1","0","0","0","0","0","0","2","0","1","","","","N","","","","","","","","","",""
"2016070873","","0","0","0","0","0","0","0","0","0","1","0","30","02","7","2016","4","40.429286","-79.999241","","11","0","0","0","0","0","1","0","0","3","1","0","0","","","2","","2","","40 25:45.428","2","3","79 59:57.266","1","1","0","1","2301","0","0","0","N","0","0","0","7","02301","2","2","1.0","","1","N","N","","0","0","0","0","2","","0","Y","","3","2","0","0","0","0","0","2","0","3","","","Y","Y","4","1","","","N","","","Y","",""
"2016070438","","2","0","0","0","0","0","0","0","0","4","0","","02","7","2016","6","40.510313","-80.094573","","11","0","0","1","0","0","1","0","0","1","0","0","0","","","0","","1","","40 30:37.125","1","0","80 05:40.463","0","0","0","0","2429","0","0","0","N","0","0","0","4","02215","0","","1.0","","1","N","N","","0","","0","0","0","","2","Y","","2","0","0","0","0","0","0","2","0","2","","","","N","","","","","","","","","",""
"2016071179","","0","0","0","0","0","0","0","0","0","7","0","","02","7","2016","5","40.5038","-80.157508","","11","0","0","0","0","0","1","0","0","2","0","0","0","","","1","","0","","40 30:13.680","1","0","80 09:27.030","8","0","0","0","2213","0","0","0","","0","0","0","1","02213","0","","4.0","","1","N","N","","0","","0","0","1","","0","Y","","1","1","0","0","0","1","0","2","0","1","","","","N","","","","","","","","","",""
"2016071620","","2","0","0","0","0","0","0","0","0","4","0","","02","6","2016","1","40.428476","-79.936357","","11","0","0","0","1","1","0","0","0","2","0","0","0","","","0","","0","","40 25:42.512","3","0","79 56:10.885","0","0","0","0","2301","0","0","0","","0","0","0","3","68B03","0","","1.0","","1","N","N","","0","","0","0","0","","0","N","","2","0","0","0","0","0","0","2","0","2","","","","N","","","","","","","","","",""
"2016070874","","1","0","0","0","0","0","0","0","0","4","0","","02","7","2016","7","40.375814","-79.846591","","11","0","1","0","1","0","0","0","0","1","0","0","0","","","2","","3","","40 22:32.929","5","0","79 50:47.729","4","0","0","0","2303","0","0","0","N","0","0","0","8","02303","2","","1.0","","1","N","N","","0","","0","0","1","","0","N","","2","2","1","0","0","0","0","2","0","2","","","","N","","","","","","","","","",""
"2016071848","","0","0","0","0","0","0","0","0","0","4","0","","02","7","2016","7","40.45727","-80.007213","","11","0","0","0","0","0","0","0","0","2","0","0","0","","","1","","2","","40 27:26.172","1","0","80 00:25.966","3","0","0","1","2301","0","0","0","N","0","0","0","2","02301","0","","1.0","","1","N","N","","0","","1","0","1","","0","Y","","2","1","0","0","0","0","0","2","0","2","","","","N","","","","","","","","","",""
"2016071936","","0","0","0","0","0","0","0","0","0","7","0","","02","7","2016","7","40.360428","-79.845381","","11","0","0","0","0","0","0","0","0","2","0","0","0","","","3","","3","","40 21:37.541","7","3","79 50:43.371","2","0","0","0","2303","0","0","0","N","0","0","0","3","02303","0","","3.0","","1","N","N","","0","","0","2","1","","0","Y","","1","3","2","0","2","1","0","2","0","1","","","","N","","","","","","","","","",""
"2016069670","","3","0","0","0","0","0","0","0","0","1","0","","02","6","2016","5","40.552887","-80.115458","","11","0","0","0","0","0","1","0","0","","0","0","0","","","1","","0","","40 33:10.394","","0","80 06:55.649","4","0","0","0","2215","0","0","0","N","0","0","0","3","02215","1","","1.0","","1","N","N","","0","","0","0","0","","0","","","3","1","0","0","0","0","0","2","0","3","","","","N","","","","","","","","","",""
"2016071961","","3","0","0","0","0","0","0","0","0","1","0","","02","7","2016","6","40.365236","-80.048267","","11","0","0","0","0","0","0","0","0","2","0","0","0","","","0","","0","","40 21:54.851","1","0","80 02:53.760","9","0","0","0","2109","0","0","0","","0","0","0","4","02109","0","","1.0","","1","N","N","","0","","0","0","0","","2","N","","3","0","0","0","0","0","1","2","0","3","","","","N","","","","","","","","","",""
"2016056672","","0","0","0","0","0","0","0","0","0","7","0","","02","5","2016","7","40.539614","-80.025741","","11","0","1","0","0","0","0","0","0","2","0","0","0","","","0","","0","","40 32:22.610","4","0","80 01:32.667","0","0","0","0","2116","0","0","0","","0","0","0","1","02116","0","","5.0","","9","","","","0","","0","0","1","","0","N","","1","0","0","0","0","0","0","2","0","1","","","","N","","","","","","","","","",""
"2016070293","","1","0","0","0","0","0","0","0","0","1","0","","02","7","2016","1","40.428298","-79.889716","","11","0","0","0","0","0","1","0","1","2","0","0","0","","","3","","0","","40 25:41.873","4","0","79 53:22.978","3","0","0","0","2426","0","0","0","","0","0","0","5","68B03","0","","1.0","","1","N","N","","1","","3","0","1","","0","N","","3","3","0","0","0","0","0","2","0","3","","","","N","","","","","","","","","",""
"2016069596","","1","0","0","0","0","0","0","0","0","7","0","","02","1","2016","6","40.439577","-80.010118","","11","0","0","0","0","0","0","0","0","2","0","0","0","","","1","","0","","40 26:22.476","2","3","80 00:36.425","4","0","0","0","2301","0","0","0","","0","0","0","1","68B03","1","","2.0","","1","N","N","","0","","0","0","0","","0","N","","1","1","0","0","0","0","0","2","0","1","","","","N","","","","","","","","","",""
"2016071687","","2","0","0","0","0","0","0","0","0","1","0","","02","7","2016","4","40.36965","-79.912776","","11","0","0","0","0","0","1","0","0","","0","0","0","","","1","","2","","40 22:10.740","","0","79 54:45.995","3","0","0","0","2301","0","0","0","N","0","0","0","4","02301","0","","1.0","","1","N","N","","0","","1","0","1","","2","","","3","1","2","0","0","0","0","2","0","3","","","","N","","","","","","","","","",""
"2016072423","","1","0","0","0","0","0","0","0","0","7","0","90","02","7","2016","6","40.523433","-80.177076","","11","0","0","0","0","0","1","0","0","","0","0","0","","","0","","2","","40 31:24.358","","0","80 10:37.474","0","0","0","0","2213","0","0","0","","0","0","0","2","02213","0","","5.0","","1","N","N","","0","","0","0","0","","8","","","1","0","0","0","0","0","0","2","0","1","","","N","Y","4","1","N","N","N","Y","N","N","N",""
"2016071042","","1","0","0","0","0","0","0","0","0","1","0","","02","7","2016","5","40.438826","-80.007616","","11","0","0","0","0","0","0","0","0","1","0","0","0","","","1","","0","","40 26:19.773","1","3","80 00:27.417","8","0","0","0","2301","0","0","0","N","0","0","0","3","02301","0","","1.0","","1","N","N","","1","","0","0","0","","0","N","","2","1","0","0","0","1","0","2","0","2","","","","N","","","","","","","","","",""
"2016069682","","1","0","0","0","0","0","0","0","0","1","1","","02","7","2016","6","40.407512","-80.083703","","11","0","0","0","0","0","0","0","0","1","0","1","0","","","0","","0","","40 24:27.042","3","0","80 05:01.330","0","0","0","0","2415","0","0","0","N","0","0","0","2","02415","0","","1.0","","1","N","N","","0","","0","0","0","","0","N","","2","0","0","0","0","0","0","2","0","2","","","","N","","","","","","","","","",""
"2016070283","","1","0","0","0","0","0","0","0","0","1","0","","02","6","2016","2","40.444042","-80.178556","","11","0","0","0","0","1","0","0","0","","0","0","0","","","0","","0","","40 26:38.552","","0","80 10:42.801","0","0","0","0","2214","0","0","0","","0","0","0","2","68B03","0","","1.0","","1","N","N","","1","","0","0","0","","0","","","2","0","0","0","0","0","0","2","0","2","","","","N","","","","","","","","","",""
"2016070296","","0","0","0","0","0","0","0","0","0","99","0","","02","7","2016","5","40.269151","-79.966968","","11","0","0","0","0","0","0","0","0","2","0","0","0","","","0","","0","","40 16:08.945","1","0","79 58:01.085","0","0","0","0","2440","0","0","0","","0","0","0","2","68T09","0","","1.0","","1","N","N","","1","","0","0","0","","0","N","","1","0","0","0","0","0","0","1","0","1","","","","N","","","","","","","","","",""
"2016056677","","1","0","0","0","0","0","0","0","0","4","0","","02","6","2016","7","40.340361","-79.964778","","11","0","0","0","0","0","0","0","1","","0","0","0","","","0","","0","","40 20:25.300","","0","79 57:53.200","0","0","0","0","2454","0","0","0","N","0","0","0","2","02454","0","","1.0","","1","N","N","","0","","0","0","0","","0","","","2","0","0","0","0","0","0","2","1","2","","","","N","","","","","","","","","",""
"2016070963","","1","0","0","0","0","0","0","0","0","2","0","","02","7","2016","5","40.437428","-79.979527","","11","0","1","0","0","0","0","0","0","","0","0","0","","","0","","1","","40 26:14.740","","0","79 58:46.297","0","0","0","0","2301","0","0","0","N","0","0","0","3","02301","0","","1.0","","1","N","N","","0","","0","0","1","","3","","","2","0","0","0","0","0","0","2","0","2","","","","N","","","","","","","","","",""
"2016069530","","2","0","0","0","0","0","0","0","0","4","0","","02","7","2016","1","40.467757","-80.025475","","11","0","0","0","0","0","0","0","0","","0","0","0","","","1","","0","","40 28:03.924","","0","80 01:31.709","8","0","0","0","2301","0","0","0","N","0","0","0","3","02301","0","","1.0","","1","N","N","","0","","0","0","0","","0","","","2","1","0","0","0","1","2","2","0","2","","","","N","","","","","","","","","",""
"2016070363","","2","0","0","0","0","0","0","0","0","2","0","","02","7","2016","3","40.452227","-80.025708","","11","0","0","0","0","0","0","0","0","2","0","0","0","","","0","","1","","40 27:08.017","4","0","80 01:32.548","9","0","0","0","2301","0","0","0","N","0","0","0","2","02301","0","","1.0","","1","N","N","","0","","0","0","0","","3","N","","2","0","1","0","0","0","2","2","0","2","","","","N","","","","","","","","","",""
"2016071691","","2","0","0","0","0","0","0","0","0","4","0","","02","7","2016","7","40.401825","-80.016492","","11","0","0","0","0","0","0","0","1","1","0","0","0","","","1","","2","","40 24:06.570","7","0","80 00:59.371","4","0","0","0","2301","0","0","0","N","0","0","0","2","02301","1","","1.0","","1","N","N","","0","","0","0","0","","3","Y","","2","1","0","0","0","0","0","2","0","2","","","","N","","","","","","","","","",""
"2016070298","","2","0","0","0","0","0","0","0","0","5","0","","02","7","2016","3","40.460066","-79.924643","","11","0","0","0","0","0","0","0","0","2","0","0","0","","","0","","0","","40 27:36.237","6","0","79 55:28.715","0","0","0","0","2301","0","0","0","N","0","0","0","4","02301","0","","1.0","","1","N","N","","0","","0","0","0","","0","N","","2","0","0","0","0","0","0","2","0","2","","","","N","","","","","","","","","",""
"2016069688","","1","0","0","0","0","0","0","0","0","4","0","","02","7","2016","1","40.449222","-80.004583","","11","0","0","0","0","1","0","0","0","","0","0","0","","","0","","1","","40 26:57.200","","0","80 00:16.500","0","0","0","0","2301","0","0","0","N","0","0","0","6","02301","0","","1.0","","1","N","N","","0","","0","0","1","","1","","","2","0","0","0","0","0","0","2","0","2","","","","N","","","","","","","","","",""
"2016071626","","2","0","0","0","0","0","0","0","0","1","0","","02","6","2016","4","40.582826","-80.105866","","11","0","0","0","0","0","1","0","0","","0","0","0","","","2","","0","","40 34:58.173","","0","80 06:21.118","3","0","0","0","2481","0","0","0","","0","0","0","4","68B03","0","","1.0","","1","N","N","","0","","2","0","0","","0","","","2","2","0","0","0","0","0","2","0","2","","","","N","","","","","","","","","",""
"2016070881","","1","0","0","0","0","0","0","0","0","7","0","","02","7","2016","5","40.242723","-79.886155","","11","0","0","0","0","0","0","0","0","2","0","0","0","","","0","","0","","40 14:33.802","4","0","79 53:10.157","9","0","0","0","2204","0","0","0","N","0","0","0","1","02204","0","","2.0","","1","N","N","","0","","0","0","0","","0","N","","1","0","0","0","0","0","1","1","0","1","","","","N","","","","","","","","","",""
"2016070949","","2","0","0","0","0","0","0","0","0","4","0","","02","7","2016","4","40.348259","-79.947345","","11","0","0","0","0","0","2","0","0","2","0","0","0","","","2","","2","","40 20:53.731","1","0","79 56:50.441","8","0","0","0","2473","0","0","0","N","0","0","0","3","02473","0","","1.0","","1","N","N","","0","","0","0","0","","2","Y","","2","2","0","0","0","2","0","2","0","2","","","","N","","","","","","","","","",""