"CRN","ARRIVAL_TM","AUTOMOBILE_COUNT","BELTED_DEATH_COUNT","BELTED_SUSP_SERIOUS_INJ_COUNT","BICYCLE_COUNT","BICYCLE_DEATH_COUNT","BICYCLE_SUSP_SERIOUS_INJ_COUNT","BUS_COUNT","CHLDPAS_DEATH_COUNT","CHLDPAS_SUSP_SERIOUS_INJ_COUNT","COLLISION_TYPE","COMM_VEH_COUNT","CONS_ZONE_SPD_LIM","COUNTY","CRASH_MONTH","CRASH_YEAR","DAY_OF_WEEK","DEC_LATITUDE","DEC_LONGITUDE","DISPATCH_TM","DISTRICT","DRIVER_COUNT_16YR","DRIVER_COUNT_17YR","DRIVER_COUNT_18YR","DRIVER_COUNT_19YR","DRIVER_COUNT_20YR","DRIVER_COUNT_50_64YR","DRIVER_COUNT_65_74YR","DRIVER_COUNT_75PLUS","EST_HRS_CLOSED","FATAL_COUNT","HEAVY_TRUCK_COUNT","HORSE_BUGGY_COUNT","HOUR_OF_DAY","ILLUMINATION","INJURY_COUNT","INTERSECTION_RELATED","INTERSECT_TYPE","LANE_CLOSED","LATITUDE","LN_CLOSE_DIR","LOCATION_TYPE","LONGITUDE","MAX_SEVERITY_LEVEL","MCYCLE_DEATH_COUNT","MCYCLE_SUSP_SERIOUS_INJ_COUNT","MOTORCYCLE_COUNT","MUNICIPALITY","NONMOTR_COUNT","NONMOTR_DEATH_COUNT","NONMOTR_SUSP_SERIOUS_INJ_COUNT","NTFY_HIWY_MAINT","PED_COUNT","PED_DEATH_COUNT","PED_SUSP_SERIOUS_INJ_COUNT","PERSON_COUNT","POLICE_AGCY","POSSIBLE_INJ_COUNT","RDWY_SURF_TYPE_CD","RELATION_TO_ROAD","ROADWAY_CLEARED","ROAD_CONDITION","SCH_BUS_IND","SCH_ZONE_IND","SECONDARY_CRASH","SMALL_TRUCK_COUNT","SPEC_JURIS_CD","SUSP_MINOR_INJ_COUNT","SUSP_SERIOUS_INJ_COUNT","SUV_COUNT","TCD_FUNC_CD","TCD_TYPE","TFC_DETOUR_IND","TIME_OF_DAY","TOTAL_UNITS","TOT_INJ_COUNT","UNBELTED_OCC_COUNT","UNB_DEATH_COUNT","UNB_SUSP_SERIOUS_INJ_COUNT","UNK_INJ_DEG_COUNT","UNK_INJ_PER_COUNT","URBAN_RURAL","VAN_COUNT","VEHICLE_COUNT","WEATHER1","WEATHER2","WORKERS_PRES","WORK_ZONE_IND","WORK_ZONE_LOC","WORK_ZONE_TYPE","WZ_CLOSE_DETOUR","WZ_FLAGGER","WZ_LAW_OFFCR_IND","WZ_LN_CLOSURE","WZ_MOVING","WZ_OTHER","WZ_SHLDER_MDN","WZ_WORKERS_INJ_KILLED"
"2016056503","","2","0","0","0","0","0","0","0","0","5","0","","02","4","2016","7","40.517792","-80.168092","","11","0","0","0","0","0","0","0","0","","0","0","0","","","0","","0","","40 31:04.050","","0","80 10:05.130","0","0","0","0","2420","0","0","0","","0","0","0","1","02420","0","","6.0","","1","N","N","","0","","0","0","0","","0","","","2","0","0","0","0","0","0","2","0","2","","","","N","","","","","","","","","",""
"2016054204","","1","0","0","0","0","0","0","0","0","7","0","","02","5","2016","2","40.541603","-80.012703","","11","0","0","0","0","0","0","0","0","1","0","0","0","","","0","","0","","40 32:29.772","3","0","80 00:45.731","0","0","0","0","2116","0","0","0","N","0","0","0","1","02116","0","","4.0","","1","N","N","","0","","0","0","0","","0","N","","1","0","0","0","0","0","0","2","0","1","","","","N","","","","","","","","","",""
"2016056583","","0","0","0","0","0","0","0","0","0","5","0","","02","6","2016","7","40.340276","-79.852357","","11","0","0","0","0","0","0","0","0","","0","0","0","","","0","","0","","40 20:24.993","","0","79 51:08.485","0","0","0","0","2304","0","0","0","N","0","0","0","0","02304","0","","6.0","","1","N","N","","0","","0","0","2","","0","","","2","0","0","0","0","0","0","2","0","2","","","","N","","","","","","","","","",""
"2016055833","","0","0","0","0","0","0","0","0","0","7","0","","02","5","2016","2","40.425315","-80.079062","","11","0","0","0","0","0","0","0","0","","0","0","0","","","1","","0","","40 25:31.134","","0","80 04:44.623","8","0","0","0","2421","0","0","0","N","0","0","0","1","02421","0","","4.0","","1","N","N","","0","","0","0","1","","0","","","1","1","1","0","0","1","0","2","0","1","","","","N","","","","","","","","","",""
"2016053981","","2","0","1","0","0","0","0","0","0","4","0","","02","5","2016","6","40.62339","-80.053791","","11","0","0","0","1","0","0","0","0","4","1","0","0","","","1","","2","","40 37:24.204","7","0","80 03:13.649","1","0","0","0","2216","0","0","0","N","0","0","0","2","02505","0","2","1.0","","1","N","N","","0","0","0","1","0","","2","Y","","2","1","1","1","0","0","0","1","0","2","","","","N","","","","","","","","","",""
"2016054773","","1","0","0","0","0","0","0","0","0","4","0","","02","5","2016","1","40.463722","-79.930528","","11","0","0","0","0","0","1","0","0","1","0","0","0","","","2","","0","","40 27:49.400","6","0","79 55:49.900","3","0","0","1","2301","0","0","0","N","0","0","0","3","02301","1","","1.0","","1","N","N","","0","","1","0","0","","0","Y","","2","2","0","0","0","0","0","2","0","2","","","","N","","","","","","","","","",""
"2016056504","","2","0","0","0","0","0","0","0","0","1","0","","02","4","2016","1","40.519684","-80.170036","","11","0","0","0","0","0","0","0","0","","0","0","0","","","2","","0","","40 31:10.862","","0","80 10:12.131","8","0","0","0","2420","0","0","0","","0","0","0","3","02420","0","","1.0","","1","N","N","","0","","0","0","0","","0","","","2","2","1","0","0","2","0","2","0","2","","","","N","","","","","","","","","",""
"2016054996","","0","0","0","0","0","0","0","0","0","7","0","35","02","5","2016","2","40.348246","-80.112544","","11","0","0","0","0","0","0","0","0","1","0","0","0","","","0","","0","","40 20:53.687","5","0","80 06:45.160","0","0","0","0","2119","0","0","0","Y","0","0","0","2","02119","0","","2.0","","1","N","N","","0","","0","0","1","","8","N","","1","0","0","0","0","0","0","2","0","1","","","N","Y","4","1","","","N","","","","Y",""
"2016054267","","0","0","0","0","0","0","0","0","0","1","0","","02","5","2016","6","40.402166","-80.000658","","11","0","0","0","0","0","0","0","0","","0","0","0","","","0","","0","","40 24:07.798","","0","80 00:02.367","0","0","0","0","2301","0","0","0","N","0","0","0","2","02301","0","","1.0","","1","N","N","","1","","0","0","1","","0","","","2","0","0","0","0","0","0","2","0","2","","","","N","","","","","","","","","",""
"2016056505","","1","0","0","0","0","0","0","0","0","4","0","","02","5","2016","5","40.516933","-80.174172","","11","0","0","0","0","0","0","0","1","","0","0","0","","","0","","10","","40 31:00.960","","0","80 10:27.020","0","0","0","0","2420","0","0","0","","0","0","0","3","02420","0","","1.0","","1","N","N","","0","","0","0","1","","0","","","2","0","0","0","0","0","0","2","0","2","","","","N","","","","","","","","","",""
"2016055062","","1","0","0","0","0","0","0","0","0","2","0","","02","5","2016","3","40.422248","-79.991611","","11","0","0","1","0","0","1","0","0","2","0","0","0","","","1","","0","","40 25:20.092","7","0","79 59:29.799","4","0","0","0","2301","0","0","0","N","0","0","0","2","02301","1","","1.0","","1","N","N","","1","","0","0","0","","0","N","","2","1","0","0","0","0","0","2","0","2","","","","N","","","","","","","","","",""
"2016056506","","0","0","0","0","0","0","0","0","0","2","0","","02","5","2016","7","40.517759","-80.162001","","11","0","0","0","0","0","0","0","0","9","0","0","0","","","1","","2","","40 31:03.933","1","0","80 09:43.203","3","0","0","0","2420","0","0","0","","0","0","0","2","02420","0","","1.0","","9","N","N","","0","","1","0","2","","1","N","","2","1","0","0","0","0","0","2","0","2","","","","N","","","","","","","","","",""
"2016054998","","1","0","0","0","0","0","0","0","0","5","0","","02","5","2016","2","40.440445","-79.960321","","11","0","0","0","0","0","0","0","0","","0","0","0","","","0","","1","","40 26:25.602","","0","79 57:37.155","0","0","0","0","2301","0","0","0","N","0","0","0","3","02301","0","","1.0","","1","N","N","","0","","0","0","0","","2","","","2","0","0","0","0","0","0","2","1","2","","","","N","","","","","","","","","",""
"2016055562","","2","0","0","0","0","0","0","0","0","4","0","","02","6","2016","4","40.432306","-79.918257","","11","0","0","0","0","0","0","0","1","1","0","0","0","","","0","","1","","40 25:56.301","2","0","79 55:05.725","0","0","0","0","2301","0","0","0","N","0","0","0","2","02301","0","","1.0","","1","N","N","","0","","0","0","0","","2","N","","2","0","0","0","0","0","0","2","0","2","","","","N","","","","","","","","","",""
"2016054063","","1","0","0","0","0","0","0","0","0","1","0","","02","5","2016","6","40.49789","-79.883128","","11","0","0","0","0","1","0","1","0","","0","0","0","","","0","","0","","40 29:52.404","","0","79 52:59.260","0","0","0","0","2112","0","0","0","N","0","0","0","3","02112","0","","1.0","","1","N","N","","0","","0","0","1","","0","","","2","0","0","0","0","0","0","2","0","2","","","","N","","","","","","","","","",""
"2016056444","","0","0","0","0","0","0","0","0","0","1","0","","02","6","2016","4","40.327838","-80.033659","","11","0","0","0","0","0","2","0","0","","0","0","0","","","0","","0","","40 19:40.216","","0","80 02:01.173","0","0","0","0","2407","0","0","0","N","0","0","0","2","02407","0","","1.0","","1","N","N","","0","","0","0","2","","0","","","2","0","0","0","0","0","0","2","0","2","","","","N","","","","","","","","","",""
"2016056507","","1","0","0","0","0","0","0","0","0","1","0","","02","5","2016","1","40.514954","-80.154591","","11","0","0","0","0","0","0","0","0","","0","1","0","","","0","","0","","40 30:53.836","","0","80 09:16.526","0","0","0","0","2420","0","0","0","","0","0","0","1","02420","0","","6.0","","1","N","N","","0","","0","0","1","","0","","","3","0","0","0","0","0","0","2","0","3","","","","N","","","","","","","","","",""
"2016055708","","1","0","0","0","0","0","0","0","0","4","0","","02","6","2016","4","40.44237","-80.072962","","11","0","0","0","0","0","1","0","0","","0","0","0","","","0","","1","","40 26:32.532","","0","80 04:22.663","0","0","0","0","2439","0","0","0","N","0","0","0","3","02439","0","","1.0","","1","N","N","","1","","0","0","1","","3","","","3","0","0","0","0","0","0","2","0","3","","","","N","","","","","","","","","",""
"2016054208","","0","0","0","0","0","0","0","0","0","0","0","","02","5","2016","6","40.436441","-79.964029","","11","0","0","0","0","0","0","0","0","1","0","0","0","","","0","","0","","40 26:11.188","3","0","79 57:50.504","0","0","0","0","2301","0","0","0","N","0","0","0","1","02301","0","","1.0","","1","N","N","","0","","0","0","1","","0","N","","1","0","0","0","0","0","0","2","0","1","","","","N","","","","","","","","","",""
"2016054999","","1","0","0","0","0","0","0","0","0","5","0","","02","5","2016","3","40.483345","-79.837475","","11","0","0","0","0","0","0","0","0","2","0","0","0","","","0","","0","","40 29:00.043","2","0","79 50:14.910","9","0","0","0","2113","0","0","0","N","0","0","0","1","02113","0","","2.0","","1","N","N","","0","","0","0","1","","0","N","","2","0","0","0","0","0","1","2","0","2","","","","N","","","","","","","","","",""
"2016054792","","0","0","0","0","0","0","0","0","0","7","0","","02","5","2016","2","40.43651","-79.963936","","11","0","0","0","0","0","0","0","0","2","0","0","0","","","1","","2","","40 26:11.436","5","0","79 57:50.169","3","0","0","0","2301","0","0","0","N","0","0","0","2","02301","0","","5.0","","1","N","N","","0","","1","0","1","","0","N","","1","1","0","0","0","0","0","2","0","1","","","","N","","","","","","","","","",""
"2016055695","","1","0","0","0","0","0","0","0","0","4","0","","02","5","2016","3","40.618774","-80.055517","","11","0","0","0","0","0","0","0","0","1","0","0","0","","","2","","0","","40 37:07.586","1","7","80 03:19.862","3","0","0","0","2216","0","0","0","N","0","0","0","4","02505","1","","1.0","","1","N","N","","0","","1","0","1","","2","N","","2","2","0","0","0","0","0","2","0","2","","","","N","","","","","","","","","",""
"2016054210","","0","0","0","0","0","0","0","0","0","7","0","","02","5","2016","5","40.450208","-80.140079","","11","0","0","0","0","0","0","1","0","","0","0","0","","","1","","0","","40 27:00.750","","0","80 08:24.284","8","0","0","0","2115","0","0","0","N","0","0","0","1","02115","0","","4.0","","1","N","N","","1","","0","0","0","","0","","","1","1","0","0","0","1","0","2","0","1","","","","N","","","","","","","","","",""
"2016056590","","1","0","0","0","0","0","0","0","0","1","0","","02","2","2016","4","40.631471","-80.097759","","11","0","0","0","0","0","0","1","0","2","0","0","0","","","0","","0","","40 37:53.294","2","0","80 05:51.934","0","0","0","0","2212","0","0","0","","0","0","0","3","68B03","0","","1.0","","9","N","N","","1","","0","0","0","","0","N","","2","0","0","0","0","0","0","2","0","2","","","","N","","","","","","","","","",""
"2016056653","","2","0","0","0","0","0","0","0","0","4","0","","02","6","2016","5","40.446121","-79.764673","","11","0","0","0","0","0","0","0","2","2","0","0","0","","","2","","1","","40 26:46.035","4","0","79 45:52.822","8","0","0","0","2446","0","0","0","N","0","0","0","3","02446","0","","1.0","","1","N","N","","0","","0","0","0","","3","Y","","2","2","0","0","0","2","1","2","0","2","","","","N","","","","","","","","","",""
"2016054926","","0","0","0","0","0","0","0","0","0","0","0","","02","5","2016","2","40.493234","-79.909258","","11","0","0","0","0","0","0","0","0","","0","0","0","","","0","","0","","40 29:35.643","","8","79 54:33.327","0","0","0","1","2461","0","0","0","","0","0","0","1","68D02","0","","1.0","","1","N","N","","0","","0","0","0","","0","","","1","0","0","0","0","0","0","2","0","1","","","","N","","","","","","","","","",""
"2016054938","","1","0","0","0","0","0","0","0","0","7","0","","02","5","2016","1","40.473545","-80.062391","","11","0","0","0","0","0","0","0","0","2","0","0","0","","","0","","2","","40 28:24.763","7","0","80 03:44.609","0","0","0","0","2444","0","0","0","N","0","0","0","4","02444","0","","4.0","","1","N","N","","0","","0","0","1","","0","N","","2","0","0","0","0","0","0","2","0","2","","","","N","","","","","","","","","",""
"2016055860","","1","0","0","0","0","0","0","0","0","1","0","","02","6","2016","5","40.458329","-79.964242","","11","0","0","0","0","0","0","0","0","","0","0","0","","","2","","2","","40 27:29.984","","0","79 57:51.271","8","0","0","0","2301","0","0","0","N","0","0","0","2","02301","0","","1.0","","9","N","N","","0","","0","0","1","","0","","","2","2","1","0","0","2","0","2","0","2","","","","N","","","","","","","","","",""
"2016054066","","2","0","0","0","0","0","0","0","0","4","0","","02","5","2016","6","40.444202","-80.028173","","11","0","0","0","0","0","0","0","0","","0","0","0","","","0","","1","","40 26:39.126","","8","80 01:41.424","0","0","0","0","2301","0","0","0","N","0","0","0","2","02301","0","","1.0","","1","N","N","","0","","0","0","0","","2","","","2","0","0","0","0","0","0","2","0","2","","","","N","","","","","","","","","",""
"2016055699","","1","0","0","0","0","0","0","0","0","8","0","","02","6","2016","4","40.4519","-80.008919","","11","0","0","0","0","0","0","0","0","","0","0","0","","","1","","1","","40 27:06.839","","0","80 00:32.110","8","0","0","0","2301","1","0","0","N","1","0","0","2","02301","0","","1.0","","1","N","N","","0","","0","0","0","","2","","","2","1","0","0","0","1","1","2","0","1","","","","N","","","","","","","","","",""
"2016054136","","4","0","0","0","0","0","1","0","0","5","1","","02","5","2016","2","40.427946","-79.939975","","11","0","0","0","0","1","1","0","0","2","0","0","0","","","0","","0","","40 25:40.605","3","0","79 56:23.910","0","0","0","0","2301","0","0","0","N","0","0","0","2","02301","0","","1.0","","1","N","N","","0","","0","0","0","","0","N","","5","0","0","0","0","0","0","2","0","5","","","","N","","","","","","","","","",""
"2016054940","","1","0","0","0","0","0","0","0","0","1","1","","02","5","2016","5","40.440508","-79.989318","","11","0","0","0","0","0","1","0","0","","0","1","0","","","0","","2","","40 26:25.828","","0","79 59:21.544","0","0","0","0","2301","0","0","0","N","0","0","0","2","02301","0","","1.0","","1","N","N","","0","","0","0","0","","0","","","2","0","0","0","0","0","0","2","0","2","","","","N","","","","","","","","","",""
"2016055845","","2","0","0","0","0","0","0","0","0","4","0","","02","6","2016","4","40.424388","-79.843579","","11","0","0","0","0","0","0","0","0","2","0","0","0","","","3","","2","","40 25:27.796","3","0","79 50:36.884","4","0","0","0","2431","0","0","0","N","0","0","0","3","02431","2","","1.0","","1","N","N","","0","","0","0","0","","3","N","","2","3","0","0","0","1","0","2","0","2","","","","N","","","","","","","","","",""
"2016054783","","1","0","0","0","0","0","0","0","0","7","0","","02","5","2016","2","40.43625","-79.999028","","11","0","0","0","0","0","0","0","0","1","0","0","0","","","1","","0","","40 26:10.500","1","0","79 59:56.500","3","0","0","0","2301","0","0","0","N","0","0","0","1","02301","0","","2.0","","1","N","N","","0","","1","0","0","","0","Y","","1","1","0","0","0","0","0","2","0","1","","","","N","","","","","","","","","",""
"2016055636","","2","0","0","0","0","0","0","0","0","1","0","","02","2","2016","3","40.491103","-79.88685","","11","0","0","0","0","0","0","0","1","2","0","0","0","","","0","","0","","40 29:27.972","2","0","79 53:12.660","0","0","0","0","2112","0","0","0","","0","0","0","2","68D02","0","","1.0","","1","N","N","","0","","0","0","0","","0","N","","2","0","0","0","0","0","0","2","0","2","","","","N","","","","","","","","","",""
"2016055714","","1","0","0","0","0","0","0","0","0","4","0","","02","5","2016","1","40.387589","-80.090909","","11","0","0","1","0","0","1","0","0","2","0","0","0","","","0","","1","","40 23:15.322","3","0","80 05:27.271","0","0","0","0","2437","0","0","0","N","0","0","0","2","02437","0","","1.0","","1","N","N","","0","","0","0","0","","2","N","","2","0","0","0","0","0","0","2","1","2","","","","N","","","","","","","","","",""
"2016055847","","1","0","0","0","0","0","0","0","0","5","0","","02","6","2016","5","40.478908","-80.043019","","11","0","0","0","0","0","0","0","0","","0","0","0","","","0","","1","","40 28:44.067","","0","80 02:34.868","0","0","0","0","2301","0","0","0","N","0","0","0","2","02301","0","","1.0","","9","N","N","","0","","0","0","1","","4","","","2","0","0","0","0","0","0","2","0","2","","","","N","","","","","","","","","",""
"2016055638","","1","0","0","0","0","0","0","0","0","7","0","","02","2","2016","3","40.567622","-79.798132","","11","0","0","0","0","0","0","0","0","","0","0","0","","","1","","0","","40 34:03.438","","0","79 47:53.274","3","0","0","0","2206","0","0","0","","0","0","0","1","68D02","0","","4.0","","2","N","N","","0","","1","0","0","","0","","","1","1","0","0","0","0","0","2","0","1","","","","N","","","","","","","","","",""
"2016053993","","2","0","0","0","0","0","0","0","0","4","0","","02","5","2016","5","40.395278","-79.986833","","11","0","0","0","0","0","0","1","0","","0","0","0","","","0","","0","","40 23:43.000","","7","79 59:12.600","0","0","0","0","2301","0","0","0","N","0","0","0","2","02301","0","","1.0","","1","N","N","","0","","0","0","0","","0","","","2","0","0","0","0","0","0","2","0","2","","","","N","","","","","","","","","",""
"2016056319","","1","0","0","0","0","0","0","0","0","5","0","","02","6","2016","4","40.442841","-80.030293","","11","0","0","0","0","0","1","0","0","1","0","0","0","","","0","","0","","40 26:34.229","3","6","80 01:49.055","0","0","0","0","2301","0","0","0","N","0","0","0","2","02301","0","","1.0","","1","N","N","","0","","0","0","1","","0","N","","2","0","0","0","0","0","0","2","0","2","","","","N","","","","","","","","","",""
"2016054071","","2","0","0","0","0","0","0","0","0","1","0","","02","5","2016","6","40.381778","-79.928222","","11","0","0","0","0","0","0","2","0","","0","0","0","","","1","","0","","40 22:54.401","","0","79 55:41.599","3","0","0","0","2301","0","0","0","N","0","0","0","5","02301","0","","1.0","","1","N","N","","1","","1","0","2","","0","","","5","1","0","0","0","0","0","2","0","5","","","","N","","","","","","","","","",""
"2016054299","","1","0","0","0","0","0","0","0","0","4","0","","02","5","2016","6","40.41695","-80.02409","","11","0","0","0","0","0","0","0","0","1","0","0","0","","","3","","2","","40 25:01.020","5","0","80 01:26.724","4","0","0","0","2301","0","0","0","N","0","0","0","6","02301","2","","1.0","","1","N","N","","0","","0","0","0","","3","N","","2","3","0","0","0","1","0","2","1","2","","","","N","","","","","","","","","",""
"2016054787","","1","0","0","0","0","0","0","0","0","7","0","","02","5","2016","2","40.432667","-80.012522","","11","0","0","0","0","0","0","0","0","","0","0","0","","","0","","0","","40 25:57.601","","0","80 00:45.079","0","0","0","0","2301","0","0","0","N","0","0","0","0","02301","0","","5.0","","1","N","N","","0","","0","0","0","","0","","","1","0","0","0","0","0","0","2","0","1","","","","N","","","","","","","","","",""
"2016056321","","2","0","0","0","0","0","0","0","0","1","0","","02","6","2016","6","40.330003","-79.988851","","11","0","0","0","1","0","0","0","0","","0","0","0","","","1","","0","","40 19:48.011","","0","79 59:19.864","8","0","0","0","2219","0","0","0","N","0","0","0","3","02219","0","","1.0","","9","N","N","","0","","0","0","0","","0","","","3","1","0","0","0","1","0","2","1","3","","","","N","","","","","","","","","",""
"2016055573","","0","0","0","0","0","0","0","0","0","7","0","","02","6","2016","4","40.411741","-80.026601","","11","0","0","0","0","0","1","0","0","3","0","0","0","","","1","","2","","40 24:42.267","5","0","80 01:35.763","8","0","0","0","2301","0","0","0","N","0","0","0","1","02301","0","","2.0","","1","N","N","","0","","0","0","1","","0","Y","","1","1","0","0","0","1","0","2","0","1","","","","N","","","","","","","","","",""
"2016055090","","1","0","0","0","0","0","0","0","0","1","0","","02","5","2016","4","40.554772","-80.021076","","11","0","0","0","0","0","2","0","0","","0","0","0","","","1","","0","","40 33:17.179","","0","80 01:15.872","8","0","0","0","2108","0","0","0","N","0","0","0","3","02108","0","","1.0","","1","N","N","","0","","0","0","0","","0","","","2","1","0","0","0","1","0","2","1","2","","","","N","","","","","","","","","",""
"2016055719","","2","0","0","0","0","0","0","0","0","4","0","","02","6","2016","4","40.373041","-80.099257","","11","1","0","0","0","0","0","0","0","3","0","0","0","","","3","","2","","40 22:22.946","4","2","80 05:57.324","4","0","0","0","2102","0","0","0","N","0","0","0","3","02102","2","","1.0","","1","N","N","","0","","0","0","0","","2","Y","","2","3","0","0","0","1","0","2","0","2","","","","N","","","","","","","","","",""
"2016055091","","2","0","0","0","0","0","0","0","0","4","0","","02","5","2016","7","40.561325","-80.013073","","11","0","0","0","0","0","0","2","0","2","0","0","0","","","2","","1","","40 33:40.771","5","0","80 00:47.064","8","0","0","0","2108","0","0","0","N","0","0","0","2","02108","0","","1.0","","1","N","N","","0","","0","0","0","","2","Y","","2","2","0","0","0","2","0","2","0","2","","","","N","","","","","","","","","",""
"2016054144","","2","0","0","0","0","0","0","0","0","4","0","","02","5","2016","2","40.529334","-79.994273","","11","0","0","0","0","0","1","1","0","","0","0","0","","","1","","1","","40 31:45.603","","0","79 59:39.381","8","0","0","0","2116","0","0","0","N","0","0","0","2","02116","0","","1.0","","9","N","N","","0","","0","0","0","","3","","","2","1","0","0","0","1","0","2","0","2","","","","N","","","","","","","","","",""
"2016056601","","0","0","0","0","0","0","0","0","0","7","0","","02","5","2016","7","40.430253","-79.881883","","11","0","1","0","0","0","0","0","0","","0","0","0","","","0","","0","","40 25:48.912","","0","79 52:54.779","0","0","0","0","2426","0","0","0","","0","0","0","1","68B03","0","","2.0","","9","N","N","","0","","0","0","1","","0","","","1","0","0","0","0","0","0","2","0","1","","","","N","","","","","","","","","",""
"2016054303","","1","0","0","0","0","0","0","0","0","4","0","","02","5","2016","6","40.625483","-79.860288","","11","0","0","1","1","0","0","0","0","1","0","0","0","","","2","","2","","40 37:31.738","5","0","79 51:37.035","4","0","0","0","2220","0","0","0","N","0","0","0","2","02220","2","","1.0","","1","N","N","","1","","0","0","0","","3","Y","","2","2","0","0","0","0","0","2","0","2","","","","N","","","","","","","","","",""
"2016055869","","0","0","0","0","0","0","0","0","0","4","0","","02","6","2016","5","40.300998","-79.919358","","11","0","0","0","0","0","0","0","0","2","0","0","0","","","0","","0","","40 18:03.593","4","7","79 55:09.689","0","0","0","0","2440","0","0","0","N","0","0","0","2","02440","0","","1.0","","1","N","N","","1","","0","0","1","","0","Y","","2","0","0","0","0","0","0","2","0","2","","","","N","","","","","","","","","",""
"2016055508","","2","0","0","0","0","0","0","0","0","1","0","","02","6","2016","4","40.624488","-80.053906","","11","0","0","0","0","0","1","0","0","2","0","0","0","","","0","","3","","40 37:28.157","2","0","80 03:14.062","0","0","0","0","2216","0","0","0","N","0","0","0","2","02505","0","","1.0","","1","N","N","","0","","0","0","0","","3","N","","2","0","0","0","0","0","0","1","0","2","","","","N","","","","","","","","","",""
"2016054948","","0","0","0","0","0","0","0","0","0","7","0","","02","5","2016","4","40.372992","-79.844303","","11","0","0","0","0","1","0","0","0","1","0","0","0","","","1","","0","","40 22:22.771","1","0","79 50:39.489","8","0","0","0","2303","0","0","0","N","0","0","0","1","02303","0","","2.0","","1","N","N","","0","","0","0","1","","0","Y","","1","1","0","0","0","1","0","2","0","1","","","","N","","","","","","","","","",""
"2016056602","","1","0","0","0","0","0","0","0","0","1","0","","02","5","2016","7","40.425961","-79.912993","","11","0","0","0","0","0","0","0","0","1","0","0","0","","","0","","0","","40 25:33.459","3","4","79 54:46.773","0","0","0","0","2301","0","0","0","","0","0","0","3","68B03","0","","1.0","","1","N","N","","1","","0","0","0","","0","Y","","2","0","0","0","0","0","0","2","0","2","","","","N","","","","","","","","","",""
"2016054286","","2","0","0","0","0","0","0","0","0","1","0","","02","5","2016","6","40.525754","-80.035576","","11","0","1","0","0","0","1","0","0","2","0","0","0","","","0","","1","","40 31:32.714","2","0","80 02:08.075","0","0","0","0","2116","0","0","0","N","0","0","0","4","02116","0","","1.0","","1","N","N","","1","","0","0","1","","2","N","","4","0","0","0","0","0","0","2","0","4","","","","N","","","","","","","","","",""
"2016054875","","2","0","0","0","0","0","0","0","0","4","0","","02","5","2016","2","40.350062","-79.817883","","11","0","0","0","0","0","0","0","0","1","0","0","0","","","1","","1","","40 21:00.223","4","0","79 49:04.378","3","0","0","0","2477","0","0","0","N","0","0","0","4","02477","0","","1.0","","1","N","N","","0","","1","0","0","","3","N","","2","1","0","0","0","0","0","2","0","2","","","","N","","","","","","","","","",""
"2016055723","","1","0","0","0","0","0","0","0","0","7","0","","02","5","2016","5","40.463194","-79.893361","","11","0","0","0","0","0","0","0","0","","0","0","0","","","0","","0","","40 27:47.500","","0","79 53:36.100","0","0","0","0","2301","0","0","0","N","0","0","0","1","02301","0","","5.0","","1","N","N","","0","","0","0","0","","0","","","1","0","0","0","0","0","0","2","0","1","","","","N","","","","","","","","","",""
"2016056327","","1","0","0","0","0","0","0","0","0","1","0","","02","6","2016","6","40.479901","-80.044236","","11","0","0","0","0","0","1","0","0","","0","0","0","","","0","","0","","40 28:47.645","","0","80 02:39.248","0","0","0","0","2301","0","0","0","N","0","0","0","2","02301","0","","1.0","","9","N","N","","0","","0","0","1","","0","","","2","0","0","0","0","0","0","2","0","2","","","","N","","","","","","","","","",""
"2016055581","","1","0","0","1","0","0","0","0","0","8","0","","02","6","2016","4","40.556721","-79.997097","","11","0","0","0","0","0","1","0","0","","0","0","0","","","1","","0","","40 33:24.197","","0","79 59:49.549","8","0","0","0","2301","1","0","0","N","0","0","0","3","02301","0","","1.0","","1","N","N","","0","","0","0","0","","0","","","2","1","0","0","0","1","0","2","0","1","","","","N","","","","","","","","","",""
"2016054877","","1","0","0","0","0","0","0","0","0","4","0","","02","5","2016","7","40.370347","-80.100763","","11","0","0","0","0","1","0","1","0","","0","0","0","","","0","","2","","40 22:13.250","","7","80 06:02.748","0","0","0","0","2102","0","0","0","N","0","0","0","2","02102","0","","1.0","","1","N","N","","0","","0","0","1","","2","","","2","0","0","0","0","0","0","2","0","2","","","","N","","","","","","","","","",""
"2016056535","","1","0","0","0","0","0","0","0","0","4","0","","02","6","2016","6","40.328281","-79.796428","","11","0","0","0","0","0","1","1","0","2","0","0","0","","","3","","2","","40 19:41.812","6","0","79 47:47.139","8","0","0","0","2477","0","0","0","N","0","0","0","4","02477","0","","1.0","","1","N","N","","0","","0","0","1","","3","Y","","2","3","0","0","0","3","0","2","0","2","","","","N","","","","","","","","","",""
"2016054288","","1","0","0","0","0","0","0","0","0","4","0","","02","5","2016","6","40.481523","-80.034899","","11","0","0","0","0","0","2","0","0","","0","0","0","","","1","","1","","40 28:53.481","","0","80 02:05.635","8","0","0","0","2301","0","0","0","N","0","0","0","3","02301","0","","1.0","","1","N","N","","1","","0","0","0","","3","","","2","1","0","0","0","1","0","2","0","2","","","","N","","","","","","","","","",""
"2016062080","","1","0","0","0","0","0","0","0","0","7","0","","02","6","2016","7","40.47204","-79.82887","","11","0","0","0","0","0","0","0","0","","0","0","0","","","0","","0","","40 28:19.344","","0","79 49:43.933","0","0","0","0","2113","0","0","0","N","0","0","0","1","02113","0","","5.0","","1","N","N","","0","","0","0","0","","0","","","1","0","0","0","0","0","0","2","0","1","","","","N","","","","","","","","","",""