"CRN","ARRIVAL_TM","AUTOMOBILE_COUNT","BELTED_DEATH_COUNT","BELTED_SUSP_SERIOUS_INJ_COUNT","BICYCLE_COUNT","BICYCLE_DEATH_COUNT","BICYCLE_SUSP_SERIOUS_INJ_COUNT","BUS_COUNT","CHLDPAS_DEATH_COUNT","CHLDPAS_SUSP_SERIOUS_INJ_COUNT","COLLISION_TYPE","COMM_VEH_COUNT","CONS_ZONE_SPD_LIM","COUNTY","CRASH_MONTH","CRASH_YEAR","DAY_OF_WEEK","DEC_LATITUDE","DEC_LONGITUDE","DISPATCH_TM","DISTRICT","DRIVER_COUNT_16YR","DRIVER_COUNT_17YR","DRIVER_COUNT_18YR","DRIVER_COUNT_19YR","DRIVER_COUNT_20YR","DRIVER_COUNT_50_64YR","DRIVER_COUNT_65_74YR","DRIVER_COUNT_75PLUS","EST_HRS_CLOSED","FATAL_COUNT","HEAVY_TRUCK_COUNT","HORSE_BUGGY_COUNT","HOUR_OF_DAY","ILLUMINATION","INJURY_COUNT","INTERSECTION_RELATED","INTERSECT_TYPE","LANE_CLOSED","LATITUDE","LN_CLOSE_DIR","LOCATION_TYPE","LONGITUDE","MAX_SEVERITY_LEVEL","MCYCLE_DEATH_COUNT","MCYCLE_SUSP_SERIOUS_INJ_COUNT","MOTORCYCLE_COUNT","MUNICIPALITY","NONMOTR_COUNT","NONMOTR_DEATH_COUNT","NONMOTR_SUSP_SERIOUS_INJ_COUNT","NTFY_HIWY_MAINT","PED_COUNT","PED_DEATH_COUNT","PED_SUSP_SERIOUS_INJ_COUNT","PERSON_COUNT","POLICE_AGCY","POSSIBLE_INJ_COUNT","RDWY_SURF_TYPE_CD","RELATION_TO_ROAD","ROADWAY_CLEARED","ROAD_CONDITION","SCH_BUS_IND","SCH_ZONE_IND","SECONDARY_CRASH","SMALL_TRUCK_COUNT","SPEC_JURIS_CD","SUSP_MINOR_INJ_COUNT","SUSP_SERIOUS_INJ_COUNT","SUV_COUNT","TCD_FUNC_CD","TCD_TYPE","TFC_DETOUR_IND","TIME_OF_DAY","TOTAL_UNITS","TOT_INJ_COUNT","UNBELTED_OCC_COUNT","UNB_DEATH_COUNT","UNB_SUSP_SERIOUS_INJ_COUNT","UNK_INJ_DEG_COUNT","UNK_INJ_PER_COUNT","URBAN_RURAL","VAN_COUNT","VEHICLE_COUNT","WEATHER1","WEATHER2","WORKERS_PRES","WORK_ZONE_IND","WORK_ZONE_LOC","WORK_ZONE_TYPE","WZ_CLOSE_DETOUR","WZ_FLAGGER","WZ_LAW_OFFCR_IND","WZ_LN_CLOSURE","WZ_MOVING","WZ_OTHER","WZ_SHLDER_MDN","WZ_WORKERS_INJ_KILLED"
"2016056429","","2","0","0","0","0","0","0","0","0","4","0","","02","6","2016","6","40.456306","-80.013111","","11","0","0","0","0","0","0","1","0","2","0","0","0","","","0","","0","","40 27:22.700","3","0","80 00:47.200","0","0","0","0","2301","0","0","0","N","0","0","0","3","02301","0","","1.0","","1","N","N","","0","","0","0","0","","0","Y","","2","0","0","0","0","0","0","2","0","2","","","","N","","","","","","","","","",""
"2016054328","","2","0","0","0","0","0","0","0","0","4","0","","02","5","2016","7","40.438283","-79.996078","","11","0","0","0","0","0","0","0","0","2","0","0","0","","","1","","1","","40 26:17.818","2","0","79 59:45.880","4","0","0","0","2301","0","0","0","N","0","0","0","4","02301","1","","1.0","","1","N","N","","0","","0","0","0","","0","N","","2","1","0","0","0","0","3","2","0","2","","","","N","","","","","","","","","",""
"2016056349","","2","0","0","0","0","0","0","0","0","4","0","","02","6","2016","6","40.439925","-79.994182","","11","0","0","0","0","0","0","0","0","","0","0","0","","","3","","3","","40 26:23.730","","0","79 59:39.055","8","0","0","0","2301","0","0","0","N","0","0","0","5","02301","0","","1.0","","1","N","N","","0","","0","0","0","","2","","","2","3","0","0","0","3","0","2","0","2","","","","N","","","","","","","","","",""
"2016054828","","2","0","0","0","0","0","0","0","0","1","0","","02","5","2016","1","40.428596","-79.977639","","11","0","0","0","0","1","0","0","0","","0","0","0","","","0","","1","","40 25:42.947","","0","79 58:39.500","0","0","0","0","2301","0","0","0","N","0","0","0","2","02301","0","","1.0","","1","N","N","","0","","0","0","0","","0","","","2","0","0","0","0","0","0","2","0","2","","","","N","","","","","","","","","",""
"2016056416","","3","0","0","0","0","0","0","0","0","1","1","30","02","6","2016","6","40.47514","-80.040184","","11","0","0","0","0","0","2","1","0","2","0","1","0","","","1","","0","","40 28:30.503","2","0","80 02:24.661","8","0","0","0","2301","0","0","0","N","0","0","0","5","02301","0","","1.0","","1","N","N","","0","","0","0","0","","0","N","","4","1","1","0","0","1","0","2","0","4","","","N","Y","3","1","","","N","","","","",""
"2016055617","","1","0","0","0","0","0","0","0","0","4","0","","02","6","2016","4","40.491481","-79.86589","","11","0","0","0","0","0","1","0","0","","0","0","0","","","0","","2","","40 29:29.330","","0","79 51:57.203","0","0","0","0","2112","0","0","0","N","0","0","0","2","02112","0","","1.0","","1","N","N","","1","","0","0","0","","2","","","2","0","0","0","0","0","0","2","0","2","","","","N","","","","","","","","","",""
"2016055679","","1","0","0","0","0","0","0","0","0","7","0","","02","5","2016","1","40.612164","-79.759345","","11","0","0","1","0","0","0","0","0","2","0","0","0","","","0","","0","","40 36:43.789","2","0","79 45:33.641","0","0","0","0","2464","0","0","0","","0","0","0","1","68D02","0","","2.0","","1","N","N","","0","","0","0","0","","0","N","","1","0","0","0","0","0","0","2","0","1","","","","N","","","","","","","","","",""
"2016055743","","1","0","0","0","0","0","0","0","0","7","0","","02","6","2016","5","40.4577","-80.007354","","11","0","0","0","0","0","0","0","0","2","0","0","0","","","0","","1","","40 27:27.720","1","0","80 00:26.474","9","0","0","0","2301","0","0","0","N","0","0","0","1","02301","0","","3.0","","1","N","N","","0","","0","0","0","","0","Y","","1","0","0","0","0","0","1","2","0","1","","","","N","","","","","","","","","",""
"2016056557","","2","0","0","0","0","0","0","0","0","4","0","","02","6","2016","6","40.454232","-79.883969","","11","0","0","0","0","0","0","1","0","","0","0","0","","","4","","1","","40 27:15.236","","0","79 53:02.289","8","0","0","0","2301","0","0","0","N","0","0","0","5","02301","0","","1.0","","1","N","N","","0","","0","0","0","","2","","","2","4","0","0","0","4","0","2","0","2","","","","N","","","","","","","","","",""
"2016056573","","1","0","0","0","0","0","0","0","0","1","0","","02","5","2016","5","40.446721","-79.759748","","11","0","1","0","0","0","0","0","0","","0","0","0","","","1","","0","","40 26:48.196","","0","79 45:35.092","4","0","0","0","2446","0","0","0","N","0","0","0","2","02446","1","","1.0","","1","N","N","","1","","0","0","0","","0","","","2","1","0","0","0","0","0","2","0","2","","","","N","","","","","","","","","",""
"2016055050","","0","0","0","0","0","0","0","0","0","4","0","","02","5","2016","2","40.472928","-80.072715","","11","0","0","0","0","0","1","0","0","","0","0","0","","","1","","1","","40 28:22.541","","0","80 04:21.774","8","0","0","0","2122","0","0","0","N","0","0","0","4","02122","0","","1.0","","1","N","N","","1","","0","0","1","","3","","","2","1","2","0","0","1","0","2","0","2","","","","N","","","","","","","","","",""
"2016054329","","1","0","0","0","0","0","0","0","0","7","0","","02","5","2016","7","40.437013","-79.972165","","11","0","0","0","0","0","0","0","0","","0","0","0","","","0","","0","","40 26:13.247","","0","79 58:19.793","9","0","0","0","2301","0","0","0","N","0","0","0","1","02301","0","","5.0","","1","N","N","","0","","0","0","0","","0","","","1","0","0","0","0","0","1","2","0","1","","","","N","","","","","","","","","",""
"2016055744","","1","0","0","0","0","0","0","0","0","7","0","","02","6","2016","5","40.472789","-79.884008","","11","0","0","0","0","0","0","0","0","","0","0","0","","","1","","2","","40 28:22.040","","0","79 53:02.428","8","0","0","0","2113","0","0","0","N","0","0","0","1","02113","0","","4.0","","1","N","N","","0","","0","0","0","","3","","","1","1","0","0","0","1","0","2","0","1","","","","N","","","","","","","","","",""
"2016054048","","1","0","0","0","0","0","0","0","0","7","0","","02","5","2016","5","40.465561","-79.879016","","11","0","0","0","0","0","1","0","0","2","0","0","0","","","2","","0","","40 27:56.021","6","0","79 52:44.459","4","0","0","0","2113","0","0","0","Y","0","0","0","2","02113","1","","4.0","","1","N","N","","0","","0","0","0","","0","Y","","1","2","2","0","0","1","0","2","0","1","","","","N","","","","","","","","","",""
"2016056432","","2","0","0","0","0","0","0","0","0","1","0","","02","6","2016","6","40.427436","-79.721182","","11","0","0","0","0","0","1","0","0","1","0","0","0","","","0","","0","","40 25:38.771","3","0","79 43:16.255","0","0","0","0","2446","0","0","0","N","0","0","0","3","02446","0","","1.0","","1","N","N","","1","","0","0","0","","0","N","","3","0","0","0","0","0","0","2","0","3","","","","N","","","","","","","","","",""
"2016055681","","0","0","0","0","0","0","0","0","0","0","0","","02","5","2016","6","40.369403","-79.778424","","11","0","0","0","0","0","0","0","0","3","0","0","0","","","0","","0","","40 22:09.852","5","0","79 46:42.326","0","0","0","0","2111","0","0","0","Y","0","0","0","1","02111","0","","1.0","","1","N","N","","0","","0","0","1","","0","N","","1","0","0","0","0","0","0","2","0","1","","","","N","","","","","","","","","",""
"2016056495","","0","0","0","0","0","0","0","0","0","4","0","","02","6","2016","6","40.336252","-79.810291","","11","0","0","0","0","0","1","0","0","","0","0","0","","","1","","0","","40 20:10.508","","7","79 48:37.046","8","0","0","0","2477","0","0","0","N","0","0","0","3","02477","0","","1.0","","1","N","N","","0","","0","0","2","","0","","","2","1","0","0","0","1","0","2","0","2","","","","N","","","","","","","","","",""
"2016055745","","1","0","0","0","0","0","0","0","0","5","0","","02","5","2016","2","40.408664","-79.842159","","11","0","0","0","0","0","1","0","0","","0","0","0","","","0","","3","","40 24:31.192","","0","79 50:31.771","0","0","0","0","2449","0","0","0","N","0","0","0","2","02449","0","","1.0","","1","N","N","","0","","0","0","1","","0","","","2","0","0","0","0","0","0","2","0","2","","","","N","","","","","","","","","",""
"2016054986","","1","0","0","0","0","0","0","0","0","7","0","","02","5","2016","3","40.377851","-79.910319","","11","0","0","0","0","0","0","0","0","9","0","0","0","","","0","","3","","40 22:40.263","6","0","79 54:37.148","9","0","0","0","2301","0","0","0","N","0","0","0","1","02301","0","","4.0","","1","N","N","","0","","0","0","0","","0","Y","","2","0","0","0","0","0","1","2","0","1","","","","N","","","","","","","","","",""
"2016056575","","2","0","0","0","0","0","0","0","0","1","0","","02","6","2016","6","40.396195","-80.023707","","11","0","0","0","0","0","0","0","0","","0","0","0","","","2","","1","","40 23:46.302","","0","80 01:25.345","4","0","0","0","2301","0","0","0","N","0","0","0","5","02301","2","","1.0","","1","N","N","","0","","0","0","1","","2","","","3","2","0","0","0","0","0","2","0","3","","","","N","","","","","","","","","",""
"2016056496","","2","0","0","0","0","0","0","0","0","4","0","","02","6","2016","6","40.354167","-79.824417","","11","0","0","0","0","0","1","0","0","","0","0","0","","","0","","2","","40 21:15.000","","0","79 49:27.900","0","0","0","0","2477","0","0","0","N","0","0","0","2","02477","0","","1.0","","1","N","N","","0","","0","0","0","","4","","","2","0","0","0","0","0","0","2","0","2","","","","N","","","","","","","","","",""
"2016054987","","1","0","0","0","0","0","0","0","0","1","0","","02","5","2016","3","40.445844","-79.931692","","11","0","0","0","0","0","0","0","0","","0","0","0","","","0","","0","","40 26:45.039","","0","79 55:54.091","9","0","0","0","2301","0","0","0","N","0","0","0","1","02301","0","","4.0","","1","N","N","","0","","0","0","1","","0","","","2","0","0","0","0","0","1","2","0","2","","","","N","","","","","","","","","",""
"2016063168","","1","0","0","0","0","0","0","0","0","7","0","","02","6","2016","2","40.461117","-80.192289","","11","0","0","0","0","0","0","0","0","","0","0","0","","","0","","0","","40 27:40.021","","0","80 11:32.239","0","0","0","0","2213","0","0","0","","0","0","0","1","68B03","0","","4.0","","1","N","N","","0","","0","0","0","","0","","","1","0","0","0","0","0","0","2","0","1","","","","N","","","","","","","","","",""
"2016063156","","1","0","0","0","0","0","0","0","0","1","0","","02","3","2016","4","40.434181","-79.996304","","11","0","0","0","0","0","0","0","0","2","0","0","0","","","5","","6","","40 26:03.051","3","2","79 59:46.695","4","0","0","0","2301","0","0","0","","0","0","0","7","68B03","5","","1.0","","1","Y","Y","","0","","0","0","1","","4","N","","2","5","0","0","0","0","0","2","0","2","","","","N","","","","","","","","","",""
"2016060815","","2","0","0","0","0","0","0","0","0","4","0","99","02","6","2016","4","","-80.024212","","11","0","0","0","0","0","1","0","0","","0","0","0","","","2","","2","","40 26:33.6","","0","80 01:27.164","4","0","0","0","2301","0","0","0","N","0","0","0","3","02301","2","","1.0","","1","N","N","","0","","0","0","0","","0","","","2","2","0","0","0","0","0","2","0","2","","","U","Y","3","1","Y","","U","","","","",""
"2016062123","","1","0","0","0","0","0","0","0","0","7","0","","02","6","2016","1","40.414118","-79.845859","","11","0","0","0","0","0","0","0","0","2","0","0","0","","","0","","2","","40 24:50.824","4","0","79 50:45.092","9","0","0","0","2431","0","0","0","N","0","0","0","1","02431","0","","3.0","","1","N","N","","0","","0","0","0","","0","N","","1","0","0","0","0","0","1","2","0","1","","","","N","","","","","","","","","",""
"2016060589","","1","0","0","0","0","0","0","0","0","4","0","30","02","6","2016","3","40.429267","-79.999168","","11","0","0","0","0","0","1","0","0","3","0","0","0","","","2","","1","","40 25:45.362","7","3","79 59:57.003","3","0","0","0","2301","0","0","0","N","0","0","0","5","02301","0","","1.0","","1","N","N","","1","","2","0","0","","2","Y","","2","2","0","0","0","0","0","2","0","2","","","Y","Y","4","1","","","N","Y","","","Y",""
"2016062348","","1","0","0","0","0","0","0","0","0","7","0","","02","6","2016","1","40.472178","-80.015504","","11","0","0","0","0","0","0","0","0","1","0","0","0","","","0","","0","","40 28:19.840","1","0","80 00:55.814","0","0","0","0","2301","0","0","0","Y","0","0","0","1","02301","0","","5.0","","1","N","N","","0","","0","0","0","","0","N","","1","0","0","0","0","0","0","2","0","1","","","","N","","","","","","","","","",""
"2016062978","","2","0","0","0","0","0","0","0","0","4","0","","02","6","2016","6","40.518526","-80.030753","","11","0","0","0","0","0","0","0","0","","0","0","0","","","0","","1","","40 31:06.693","","0","80 01:50.710","0","0","0","0","2474","0","0","0","N","0","0","0","4","02474","0","","1.0","","1","N","N","","0","","0","0","1","","3","","","3","0","0","0","0","0","0","2","0","3","","","","N","","","","","","","","","",""
"2016061588","","1","0","0","0","0","0","0","0","0","4","0","","02","6","2016","6","40.456029","-79.941807","","11","0","0","0","0","0","0","1","0","1","0","0","0","","","0","","1","","40 27:21.703","4","0","79 56:30.505","0","0","0","0","2301","0","0","0","N","0","0","0","2","02301","0","","1.0","","1","N","N","","1","","0","0","0","","2","Y","","2","0","0","0","0","0","0","2","0","2","","","","N","","","","","","","","","",""
"2016061307","","1","0","0","0","0","0","0","0","0","4","0","","02","5","2016","7","40.530222","-80.017342","","11","0","0","0","0","0","2","0","0","1","0","0","0","","","0","","1","","40 31:48.800","3","0","80 01:02.432","0","0","0","0","2116","0","0","0","N","0","0","0","5","02116","0","","1.0","","9","N","N","","1","","0","0","1","","3","N","","3","0","0","0","0","0","0","2","0","3","","","","N","","","","","","","","","",""
"2016060592","","1","0","0","0","0","0","0","0","0","7","0","","02","6","2016","3","40.366931","-79.890349","","11","0","0","0","0","0","1","0","0","1","0","0","0","","","0","","3","","40 22:00.953","4","0","79 53:25.255","0","0","0","0","2473","0","0","0","Y","0","0","0","1","02473","0","","2.0","","1","N","N","","0","","0","0","0","","3","N","","1","0","0","0","0","0","0","2","0","1","","","","N","","","","","","","","","",""
"2016062352","","1","0","0","0","0","0","0","0","0","4","0","","02","6","2016","6","40.557865","-80.204654","","11","0","0","0","0","0","0","1","0","1","0","0","0","","","0","","2","","40 33:28.313","5","0","80 12:16.756","0","0","0","0","2441","0","0","0","Y","0","0","0","5","02441","0","","1.0","","1","N","N","","0","","0","0","1","","2","N","","2","0","0","0","0","0","0","2","0","2","","","","N","","","","","","","","","",""
"2016062129","","1","0","0","0","0","0","0","0","0","7","0","","02","6","2016","1","40.263294","-79.830723","","11","0","0","0","0","0","0","0","0","3","0","0","0","","","1","","0","","40 15:47.858","2","0","79 49:50.602","3","0","0","0","2105","0","0","0","N","0","0","0","1","02105","0","","5.0","","1","N","N","","0","","1","0","0","","0","N","","1","1","0","0","0","0","0","1","0","1","","","","N","","","","","","","","","",""
"2016061593","","0","0","0","0","0","0","0","0","0","1","0","","02","6","2016","6","40.371334","-79.777364","","11","0","1","0","0","0","1","0","0","2","0","0","0","","","1","","0","","40 22:16.801","2","0","79 46:38.511","8","0","0","0","2111","0","0","0","N","0","0","0","3","02111","0","","1.0","","1","N","N","","1","","0","0","2","","0","N","","3","1","0","0","0","1","0","2","0","3","","","","N","","","","","","","","","",""
"2016062130","","1","0","0","0","0","0","0","0","0","4","0","","02","6","2016","7","40.240888","-79.860124","","11","0","0","0","0","0","1","0","0","2","0","0","0","","","0","","1","","40 14:27.198","1","0","79 51:36.448","0","0","0","0","2105","0","0","0","N","0","0","0","5","02105","0","","1.0","","1","N","N","","0","","0","0","1","","3","N","","2","0","0","0","0","0","0","1","0","2","","","","N","","","","","","","","","",""
"2016060595","","1","0","0","0","0","0","0","0","0","7","0","","02","6","2016","3","40.389796","-79.965461","","11","0","0","0","0","0","1","0","0","","0","0","0","","","0","","0","","40 23:23.266","","0","79 57:55.660","0","0","0","0","2403","0","0","0","N","0","0","0","1","02403","0","","2.0","","1","N","N","","0","","0","0","0","","0","","","1","0","0","0","0","0","0","2","0","1","","","","N","","","","","","","","","",""
"2016060611","","2","0","0","0","0","0","0","0","0","4","0","","02","4","2016","1","40.355461","-80.114119","","11","0","0","0","0","0","2","0","0","","0","0","0","","","0","","1","","40 21:19.660","","0","80 06:50.827","0","0","0","0","2414","0","0","0","N","0","0","0","2","02414","0","","1.0","","1","N","N","","0","","0","0","0","","2","","","2","0","0","0","0","0","0","2","0","2","","","","N","","","","","","","","","",""
"2016062983","","0","0","0","0","0","0","0","0","0","4","0","","02","6","2016","2","40.36166","-80.069894","","11","0","0","0","0","0","1","1","0","","0","0","0","","","1","","2","","40 21:41.975","","0","80 04:11.617","3","0","0","0","2123","0","0","0","N","0","0","0","3","02123","0","","1.0","","1","N","N","","0","","1","0","2","","0","","","2","1","1","0","0","0","0","2","0","2","","","","N","","","","","","","","","",""
"2016060758","","1","0","0","0","0","0","0","0","0","5","0","","02","6","2016","4","40.486311","-79.913597","","11","0","0","0","0","0","0","0","0","2","0","0","0","","","0","","2","","40 29:10.718","1","0","79 54:48.949","0","0","0","0","2301","0","0","0","N","0","0","0","4","02301","0","","1.0","","1","N","N","","0","","0","0","1","","0","Y","","2","0","0","0","0","0","0","2","0","2","","","","N","","","","","","","","","",""
"2016063099","","2","0","0","0","0","0","0","0","0","4","0","","02","6","2016","3","40.421785","-80.061503","","11","0","0","0","0","0","0","0","0","","0","0","0","","","1","","0","","40 25:18.426","","0","80 03:41.410","4","0","0","0","2435","0","0","0","N","0","0","0","2","02435","1","","1.0","","1","N","N","","0","","0","0","0","","0","","","2","1","0","0","0","0","0","2","0","2","","","","N","","","","","","","","","",""
"2016060596","","1","0","0","0","0","0","0","0","0","7","0","25","02","6","2016","4","40.405776","-80.029688","","11","0","0","1","0","0","0","0","0","1","0","0","0","","","0","","3","","40 24:20.793","2","0","80 01:46.876","0","0","0","0","2301","0","0","0","N","0","0","0","1","02301","0","","5.0","","1","N","N","","0","","0","0","0","","0","Y","","1","0","0","0","0","0","0","2","0","1","","","N","Y","3","1","","","N","","","Y","",""
"2016060612","","1","0","0","0","0","0","0","0","0","1","0","","02","4","2016","2","40.355425","-80.114145","","11","0","0","0","0","0","1","0","0","","0","0","0","","","0","","0","","40 21:19.531","","0","80 06:50.922","0","0","0","0","2414","0","0","0","N","0","0","0","2","02414","0","","1.0","","1","N","N","","0","","0","0","1","","0","","","2","0","0","0","0","0","0","2","0","2","","","","N","","","","","","","","","",""
"2016062356","","1","0","0","0","0","0","0","0","0","7","0","","02","6","2016","6","40.584694","-80.171056","","11","0","0","0","0","0","0","0","0","","0","0","0","","","0","","0","","40 35:04.900","","0","80 10:15.800","9","0","0","0","2480","0","0","0","N","0","0","0","1","02480","0","","5.0","","1","N","N","","0","","0","0","0","","0","","","1","0","0","0","0","0","1","1","0","1","","","","N","","","","","","","","","",""
"2016061596","","1","0","0","0","0","0","0","0","0","7","0","","02","6","2016","5","40.566037","-80.01629","","11","0","0","0","0","0","0","0","0","","0","0","0","","","1","","0","","40 33:57.733","","0","80 00:58.644","4","0","0","0","2108","0","0","0","","0","0","0","1","02108","1","","4.0","","9","N","N","","0","","0","0","0","","0","","","1","1","0","0","0","0","0","2","0","1","","","","N","","","","","","","","","",""
"2016062437","","1","0","0","0","0","0","0","0","0","4","0","","02","5","2016","6","40.420586","-79.849209","","11","0","0","0","0","0","1","0","0","","0","0","0","","","1","","2","","40 25:14.109","","0","79 50:57.152","3","0","0","0","2431","0","0","0","N","0","0","0","3","02431","0","","1.0","","1","N","N","","1","","1","0","0","","0","","","2","1","0","0","0","0","0","2","0","2","","","","N","","","","","","","","","",""
"2016060613","","2","0","0","0","0","0","0","0","0","4","0","","02","4","2016","7","40.35565","-80.111557","","11","0","0","0","0","0","0","0","0","","0","0","0","","","0","","2","","40 21:20.340","","0","80 06:41.605","0","0","0","0","2414","0","0","0","N","0","0","0","2","02414","0","","1.0","","1","N","N","","0","","0","0","0","","0","","","2","0","0","0","0","0","0","2","0","2","","","","N","","","","","","","","","",""
"2016062985","","1","0","0","0","0","0","0","0","0","7","0","","02","6","2016","3","40.502225","-79.851638","","11","0","0","0","0","0","0","1","0","","0","0","0","","","1","","0","","40 30:08.010","","0","79 51:05.895","8","0","0","0","2301","0","0","0","N","0","0","0","1","02301","0","","5.0","","1","N","N","","0","","0","0","0","","0","","","1","1","0","0","0","1","0","2","0","1","","","","N","","","","","","","","","",""
"2016062357","","1","0","0","0","0","0","0","0","0","5","0","","02","6","2016","7","40.399414","-80.08815","","11","0","0","0","0","0","1","0","0","2","0","0","0","","","0","","0","","40 23:57.890","1","0","80 05:17.340","0","0","0","0","2117","0","0","0","N","0","0","0","1","02117","0","","6.0","","1","N","N","","0","","0","0","0","","0","Y","","2","0","0","0","0","0","0","2","1","2","","","","N","","","","","","","","","",""
"2016060614","","0","0","0","0","0","0","0","0","0","7","0","","02","5","2016","3","40.357734","-80.114947","","11","0","0","0","0","0","1","0","0","2","0","0","0","","","1","","1","","40 21:27.842","6","0","80 06:53.809","3","0","0","0","2414","0","0","0","","0","0","0","1","02414","0","","5.0","","1","N","N","","1","","1","0","0","","3","N","","1","1","0","0","0","0","0","2","0","1","","","","N","","","","","","","","","",""
"2016062371","","3","0","0","0","0","0","0","0","0","1","0","","02","6","2016","5","40.434793","-79.997557","","11","0","0","0","0","0","1","1","0","2","0","0","0","","","3","","0","","40 26:05.255","3","2","79 59:51.206","4","0","0","0","2301","0","0","0","","0","0","0","7","68B03","3","","1.0","","1","N","N","","0","","0","0","0","","0","N","","3","3","0","0","0","0","0","2","0","3","","","","N","","","","","","","","","",""
"2016063180","","3","0","0","0","0","0","0","0","0","1","0","","02","6","2016","5","40.374186","-80.103911","","11","0","0","0","0","0","0","0","0","2","0","0","0","","","2","","0","","40 22:27.069","2","0","80 06:14.078","3","0","0","0","2102","0","0","0","","0","0","0","6","68B03","0","","1.0","","1","N","N","","1","","2","0","1","","0","N","","5","2","1","0","0","0","0","2","0","5","","","","N","","","","","","","","","",""
"2016063102","","0","0","0","0","0","0","0","0","0","4","0","","02","6","2016","2","40.605894","-80.051291","","11","0","0","0","0","0","1","0","0","","0","0","0","","","0","","0","","40 36:21.218","","7","80 03:04.646","0","0","0","0","2108","0","0","0","","0","0","0","2","02108","0","","1.0","","1","N","N","","0","","0","0","2","","0","","","2","0","0","0","0","0","0","2","0","2","","","","N","","","","","","","","","",""
"2016060599","","2","0","0","0","0","0","0","0","0","3","0","","02","6","2016","4","40.419472","-79.84425","","11","0","0","0","0","0","0","0","0","2","0","0","0","","","0","","0","","40 25:10.100","6","0","79 50:39.300","9","0","0","0","2431","0","0","0","N","0","0","0","1","02431","0","","1.0","","1","N","N","","0","","0","0","0","","0","N","","2","0","0","0","0","0","1","2","0","2","","","","N","","","","","","","","","",""
"2016060616","","0","0","0","0","0","0","0","0","0","5","1","","02","6","2016","5","40.362105","-80.110678","","11","0","0","0","0","0","1","0","0","","0","1","0","","","0","","0","","40 21:43.579","","0","80 06:38.441","0","0","0","0","2414","0","0","0","N","0","0","0","2","02414","0","","1.0","","1","N","N","","0","","0","0","1","","0","","","2","0","0","0","0","0","0","2","0","2","","","","N","","","","","","","","","",""
"2016062372","","1","0","0","0","0","0","0","0","0","1","0","","02","6","2016","5","40.43851","-80.011916","","11","0","0","0","0","0","1","0","0","1","0","0","0","","","0","","0","","40 26:18.636","3","3","80 00:42.897","0","0","0","0","2301","0","0","0","","0","0","0","3","68B03","0","","1.0","","1","N","N","","0","","0","0","2","","0","N","","3","0","0","0","0","0","0","2","0","3","","","","N","","","","","","","","","",""
"2016063103","","2","0","0","0","0","0","0","0","0","4","0","","02","6","2016","1","40.495844","-79.94026","","11","0","0","0","0","0","0","0","0","","0","0","0","","","3","","1","","40 29:45.040","","0","79 56:24.935","3","0","0","0","2430","0","0","0","","0","0","0","3","02430","0","","1.0","","1","N","N","","0","","1","0","0","","0","","","2","3","0","0","0","2","0","2","0","2","","","","N","","","","","","","","","",""
"2016060600","","1","0","0","0","0","0","0","0","0","7","0","","02","6","2016","4","40.459333","-79.916056","","11","0","0","0","0","0","0","0","0","","0","0","0","","","0","","0","","40 27:33.600","","1","79 54:57.800","9","0","0","0","2301","0","0","0","N","0","0","0","1","02301","0","","5.0","","1","N","N","","0","","0","0","0","","0","","","1","0","0","0","0","0","1","2","0","1","","","","N","","","","","","","","","",""
"2016062292","","0","0","0","0","0","0","0","0","0","1","0","","02","6","2016","1","40.441733","-80.035258","","11","0","0","0","0","0","1","0","0","","0","0","0","","","0","","2","","40 26:30.238","","0","80 02:06.928","0","0","0","0","2301","0","0","0","N","0","0","0","2","02301","0","","1.0","","1","N","N","","0","","0","0","2","","3","","","2","0","0","0","0","0","0","2","0","2","","","","N","","","","","","","","","",""
"2016060751","","2","0","0","0","0","0","0","0","0","4","0","","02","6","2016","4","40.347675","-79.951733","","11","0","0","0","0","0","1","0","1","","0","0","0","","","1","","2","","40 20:51.631","","0","79 57:06.239","8","0","0","0","2473","0","0","0","N","0","0","0","2","02473","0","","1.0","","1","N","N","","0","","0","0","0","","2","","","2","1","0","0","0","1","0","2","0","2","","","","N","","","","","","","","","",""
"2016060764","","2","0","0","0","0","0","0","0","0","1","0","","02","6","2016","4","40.644749","-79.938349","","11","0","0","0","0","0","0","1","1","1","0","0","0","","","0","","1","","40 38:41.096","2","0","79 56:18.057","0","0","0","0","2217","0","0","0","N","0","0","0","2","02505","0","","1.0","","1","N","N","","0","","0","0","0","","2","N","","2","0","0","0","0","0","0","2","0","2","","","","N","","","","","","","","","",""
"2016062442","","3","0","0","0","0","0","0","0","0","1","0","","02","6","2016","7","40.312281","-79.938216","","11","0","0","0","0","0","1","0","0","2","0","0","0","","","1","","0","","40 18:44.210","2","0","79 56:17.577","4","0","0","0","2440","0","0","0","N","0","0","0","4","02440","1","","1.0","","1","N","N","","0","","0","0","0","","2","Y","","3","1","1","0","0","0","0","2","0","3","","","","N","","","","","","","","","",""
"2016062991","","2","0","0","0","0","0","0","0","0","4","0","","02","6","2016","7","40.460221","-79.842652","","11","0","0","0","0","0","0","1","0","1","0","0","0","","","0","","5","","40 27:36.794","4","0","79 50:33.548","0","0","0","0","2113","0","0","0","N","0","0","0","2","02113","0","","1.0","","1","N","N","","0","","0","0","0","","2","N","","2","0","0","0","0","0","0","2","0","2","","","","N","","","","","","","","","",""