"CRN","ARRIVAL_TM","AUTOMOBILE_COUNT","BELTED_DEATH_COUNT","BELTED_SUSP_SERIOUS_INJ_COUNT","BICYCLE_COUNT","BICYCLE_DEATH_COUNT","BICYCLE_SUSP_SERIOUS_INJ_COUNT","BUS_COUNT","CHLDPAS_DEATH_COUNT","CHLDPAS_SUSP_SERIOUS_INJ_COUNT","COLLISION_TYPE","COMM_VEH_COUNT","CONS_ZONE_SPD_LIM","COUNTY","CRASH_MONTH","CRASH_YEAR","DAY_OF_WEEK","DEC_LATITUDE","DEC_LONGITUDE","DISPATCH_TM","DISTRICT","DRIVER_COUNT_16YR","DRIVER_COUNT_17YR","DRIVER_COUNT_18YR","DRIVER_COUNT_19YR","DRIVER_COUNT_20YR","DRIVER_COUNT_50_64YR","DRIVER_COUNT_65_74YR","DRIVER_COUNT_75PLUS","EST_HRS_CLOSED","FATAL_COUNT","HEAVY_TRUCK_COUNT","HORSE_BUGGY_COUNT","HOUR_OF_DAY","ILLUMINATION","INJURY_COUNT","INTERSECTION_RELATED","INTERSECT_TYPE","LANE_CLOSED","LATITUDE","LN_CLOSE_DIR","LOCATION_TYPE","LONGITUDE","MAX_SEVERITY_LEVEL","MCYCLE_DEATH_COUNT","MCYCLE_SUSP_SERIOUS_INJ_COUNT","MOTORCYCLE_COUNT","MUNICIPALITY","NONMOTR_COUNT","NONMOTR_DEATH_COUNT","NONMOTR_SUSP_SERIOUS_INJ_COUNT","NTFY_HIWY_MAINT","PED_COUNT","PED_DEATH_COUNT","PED_SUSP_SERIOUS_INJ_COUNT","PERSON_COUNT","POLICE_AGCY","POSSIBLE_INJ_COUNT","RDWY_SURF_TYPE_CD","RELATION_TO_ROAD","ROADWAY_CLEARED","ROAD_CONDITION","SCH_BUS_IND","SCH_ZONE_IND","SECONDARY_CRASH","SMALL_TRUCK_COUNT","SPEC_JURIS_CD","SUSP_MINOR_INJ_COUNT","SUSP_SERIOUS_INJ_COUNT","SUV_COUNT","TCD_FUNC_CD","TCD_TYPE","TFC_DETOUR_IND","TIME_OF_DAY","TOTAL_UNITS","TOT_INJ_COUNT","UNBELTED_OCC_COUNT","UNB_DEATH_COUNT","UNB_SUSP_SERIOUS_INJ_COUNT","UNK_INJ_DEG_COUNT","UNK_INJ_PER_COUNT","URBAN_RURAL","VAN_COUNT","VEHICLE_COUNT","WEATHER1","WEATHER2","WORKERS_PRES","WORK_ZONE_IND","WORK_ZONE_LOC","WORK_ZONE_TYPE","WZ_CLOSE_DETOUR","WZ_FLAGGER","WZ_LAW_OFFCR_IND","WZ_LN_CLOSURE","WZ_MOVING","WZ_OTHER","WZ_SHLDER_MDN","WZ_WORKERS_INJ_KILLED"
"2016060684","","0","0","0","0","0","0","0","0","0","7","0","","02","6","2016","3","40.650935","-79.937276","","11","0","0","0","0","0","1","0","0","","0","0","0","","","1","","0","","40 39:03.365","","0","79 56:14.193","3","0","0","0","2217","0","0","0","N","0","0","0","1","02505","0","","4.0","","1","N","N","","0","","1","0","1","","0","","","1","1","0","0","0","0","0","2","0","1","","","","N","","","","","","","","","",""
"2016060753","","2","0","0","0","0","0","0","0","0","4","0","","02","6","2016","3","40.45362","-79.915337","","11","0","0","0","0","0","0","0","0","","0","0","0","","","0","","2","","40 27:13.032","","0","79 54:55.213","0","0","0","0","2301","0","0","0","N","0","0","0","2","02301","0","","1.0","","1","N","N","","0","","0","0","0","","2","","","2","0","0","0","0","0","0","2","0","2","","","","N","","","","","","","","","",""
"2016060766","","0","0","0","0","0","0","0","0","0","1","0","","02","6","2016","3","40.322607","-79.92636","","11","0","0","0","0","0","1","0","0","2","0","0","0","","","2","","2","","40 19:21.384","1","0","79 55:34.897","8","0","0","0","2440","0","0","0","N","0","0","0","3","02440","0","","1.0","","1","N","N","","0","","0","0","2","","3","Y","","2","2","0","0","0","2","0","2","0","2","","","","N","","","","","","","","","",""
"2016060685","","1","0","0","0","0","0","0","0","0","1","0","","02","6","2016","1","40.460091","-79.985409","","11","0","0","0","0","1","0","0","0","","0","0","0","","","1","","0","","40 27:36.329","","0","79 59:07.472","8","0","0","0","2301","0","0","0","N","0","0","0","3","02301","0","","1.0","","9","N","N","","1","","0","0","0","","0","","","2","1","0","0","0","1","1","2","0","2","","","","N","","","","","","","","","",""
"2016060538","","2","0","0","0","0","0","0","0","0","1","0","","02","6","2016","3","40.435966","-79.979581","","11","0","0","0","0","0","0","0","0","","0","0","0","","","1","","0","","40 26:09.478","","0","79 58:46.493","8","0","0","0","2301","0","0","0","N","0","0","0","2","02301","0","","1.0","","1","N","N","","0","","0","0","0","","0","","","2","1","0","0","0","1","0","2","0","2","","","","N","","","","","","","","","",""
"2016060606","","1","0","0","0","0","0","0","0","0","7","0","","02","6","2016","4","40.410865","-80.005794","","11","0","0","0","0","0","0","0","0","1","0","0","0","","","0","","0","","40 24:39.113","4","0","80 00:20.860","0","0","0","0","2301","0","0","0","N","0","0","0","1","02301","0","","3.0","","1","N","N","","0","","0","0","0","","0","N","","1","0","0","0","0","0","0","2","0","1","","","","N","","","","","","","","","",""
"2016062157","","1","0","0","0","0","0","0","0","0","4","0","","02","6","2016","7","40.36982","-79.853561","","11","0","0","0","0","0","1","0","0","","0","0","0","","","2","","1","","40 22:11.352","","0","79 51:12.819","3","0","0","0","2303","0","0","0","N","0","0","0","4","02303","1","","1.0","","1","N","N","","0","","1","0","1","","3","","","2","2","0","0","0","0","0","2","0","2","","","","N","","","","","","","","","",""
"2016062445","","0","0","0","0","0","0","0","0","0","4","0","","02","6","2016","2","40.438556","-79.932417","","11","0","0","0","0","0","0","1","0","","0","0","0","","","0","","0","","40 26:18.800","","0","79 55:56.700","0","0","0","0","2301","0","0","0","N","0","0","0","1","02301","0","","6.0","","1","N","N","","0","","0","0","1","","0","","","2","0","0","0","0","0","0","2","1","2","","","","N","","","","","","","","","",""
"2016062852","","2","0","0","0","0","0","0","0","0","3","0","","02","6","2016","2","40.359667","-80.008917","","11","0","0","0","0","0","0","1","0","","0","0","0","","","0","","0","","40 21:34.801","","0","80 00:32.101","0","0","0","0","2476","0","0","0","N","0","0","0","2","02476","0","","1.0","","1","N","N","","0","","0","0","0","","0","","","2","0","0","0","0","0","0","2","0","2","","","","N","","","","","","","","","",""
"2016062311","","2","0","0","0","0","0","0","0","0","4","0","","02","6","2016","7","40.63477","-79.939791","","11","0","0","0","1","0","0","0","0","1","0","0","0","","","2","","1","","40 38:05.172","2","0","79 56:23.249","4","0","0","0","2217","0","0","0","N","0","0","0","3","02505","1","","1.0","","1","N","N","","1","","0","0","0","","2","Y","","3","2","0","0","0","1","0","2","0","3","","","","N","","","","","","","","","",""
"2016060540","","2","0","0","0","0","0","0","0","0","1","0","","02","6","2016","3","40.454394","-79.912998","","11","0","0","0","0","0","0","0","0","1","0","0","0","","","0","","0","","40 27:15.819","3","0","79 54:46.794","0","0","0","0","2301","0","0","0","N","0","0","0","3","02301","0","","1.0","","1","N","N","","1","","0","0","0","","0","N","","3","0","0","0","0","0","0","2","0","3","","","","N","","","","","","","","","",""
"2016062145","","2","0","0","0","0","0","0","0","0","4","0","","02","6","2016","7","40.463143","-79.955399","","11","0","0","0","0","0","1","0","0","","0","0","0","","","0","","0","","40 27:47.314","","0","79 57:19.437","0","0","0","0","2301","0","0","0","N","0","0","0","2","02301","0","","1.0","","1","N","N","","0","","0","0","0","","0","","","2","0","0","0","0","0","0","2","0","2","","","","N","","","","","","","","","",""
"2016061398","","0","0","0","0","0","0","0","0","0","8","0","","02","6","2016","4","40.3855","-79.886222","","11","0","0","0","0","0","0","0","0","1","0","0","0","","","1","","0","","40 23:07.800","1","0","79 53:10.400","4","0","0","0","2473","1","0","0","N","1","0","0","1","02473","1","","1.0","","1","N","N","","1","","0","0","0","","0","N","","2","1","0","0","0","0","0","2","0","1","","","","N","","","","","","","","","",""
"2016062995","","1","0","0","0","0","0","0","0","0","1","0","","02","6","2016","3","40.459633","-79.823389","","11","0","0","0","0","0","1","0","0","","0","0","0","","","0","","0","","40 27:34.677","","0","79 49:24.200","0","0","0","0","2113","0","0","0","N","0","0","0","4","02113","0","","1.0","","1","N","N","","1","","0","0","1","","0","","","3","0","1","0","0","0","0","2","0","3","","","","N","","","","","","","","","",""
"2016060541","","0","0","0","0","0","0","0","0","0","0","0","","02","6","2016","3","40.313298","-79.938775","","11","0","0","0","0","0","1","0","0","1","0","0","0","","","1","","1","","40 18:47.872","2","0","79 56:19.590","2","0","1","1","2440","0","0","0","N","0","0","0","1","02440","0","","1.0","","1","N","N","","0","","0","1","0","","2","N","","1","1","0","0","0","0","0","2","0","1","","","","N","","","","","","","","","",""
"2016062146","","2","0","0","0","0","0","0","0","0","1","0","","02","6","2016","6","40.594906","-79.978053","","11","0","0","1","0","0","0","0","0","1","0","0","0","","","0","","0","","40 35:41.661","4","0","79 58:40.990","0","0","0","0","2207","0","0","0","N","0","0","0","2","02207","0","","1.0","","1","N","N","","0","","0","0","0","","0","N","","2","0","0","0","0","0","0","2","0","2","","","","N","","","","","","","","","",""
"2016062234","","2","0","0","0","0","0","0","0","0","4","0","","02","6","2016","1","40.444202","-80.028173","","11","0","0","0","0","0","1","0","0","1","0","0","0","","","0","","5","","40 26:39.126","2","8","80 01:41.424","0","0","0","0","2301","0","0","0","N","0","0","0","5","02301","0","","1.0","","1","N","N","","0","","0","0","0","","2","N","","2","0","0","0","0","0","0","2","0","2","","","","N","","","","","","","","","",""
"2016062313","","0","0","0","0","0","0","0","0","0","7","0","","02","6","2016","1","40.484455","-79.818846","","11","0","0","0","0","0","0","0","0","","0","0","0","","","1","","0","","40 29:04.039","","0","79 49:07.846","8","0","0","1","2113","0","0","0","N","0","0","0","1","02113","0","","4.0","","1","N","N","","0","","0","0","0","","0","","","1","1","0","0","0","1","0","2","0","1","","","","N","","","","","","","","","",""
"2016062448","","2","0","0","0","0","0","0","0","0","5","0","","02","6","2016","6","40.464946","-80.070458","","11","0","0","0","0","0","0","0","0","1","0","0","0","","","0","","0","","40 27:53.807","4","0","80 04:13.648","0","0","0","0","2444","0","0","0","N","0","0","0","1","02444","0","","6.0","","1","N","N","","0","","0","0","0","","0","N","","2","0","1","0","0","0","0","2","0","2","","","","N","","","","","","","","","",""
"2016061625","","2","0","0","0","0","0","0","0","0","1","0","","02","6","2016","6","40.435975","-79.896048","","11","0","0","0","0","0","1","0","0","","0","0","0","","","1","","0","","40 26:09.509","","0","79 53:45.774","4","0","0","0","2301","0","0","0","N","0","0","0","3","02301","1","","1.0","","1","N","N","","0","","0","0","1","","0","","","3","1","0","0","0","0","0","2","0","3","","","","N","","","","","","","","","",""
"2016062236","","0","0","0","0","0","0","0","0","0","7","0","","02","6","2016","7","40.545868","-79.918562","","11","0","0","0","0","0","0","0","0","","0","0","0","","","1","","0","","40 32:45.123","","0","79 55:06.823","3","0","0","0","2209","0","0","0","N","0","0","0","1","02209","0","","5.0","","1","N","N","","1","","1","0","1","","0","","","2","1","0","0","0","0","0","2","0","2","","","","N","","","","","","","","","",""
"2016063125","","1","0","0","0","0","0","0","0","0","1","0","","02","6","2016","3","40.423273","-80.105496","","11","0","0","0","0","0","0","0","0","","0","0","0","","","1","","0","","40 25:23.784","","0","80 06:19.786","8","0","0","0","2115","0","0","0","","0","0","0","2","68B03","0","","1.0","","1","N","N","","0","","0","0","1","","0","","","2","1","0","0","0","1","0","2","0","2","","","","N","","","","","","","","","",""
"2016060543","","0","0","0","0","0","0","0","0","0","1","0","","02","6","2016","3","40.447287","-79.944189","","11","0","0","0","0","0","0","0","0","2","0","0","0","","","0","","2","","40 26:50.233","3","0","79 56:39.080","0","0","0","0","2301","0","0","0","N","0","0","0","4","02301","0","","1.0","","1","N","N","","0","","0","0","2","","0","N","","2","0","0","0","0","0","0","2","0","2","","","","N","","","","","","","","","",""
"2016062150","","2","0","0","0","0","0","0","0","0","4","0","","02","6","2016","7","40.463719","-79.923696","","11","0","0","0","0","0","0","0","0","","0","0","0","","","4","","1","","40 27:49.389","","0","79 55:25.307","8","0","0","0","2301","0","0","0","N","0","0","0","4","02301","0","","1.0","","1","N","N","","0","","0","0","0","","1","","","2","4","0","0","0","4","0","2","0","2","","","","N","","","","","","","","","",""
"2016063001","","2","0","0","0","0","0","0","0","0","4","0","","02","6","2016","3","40.452571","-79.926607","","11","0","0","1","0","0","0","0","0","","0","0","0","","","1","","1","","40 27:09.255","","0","79 55:35.785","3","0","0","0","2301","0","0","0","N","0","0","0","2","02301","0","","1.0","","1","N","N","","0","","1","0","0","","3","","","2","1","0","0","0","0","0","2","0","2","","","","N","","","","","","","","","",""
"2016060558","","1","0","0","0","0","0","0","0","0","7","0","","02","6","2016","2","40.574756","-80.093666","","11","0","0","0","0","0","0","0","0","","0","0","0","","","0","","0","","40 34:29.123","","0","80 05:37.196","0","0","0","0","2481","0","0","0","N","0","0","0","1","02481","0","","5.0","","1","N","N","","0","","0","0","0","","0","","","1","0","0","0","0","0","0","2","0","1","","","","N","","","","","","","","","",""
"2016060546","","2","0","0","0","0","0","0","0","0","1","0","","02","6","2016","3","40.524341","-79.835692","","11","0","0","0","0","0","0","0","0","1","0","0","0","","","1","","2","","40 31:27.627","3","0","79 50:08.491","4","0","0","0","2451","0","0","0","N","0","0","0","3","02451","1","","1.0","","1","N","N","","0","","0","0","0","","0","N","","2","1","0","0","0","0","0","2","0","2","","","","N","","","","","","","","","",""
"2016061405","","2","0","0","0","0","0","0","0","0","1","0","","02","6","2016","5","40.370683","-79.914435","","11","0","0","0","0","0","0","0","0","2","0","0","0","","","0","","0","","40 22:14.457","3","0","79 54:51.965","9","0","0","0","2301","0","0","0","N","0","0","0","3","02301","0","","1.0","","9","N","N","","1","","0","0","0","","0","N","","3","0","0","0","0","0","1","2","0","3","","","","N","","","","","","","","","",""
"2016063004","","2","0","0","0","0","0","0","0","0","4","0","","02","6","2016","3","40.365383","-80.108172","","11","0","0","0","0","0","2","0","0","","0","0","0","","","0","","0","","40 21:55.378","","7","80 06:29.418","0","0","0","0","2102","0","0","0","N","0","0","0","3","02102","0","","1.0","","1","N","N","","0","","0","0","0","","2","","","2","0","0","0","0","0","0","2","0","2","","","","N","","","","","","","","","",""
"2016060547","","2","0","0","0","0","0","0","0","0","5","0","","02","6","2016","3","40.488857","-79.954098","","11","0","0","0","0","0","0","0","0","3","0","0","0","","","4","","0","","40 29:19.885","1","0","79 57:14.754","8","0","0","0","2118","0","0","0","Y","0","0","0","7","02118","0","","1.0","","1","N","N","","1","","0","0","2","","0","Y","","5","4","2","0","0","4","0","2","0","5","","","","N","","","","","","","","","",""
"2016062154","","0","0","0","0","0","0","0","0","0","7","0","","02","6","2016","1","40.535685","-79.990853","","11","0","0","0","0","0","0","0","0","2","0","0","0","","","1","","0","","40 32:08.466","2","0","79 59:27.070","8","0","0","0","2116","0","0","0","","0","0","0","1","02116","0","","5.0","","1","","","","1","","0","0","0","","0","N","","1","1","1","0","0","1","0","2","0","1","","","","N","","","","","","","","","",""
"2016062321","","2","0","0","0","0","0","0","0","0","1","0","","02","6","2016","1","40.43875","-79.768939","","11","0","0","0","0","0","2","0","0","2","0","0","0","","","2","","1","","40 26:19.501","4","0","79 46:08.179","8","0","0","0","2446","0","0","0","N","0","0","0","8","02446","0","","1.0","","1","N","N","","0","","0","0","1","","2","N","","3","2","0","0","0","2","0","2","0","3","","","","N","","","","","","","","","",""
"2016062387","","0","0","0","0","0","0","0","0","0","5","2","","02","6","2016","5","40.477211","-79.768112","","11","0","0","0","0","0","1","0","0","3","0","2","0","","","2","","0","","40 28:37.960","4","0","79 46:05.203","3","0","0","0","2466","0","0","0","","0","0","0","4","68T02","0","","2.0","","9","N","N","","2","","2","0","0","","0","N","","4","2","0","0","0","0","0","2","0","4","","","","N","","","","","","","","","",""
"2016061634","","0","0","0","0","0","0","0","0","0","4","0","","02","6","2016","7","40.38473","-79.824237","","11","0","0","0","0","0","1","0","0","1","0","0","0","","","0","","1","","40 23:05.027","1","0","79 49:27.253","0","0","0","0","2111","0","0","0","N","0","0","0","3","02111","0","","1.0","","1","N","N","","0","","0","0","2","","1","N","","2","0","0","0","0","0","0","2","0","2","","","","N","","","","","","","","","",""
"2016062861","","2","0","0","0","0","0","0","0","0","7","0","","02","6","2016","1","40.381953","-79.856442","","11","0","0","0","0","0","0","1","0","1","0","0","0","","","0","","0","","40 22:55.031","2","0","79 51:23.190","0","0","0","0","2303","0","0","0","N","0","0","0","3","02303","0","","4.0","","1","N","N","","0","","0","0","0","","0","Y","","2","0","2","0","0","0","0","2","0","2","","","","N","","","","","","","","","",""
"2016063006","","2","0","0","0","0","0","0","0","0","4","0","","02","6","2016","2","40.403681","-79.942297","","11","0","0","0","0","0","0","0","0","","0","0","0","","","0","","2","","40 24:13.252","","0","79 56:32.268","9","0","0","0","2301","0","0","0","N","0","0","0","2","02301","0","","1.0","","1","N","N","","0","","0","0","0","","2","","","2","0","0","0","0","0","1","2","0","2","","","","N","","","","","","","","","",""
"2016063020","","1","0","0","0","0","0","0","0","0","1","0","","02","6","2016","3","40.331792","-80.021397","","11","1","1","0","0","0","0","0","0","","0","0","0","","","0","","0","","40 19:54.452","","0","80 01:17.028","0","0","0","0","2407","0","0","0","N","0","0","0","4","02407","0","","1.0","","1","N","N","","0","","0","0","1","","0","","","2","0","0","0","0","0","0","2","0","2","","","","N","","","","","","","","","",""
"2016062388","","0","0","0","0","0","0","0","0","0","99","0","","02","6","2016","7","40.643828","-80.022717","","11","0","0","0","0","0","0","0","0","","0","0","0","","","0","","0","","40 38:37.782","","0","80 01:21.782","0","0","0","0","2216","0","0","0","","0","0","0","2","68T02","0","","1.0","","1","N","N","","0","","0","0","1","","0","","","1","0","0","0","0","0","0","2","0","1","","","","N","","","","","","","","","",""
"2016060550","","1","0","0","0","0","0","0","0","0","4","0","","02","6","2016","3","40.441366","-80.003939","","11","0","0","0","0","0","0","0","0","","0","0","0","","","1","","1","","40 26:28.917","","0","80 00:14.180","4","0","0","0","2301","0","0","0","N","0","0","0","3","02301","1","","1.0","","1","N","N","","1","","0","0","0","","2","","","2","1","0","0","0","0","1","2","0","2","","","","N","","","","","","","","","",""
"2016062875","","0","0","0","0","0","0","0","0","0","4","0","","02","6","2016","7","40.326006","-79.793457","","11","0","0","0","0","0","1","0","1","","0","0","0","","","0","","3","","40 19:33.622","","0","79 47:36.446","0","0","0","0","2477","0","0","0","N","0","0","0","2","02477","0","","1.0","","1","N","N","","0","","0","0","2","","3","","","2","0","0","0","0","0","0","2","0","2","","","","N","","","","","","","","","",""
"2016061409","","0","0","0","0","0","0","0","0","0","7","0","","02","6","2016","5","40.427139","-80.134833","","11","0","0","0","0","0","0","0","1","","0","0","0","","","0","","0","","40 25:37.700","","0","80 08:05.400","0","0","0","0","2102","0","0","0","N","0","0","0","1","02501","0","","5.0","","9","N","N","","0","","0","0","1","","0","","","1","0","0","0","0","0","0","2","0","1","","","","N","","","","","","","","","",""
"2016063007","","1","0","0","0","0","0","0","0","0","1","0","","02","6","2016","1","40.357608","-80.070367","","11","0","0","0","0","0","0","1","0","","0","0","0","","","2","","2","","40 21:27.390","","0","80 04:13.320","8","0","0","0","2123","0","0","0","N","0","0","0","4","02123","0","","1.0","","1","N","N","","0","","0","0","1","","0","","","2","2","0","0","0","2","0","2","0","2","","","","N","","","","","","","","","",""
"2016060779","","1","0","0","0","0","0","0","0","0","0","0","","02","6","2016","1","40.420379","-79.888396","","11","0","0","0","1","0","0","0","0","2","0","0","0","","","1","","0","","40 25:13.364","7","0","79 53:18.225","2","0","0","0","2463","1","0","1","N","1","0","1","3","02463","0","","1.0","","1","N","Y","","0","","0","1","0","","0","Y","","2","1","2","0","0","0","0","2","0","1","","","","N","","","","","","","","","",""
"2016061619","","1","0","0","0","0","0","0","0","0","5","0","","02","6","2016","3","40.444202","-80.028173","","11","0","0","0","0","0","1","0","0","","0","0","0","","","0","","1","","40 26:39.126","","0","80 01:41.424","0","0","0","1","2301","0","0","0","N","0","0","0","2","02301","0","","1.0","","1","N","N","","0","","0","0","0","","2","","","2","0","0","0","0","0","0","2","0","2","","","","N","","","","","","","","","",""
"2016060701","","3","0","0","0","0","0","0","0","0","1","0","","02","6","2016","3","40.348093","-79.948204","","11","0","0","0","0","0","1","0","0","1","0","0","0","","","0","","0","","40 20:53.136","4","0","79 56:53.536","0","0","0","0","2473","0","0","0","N","0","0","0","6","02473","0","","1.0","","1","N","N","","0","","0","0","1","","0","N","","4","0","0","0","0","0","0","2","0","4","","","","N","","","","","","","","","",""
"2016060858","","2","0","0","0","0","0","0","0","0","5","0","","02","6","2016","4","40.478641","-79.788425","","11","0","0","0","0","0","1","1","0","2","0","0","0","","","2","","5","","40 28:43.107","7","0","79 47:18.330","8","0","0","0","2113","0","0","0","N","0","0","0","3","02113","0","","1.0","","1","N","N","","0","","0","0","1","","3","Y","","3","2","0","0","0","2","0","2","0","3","","","","N","","","","","","","","","",""
"2016062864","","0","0","0","0","0","0","0","0","0","1","0","","02","6","2016","2","40.380958","-79.927134","","11","0","0","0","1","0","0","0","0","","0","0","0","","","0","","0","","40 22:51.447","","0","79 55:37.684","0","0","0","0","2301","0","0","0","N","0","0","0","6","02301","0","","1.0","","1","N","N","","0","","0","0","2","","0","","","2","0","1","0","0","0","0","2","0","2","","","","N","","","","","","","","","",""
"2016061638","","2","0","0","0","0","0","0","0","0","4","0","","02","6","2016","6","40.283652","-79.837454","","11","0","1","0","0","0","0","0","1","","0","0","0","","","0","","3","","40 17:01.147","","0","79 50:14.836","0","0","0","0","2105","0","0","0","N","0","0","0","3","02105","0","","1.0","","1","N","N","","0","","0","0","0","","3","","","2","0","0","0","0","0","0","2","0","2","","","","N","","","","","","","","","",""
"2016060703","","1","0","0","0","0","0","0","0","0","1","0","","02","6","2016","3","40.439294","-79.958943","","11","0","0","0","0","0","0","0","0","","0","0","0","","","0","","0","","40 26:21.458","","0","79 57:32.194","9","0","0","0","2301","0","0","0","N","0","0","0","1","02301","0","","4.0","","1","N","N","","1","","0","0","0","","0","","","2","0","0","0","0","0","1","2","0","2","","","","N","","","","","","","","","",""
"2016062326","","2","0","0","0","0","0","0","0","0","4","0","","02","6","2016","2","40.403681","-79.942297","","11","0","0","0","1","0","0","0","0","","0","0","0","","","1","","2","","40 24:13.252","","0","79 56:32.268","8","0","0","0","2301","0","0","0","N","0","0","0","2","02301","0","","1.0","","1","N","N","","0","","0","0","0","","2","","","2","1","0","0","0","1","1","2","0","2","","","","N","","","","","","","","","",""
"2016063139","","2","0","0","0","0","0","0","0","0","4","0","","02","5","2016","4","40.416871","-80.057312","","11","0","0","0","0","0","0","0","0","","0","0","0","","","2","","0","","40 25:00.737","","0","80 03:26.323","8","0","0","0","2435","0","0","0","","0","0","0","5","68B03","0","","1.0","","1","N","N","","1","","0","0","0","","0","","","3","2","0","0","0","2","0","2","0","3","","","","N","","","","","","","","","",""
"2016062102","","0","0","0","0","0","0","0","0","0","4","0","","02","6","2016","7","40.386133","-80.214985","","11","0","0","0","0","0","1","0","0","3","0","0","0","","","2","","1","","40 23:10.078","5","0","80 12:53.946","3","0","0","2","2214","0","0","0","N","0","0","0","3","02214","0","","1.0","","1","N","N","","0","","1","0","1","","3","N","","3","2","0","0","0","1","0","2","0","3","","","","N","","","","","","","","","",""
"2016060783","","1","0","0","0","0","0","0","0","0","4","0","","02","6","2016","6","40.448364","-80.003737","","11","0","0","0","0","0","0","0","0","2","0","0","0","","","0","","1","","40 26:54.110","3","0","80 00:13.453","0","0","0","0","2301","0","0","0","N","0","0","0","4","02301","0","","1.0","","1","N","N","","0","","0","0","1","","0","N","","2","0","0","0","0","0","0","2","0","2","","","","N","","","","","","","","","",""
"2016063073","","1","0","0","0","0","0","0","0","0","1","0","","02","6","2016","5","40.523407","-79.768338","","11","0","0","0","0","0","0","0","0","1","0","0","0","","","0","","2","","40 31:24.265","1","0","79 46:06.016","0","0","0","0","2466","0","0","0","N","0","0","0","2","02466","0","","1.0","","9","N","N","","0","","0","0","1","","0","N","","2","0","0","0","0","0","0","1","0","2","","","","N","","","","","","","","","",""
"2016060862","","2","0","0","0","0","0","0","0","0","4","0","","02","6","2016","4","40.463186","-79.955134","","11","0","0","0","0","0","0","0","0","","0","0","0","","","1","","1","","40 27:47.469","","0","79 57:18.482","8","0","0","0","2301","0","0","0","N","0","0","0","2","02301","0","","4.0","","1","N","N","","0","","0","0","0","","0","","","2","1","0","0","0","1","0","2","0","2","","","","N","","","","","","","","","",""
"2016062103","","3","0","0","0","0","0","0","0","0","1","0","","02","6","2016","7","40.437571","-79.828941","","11","0","0","0","0","0","0","0","0","1","0","0","0","","","4","","0","","40 26:15.254","4","0","79 49:44.188","8","0","0","0","2419","0","0","0","N","0","0","0","6","02419","0","","1.0","","1","N","N","","0","","0","0","0","","2","N","","3","4","0","0","0","4","0","2","0","3","","","","N","","","","","","","","","",""
"2016062330","","1","0","0","0","0","0","0","0","0","7","0","","02","6","2016","1","40.393414","-79.982405","","11","0","0","0","0","0","1","0","0","","0","0","0","","","0","","0","","40 23:36.289","","0","79 58:56.657","0","0","0","0","2301","0","0","0","N","0","0","0","1","02301","0","","2.0","","1","N","N","","0","","0","0","0","","0","","","1","0","0","0","0","0","0","2","0","1","","","","N","","","","","","","","","",""
"2016060784","","1","0","0","0","0","0","0","0","0","5","0","","02","6","2016","4","40.35151","-79.865072","","11","0","0","0","0","0","0","0","0","","0","0","0","","","1","","1","","40 21:05.436","","0","79 51:54.259","8","0","0","0","2304","0","0","0","N","0","0","0","3","02304","0","","1.0","","1","N","N","","0","","0","0","1","","2","","","2","1","0","0","0","1","0","2","0","2","","","","N","","","","","","","","","",""
"2016060556","","1","0","0","0","0","0","0","0","0","7","0","","02","6","2016","6","40.328138","-79.885311","","11","0","0","0","0","0","0","0","0","","0","0","0","","","0","","0","","40 19:41.295","","0","79 53:07.119","9","0","0","0","2433","0","0","0","N","0","0","0","3","02433","0","","2.0","","1","N","N","","0","","0","0","0","","0","","","1","0","0","0","0","0","3","2","0","1","","","","N","","","","","","","","","",""
"2016060706","","0","0","0","0","0","0","0","0","0","7","0","","02","6","2016","4","40.525408","-80.270583","","11","0","0","0","0","0","1","0","0","","0","0","0","","","0","","0","","40 31:31.468","","0","80 16:14.098","0","0","0","0","2203","0","0","0","N","0","0","0","1","02203","0","","4.0","","9","N","N","","0","","0","0","1","","0","","","1","0","0","0","0","0","0","2","0","1","","","","N","","","","","","","","","",""
"2016063143","","0","0","0","0","0","0","0","0","0","7","0","","02","5","2016","1","40.450001","-80.000466","","11","0","0","0","0","0","0","0","0","","0","0","0","","","1","","0","","40 27:00.005","","2","80 00:01.676","8","0","0","0","2301","0","0","0","","0","0","0","1","68B03","0","","4.0","","1","N","N","","1","","0","0","0","","0","","","1","1","0","0","0","1","0","2","0","1","","","","N","","","","","","","","","",""
"2016061643","","0","0","0","0","0","0","0","0","0","1","0","","02","6","2016","6","40.428475","-79.98066","","11","0","0","0","0","0","0","0","0","","0","1","0","","","0","","0","","40 25:42.510","","0","79 58:50.376","0","0","0","1","2301","0","0","0","N","0","0","0","1","02301","0","","6.0","","1","N","N","","0","","0","0","0","","0","","","2","0","0","0","0","0","0","2","0","2","","","","N","","","","","","","","","",""
"2016061434","","1","0","0","0","0","0","0","0","0","7","0","","02","5","2016","4","40.55256","-80.013518","","11","0","0","0","0","0","1","0","0","2","0","0","0","","","1","","0","","40 33:09.217","6","0","80 00:48.664","4","0","0","0","2116","0","0","0","N","0","0","0","1","02116","1","","5.0","","1","N","N","","0","","0","0","0","","0","Y","","1","1","0","0","0","0","0","2","0","1","","","","N","","","","","","","","","",""