"CRN","ARRIVAL_TM","AUTOMOBILE_COUNT","BELTED_DEATH_COUNT","BELTED_SUSP_SERIOUS_INJ_COUNT","BICYCLE_COUNT","BICYCLE_DEATH_COUNT","BICYCLE_SUSP_SERIOUS_INJ_COUNT","BUS_COUNT","CHLDPAS_DEATH_COUNT","CHLDPAS_SUSP_SERIOUS_INJ_COUNT","COLLISION_TYPE","COMM_VEH_COUNT","CONS_ZONE_SPD_LIM","COUNTY","CRASH_MONTH","CRASH_YEAR","DAY_OF_WEEK","DEC_LATITUDE","DEC_LONGITUDE","DISPATCH_TM","DISTRICT","DRIVER_COUNT_16YR","DRIVER_COUNT_17YR","DRIVER_COUNT_18YR","DRIVER_COUNT_19YR","DRIVER_COUNT_20YR","DRIVER_COUNT_50_64YR","DRIVER_COUNT_65_74YR","DRIVER_COUNT_75PLUS","EST_HRS_CLOSED","FATAL_COUNT","HEAVY_TRUCK_COUNT","HORSE_BUGGY_COUNT","HOUR_OF_DAY","ILLUMINATION","INJURY_COUNT","INTERSECTION_RELATED","INTERSECT_TYPE","LANE_CLOSED","LATITUDE","LN_CLOSE_DIR","LOCATION_TYPE","LONGITUDE","MAX_SEVERITY_LEVEL","MCYCLE_DEATH_COUNT","MCYCLE_SUSP_SERIOUS_INJ_COUNT","MOTORCYCLE_COUNT","MUNICIPALITY","NONMOTR_COUNT","NONMOTR_DEATH_COUNT","NONMOTR_SUSP_SERIOUS_INJ_COUNT","NTFY_HIWY_MAINT","PED_COUNT","PED_DEATH_COUNT","PED_SUSP_SERIOUS_INJ_COUNT","PERSON_COUNT","POLICE_AGCY","POSSIBLE_INJ_COUNT","RDWY_SURF_TYPE_CD","RELATION_TO_ROAD","ROADWAY_CLEARED","ROAD_CONDITION","SCH_BUS_IND","SCH_ZONE_IND","SECONDARY_CRASH","SMALL_TRUCK_COUNT","SPEC_JURIS_CD","SUSP_MINOR_INJ_COUNT","SUSP_SERIOUS_INJ_COUNT","SUV_COUNT","TCD_FUNC_CD","TCD_TYPE","TFC_DETOUR_IND","TIME_OF_DAY","TOTAL_UNITS","TOT_INJ_COUNT","UNBELTED_OCC_COUNT","UNB_DEATH_COUNT","UNB_SUSP_SERIOUS_INJ_COUNT","UNK_INJ_DEG_COUNT","UNK_INJ_PER_COUNT","URBAN_RURAL","VAN_COUNT","VEHICLE_COUNT","WEATHER1","WEATHER2","WORKERS_PRES","WORK_ZONE_IND","WORK_ZONE_LOC","WORK_ZONE_TYPE","WZ_CLOSE_DETOUR","WZ_FLAGGER","WZ_LAW_OFFCR_IND","WZ_LN_CLOSURE","WZ_MOVING","WZ_OTHER","WZ_SHLDER_MDN","WZ_WORKERS_INJ_KILLED"
"2016060387","","1","0","0","0","0","0","0","0","0","6","0","","02","6","2016","3","40.493746","-79.785795","","11","0","0","0","0","0","0","1","0","1","0","0","0","","","1","","0","","40 29:37.484","4","0","79 47:08.863","3","0","0","0","2113","0","0","0","N","0","0","0","2","02113","0","","1.0","","1","N","N","","1","","1","0","0","","0","N","","2","1","0","0","0","0","1","2","0","2","","","","N","","","","","","","","","",""
"2016061726","","0","0","0","0","0","0","0","0","0","7","0","","02","6","2016","7","40.287873","-79.916348","","11","0","0","0","0","0","1","0","0","","0","0","0","","","1","","0","","40 17:16.342","","0","79 54:58.852","2","0","1","1","2440","0","0","0","","0","0","0","1","68T09","0","","2.0","","1","N","N","","0","","0","1","0","","0","","","1","1","0","0","0","0","0","2","0","1","","","","N","","","","","","","","","",""
"2016061161","","1","0","0","0","0","0","0","0","0","8","0","","02","6","2016","5","40.439811","-79.959355","","11","0","0","0","0","1","0","0","0","","0","0","0","","","1","","1","","40 26:23.319","","0","79 57:33.678","8","0","0","0","2301","1","0","0","N","1","0","0","2","02301","0","","1.0","","9","N","N","","0","","0","0","0","","2","","","2","1","0","0","0","1","0","2","0","1","","","","N","","","","","","","","","",""
"2016061162","","3","0","0","0","0","0","0","0","0","5","0","","02","6","2016","5","40.439722","-79.923139","","11","0","0","0","0","0","0","0","0","1","0","0","0","","","1","","0","","40 26:23.000","5","0","79 55:23.300","3","0","0","0","2301","0","0","0","N","0","0","0","5","02301","0","","1.0","","1","N","N","","0","","1","0","0","","0","Y","","3","1","0","0","0","0","0","2","0","3","","","","N","","","","","","","","","",""
"2016061936","","0","0","0","0","0","0","0","0","0","1","0","","02","6","2016","6","40.538571","-79.830476","","11","0","0","0","0","0","0","0","0","1","0","0","0","","","0","","0","","40 32:18.855","2","0","79 49:49.714","0","0","0","0","2208","0","0","0","N","0","0","0","4","02208","0","","1.0","","1","N","N","","0","","0","0","1","","0","N","","2","0","0","0","0","0","0","2","1","2","","","","N","","","","","","","","","",""
"2016062692","","2","0","0","0","0","0","0","0","0","4","0","","02","6","2016","2","40.526012","-79.842698","","11","0","0","0","0","0","1","0","0","2","0","0","0","","","3","","1","","40 31:33.642","4","0","79 50:33.714","3","0","0","0","2451","0","0","0","N","0","0","0","4","02451","1","","1.0","","1","N","N","","0","","1","0","0","","3","N","","2","3","2","0","0","1","0","2","0","2","","","","N","","","","","","","","","",""
"2016061163","","2","0","0","0","0","0","0","0","0","1","0","","02","6","2016","5","40.339106","-80.126022","","11","0","0","0","0","0","0","1","1","","0","0","0","","","2","","1","","40 20:20.783","","0","80 07:33.678","8","0","0","0","2119","0","0","0","N","0","0","0","2","02119","0","","1.0","","9","N","N","","0","","0","0","0","","0","","","2","2","0","0","0","2","0","2","0","2","","","","N","","","","","","","","","",""
"2016060161","","0","0","0","0","0","0","0","0","0","6","0","","02","6","2016","2","40.486864","-79.854408","","11","0","0","0","0","0","1","0","0","2","0","0","0","","","1","","0","","40 29:12.709","2","0","79 51:15.870","4","0","0","0","2113","0","0","0","N","0","0","0","2","02113","1","","1.0","","1","N","N","","0","","0","0","1","","0","N","","2","1","0","0","0","0","0","2","1","2","","","","N","","","","","","","","","",""
"2016062549","","1","0","0","0","0","0","0","0","0","7","0","","02","6","2016","7","40.463054","-79.833129","","11","0","0","0","0","0","0","0","0","","0","0","0","","","0","","0","","40 27:46.994","","0","79 49:59.264","0","0","0","0","2113","0","0","0","N","0","0","0","1","02113","0","","4.0","","1","N","N","","0","","0","0","0","","0","","","1","0","1","0","0","0","0","2","0","1","","","","N","","","","","","","","","",""
"2016060394","","1","0","0","0","0","0","0","0","0","1","0","","02","5","2016","1","40.50365","-80.081079","","11","0","0","1","0","0","0","0","0","1","0","0","0","","","0","","2","","40 30:13.139","2","0","80 04:51.885","0","0","0","0","2405","0","0","0","N","0","0","0","6","02215","0","","1.0","","1","N","N","","0","","0","0","1","","0","N","","2","0","0","0","0","0","0","2","0","2","","","","N","","","","","","","","","",""
"2016061653","","2","0","0","0","0","0","0","0","0","2","0","","02","6","2016","5","40.417278","-79.94025","","11","0","0","0","0","0","0","0","0","","0","0","0","","","0","","0","","40 25:02.200","","0","79 56:24.900","0","0","0","0","2301","0","0","0","N","0","0","0","2","02301","0","","1.0","","9","N","N","","1","","0","0","0","","0","","","3","0","1","0","0","0","0","2","0","3","","","","N","","","","","","","","","",""
"2016060243","","1","0","0","0","0","0","0","0","0","7","0","","02","5","2016","7","40.626703","-80.097124","","11","0","0","0","0","0","0","0","0","2","0","0","0","","","1","","0","","40 37:36.132","2","0","80 05:49.645","3","0","0","0","2212","0","0","0","","0","0","0","1","68B03","0","","2.0","","1","N","N","","0","","1","0","0","","0","N","","1","1","0","0","0","0","0","2","0","1","","","","N","","","","","","","","","",""
"2016061020","","1","0","2","0","0","0","0","0","0","7","0","","02","6","2016","3","40.507949","-80.089223","","11","0","0","0","0","0","0","0","0","2","0","0","0","","","3","","0","","40 30:28.617","1","0","80 05:21.202","2","0","0","0","2429","0","0","0","Y","0","0","0","4","02215","0","","4.0","","1","N","N","","0","","1","2","0","","0","N","","1","3","0","0","0","0","0","2","0","1","","","","N","","","","","","","","","",""
"2016061796","","2","0","0","0","0","0","0","0","0","4","0","","02","6","2016","6","40.454145","-79.944483","","11","0","0","0","0","0","0","0","0","","0","0","0","","","0","","1","","40 27:14.922","","0","79 56:40.138","0","0","0","0","2301","0","0","0","N","0","0","0","6","02301","0","","1.0","","1","N","N","","0","","0","0","0","","2","","","2","0","0","0","0","0","0","2","0","2","","","","N","","","","","","","","","",""
"2016060396","","2","0","0","0","0","0","0","0","0","1","0","","02","6","2016","5","40.418497","-79.757331","","11","0","0","0","0","1","0","0","1","","0","0","0","","","0","","0","","40 25:06.590","","0","79 45:26.391","0","0","0","0","2446","0","0","0","N","0","0","0","4","02446","0","","1.0","","1","N","N","","1","","0","0","0","","0","","","3","0","0","0","0","0","0","2","0","3","","","","N","","","","","","","","","",""
"2016061102","","2","0","0","0","0","0","0","0","0","2","0","","02","6","2016","4","40.440856","-79.750913","","11","0","0","0","0","0","0","0","0","","0","0","0","","","2","","2","","40 26:27.081","","0","79 45:03.286","8","0","0","0","2446","0","0","0","N","0","0","0","2","02446","0","","1.0","","1","N","N","","0","","0","0","0","","3","","","2","2","0","0","0","2","0","2","0","2","","","","N","","","","","","","","","",""
"2016060399","","1","0","0","0","0","0","0","0","0","7","0","","02","6","2016","2","40.440519","-80.238481","","11","0","0","0","0","0","0","0","0","","0","0","0","","","0","","1","","40 26:25.870","","0","80 14:18.530","0","0","0","0","2214","0","0","0","Y","0","0","0","1","02214","0","","4.0","","1","N","N","","0","","0","0","0","","3","","","1","0","0","0","0","0","0","2","0","1","","","","N","","","","","","","","","",""
"2016058975","","1","0","0","0","0","0","0","0","0","0","0","","02","6","2016","5","40.471767","-80.004188","","11","0","0","0","0","0","1","0","0","2","0","0","0","","","0","","0","","40 28:18.361","1","0","80 00:15.078","0","0","0","0","2301","0","0","0","N","0","0","0","1","02301","0","","2.0","","1","N","N","","0","","0","0","0","","0","N","","1","0","0","0","0","0","0","2","0","1","","","","N","","","","","","","","","",""
"2016057452","","2","0","0","0","0","0","0","0","0","1","1","","02","6","2016","2","40.526477","-80.159123","","11","0","0","0","0","0","1","0","0","3","0","2","0","","","0","","1","","40 31:35.318","5","0","80 09:32.841","0","0","0","0","2452","0","0","0","N","0","0","0","4","02458","0","","1.0","","1","N","N","","0","","0","0","0","","2","Y","","4","0","1","0","0","0","0","2","0","4","","","","N","","","","","","","","","",""
"2016057530","","1","0","0","0","0","0","0","0","0","1","0","","02","6","2016","4","40.44216","-79.837217","","11","0","0","0","0","0","0","0","0","","0","0","0","","","0","","0","","40 26:31.776","","0","79 50:13.982","0","0","0","0","2419","0","0","0","","0","0","0","2","68B03","0","","1.0","","1","N","N","","0","","0","0","1","","8","","","2","0","0","0","0","0","0","2","0","2","","","","N","","","","","","","","","",""
"2016058303","","1","0","0","0","0","0","0","0","0","4","0","","02","6","2016","5","40.334176","-80.002683","","11","0","0","0","0","0","0","1","0","1","0","0","0","","","1","","1","","40 20:03.035","3","0","80 00:09.657","8","0","0","0","2407","0","0","0","N","0","0","0","3","02407","0","","1.0","","1","N","N","","0","","0","0","1","","3","N","","2","1","0","0","0","1","0","2","0","2","","","","N","","","","","","","","","",""
"2016057679","","1","0","0","0","0","0","0","0","0","4","0","","02","6","2016","2","40.495718","-80.066952","","11","1","0","0","0","0","0","0","0","1","0","0","0","","","1","","2","","40 29:44.585","4","0","80 04:01.026","4","0","0","0","2402","0","0","0","N","0","0","0","4","02402","1","","1.0","","1","N","N","","0","","0","0","1","","2","N","","2","1","2","0","0","0","0","2","0","2","","","","N","","","","","","","","","",""
"2016057453","","0","0","0","0","0","0","0","0","0","4","0","","02","6","2016","2","40.450716","-79.933584","","11","0","0","0","0","0","0","0","0","","0","0","0","","","0","","1","","40 27:02.577","","0","79 56:00.902","0","0","0","0","2301","0","0","0","N","0","0","0","3","02301","0","","1.0","","9","N","N","","0","","0","0","2","","0","","","2","0","0","0","0","0","0","2","0","2","","","","N","","","","","","","","","",""
"2016059922","","0","0","0","0","0","0","0","0","0","1","0","","02","6","2016","2","40.448088","-80.043993","","11","0","0","0","0","0","0","0","0","2","0","0","0","","","0","","0","","40 26:53.116","1","0","80 02:38.374","0","0","0","0","2301","0","0","0","N","0","0","0","2","02301","0","","1.0","","1","N","N","","1","","0","0","1","","0","N","","2","0","1","0","0","0","0","2","0","2","","","","N","","","","","","","","","",""
"2016057680","","2","0","0","0","0","0","0","0","0","4","0","","02","5","2016","3","40.432958","-79.794083","","11","0","0","0","0","0","1","0","0","1","0","0","0","","","0","","10","","40 25:58.648","3","0","79 47:38.700","0","0","0","0","2446","0","0","0","N","0","0","0","2","02446","0","","1.0","","1","N","N","","0","","0","0","0","","0","N","","2","0","0","0","0","0","0","2","0","2","","","","N","","","","","","","","","",""
"2016058978","","3","0","0","0","0","0","0","0","0","1","0","","02","6","2016","4","40.403934","-79.882787","","11","0","0","0","0","0","0","0","0","","0","0","0","","","0","","0","","40 24:14.164","","1","79 52:58.032","0","0","0","0","2475","0","0","0","N","0","0","0","3","02475","0","","1.0","","1","N","N","","0","","0","0","0","","0","","","3","0","0","0","0","0","0","2","0","3","","","","N","","","","","","","","","",""
"2016058385","","1","0","0","0","0","0","0","0","0","4","0","","02","6","2016","4","40.52667","-79.816213","","11","0","0","0","0","0","2","0","0","","0","0","0","","","0","","0","","40 31:36.011","","7","79 48:58.365","0","0","0","0","2466","0","0","0","N","0","0","0","4","02466","0","","1.0","","1","N","N","","1","","0","0","1","","0","","","3","0","0","0","0","0","0","2","0","3","","","","N","","","","","","","","","",""
"2016057681","","1","0","0","0","0","0","0","0","0","4","0","","02","6","2016","5","40.46539","-79.956725","","11","0","0","0","0","0","2","0","0","","0","0","0","","","0","","1","","40 27:55.404","","0","79 57:24.210","0","0","0","0","2301","0","0","0","N","0","0","0","6","02301","0","","1.0","","1","N","N","","0","","0","0","0","","3","","","2","0","0","0","0","0","0","2","1","2","","","","N","","","","","","","","","",""
"2016057746","","2","0","0","0","0","0","0","0","0","4","0","","02","6","2016","3","40.400415","-80.064388","","11","0","0","0","0","0","1","0","0","","0","0","0","","","0","","0","","40 24:01.495","","7","80 03:51.797","0","0","0","0","2117","0","0","0","N","0","0","0","3","02117","0","","1.0","","1","N","N","","0","","0","0","0","","3","","","2","0","0","0","0","0","0","2","0","2","","","","N","","","","","","","","","",""
"2016059069","","2","0","0","0","0","0","0","0","0","4","0","","02","6","2016","6","40.451499","-79.953396","","11","0","0","0","0","0","0","0","0","","0","0","0","","","0","","1","","40 27:05.396","","0","79 57:12.225","0","0","0","0","2301","0","0","0","N","0","0","0","3","02301","0","","1.0","","1","N","N","","0","","0","0","0","","3","","","2","0","0","0","0","0","0","2","0","2","","","","N","","","","","","","","","",""
"2016057618","","1","0","0","0","0","0","0","0","0","1","0","","02","6","2016","2","40.56734","-80.010355","","11","0","0","0","0","0","1","0","0","1","0","0","0","","","0","","0","","40 34:02.424","3","0","80 00:37.278","0","0","0","0","2108","0","0","0","","0","0","0","3","02108","0","","1.0","","1","N","N","","1","","0","0","0","","0","N","","2","0","0","0","0","0","0","2","0","2","","","","N","","","","","","","","","",""
"2016058453","","1","0","0","0","0","0","0","0","0","4","0","","02","6","2016","7","40.336144","-79.866937","","11","0","0","0","0","0","0","0","0","2","0","0","0","","","2","","1","","40 20:10.118","7","0","79 52:00.973","3","0","0","0","2455","0","0","0","N","0","0","0","3","02455","0","","1.0","","9","N","N","","1","","1","0","0","","0","Y","","2","2","0","0","0","1","0","2","0","2","","","","N","","","","","","","","","",""
"2016058981","","2","0","0","0","0","0","0","0","0","4","0","","02","6","2016","6","40.471223","-79.908591","","11","0","0","0","0","0","1","0","0","1","0","0","0","","","0","","0","","40 28:16.403","2","7","79 54:30.928","9","0","0","0","2301","0","0","0","N","0","0","0","3","02301","0","","1.0","","1","N","N","","0","","0","0","0","","0","N","","2","0","1","0","0","0","2","2","0","2","","","","N","","","","","","","","","",""
"2016059057","","1","0","0","0","0","0","0","0","0","1","0","","02","6","2016","4","40.504678","-80.083988","","11","0","0","0","0","0","1","0","0","","0","0","0","","","0","","0","","40 30:16.842","","0","80 05:02.356","0","0","0","0","2405","0","0","0","N","0","0","0","2","02215","0","","1.0","","1","N","N","","1","","0","0","0","","0","","","2","0","0","0","0","0","0","2","0","2","","","","N","","","","","","","","","",""
"2016057471","","1","0","0","0","0","0","0","0","0","7","0","","02","6","2016","2","40.439652","-80.016819","","11","0","0","0","0","0","1","0","0","","0","0","0","","","0","","6","","40 26:22.747","","2","80 01:00.547","9","0","0","0","2301","0","0","0","N","0","0","0","2","02301","0","","1.0","","9","N","N","","0","","0","0","0","","0","","","2","0","0","0","0","0","1","2","0","2","","","","N","","","","","","","","","",""
"2016057619","","2","0","0","0","0","0","0","0","0","4","0","","02","6","2016","2","40.563859","-80.041433","","11","1","0","0","0","0","0","0","0","","0","0","0","","","0","","3","","40 33:49.892","","0","80 02:29.158","0","0","0","0","2108","0","0","0","","0","0","0","3","02108","0","","1.0","","9","N","N","","0","","0","0","0","","0","","","2","0","0","0","0","0","0","2","0","2","","","","N","","","","","","","","","",""
"2016062033","","0","0","0","0","0","0","0","0","0","8","0","","02","6","2016","6","40.346111","-80.049806","","11","0","0","0","0","0","0","1","0","2","0","0","0","","","1","","0","","40 20:46.000","6","7","80 02:59.300","2","0","0","0","2407","1","0","1","N","1","0","1","2","02407","0","","1.0","","1","N","N","","0","","0","1","1","","0","N","","2","1","0","0","0","0","0","2","0","1","","","","N","","","","","","","","","",""
"2016057472","","2","0","0","0","0","0","0","0","0","1","0","","02","6","2016","2","40.427326","-79.921659","","11","0","0","0","0","0","0","0","0","","0","0","0","","","0","","0","","40 25:38.372","","0","79 55:17.972","9","0","0","0","2301","0","0","0","N","0","0","0","1","02301","0","","1.0","","9","N","N","","0","","0","0","2","","0","","","4","0","0","0","0","0","1","2","0","4","","","","N","","","","","","","","","",""
"2016059073","","1","0","0","0","0","0","0","0","0","4","0","","02","6","2016","6","40.322435","-79.940791","","11","0","0","0","0","0","0","0","0","1","0","0","0","","","2","","0","","40 19:20.765","6","7","79 56:26.847","8","0","0","0","2454","0","0","0","N","0","0","0","3","02454","0","","1.0","","1","N","N","","1","","0","0","0","","0","Y","","2","2","1","0","0","2","0","2","0","2","","","","N","","","","","","","","","",""
"2016057620","","1","0","0","0","0","0","0","0","0","7","0","","02","6","2016","5","40.447441","-80.143118","","11","0","0","0","0","0","0","1","0","2","1","0","0","","","0","","0","","40 26:50.786","3","0","80 08:35.226","1","0","0","0","2115","0","0","0","","0","0","0","1","02115","0","2","4.0","","1","N","N","","0","0","0","0","2","","0","N","","3","0","1","1","0","0","0","2","0","3","","","","N","","","","","","","","","",""
"2016058389","","2","0","0","0","0","0","0","0","0","1","0","","02","6","2016","7","40.591658","-79.94806","","11","0","0","1","0","0","0","0","0","1","0","0","0","","","0","","0","","40 35:29.968","2","0","79 56:53.016","0","0","0","0","2207","0","0","0","N","0","0","0","5","02207","0","","1.0","","1","N","N","","1","","0","0","0","","0","N","","3","0","0","0","0","0","0","2","0","3","","","","N","","","","","","","","","",""
"2016058455","","1","0","0","0","0","0","0","0","0","4","0","","02","6","2016","5","40.427971","-80.053703","","11","0","1","0","0","0","0","1","0","","0","0","0","","","0","","1","","40 25:40.696","","0","80 03:13.329","0","0","0","0","2301","0","0","0","N","0","0","0","2","02301","0","","1.0","","1","N","N","","0","","0","0","1","","2","","","2","0","1","0","0","0","0","2","0","2","","","","N","","","","","","","","","",""
"2016059059","","1","0","0","0","0","0","0","0","0","7","0","","02","6","2016","6","40.411203","-80.00997","","11","0","0","0","0","0","0","0","0","1","0","0","0","","","1","","0","","40 24:40.332","5","0","80 00:35.893","4","0","0","0","2301","0","0","0","N","0","0","0","1","02301","1","","5.0","","1","N","N","","0","","0","0","0","","0","N","","1","1","0","0","0","0","0","2","0","1","","","","N","","","","","","","","","",""
"2016057604","","0","0","0","0","0","0","0","0","0","7","0","","02","6","2016","5","40.660167","-79.881947","","11","0","0","0","0","0","0","1","0","2","0","0","0","","","2","","0","","40 39:36.600","6","0","79 52:55.010","2","0","0","0","2220","0","0","0","N","0","0","0","2","02220","0","","4.0","","1","N","N","","1","","1","1","0","","0","N","","1","2","1","0","1","0","0","1","0","1","","","","N","","","","","","","","","",""
"2016057621","","2","0","0","0","0","0","0","0","0","1","0","","02","5","2016","3","40.341439","-80.052498","","11","0","0","0","0","0","1","0","0","","0","0","0","","","1","","0","","40 20:29.182","","0","80 03:08.993","3","0","0","0","2407","0","0","0","N","0","0","0","2","02407","0","","1.0","","1","N","N","","0","","1","0","0","","0","","","2","1","0","0","0","0","0","2","0","2","","","","N","","","","","","","","","",""
"2016059219","","1","0","0","0","0","0","0","0","0","99","0","","02","6","2016","6","40.502485","-80.010956","","11","0","0","0","0","0","0","0","0","","0","0","0","","","0","","0","","40 30:08.946","","0","80 00:39.443","0","0","0","0","2116","0","0","0","N","0","0","0","1","02116","0","","1.0","","1","N","N","","0","","0","0","0","","0","","","1","0","0","0","0","0","0","2","0","1","","","","N","","","","","","","","","",""
"2016059060","","0","0","0","0","0","0","0","0","0","7","0","","02","6","2016","6","40.382074","-80.085779","","11","0","1","0","0","0","0","0","0","1","0","0","0","","","1","","0","","40 22:55.466","2","0","80 05:08.804","3","0","0","0","2117","0","0","0","N","0","0","0","1","02117","0","","4.0","","1","N","N","","0","","1","0","0","","0","N","","1","1","0","0","0","0","0","2","1","1","","","","N","","","","","","","","","",""
"2016057622","","0","0","0","0","0","0","0","0","0","4","0","","02","6","2016","4","40.343092","-80.024423","","11","0","0","0","0","0","1","0","1","","0","0","0","","","0","","2","","40 20:35.130","","0","80 01:27.922","0","0","0","0","2407","0","0","0","N","0","0","0","2","02407","0","","1.0","","1","N","N","","1","","0","0","1","","3","","","2","0","0","0","0","0","0","2","0","2","","","","N","","","","","","","","","",""
"2016058457","","0","0","0","0","0","0","0","0","0","1","0","","02","6","2016","5","40.470312","-79.908671","","11","0","0","0","0","0","1","1","0","","0","0","0","","","0","","2","","40 28:13.123","","0","79 54:31.216","0","0","0","0","2301","0","0","0","N","0","0","0","2","02301","0","","1.0","","1","N","N","","1","","0","0","1","","2","","","2","0","0","0","0","0","0","2","0","2","","","","N","","","","","","","","","",""
"2016057752","","0","0","0","0","0","0","2","0","0","1","2","","02","5","2016","4","40.507199","-80.209414","","11","0","0","0","0","0","2","0","0","1","0","0","0","","","6","","0","","40 30:25.915","4","0","80 12:33.891","8","0","0","0","2213","0","0","0","","0","0","0","60","02213","0","","1.0","","1","Y","N","","0","","0","0","0","","0","N","","2","6","0","0","0","6","0","2","0","2","","","","N","","","","","","","","","",""
"2016057623","","3","0","0","0","0","0","0","0","0","5","0","","02","6","2016","6","40.345131","-80.014691","","11","0","0","0","0","0","0","0","0","","0","0","0","","","2","","0","","40 20:42.470","","0","80 00:52.888","3","0","0","0","2407","0","0","0","N","0","0","0","2","02407","1","","2.0","","1","N","N","","0","","1","0","0","","0","","","3","2","0","0","0","0","0","2","0","3","","","","N","","","","","","","","","",""
"2016057624","","0","0","0","0","0","0","0","0","0","7","0","","02","6","2016","7","40.328254","-80.038394","","11","0","0","0","0","0","0","0","0","","0","0","0","","","1","","2","","40 19:41.714","","0","80 02:18.217","4","0","0","0","2407","0","0","0","N","0","0","0","1","02407","1","","4.0","","1","N","N","","0","","0","0","1","","3","","","1","1","0","0","0","0","0","2","0","1","","","","N","","","","","","","","","",""
"2016058459","","1","0","0","0","0","0","0","0","0","8","0","","02","6","2016","5","40.437961","-79.991059","","11","0","0","0","0","0","0","0","0","1","0","0","0","","","1","","1","","40 26:16.659","3","0","79 59:27.812","8","0","0","0","2301","1","0","0","N","1","0","0","2","02301","0","","1.0","","1","N","N","","0","","0","0","0","","2","N","","2","1","0","0","0","1","0","2","0","1","","","","N","","","","","","","","","",""
"2016057625","","1","0","0","0","0","0","0","0","0","2","0","","02","6","2016","7","40.349123","-80.050067","","11","0","0","0","0","0","1","0","1","","0","0","0","","","2","","2","","40 20:56.842","","0","80 03:00.241","3","0","0","0","2407","0","0","0","N","0","0","0","2","02407","0","","1.0","","1","N","N","","0","","1","0","1","","2","","","2","2","1","0","0","1","0","2","0","2","","","","N","","","","","","","","","",""
"2016057690","","0","0","0","0","0","0","0","0","0","7","0","","02","6","2016","2","40.393713","-80.165555","","11","0","0","0","0","0","0","0","0","1","0","0","0","","","1","","0","","40 23:37.367","6","0","80 09:55.999","3","0","0","0","2102","0","0","0","N","0","0","0","1","02102","0","","4.0","","9","N","N","","1","","1","0","0","","0","Y","","1","1","0","0","0","0","0","2","0","1","","","","N","","","","","","","","","",""
"2016059786","","1","0","0","0","0","0","0","0","0","7","0","","02","6","2016","2","40.464022","-79.882846","","11","0","0","0","0","0","0","0","0","2","0","0","0","","","0","","0","","40 27:50.480","2","0","79 52:58.247","0","0","0","0","2113","0","0","0","N","0","0","0","2","02113","0","","5.0","","1","N","N","","0","","0","0","0","","0","Y","","1","0","0","0","0","0","0","2","0","1","","","","N","","","","","","","","","",""
"2016059872","","1","0","0","0","0","0","0","0","0","4","0","","02","6","2016","2","40.599546","-79.950429","","11","0","0","0","0","0","0","0","0","2","0","0","0","","","4","","2","","40 35:58.365","1","0","79 57:01.544","8","0","0","0","2207","0","0","0","N","0","0","0","4","02207","0","","1.0","","1","N","N","","0","","0","0","1","","3","N","","2","4","0","0","0","4","0","2","0","2","","","","N","","","","","","","","","",""
"2016059934","","0","0","0","0","0","0","0","0","0","7","0","","02","6","2016","2","40.45053","-80.060071","","11","0","0","0","0","0","0","0","0","","0","0","0","","","1","","0","","40 27:01.908","","0","80 03:36.255","8","0","0","0","2301","0","0","0","N","0","0","0","1","02301","0","","2.0","","1","N","N","","0","","0","0","1","","0","","","1","1","0","0","0","1","0","2","0","1","","","","N","","","","","","","","","",""
"2016057609","","0","0","0","0","0","0","0","0","0","1","0","","02","6","2016","3","40.429854","-79.751251","","11","0","1","0","0","0","1","1","0","1","0","0","0","","","1","","0","","40 25:47.476","2","0","79 45:04.504","8","0","0","0","2446","0","0","0","N","0","0","0","6","02446","0","","1.0","","1","N","N","","1","","0","0","1","","0","N","","4","1","0","0","0","1","0","2","1","4","","","","N","","","","","","","","","",""
"2016058461","","2","0","0","0","0","0","0","0","0","4","0","","02","6","2016","5","40.382205","-79.995981","","11","0","0","0","0","0","0","0","0","","0","0","0","","","0","","5","","40 22:55.939","","0","79 59:45.533","0","0","0","0","2301","0","0","0","N","0","0","0","4","02301","0","","1.0","","1","N","N","","0","","0","0","0","","2","","","2","0","0","0","0","0","0","2","0","2","","","","N","","","","","","","","","",""
"2016059292","","0","0","0","0","0","0","0","0","0","1","0","","02","6","2016","5","40.369632","-80.075666","","11","0","0","0","0","0","0","0","0","2","0","0","0","","","0","","0","","40 22:10.674","5","0","80 04:32.399","0","0","0","0","2109","0","0","0","","0","0","0","1","02109","0","","1.0","","1","N","N","","1","","0","0","1","","0","Y","","2","0","0","0","0","0","0","2","0","2","","","","N","","","","","","","","","",""
"2016058251","","1","0","0","0","0","0","0","0","0","7","0","","02","6","2016","4","40.408341","-80.017853","","11","0","0","0","0","0","0","0","0","1","0","0","0","","","1","","0","","40 24:30.028","2","0","80 01:04.272","4","0","0","0","2301","0","0","0","N","0","0","0","2","02301","1","","4.0","","1","N","N","","0","","0","0","0","","0","N","","1","1","0","0","0","0","0","2","0","1","","","","N","","","","","","","","","",""
"2016059157","","0","0","0","0","0","0","0","0","0","1","0","","02","5","2016","4","40.472551","-80.215241","","11","0","0","0","0","0","1","0","0","","0","0","0","","","2","","0","","40 28:21.182","","0","80 12:54.868","3","0","0","0","2203","0","0","0","","0","0","0","2","68B03","0","","1.0","","1","N","N","","1","","2","0","1","","0","","","2","2","0","0","0","0","0","2","0","2","","","","N","","","","","","","","","",""