"CRN","ARRIVAL_TM","AUTOMOBILE_COUNT","BELTED_DEATH_COUNT","BELTED_SUSP_SERIOUS_INJ_COUNT","BICYCLE_COUNT","BICYCLE_DEATH_COUNT","BICYCLE_SUSP_SERIOUS_INJ_COUNT","BUS_COUNT","CHLDPAS_DEATH_COUNT","CHLDPAS_SUSP_SERIOUS_INJ_COUNT","COLLISION_TYPE","COMM_VEH_COUNT","CONS_ZONE_SPD_LIM","COUNTY","CRASH_MONTH","CRASH_YEAR","DAY_OF_WEEK","DEC_LATITUDE","DEC_LONGITUDE","DISPATCH_TM","DISTRICT","DRIVER_COUNT_16YR","DRIVER_COUNT_17YR","DRIVER_COUNT_18YR","DRIVER_COUNT_19YR","DRIVER_COUNT_20YR","DRIVER_COUNT_50_64YR","DRIVER_COUNT_65_74YR","DRIVER_COUNT_75PLUS","EST_HRS_CLOSED","FATAL_COUNT","HEAVY_TRUCK_COUNT","HORSE_BUGGY_COUNT","HOUR_OF_DAY","ILLUMINATION","INJURY_COUNT","INTERSECTION_RELATED","INTERSECT_TYPE","LANE_CLOSED","LATITUDE","LN_CLOSE_DIR","LOCATION_TYPE","LONGITUDE","MAX_SEVERITY_LEVEL","MCYCLE_DEATH_COUNT","MCYCLE_SUSP_SERIOUS_INJ_COUNT","MOTORCYCLE_COUNT","MUNICIPALITY","NONMOTR_COUNT","NONMOTR_DEATH_COUNT","NONMOTR_SUSP_SERIOUS_INJ_COUNT","NTFY_HIWY_MAINT","PED_COUNT","PED_DEATH_COUNT","PED_SUSP_SERIOUS_INJ_COUNT","PERSON_COUNT","POLICE_AGCY","POSSIBLE_INJ_COUNT","RDWY_SURF_TYPE_CD","RELATION_TO_ROAD","ROADWAY_CLEARED","ROAD_CONDITION","SCH_BUS_IND","SCH_ZONE_IND","SECONDARY_CRASH","SMALL_TRUCK_COUNT","SPEC_JURIS_CD","SUSP_MINOR_INJ_COUNT","SUSP_SERIOUS_INJ_COUNT","SUV_COUNT","TCD_FUNC_CD","TCD_TYPE","TFC_DETOUR_IND","TIME_OF_DAY","TOTAL_UNITS","TOT_INJ_COUNT","UNBELTED_OCC_COUNT","UNB_DEATH_COUNT","UNB_SUSP_SERIOUS_INJ_COUNT","UNK_INJ_DEG_COUNT","UNK_INJ_PER_COUNT","URBAN_RURAL","VAN_COUNT","VEHICLE_COUNT","WEATHER1","WEATHER2","WORKERS_PRES","WORK_ZONE_IND","WORK_ZONE_LOC","WORK_ZONE_TYPE","WZ_CLOSE_DETOUR","WZ_FLAGGER","WZ_LAW_OFFCR_IND","WZ_LN_CLOSURE","WZ_MOVING","WZ_OTHER","WZ_SHLDER_MDN","WZ_WORKERS_INJ_KILLED"
"2016057442","","0","0","0","0","0","0","0","0","0","4","0","","02","6","2016","2","40.451485","-79.875645","","11","0","0","0","0","0","0","0","0","3","0","0","0","","","0","","0","","40 27:05.346","7","7","79 52:32.322","9","0","0","0","2301","0","0","0","N","0","0","0","1","02301","0","","5.0","","1","N","N","","1","","0","0","1","","0","N","","2","0","0","0","0","0","1","2","0","2","","","","N","","","","","","","","","",""
"2016062016","","2","0","0","0","0","0","0","0","0","1","0","","02","6","2016","6","40.528499","-79.850278","","11","0","0","0","0","0","2","1","0","2","0","0","0","","","0","","2","","40 31:42.598","2","0","79 51:01.000","0","0","0","0","2208","0","0","0","N","0","0","0","4","02208","0","","1.0","","1","N","N","","1","","0","0","0","","2","N","","3","0","0","0","0","0","0","2","0","3","","","","N","","","","","","","","","",""
"2016058966","","2","0","0","0","0","0","0","0","0","4","0","","02","6","2016","5","40.4346","-79.954632","","11","0","0","0","0","0","0","1","0","","0","0","0","","","0","","1","","40 26:04.560","","0","79 57:16.675","0","0","0","0","2301","0","0","0","N","0","0","0","3","02301","0","","1.0","","1","N","N","","0","","0","0","0","","2","","","2","0","0","0","0","0","0","2","0","2","","","","N","","","","","","","","","",""
"2016059764","","1","0","0","0","0","0","0","0","0","7","0","","02","6","2016","2","40.467572","-79.960934","","11","0","0","0","0","0","0","0","0","1","0","0","0","","","0","","2","","40 28:03.259","5","0","79 57:39.362","0","0","0","0","2301","0","0","0","N","0","0","0","1","02301","0","","5.0","","1","N","N","","0","","0","0","0","","0","Y","","1","0","0","0","0","0","0","2","0","1","","","","N","","","","","","","","","",""
"2016059039","","1","0","0","0","0","0","0","0","0","7","0","","02","6","2016","5","40.590244","-79.806297","","11","0","0","0","0","0","1","0","0","3","0","0","0","","","1","","0","","40 35:24.878","7","0","79 48:22.669","3","0","0","0","2206","0","0","0","N","0","0","0","3","02206","0","","2.0","","1","N","N","","1","","1","0","0","","0","Y","","2","1","0","0","0","0","0","1","0","2","","","","N","","","","","","","","","",""
"2016058281","","2","0","0","0","0","0","0","0","0","1","0","","02","6","2016","5","40.493118","-80.022937","","11","0","0","0","0","0","0","0","0","","0","0","0","","","1","","0","","40 29:35.224","","0","80 01:22.573","8","0","0","0","2301","0","0","0","N","0","0","0","1","02301","0","","1.0","","1","N","N","","0","","0","0","1","","0","","","3","1","0","0","0","1","0","2","0","3","","","","N","","","","","","","","","",""
"2016057587","","1","0","0","0","0","0","0","0","0","7","0","","02","6","2016","6","40.394417","-79.798315","","11","0","0","0","0","0","0","0","0","","0","0","0","","","0","","0","","40 23:39.901","","0","79 47:53.933","0","0","0","0","2446","0","0","0","Y","0","0","0","2","02446","0","","5.0","","1","N","N","","0","","0","0","0","","0","","","1","0","0","0","0","0","0","2","0","1","","","","N","","","","","","","","","",""
"2016057510","","1","0","0","0","0","0","0","0","0","4","1","","02","5","2016","7","40.42878","-79.929467","","11","0","0","0","0","0","0","0","0","","0","1","0","","","4","","10","","40 25:43.609","","7","79 55:46.080","4","0","0","0","2301","0","0","0","","0","0","0","4","68B03","4","","5.0","","9","N","N","","0","","0","0","0","","0","","","2","4","0","0","0","0","0","2","0","2","","","","N","","","","","","","","","",""
"2016059766","","1","0","0","0","0","0","0","0","0","7","0","","02","6","2016","1","40.436831","-80.033052","","11","0","0","0","0","0","0","0","0","","0","0","0","","","0","","0","","40 26:12.590","","0","80 01:58.988","9","0","0","0","2301","0","0","0","N","0","0","0","2","02301","0","","1.0","","1","N","N","","0","","0","0","0","","0","","","1","0","0","0","0","0","1","2","0","1","","","","N","","","","","","","","","",""
"2016057591","","3","0","0","0","0","0","0","0","0","1","0","","02","6","2016","3","40.421806","-79.993194","","11","0","0","0","0","0","1","0","0","1","0","0","0","","","1","","0","","40 25:18.500","1","0","79 59:35.500","8","0","0","0","2301","0","0","0","N","0","0","0","6","02301","0","","1.0","","1","N","N","","0","","0","0","0","","0","N","","3","1","2","0","0","1","0","2","0","3","","","","N","","","","","","","","","",""
"2016058286","","1","0","0","0","0","0","0","0","0","99","0","","02","6","2016","5","40.411014","-80.005933","","11","0","0","0","0","0","1","0","0","","0","0","0","","","0","","2","","40 24:39.651","","0","80 00:21.360","0","0","0","0","2301","0","0","0","N","0","0","0","1","02301","0","","1.0","","1","N","N","","0","","0","0","0","","2","","","1","0","0","0","0","0","0","2","0","1","","","","N","","","","","","","","","",""
"2016062022","","1","0","0","0","0","0","0","0","0","5","0","","02","6","2016","7","40.460138","-79.86641","","11","0","0","0","0","1","0","0","0","","0","0","0","","","0","","0","","40 27:36.497","","0","79 51:59.076","0","0","0","0","2113","0","0","0","","0","0","0","3","02113","0","","1.0","","1","","","","0","","0","0","1","","0","","","2","0","0","0","0","0","0","2","0","2","","","","N","","","","","","","","","",""
"2016057450","","1","0","0","0","0","0","0","0","0","7","0","","02","6","2016","1","40.517642","-80.046068","","11","0","0","0","0","0","1","0","0","1","0","0","0","","","0","","0","","40 31:03.511","3","0","80 02:45.844","0","0","0","0","2474","0","0","0","N","0","0","0","1","02474","0","","5.0","","1","N","N","","0","","0","0","0","","0","Y","","1","0","0","0","0","0","0","2","0","1","","","","N","","","","","","","","","",""
"2016059063","","1","0","0","0","0","0","0","0","0","1","0","","02","6","2016","6","40.367373","-79.818574","","11","0","0","0","0","0","0","0","0","","0","0","0","","","1","","2","","40 22:02.544","","0","79 49:06.866","3","0","0","0","2111","0","0","0","N","0","0","0","2","02111","0","","1.0","","1","N","N","","0","","1","0","1","","0","","","2","1","0","0","0","0","0","2","0","2","","","","N","","","","","","","","","",""
"2016058369","","1","0","0","0","0","0","0","0","0","4","0","","02","6","2016","1","40.515191","-80.160035","","11","0","0","0","0","0","0","0","1","","0","0","0","","","0","","2","","40 30:54.687","","0","80 09:36.125","9","0","0","0","2420","0","0","0","","0","0","0","3","02420","0","","1.0","","1","N","N","","0","","0","0","1","","3","","","2","0","0","0","0","0","1","2","0","2","","","","N","","","","","","","","","",""
"2016058302","","0","0","0","0","0","0","0","0","0","8","0","","02","6","2016","7","40.428832","-79.983278","","11","0","0","0","0","0","0","0","0","","0","0","0","","","1","","0","","40 25:43.794","","0","79 58:59.799","3","0","0","0","2301","1","0","0","N","1","0","0","2","02301","0","","1.0","","1","N","N","","1","","1","0","0","","0","","","2","1","0","0","0","0","0","2","0","1","","","","N","","","","","","","","","",""
"2016057596","","0","0","0","0","0","0","0","0","0","1","0","","02","6","2016","2","40.373568","-80.095389","","11","0","0","0","0","0","1","0","0","","0","0","0","","","0","","0","","40 22:24.846","","0","80 05:43.402","0","0","0","0","2117","0","0","0","N","0","0","0","2","02117","0","","1.0","","1","N","N","","0","","0","0","2","","0","","","2","0","0","0","0","0","0","2","0","2","","","","N","","","","","","","","","",""
"2016057743","","2","0","0","0","0","0","0","0","0","1","0","","02","6","2016","2","40.491055","-80.271735","","11","0","0","0","0","0","0","1","0","","0","0","0","","","0","","6","","40 29:27.798","","2","80 16:18.245","0","0","0","0","2203","0","0","0","","0","0","0","3","68B03","0","","1.0","","1","N","N","","1","","0","0","0","","4","","","3","0","0","0","0","0","0","2","0","3","","","","N","","","","","","","","","",""
"2016059428","","1","0","0","0","0","0","0","0","0","7","0","25","02","6","2016","2","40.34945","-80.112265","","11","0","0","0","1","0","0","0","0","","0","0","0","","","0","","0","","40 20:58.019","","3","80 06:44.154","0","0","0","0","2119","0","0","0","Y","0","0","0","2","02119","0","","2.0","","1","N","N","","0","","0","0","0","","0","","","1","0","0","0","0","0","0","2","0","1","","","N","Y","4","1","","","N","","","","Y",""
"2016057892","","2","0","0","0","0","0","0","0","0","1","0","","02","5","2016","6","40.425938","-79.89995","","11","0","0","0","0","0","0","0","0","","0","0","0","","","0","","0","","40 25:33.376","","0","79 53:59.819","0","0","0","0","2301","0","0","0","","0","0","0","8","68B03","0","","1.0","","1","N","N","","0","","0","0","2","","0","","","4","0","0","0","0","0","0","2","0","4","","","","N","","","","","","","","","",""
"2016059583","","2","0","0","0","0","0","0","0","0","0","0","","02","6","2016","1","40.438156","-79.979531","","11","0","0","0","0","0","0","0","0","2","0","0","0","","","0","","0","","40 26:17.361","5","0","79 58:46.311","0","0","0","0","2301","0","0","0","N","0","0","0","0","02301","0","","6.0","","1","N","N","","0","","0","0","0","","0","Y","","2","0","0","0","0","0","0","2","0","2","","","","N","","","","","","","","","",""
"2016059584","","0","0","0","0","0","0","0","0","0","7","0","","02","6","2016","1","40.419145","-79.987171","","11","0","0","0","0","0","0","0","0","","0","0","0","","","0","","0","","40 25:08.921","","0","79 59:13.816","0","0","0","0","2301","0","0","0","N","0","0","0","1","02301","0","","2.0","","1","N","N","","0","","0","0","1","","0","","","1","0","0","0","0","0","0","2","0","1","","","","N","","","","","","","","","",""
"2016057124","","1","0","0","0","0","0","0","0","0","7","0","","02","6","2016","7","40.375453","-80.102078","","11","0","0","0","1","0","0","0","0","","0","0","0","","","0","","0","","40 22:31.630","","0","80 06:07.479","0","0","0","0","2102","0","0","0","","0","0","0","1","68B03","0","","4.0","","1","N","N","","0","","0","0","0","","0","","","1","0","0","0","0","0","0","2","0","1","","","","N","","","","","","","","","",""
"2016057346","","1","0","0","0","0","0","0","0","0","7","0","","02","5","2016","3","40.497962","-80.164619","","11","0","0","0","0","0","0","0","0","","0","0","0","","","0","","0","","40 29:52.663","","0","80 09:52.628","0","0","0","0","2213","0","0","0","","0","0","0","2","02213","0","","4.0","","1","N","N","","0","","0","0","0","","0","","","1","0","0","0","0","0","0","2","0","1","","","","N","","","","","","","","","",""
"2016059369","","0","0","0","0","0","0","0","0","0","1","0","","02","6","2016","7","40.429779","-79.998805","","11","0","0","0","0","0","1","0","0","1","0","0","0","","","0","","0","","40 25:47.205","1","3","79 59:55.699","0","0","0","0","2301","0","0","0","N","0","0","0","3","02301","0","","1.0","","1","N","N","","0","","0","0","3","","0","N","","3","0","0","0","0","0","0","2","0","3","","","","N","","","","","","","","","",""
"2016057829","","2","0","0","0","0","0","0","0","0","4","0","","02","6","2016","3","40.4592","-79.922055","","11","0","0","0","0","0","0","0","0","1","0","0","0","","","0","","1","","40 27:33.120","1","0","79 55:19.398","0","0","0","0","2301","0","0","0","N","0","0","0","3","02301","0","","1.0","","1","N","N","","0","","0","0","1","","2","N","","3","0","0","0","0","0","0","2","0","3","","","","N","","","","","","","","","",""
"2016058050","","1","0","0","0","0","0","0","0","0","1","0","","02","6","2016","4","40.505993","-79.851428","","11","0","0","0","0","0","0","0","0","","0","0","0","","","1","","0","","40 30:21.576","","0","79 51:05.139","4","0","0","0","2112","0","0","0","N","0","0","0","2","02112","1","","1.0","","9","N","N","","0","","0","0","1","","0","","","2","1","0","0","0","0","0","2","0","2","","","","N","","","","","","","","","",""
"2016057347","","3","0","0","0","0","0","0","0","0","1","0","","02","6","2016","4","40.50824","-80.210529","","11","0","0","0","0","0","1","0","0","1","0","0","0","","","2","","10","","40 30:29.663","3","0","80 12:37.905","3","0","0","0","2213","0","0","0","","0","0","0","6","02213","1","","1.0","","1","N","N","","0","","1","0","0","","0","N","","3","2","0","0","0","0","0","2","0","3","","","","N","","","","","","","","","",""
"2016059354","","1","0","0","0","0","0","0","0","0","4","0","","02","6","2016","6","40.330034","-79.98811","","11","0","0","0","0","0","2","0","0","3","0","0","0","","","0","","2","","40 19:48.124","1","0","79 59:17.197","0","0","0","0","2219","0","0","0","N","0","0","0","2","02219","0","","1.0","","1","N","N","","0","","0","0","1","","2","N","","2","0","0","0","0","0","0","2","0","2","","","","N","","","","","","","","","",""
"2016057897","","1","0","0","0","0","0","0","0","0","7","0","55","02","5","2016","4","40.474108","-80.249903","","11","0","0","0","0","0","1","0","0","","0","0","0","","","0","","0","","40 28:26.787","","0","80 14:59.652","0","0","0","0","2203","0","0","0","","0","0","0","1","68B03","0","","2.0","","1","N","N","","0","","0","0","0","","0","","","1","0","0","0","0","0","0","2","0","1","","","N","Y","4","1","N","N","N","N","N","N","Y",""
"2016058039","","0","0","0","0","0","0","0","0","0","1","0","","02","6","2016","4","40.438802","-79.752134","","11","0","0","0","0","0","1","0","0","","0","0","0","","","1","","0","","40 26:19.686","","0","79 45:07.683","8","0","0","0","2446","0","0","0","N","0","0","0","2","02446","0","","1.0","","1","N","N","","0","","0","0","1","","0","","","2","1","0","0","0","1","0","2","1","2","","","","N","","","","","","","","","",""
"2016057285","","2","0","0","0","0","0","0","0","0","1","0","","02","6","2016","1","40.592291","-80.003346","","11","0","2","0","0","0","0","0","0","","0","0","0","","","0","","3","","40 35:32.247","","0","80 00:12.047","0","0","0","0","2108","0","0","0","N","0","0","0","3","02501","0","","1.0","","1","N","N","","0","","0","0","0","","0","","","2","0","0","0","0","0","0","1","0","2","","","","N","","","","","","","","","",""
"2016057348","","2","0","0","0","0","0","0","0","0","4","0","","02","6","2016","2","40.37873","-80.002105","","11","0","0","0","1","0","2","0","0","","0","0","0","","","0","","0","","40 22:43.429","","0","80 00:07.579","0","0","0","0","2301","0","0","0","N","0","0","0","5","02301","0","","1.0","","1","N","N","","1","","0","0","0","","0","","","3","0","1","0","0","0","0","2","0","3","","","","N","","","","","","","","","",""
"2016058122","","1","0","0","0","0","0","0","0","0","7","0","","02","4","2016","5","40.441047","-79.829625","","11","0","0","0","0","0","0","0","0","","0","0","0","","","1","","0","","40 26:27.769","","0","79 49:46.650","4","0","0","0","2419","0","0","0","","0","0","0","1","68B03","1","","2.0","","1","N","N","","0","","0","0","0","","0","","","1","1","0","0","0","0","0","2","0","1","","","","N","","","","","","","","","",""
"2016057910","","2","0","0","0","0","0","0","0","0","1","0","","02","6","2016","5","40.425572","-79.907001","","11","0","0","1","0","1","0","0","0","","0","0","0","","","0","","0","","40 25:32.060","","0","79 54:25.203","0","0","0","0","2301","0","0","0","","0","0","0","3","68B03","0","","1.0","","1","N","N","","0","","0","0","1","","0","","","3","0","0","0","0","0","0","2","0","3","","","","N","","","","","","","","","",""
"2016058040","","0","0","0","0","0","0","0","0","0","7","0","","02","6","2016","1","40.448981","-79.830574","","11","0","0","0","0","0","0","0","0","1","0","0","0","","","0","","0","","40 26:56.333","2","0","79 49:50.067","0","0","0","0","2113","0","0","0","N","0","0","0","2","02113","0","","4.0","","1","N","N","","0","","0","0","1","","0","N","","1","0","0","0","0","0","0","2","0","1","","","","N","","","","","","","","","",""
"2016057286","","1","0","0","0","0","0","0","0","0","4","0","","02","6","2016","2","","","","11","0","0","0","0","0","0","1","0","1","0","0","0","","","0","","1","","40 26:16.9","3","1","79 59:39.6","0","0","0","0","2301","0","0","0","N","0","0","0","5","02301","0","","1.0","","9","N","N","","0","","0","0","2","","2","N","","3","0","0","0","0","0","0","2","0","3","","","","N","","","","","","","","","",""
"2016058053","","2","0","0","0","0","0","0","0","0","4","0","","02","6","2016","4","40.419699","-79.928258","","11","0","0","0","0","0","1","0","0","2","0","0","0","","","1","","2","","40 25:10.916","4","0","79 55:41.728","8","0","0","0","2301","0","0","0","N","0","0","0","2","02301","0","","1.0","","1","N","N","","0","","0","0","0","","3","Y","","2","1","0","0","0","1","0","2","0","2","","","","N","","","","","","","","","",""
"2016057833","","1","0","0","0","0","0","0","0","0","7","0","","02","6","2016","3","40.510386","-80.097467","","11","0","0","0","0","0","0","0","0","2","0","0","0","","","2","","0","","40 30:37.390","2","0","80 05:50.880","4","0","0","0","2429","0","0","0","N","0","0","0","2","02215","2","","4.0","","1","N","N","","0","","0","0","0","","0","N","","1","2","0","0","0","0","0","2","0","1","","","","N","","","","","","","","","",""
"2016059436","","1","0","0","0","0","0","0","0","0","4","0","","02","6","2016","7","40.579453","-79.957455","","11","0","1","0","0","0","0","0","0","1","0","0","0","","","1","","2","","40 34:46.032","5","0","79 57:26.837","3","0","0","0","2207","0","0","0","N","0","0","0","5","02207","0","","1.0","","1","N","N","","1","","1","0","0","","3","Y","","2","1","0","0","0","0","0","2","0","2","","","","N","","","","","","","","","",""
"2016057899","","2","0","0","0","0","0","0","0","0","1","0","","02","5","2016","5","40.443718","-79.780023","","11","0","0","0","0","0","2","0","0","1","0","0","0","","","1","","0","","40 26:37.386","4","0","79 46:48.081","3","0","0","0","2446","0","0","0","","0","0","0","4","68B03","0","","1.0","","1","N","N","","0","","1","0","0","","0","N","","3","1","0","0","0","0","0","2","1","3","","","","N","","","","","","","","","",""
"2016059373","","2","0","0","0","0","0","0","0","0","2","0","","02","6","2016","7","40.437839","-79.998873","","11","0","0","0","0","0","2","0","0","","0","0","0","","","1","","1","","40 26:16.220","","0","79 59:55.942","3","0","0","0","2301","0","0","0","N","0","0","0","3","02301","0","","1.0","","1","N","N","","0","","1","0","0","","3","","","2","1","0","0","0","0","0","2","0","2","","","","N","","","","","","","","","",""
"2016059437","","0","0","0","0","0","0","0","0","0","4","1","","02","6","2016","6","40.275004","-79.893395","","11","0","0","0","0","0","0","0","0","3","0","0","0","","","0","","7","","40 16:30.016","1","2","79 53:36.222","9","0","0","0","2440","0","0","0","Y","0","0","0","4","02440","0","","1.0","","1","N","N","","1","","0","0","0","","4","N","","2","0","2","0","0","0","3","2","0","2","","","","N","","","","","","","","","",""
"2016057900","","1","0","0","0","0","0","0","0","0","7","0","","02","5","2016","5","40.438285","-79.862755","","11","0","0","0","0","1","0","0","0","1","0","0","0","","","0","","0","","40 26:17.826","3","0","79 51:45.919","0","0","0","0","2478","0","0","0","","0","0","0","1","68B03","0","","4.0","","1","N","N","","0","","0","0","0","","0","N","","1","0","0","0","0","0","0","2","0","1","","","","N","","","","","","","","","",""
"2016057977","","3","0","0","0","0","0","0","0","0","5","0","","02","6","2016","3","40.42275","-79.996583","","11","0","0","0","0","0","0","0","0","","0","0","0","","","0","","0","","40 25:21.900","","0","79 59:47.700","0","0","0","0","2301","0","0","0","N","0","0","0","1","02301","0","","4.0","","1","N","N","","0","","0","0","0","","0","","","3","0","0","0","0","0","0","2","0","3","","","","N","","","","","","","","","",""
"2016058042","","1","0","0","0","0","0","0","0","0","7","0","","02","6","2016","4","40.635678","-79.842683","","11","0","0","0","0","0","0","0","0","1","0","0","0","","","0","","0","","40 38:08.439","4","0","79 50:33.658","0","0","0","0","2220","0","0","0","N","0","0","0","1","02220","0","","4.0","","1","N","N","","0","","0","0","0","","0","N","","1","0","0","0","0","0","0","2","0","1","","","","N","","","","","","","","","",""
"2016059603","","2","0","0","0","0","0","0","0","0","3","0","","02","6","2016","1","40.473334","-80.001352","","11","0","0","0","0","0","2","0","0","","0","0","0","","","0","","0","","40 28:24.002","","7","80 00:04.867","0","0","0","0","2301","0","0","0","N","0","0","0","3","02301","0","","1.0","","1","N","N","","0","","0","0","0","","0","","","2","0","0","0","0","0","0","2","0","2","","","","N","","","","","","","","","",""
"2016058043","","1","0","0","0","0","0","0","0","0","1","0","","02","6","2016","6","40.341152","-80.12036","","11","0","0","0","0","1","0","0","0","","0","0","0","","","0","","0","","40 20:28.147","","7","80 07:13.297","0","0","0","0","2119","0","0","0","N","0","0","0","2","02119","0","","1.0","","1","N","N","","1","","0","0","0","","0","","","2","0","0","0","0","0","0","2","0","2","","","","N","","","","","","","","","",""
"2016059524","","2","0","0","0","0","0","0","0","0","4","0","","02","6","2016","4","40.500033","-80.072786","","11","0","0","0","0","0","2","0","0","1","0","0","0","","","1","","2","","40 30:00.117","5","0","80 04:22.030","8","0","0","0","2402","0","0","0","N","0","0","0","2","02402","0","","1.0","","1","N","N","","0","","0","0","0","","3","Y","","2","1","0","0","0","1","0","2","0","2","","","","N","","","","","","","","","",""
"2016059606","","1","0","0","0","0","0","0","0","0","1","0","","02","6","2016","6","40.373491","-80.006636","","11","0","0","1","0","0","1","0","0","","0","0","0","","","1","","0","","40 22:24.566","","0","80 00:23.888","3","0","0","0","2416","0","0","0","","0","0","0","2","02416","0","","1.0","","1","N","N","","0","","1","0","1","","0","","","2","1","0","0","0","0","0","2","0","2","","","","N","","","","","","","","","",""
"2016058058","","1","0","0","0","0","0","0","0","0","4","1","","02","6","2016","4","40.484182","-79.819301","","11","0","0","0","0","0","0","0","0","","0","1","0","","","0","","1","","40 29:03.056","","0","79 49:09.482","0","0","0","0","2113","0","0","0","N","0","0","0","2","02113","0","","1.0","","1","N","N","","0","","0","0","0","","2","","","2","0","0","0","0","0","0","2","0","2","","","","N","","","","","","","","","",""
"2016059526","","3","0","0","0","0","0","0","0","0","1","0","","02","6","2016","7","40.444145","-79.993544","","11","0","0","0","0","0","1","1","0","2","0","0","0","","","1","","2","","40 26:38.922","2","0","79 59:36.758","8","0","0","0","2301","0","0","0","N","0","0","0","6","02301","0","","1.0","","1","N","N","","0","","0","0","0","","2","N","","3","1","0","0","0","1","0","2","0","3","","","","N","","","","","","","","","",""
"2016059378","","1","0","0","0","0","0","0","0","0","7","0","","02","6","2016","6","40.473","-80.034583","","11","0","0","0","0","0","0","0","0","2","0","0","0","","","0","","0","","40 28:22.800","7","0","80 02:04.500","0","0","0","0","2301","0","0","0","N","0","0","0","2","02301","0","","4.0","","1","N","N","","0","","0","0","0","","0","N","","1","0","2","0","0","0","0","2","0","1","","","","N","","","","","","","","","",""
"2016057074","","0","0","0","0","0","0","0","0","0","7","0","","02","6","2016","7","40.377745","-80.156194","","11","0","0","0","0","0","0","0","0","1","0","0","0","","","0","","0","","40 22:39.883","6","0","80 09:22.299","0","0","0","0","2119","0","0","0","N","0","0","0","1","02119","0","","4.0","","9","N","N","","0","","0","0","1","","0","N","","1","0","0","0","0","0","0","1","0","1","","","","N","","","","","","","","","",""
"2016059527","","1","0","0","0","0","0","0","0","0","4","0","","02","6","2016","1","40.326287","-79.79409","","11","0","0","0","0","1","0","0","0","2","0","0","0","","","2","","0","","40 19:34.633","6","0","79 47:38.723","8","0","0","0","2477","0","0","0","N","0","0","0","2","02477","0","","1.0","","9","N","N","","0","","0","0","1","","0","Y","","2","2","0","0","0","2","0","2","0","2","","","","N","","","","","","","","","",""
"2016057217","","1","0","0","0","0","0","0","0","0","1","0","","02","6","2016","1","40.514343","-80.006295","","11","0","0","0","0","0","1","0","0","","0","0","0","","","0","","0","","40 30:51.634","","0","80 00:22.662","0","0","0","0","2116","0","0","0","N","0","0","0","2","02116","0","","1.0","","9","N","N","","1","","0","0","0","","0","","","2","0","0","0","0","0","0","2","0","2","","","","N","","","","","","","","","",""
"2016059595","","1","0","0","0","0","0","0","0","0","4","0","","02","6","2016","4","40.530111","-80.005613","","11","0","0","0","0","0","0","1","0","1","0","0","0","","","1","","0","","40 31:48.399","4","0","80 00:20.206","3","0","0","1","2116","0","0","0","N","0","0","0","2","02116","0","","1.0","","1","N","N","","0","","1","0","0","","0","N","","2","1","0","0","0","0","0","2","0","2","","","","N","","","","","","","","","",""
"2016057075","","1","0","0","0","0","0","0","0","0","4","0","","02","6","2016","1","40.465995","-79.922728","","11","0","0","0","0","0","0","0","0","","0","0","0","","","1","","1","","40 27:57.582","","0","79 55:21.820","3","0","0","0","2301","0","0","0","N","0","0","0","2","02301","0","","1.0","","1","N","N","","0","","1","0","1","","2","","","2","1","0","0","0","0","0","2","0","2","","","","N","","","","","","","","","",""
"2016057139","","2","0","0","0","0","0","0","0","0","1","0","","02","6","2016","2","40.428805","-79.981453","","11","0","0","0","0","0","0","0","0","","0","0","0","","","0","","0","","40 25:43.699","","0","79 58:53.230","9","0","0","0","2301","0","0","0","N","0","0","0","1","02301","0","","6.0","","1","N","N","","0","","0","0","0","","0","","","2","0","0","0","0","0","1","2","0","2","","","","N","","","","","","","","","",""
"2016059458","","2","0","0","0","0","0","0","0","0","1","0","","02","6","2016","7","40.473072","-79.820383","","11","0","0","1","0","0","0","0","1","","0","0","0","","","1","","0","","40 28:23.059","","0","79 49:13.377","4","0","0","0","2113","0","0","0","N","0","0","0","3","02113","1","","1.0","","1","N","N","","0","","0","0","0","","0","","","2","1","0","0","0","0","0","2","0","2","","","","N","","","","","","","","","",""
"2016057220","","1","0","0","0","0","0","0","0","0","7","0","","02","6","2016","6","40.24075","-79.913969","","11","0","0","0","0","1","0","0","0","","0","0","0","","","0","","0","","40 14:26.700","","0","79 54:50.290","0","0","0","0","2204","0","0","0","N","0","0","0","1","02204","0","","4.0","","1","N","N","","0","","0","0","0","","0","","","1","0","0","0","0","0","0","1","0","1","","","","N","","","","","","","","","",""
"2016057986","","0","0","0","0","0","0","0","0","0","1","1","","02","6","2016","4","40.485","-79.857353","","11","0","0","0","0","0","1","0","0","2","0","1","0","","","1","","0","","40 29:06.000","3","0","79 51:26.469","3","0","0","0","2113","0","0","0","N","0","0","0","3","02113","0","","1.0","","1","N","N","","0","","1","0","1","","0","Y","","2","1","1","0","0","0","0","2","0","2","","","","N","","","","","","","","","",""
"2016057843","","1","0","0","0","0","0","0","0","0","1","0","","02","6","2016","4","40.530361","-80.070338","","11","0","0","0","0","0","1","0","0","","0","0","0","","","0","","0","","40 31:49.299","","0","80 04:13.217","0","0","0","0","2215","0","0","0","N","0","0","0","2","02215","0","","1.0","","1","N","N","","0","","0","0","1","","0","","","2","0","0","0","0","0","0","2","0","2","","","","N","","","","","","","","","",""
"2016059447","","0","0","0","0","0","0","0","0","0","2","0","","02","6","2016","5","40.393963","-79.788175","","11","0","0","0","0","0","0","0","0","","0","0","0","","","0","","0","","40 23:38.266","","0","79 47:17.430","0","0","0","0","2470","0","0","0","N","0","0","0","1","02424","0","","1.0","","1","N","N","","0","","0","0","2","","0","","","3","0","0","0","0","0","0","2","1","3","","","","N","","","","","","","","","",""