"CRN","ARRIVAL_TM","AUTOMOBILE_COUNT","BELTED_DEATH_COUNT","BELTED_SUSP_SERIOUS_INJ_COUNT","BICYCLE_COUNT","BICYCLE_DEATH_COUNT","BICYCLE_SUSP_SERIOUS_INJ_COUNT","BUS_COUNT","CHLDPAS_DEATH_COUNT","CHLDPAS_SUSP_SERIOUS_INJ_COUNT","COLLISION_TYPE","COMM_VEH_COUNT","CONS_ZONE_SPD_LIM","COUNTY","CRASH_MONTH","CRASH_YEAR","DAY_OF_WEEK","DEC_LATITUDE","DEC_LONGITUDE","DISPATCH_TM","DISTRICT","DRIVER_COUNT_16YR","DRIVER_COUNT_17YR","DRIVER_COUNT_18YR","DRIVER_COUNT_19YR","DRIVER_COUNT_20YR","DRIVER_COUNT_50_64YR","DRIVER_COUNT_65_74YR","DRIVER_COUNT_75PLUS","EST_HRS_CLOSED","FATAL_COUNT","HEAVY_TRUCK_COUNT","HORSE_BUGGY_COUNT","HOUR_OF_DAY","ILLUMINATION","INJURY_COUNT","INTERSECTION_RELATED","INTERSECT_TYPE","LANE_CLOSED","LATITUDE","LN_CLOSE_DIR","LOCATION_TYPE","LONGITUDE","MAX_SEVERITY_LEVEL","MCYCLE_DEATH_COUNT","MCYCLE_SUSP_SERIOUS_INJ_COUNT","MOTORCYCLE_COUNT","MUNICIPALITY","NONMOTR_COUNT","NONMOTR_DEATH_COUNT","NONMOTR_SUSP_SERIOUS_INJ_COUNT","NTFY_HIWY_MAINT","PED_COUNT","PED_DEATH_COUNT","PED_SUSP_SERIOUS_INJ_COUNT","PERSON_COUNT","POLICE_AGCY","POSSIBLE_INJ_COUNT","RDWY_SURF_TYPE_CD","RELATION_TO_ROAD","ROADWAY_CLEARED","ROAD_CONDITION","SCH_BUS_IND","SCH_ZONE_IND","SECONDARY_CRASH","SMALL_TRUCK_COUNT","SPEC_JURIS_CD","SUSP_MINOR_INJ_COUNT","SUSP_SERIOUS_INJ_COUNT","SUV_COUNT","TCD_FUNC_CD","TCD_TYPE","TFC_DETOUR_IND","TIME_OF_DAY","TOTAL_UNITS","TOT_INJ_COUNT","UNBELTED_OCC_COUNT","UNB_DEATH_COUNT","UNB_SUSP_SERIOUS_INJ_COUNT","UNK_INJ_DEG_COUNT","UNK_INJ_PER_COUNT","URBAN_RURAL","VAN_COUNT","VEHICLE_COUNT","WEATHER1","WEATHER2","WORKERS_PRES","WORK_ZONE_IND","WORK_ZONE_LOC","WORK_ZONE_TYPE","WZ_CLOSE_DETOUR","WZ_FLAGGER","WZ_LAW_OFFCR_IND","WZ_LN_CLOSURE","WZ_MOVING","WZ_OTHER","WZ_SHLDER_MDN","WZ_WORKERS_INJ_KILLED"
"2016066116","","2","0","0","0","0","0","0","0","0","4","0","","02","6","2016","3","40.346374","-80.048532","","11","0","0","0","0","0","1","1","0","","0","0","0","","","1","","0","","40 20:46.948","","0","80 02:54.715","4","0","0","0","2407","0","0","0","N","0","0","0","2","02407","1","","1.0","","1","N","N","","0","","0","0","0","","0","","","2","1","0","0","0","0","0","2","0","2","","","","N","","","","","","","","","",""
"2016063802","","2","0","0","0","0","0","0","0","0","4","0","","02","6","2016","3","40.468358","-80.13757","","11","0","0","0","1","0","0","0","0","1","0","0","0","","","0","","2","","40 28:06.088","3","0","80 08:15.252","0","0","0","0","2115","0","0","0","","0","0","0","2","02115","0","","1.0","","1","N","N","","0","","0","0","0","","3","Y","","2","0","0","0","0","0","0","2","0","2","","","","N","","","","","","","","","",""
"2016058952","","0","0","0","0","0","0","0","0","0","99","0","","02","6","2016","5","40.27283","-79.958984","","11","0","0","0","0","0","0","0","0","","0","0","0","","","0","","0","","40 16:22.189","","0","79 57:32.343","0","0","0","0","2440","0","0","0","","0","0","0","1","68T09","0","","1.0","","1","N","N","","0","","0","0","1","","0","","","1","0","0","0","0","0","0","1","0","1","","","","N","","","","","","","","","",""
"2016063661","","2","0","0","0","0","0","0","0","0","1","0","","02","6","2016","4","40.503361","-79.814358","","11","0","0","0","1","0","0","0","0","","0","0","0","","","1","","0","","40 30:12.098","","0","79 48:51.690","4","0","0","0","2113","0","0","0","N","0","0","0","2","02113","1","","1.0","","1","N","N","","0","","0","0","0","","0","","","2","1","1","0","0","0","0","2","0","2","","","","N","","","","","","","","","",""
"2016066031","","2","0","0","0","0","0","0","0","0","1","0","","02","6","2016","4","40.454857","-79.994073","","11","0","0","0","0","0","1","0","0","2","0","0","0","","","1","","0","","40 27:17.484","2","0","79 59:38.663","8","0","0","0","2301","0","0","0","N","0","0","0","4","02301","0","","1.0","","1","N","N","","0","","0","0","1","","0","N","","3","1","0","0","0","1","0","2","0","3","","","","N","","","","","","","","","",""
"2016066117","","2","0","0","0","0","0","0","0","0","1","0","","02","6","2016","4","40.391036","-80.039368","","11","0","0","0","0","0","1","0","0","","0","0","0","","","1","","2","","40 23:27.730","","0","80 02:21.725","4","0","0","0","2422","0","0","0","","0","0","0","4","02422","1","","1.0","","1","N","N","","0","","0","0","1","","0","","","3","1","0","0","0","0","0","2","0","3","","","","N","","","","","","","","","",""
"2016064573","","2","0","0","0","0","0","0","0","0","5","0","","02","6","2016","6","40.40779","-79.943468","","11","0","0","0","0","0","0","0","0","","0","0","0","","","0","","0","","40 24:28.045","","0","79 56:36.483","0","0","0","0","2301","0","0","0","N","0","0","0","1","02301","0","","1.0","","1","N","N","","0","","0","0","0","","0","","","2","0","0","0","0","0","0","2","0","2","","","","N","","","","","","","","","",""
"2016065274","","1","0","0","0","0","0","0","0","0","1","0","","02","6","2016","5","40.452476","-80.175079","","11","0","0","0","0","0","0","0","0","","0","0","0","","","0","","0","","40 27:08.913","","0","80 10:30.284","0","0","0","0","2214","0","0","0","","0","0","0","2","68B03","0","","1.0","","9","N","N","","0","","0","0","1","","0","","","2","0","0","0","0","0","0","2","0","2","","","","N","","","","","","","","","",""
"2016065898","","1","0","0","0","0","0","1","0","0","1","1","","02","6","2016","1","40.439368","-79.961815","","11","0","0","0","0","0","1","0","0","","0","0","0","","","0","","2","","40 26:21.724","","0","79 57:42.534","0","0","0","0","2301","0","0","0","N","0","0","0","2","02503","0","","1.0","","1","N","N","","0","","0","0","0","","0","","","2","0","0","0","0","0","0","2","0","2","","","","N","","","","","","","","","",""
"2016064433","","2","0","0","0","0","0","0","0","0","1","0","","02","6","2016","6","40.458112","-79.908396","","11","0","0","0","1","0","1","0","1","1","0","0","0","","","0","","2","","40 27:29.202","1","0","79 54:30.227","0","0","0","0","2301","0","0","0","","0","0","0","5","02301","0","","1.0","","1","","","","1","","0","0","1","","0","N","","4","0","0","0","0","0","0","2","0","4","","","","N","","","","","","","","","",""
"2016065276","","2","0","0","0","0","0","0","0","0","1","0","","02","6","2016","2","40.433809","-79.990123","","11","0","0","0","0","0","0","0","0","","0","0","0","","","0","","0","","40 26:01.714","","0","79 59:24.443","0","0","0","0","2301","0","0","0","","0","0","0","2","68B03","0","","1.0","","1","N","N","","0","","0","0","0","","0","","","2","0","0","0","0","0","0","2","0","2","","","","N","","","","","","","","","",""
"2016063728","","2","0","0","0","0","0","0","0","0","5","0","","02","6","2016","6","40.533655","-79.959559","","11","0","0","0","0","0","0","0","0","3","0","0","0","","","0","","0","","40 32:01.159","1","0","79 57:34.414","0","0","0","0","2118","0","0","0","N","0","0","0","2","02118","0","","1.0","","1","N","N","","0","","0","0","0","","0","N","","2","0","0","0","0","0","0","2","0","2","","","","N","","","","","","","","","",""
"2016058907","","1","0","0","0","0","0","0","0","0","4","0","","02","6","2016","6","40.425799","-80.019809","","11","0","1","0","0","0","0","0","0","","0","0","0","","","0","","1","","40 25:32.876","","0","80 01:11.311","0","0","0","0","2301","0","0","0","N","0","0","0","5","02301","0","","1.0","","1","N","N","","0","","0","0","1","","2","","","2","0","0","0","0","0","0","2","0","2","","","","N","","","","","","","","","",""
"2016063666","","1","0","0","0","0","0","0","0","0","4","0","","02","6","2016","5","40.440445","-79.960321","","11","0","0","0","0","0","0","0","0","1","0","0","0","","","1","","2","","40 26:25.602","4","0","79 57:37.155","8","0","0","0","2301","0","0","0","N","0","0","0","2","02301","0","","1.0","","9","N","N","","0","","0","0","1","","2","N","","2","1","0","0","0","1","0","2","0","2","","","","N","","","","","","","","","",""
"2016066053","","0","0","0","0","0","0","0","0","0","0","0","","02","6","2016","4","40.491673","-79.88167","","11","0","0","0","0","0","0","0","0","","0","0","0","","","1","","2","","40 29:30.024","","2","79 52:54.012","8","0","0","1","2112","0","0","0","N","0","0","0","1","02112","0","","1.0","","3","N","N","","0","","0","0","0","","2","","","1","1","0","0","0","1","0","2","0","1","","","","N","","","","","","","","","",""
"2016058908","","1","0","0","0","0","0","0","0","0","6","0","","02","6","2016","2","40.469229","-80.066076","","11","0","0","0","0","1","0","0","0","2","0","0","0","","","0","","0","","40 28:09.226","5","0","80 03:57.874","9","0","0","0","2444","0","0","0","N","0","0","0","2","02444","0","","5.0","","9","N","N","","0","","0","0","1","","0","Y","","2","0","1","0","0","0","1","2","0","2","","","","N","","","","","","","","","",""
"2016065267","","1","0","0","0","0","0","0","0","0","7","0","","02","6","2016","1","40.520033","-80.059841","","11","0","0","0","0","0","0","0","0","","0","0","0","","","0","","0","","40 31:12.120","","0","80 03:35.426","0","0","0","0","2116","0","0","0","","0","0","0","4","68B03","0","","2.0","","1","N","N","","0","","0","0","1","","0","","","2","0","0","0","0","0","0","2","0","2","","","","N","","","","","","","","","",""
"2016065279","","1","0","0","0","0","0","0","0","0","7","0","","02","6","2016","5","40.439399","-80.010263","","11","0","0","0","0","0","0","0","0","1","0","0","0","","","0","","7","","40 26:21.837","1","3","80 00:36.946","0","0","0","0","2301","0","0","0","","0","0","0","3","68B03","0","","2.0","","1","N","N","","0","","0","0","0","","4","N","","1","0","0","0","0","0","0","2","0","1","","","","N","","","","","","","","","",""
"2016058909","","1","0","0","0","0","0","0","0","0","7","0","","02","6","2016","6","40.428506","-79.762211","","11","0","0","0","0","0","0","0","0","1","0","0","0","","","0","","0","","40 25:42.621","5","0","79 45:43.961","0","0","0","0","2446","0","0","0","N","0","0","0","1","02446","0","","5.0","","1","N","N","","0","","0","0","0","","0","Y","","1","0","1","0","0","0","0","2","0","1","","","","N","","","","","","","","","",""
"2016065135","","1","0","0","0","0","0","0","0","0","7","0","","02","6","2016","2","40.404944","-80.025528","","11","0","0","0","0","0","0","0","0","1","0","0","0","","","0","","3","","40 24:17.800","3","0","80 01:31.900","0","0","0","0","2301","0","0","0","N","0","0","0","1","02301","0","","5.0","","1","N","N","","0","","0","0","0","","0","N","","1","0","0","0","0","0","0","2","0","1","","","","N","","","","","","","","","",""
"2016065902","","0","0","0","0","0","0","0","0","0","6","1","","02","6","2016","1","40.584811","-79.882764","","11","1","0","0","0","0","0","0","0","","0","1","0","","","0","","0","","40 35:05.318","","0","79 52:57.951","0","0","0","0","2209","0","0","0","N","0","0","0","6","02209","0","","1.0","","1","N","N","","0","","0","0","1","","0","","","2","0","0","0","0","0","0","2","0","2","","","","N","","","","","","","","","",""
"2016065973","","0","0","0","0","0","0","0","0","0","1","0","","02","6","2016","6","40.578412","-80.095164","","11","0","0","0","0","0","0","0","0","","0","0","0","","","0","","0","","40 34:42.284","","0","80 05:42.589","0","0","0","0","2481","0","0","0","","0","0","0","6","68B03","0","","1.0","","1","N","N","","0","","0","0","4","","0","","","4","0","0","0","0","0","0","2","0","4","","","","N","","","","","","","","","",""
"2016065343","","1","0","0","0","0","0","0","0","0","8","0","","02","6","2016","2","40.444889","-79.971639","","11","0","0","0","0","0","1","0","0","","0","0","0","","","1","","0","","40 26:41.600","","0","79 58:17.900","3","0","0","0","2301","1","0","0","N","1","0","0","2","02301","0","","1.0","","1","N","N","","0","","1","0","0","","0","","","2","1","0","0","0","0","0","2","0","1","","","","N","","","","","","","","","",""
"2016064581","","3","0","0","0","0","0","0","0","0","1","0","","02","6","2016","6","40.446806","-80.0175","","11","0","0","0","0","0","0","2","0","","0","0","0","","","0","","2","","40 26:48.500","","0","80 01:03.000","0","0","0","0","2301","0","0","0","N","0","0","0","6","02301","0","","1.0","","1","N","N","","0","","0","0","0","","0","","","3","0","2","0","0","0","0","2","0","3","","","","N","","","","","","","","","",""
"2016065136","","1","0","0","0","0","0","0","0","0","1","0","","02","6","2016","7","40.356543","-80.050466","","11","0","0","0","0","0","0","0","0","","0","0","0","","","0","","0","","40 21:23.554","","0","80 03:01.677","0","0","0","0","2109","0","0","0","","0","0","0","6","02109","0","","1.0","","1","N","N","","0","","0","0","2","","2","","","3","0","0","0","0","0","0","2","0","3","","","","N","","","","","","","","","",""
"2016065281","","0","0","0","0","0","0","0","0","0","7","1","","02","6","2016","5","40.494278","-80.125562","","11","0","0","0","0","0","0","1","0","","0","1","0","","","1","","0","","40 29:39.401","","0","80 07:32.023","4","0","0","0","2115","0","0","0","","0","0","0","1","68B03","1","","4.0","","1","N","N","","0","","0","0","0","","0","","","1","1","0","0","0","0","0","2","0","1","","","","N","","","","","","","","","",""
"2016065346","","1","0","0","0","0","0","0","0","0","7","0","","02","6","2016","2","40.457473","-80.192768","","11","0","0","0","0","0","0","0","0","2","0","0","0","","","0","","2","","40 27:26.902","3","0","80 11:33.964","0","0","0","0","2203","0","0","0","N","0","0","0","1","02203","0","","4.0","","1","N","N","","0","","0","0","0","","0","N","","2","0","0","0","0","0","0","2","0","1","","","","N","","","","","","","","","",""
"2016064582","","1","0","0","0","0","0","0","0","0","1","0","","02","6","2016","6","40.501944","-80.275056","","11","0","0","0","0","1","0","0","0","","0","0","0","","","1","N","0","","40 30:07.000","","7","80 16:30.200","4","0","0","1","2203","0","0","0","N","0","0","0","2","02203","1","","1.0","","1","N","N","","0","","0","0","0","","0","","","2","1","0","0","0","0","0","2","0","2","","","","N","","","","","","","","","",""
"2016065411","","1","0","0","0","0","0","0","0","0","5","0","","02","4","2016","7","40.431493","-79.958642","","11","0","0","0","0","0","1","0","0","2","0","0","0","","","1","","0","","40 25:53.374","4","0","79 57:31.110","3","0","0","0","2301","0","0","0","","0","0","0","2","68B03","0","","1.0","","9","N","N","","1","","1","0","0","","0","N","","2","1","0","0","0","0","0","2","0","2","","","","N","","","","","","","","","",""
"2016065423","","2","0","0","0","0","0","0","0","0","1","0","","02","6","2016","2","40.526263","-80.158576","","11","0","0","0","0","0","0","0","0","2","0","0","0","","","1","","0","","40 31:34.548","2","0","80 09:30.875","3","0","0","0","2436","0","0","0","","0","0","0","4","68B03","0","","1.0","","1","N","N","","0","","1","0","2","","0","N","","4","1","0","0","0","0","0","2","0","4","","","","N","","","","","","","","","",""
"2016058898","","1","0","0","0","0","0","0","0","0","7","0","","02","6","2016","6","40.425799","-80.019809","","11","0","0","0","0","0","0","0","0","1","0","0","0","","","0","","1","","40 25:32.876","1","0","80 01:11.311","0","0","0","0","2301","0","0","0","N","0","0","0","0","02301","0","","3.0","","1","N","N","","0","","0","0","0","","2","N","","1","0","0","0","0","0","0","2","0","1","","","","N","","","","","","","","","",""
"2016063670","","2","0","0","0","0","0","0","0","0","1","0","","02","6","2016","5","40.351023","-79.864964","","11","0","0","0","0","0","0","0","0","1","0","0","0","","","0","","1","","40 21:03.684","1","3","79 51:53.870","0","0","0","0","2304","0","0","0","N","0","0","0","2","02304","0","","1.0","","9","N","N","","0","","0","0","0","","2","N","","2","0","0","0","0","0","0","2","0","2","","","","N","","","","","","","","","",""
"2016065412","","1","0","0","0","0","0","0","0","0","7","0","","02","5","2016","1","40.519364","-80.132518","","11","0","0","0","0","0","0","0","0","","0","0","0","","","0","","0","","40 31:09.710","","0","80 07:57.063","0","0","0","0","2434","0","0","0","","0","0","0","1","68B03","0","","4.0","","9","N","N","","0","","0","0","0","","0","","","1","0","0","0","0","0","0","2","0","1","","","","N","","","","","","","","","",""
"2016065138","","1","0","0","0","0","0","0","0","0","7","0","","02","6","2016","2","40.548471","-79.962574","","11","0","0","0","1","0","0","0","0","","0","0","0","","","1","","2","","40 32:54.494","","0","79 57:45.265","3","0","0","0","2118","0","0","0","N","0","0","0","1","02118","0","","5.0","","9","N","N","","0","","1","0","0","","3","","","1","1","0","0","0","0","0","2","0","1","","","","N","","","","","","","","","",""
"2016065139","","3","0","0","0","0","0","0","0","0","1","0","","02","6","2016","1","40.455656","-79.710308","","11","0","1","0","0","0","0","0","1","1","0","0","0","","","1","","0","","40 27:20.360","2","0","79 42:37.107","4","0","0","0","2466","0","0","0","N","0","0","0","3","02466","1","","1.0","","1","N","N","","0","","0","0","0","","0","Y","","3","1","0","0","0","0","0","2","0","3","","","","N","","","","","","","","","",""
"2016066129","","1","0","0","0","0","0","0","0","0","1","0","","02","6","2016","3","40.530982","-80.190015","","11","0","0","0","0","0","1","0","0","","0","0","0","","","1","","2","","40 31:51.534","","3","80 11:24.055","4","0","0","0","2213","0","0","0","","0","0","0","2","02213","1","","1.0","","1","N","N","","1","","0","0","0","","2","","","2","1","0","0","0","0","0","2","0","2","","","","N","","","","","","","","","",""
"2016065414","","1","0","0","0","0","0","0","0","0","7","0","","02","5","2016","2","40.439154","-79.861651","","11","0","0","0","0","0","0","0","0","1","0","0","0","","","1","","0","","40 26:20.956","4","0","79 51:41.944","8","0","0","0","2478","0","0","0","","0","0","0","1","68B03","0","","4.0","","1","N","N","","0","","0","0","0","","0","N","","1","1","1","0","0","1","0","2","0","1","","","","N","","","","","","","","","",""
"2016065140","","1","0","0","0","0","0","0","0","0","4","0","","02","6","2016","4","40.412231","-79.910549","","11","0","0","0","1","0","0","0","0","2","0","0","0","","","1","","0","","40 24:44.032","6","7","79 54:37.976","4","0","0","0","2438","0","0","0","N","0","0","0","4","02438","1","","1.0","","1","N","N","","0","","0","0","1","","2","Y","","2","1","0","0","0","0","0","2","0","2","","","","N","","","","","","","","","",""
"2016064370","","2","0","0","0","0","0","0","0","0","4","0","","02","6","2016","2","40.386291","-80.084112","","11","0","0","0","0","0","0","0","0","1","0","0","0","","","1","","1","","40 23:10.646","3","0","80 05:02.804","8","0","0","0","2117","0","0","0","N","0","0","0","3","02117","0","","1.0","","1","N","N","","0","","0","0","0","","2","Y","","2","1","0","0","0","1","0","2","0","2","","","","N","","","","","","","","","",""
"2016065273","","1","0","0","0","0","0","0","0","0","1","0","","02","6","2016","5","40.452476","-80.175079","","11","0","0","0","0","0","0","0","0","","0","0","0","","","0","","0","","40 27:08.913","","0","80 10:30.284","0","0","0","0","2214","0","0","0","","0","0","0","2","68B03","0","","1.0","","9","N","N","","0","","0","0","1","","0","","","2","0","0","0","0","0","0","2","0","2","","","","N","","","","","","","","","",""
"2016064586","","2","0","0","0","0","0","0","0","0","2","0","","02","6","2016","7","40.45501","-80.014831","","11","0","0","0","0","0","1","0","0","","0","0","0","","","0","","0","","40 27:18.036","","0","80 00:53.391","0","0","0","0","2301","0","0","0","N","0","0","0","1","02301","0","","6.0","","1","N","N","","0","","0","0","0","","0","","","2","0","0","0","0","0","0","2","0","2","","","","N","","","","","","","","","",""
"2016065427","","1","0","0","0","0","0","0","0","0","99","0","","02","6","2016","1","40.474668","-80.118622","","11","0","0","0","0","0","0","0","0","","0","0","0","","","0","","0","","40 28:28.806","","0","80 07:07.040","0","0","0","0","2115","0","0","0","","0","0","0","1","68B03","0","","1.0","","1","N","N","","0","","0","0","0","","0","","","1","0","0","0","0","0","0","2","0","1","","","","N","","","","","","","","","",""
"2016057375","","1","0","0","0","0","0","0","0","0","99","0","","02","5","2016","5","40.610273","-80.09463","","11","0","0","0","0","0","0","0","0","","0","0","0","","","0","","6","","40 36:36.981","","2","80 05:40.668","0","0","0","0","2481","0","0","0","","0","0","0","2","68B03","0","","1.0","","1","N","N","","0","","0","0","0","","0","","","1","0","0","0","0","0","0","2","0","1","","","","N","","","","","","","","","",""
"2016063817","","2","0","0","0","0","0","0","0","0","2","0","","02","6","2016","5","40.448652","-80.002304","","11","0","0","0","1","0","1","0","0","1","0","0","0","","","0","","1","","40 26:55.147","1","0","80 00:08.294","0","0","0","0","2301","0","0","0","","0","0","0","3","02301","0","","1.0","","9","","","","0","","0","0","0","","2","N","","2","0","0","0","0","0","0","2","0","2","","","","N","","","","","","","","","",""
"2016066192","","0","0","0","0","0","0","0","0","0","7","0","","02","6","2016","5","40.415699","-80.071789","","11","0","0","0","0","0","0","0","0","1","0","0","0","","","1","","0","","40 24:56.515","4","0","80 04:18.441","3","0","0","0","2301","0","0","0","N","0","0","0","1","02301","0","","5.0","","1","N","N","","0","","1","0","1","","0","N","","1","1","1","0","0","0","0","2","0","1","","","","N","","","","","","","","","",""
"2016058151","","2","0","0","0","0","0","0","0","0","1","0","","02","6","2016","2","40.336158","-80.134575","","11","0","0","0","1","0","0","0","0","","0","0","0","","","1","","0","","40 20:10.167","","0","80 08:04.471","8","0","0","0","2119","0","0","0","","0","0","0","2","68B03","0","","1.0","","1","N","N","","0","","0","0","0","","0","","","2","1","0","0","0","1","0","2","0","2","","","","N","","","","","","","","","",""
"2016065910","","1","0","0","0","0","0","0","0","0","1","0","","02","6","2016","3","40.386","-79.979167","","11","0","0","0","0","0","0","0","0","","0","0","0","","","0","","0","","40 23:09.600","","0","79 58:45.000","0","0","0","0","2301","0","0","0","N","0","0","0","4","02301","0","","1.0","","1","N","N","","0","","0","0","1","","0","","","2","0","0","0","0","0","0","2","0","2","","","","N","","","","","","","","","",""
"2016064372","","1","0","0","0","0","0","0","0","0","1","0","","02","6","2016","4","40.58239","-80.041495","","11","0","0","0","0","0","0","0","0","","0","0","0","","","1","","0","","40 34:56.604","","7","80 02:29.383","8","0","0","0","2108","0","0","0","","0","0","0","5","02108","0","","1.0","","1","N","N","","0","","0","0","1","","0","","","2","1","0","0","0","1","0","2","0","2","","","","N","","","","","","","","","",""
"2016064588","","1","0","0","0","0","0","0","0","0","7","0","","02","6","2016","7","40.446401","-79.996574","","11","1","0","0","0","0","0","0","0","1","0","0","0","","","0","","2","","40 26:47.043","4","0","79 59:47.668","9","0","0","0","2301","0","0","0","N","0","0","0","1","02301","0","","4.0","","1","N","N","","0","","0","0","0","","2","N","","1","0","0","0","0","0","1","2","0","1","","","","N","","","","","","","","","",""
"2016066193","","4","0","0","0","0","0","0","0","0","5","0","","02","6","2016","5","40.474667","-79.924889","","11","0","0","0","0","0","0","0","0","","0","0","0","","","0","","0","","40 28:28.800","","0","79 55:29.600","0","0","0","0","2301","0","0","0","N","0","0","0","1","02301","0","","6.0","","1","N","N","","0","","0","0","0","","0","","","4","0","0","0","0","0","0","2","0","4","","","","N","","","","","","","","","",""
"2016063897","","2","0","0","0","0","0","0","0","0","1","0","","02","6","2016","5","40.496495","-79.844646","","11","0","0","0","0","0","1","0","0","","0","0","0","","","1","","2","","40 29:47.382","","7","79 50:40.726","4","0","0","0","2113","0","0","0","N","0","0","0","2","02113","1","","1.0","","9","N","N","","0","","0","0","0","","2","","","2","1","0","0","0","0","0","2","0","2","","","","N","","","","","","","","","",""
"2016065353","","2","0","0","0","0","0","0","0","0","1","0","","02","6","2016","2","40.402919","-80.00109","","11","0","0","0","0","0","1","0","0","","0","0","0","","","0","","0","","40 24:10.510","","0","80 00:03.925","0","0","0","0","2301","0","0","0","N","0","0","0","3","02301","0","","1.0","","1","N","N","","1","","0","0","0","","0","","","3","0","0","0","0","0","0","2","0","3","","","","N","","","","","","","","","",""
"2016065912","","1","0","0","0","0","0","0","0","0","1","0","","02","6","2016","3","40.514519","-80.115628","","11","0","0","0","0","0","1","0","0","1","0","0","0","","","0","","0","","40 30:52.269","2","0","80 06:56.259","0","0","0","0","2211","0","0","0","N","0","0","0","5","02215","0","","1.0","","1","N","N","","0","","0","0","1","","0","N","","2","0","0","0","0","0","0","2","0","2","","","","N","","","","","","","","","",""
"2016063608","","1","0","0","0","0","0","0","0","0","1","0","","02","6","2016","3","40.442021","-80.159064","","11","0","0","0","0","0","1","0","0","","0","0","0","","","1","","0","","40 26:31.277","","0","80 09:32.630","4","0","0","0","2115","0","0","0","","0","0","0","2","68B03","1","","1.0","","1","N","N","","1","","0","0","0","","0","","","2","1","0","0","0","0","0","2","0","2","","","","N","","","","","","","","","",""
"2016065982","","0","0","0","0","0","0","0","0","0","1","0","","02","6","2016","5","40.426509","-79.916686","","11","0","0","0","0","0","1","0","0","","0","0","0","","","0","","0","","40 25:35.433","","4","79 55:00.071","0","0","0","0","2301","0","0","0","","0","0","0","3","68B03","0","","1.0","","9","N","N","","0","","0","0","3","","0","","","3","0","0","0","0","0","0","2","0","3","","","","N","","","","","","","","","",""
"2016063821","","1","0","0","0","0","0","0","0","0","1","0","","02","6","2016","4","40.667707","-80.096661","","11","0","0","0","0","0","0","1","0","1","0","0","0","","","0","","0","","40 40:03.745","2","0","80 05:47.981","0","0","0","0","2212","0","0","0","N","0","0","0","3","02505","0","","1.0","","1","N","N","","0","","0","0","2","","0","N","","3","0","0","0","0","0","0","2","0","3","","","","N","","","","","","","","","",""
"2016065212","","2","0","0","0","0","0","0","0","0","4","0","","02","6","2016","2","40.458559","-79.95698","","11","0","0","0","0","0","0","0","0","","0","0","0","","","1","","2","","40 27:30.811","","99","79 57:25.128","4","0","0","0","2301","0","0","0","N","0","0","0","2","02301","1","","1.0","","9","N","N","","0","","0","0","0","","2","","","2","1","0","0","0","0","0","2","0","2","","","","N","","","","","","","","","",""
"2016066261","","1","0","0","0","0","0","0","0","0","1","1","","02","6","2016","4","40.394426","-80.10186","","11","0","0","0","0","0","1","0","0","2","0","1","0","","","1","","0","","40 23:39.935","2","0","80 06:06.696","3","0","0","0","2102","0","0","0","","0","0","0","2","68B03","0","","1.0","","1","N","N","","0","","1","0","0","","0","N","","2","1","0","0","0","0","0","2","0","2","","","","N","","","","","","","","","",""
"2016063611","","1","0","0","0","0","0","0","0","0","7","0","","02","6","2016","4","40.428774","-80.004655","","11","0","0","0","0","0","0","0","0","","0","0","0","","","0","","2","","40 25:43.586","","0","80 00:16.758","0","0","0","0","2301","0","0","0","N","0","0","0","2","02301","0","","4.0","","1","N","N","","0","","0","0","0","","0","","","1","0","0","0","0","0","0","2","0","1","","","","N","","","","","","","","","",""
"2016066069","","0","0","0","0","0","0","0","0","0","8","0","","02","6","2016","4","40.517557","-79.842821","","11","0","0","0","0","0","0","0","0","","0","0","0","","","1","","2","","40 31:03.205","","0","79 50:34.155","8","0","0","0","2451","1","0","0","N","1","0","0","2","02451","0","","1.0","","1","N","N","","0","","0","0","1","","0","","","2","1","0","0","0","1","0","2","0","1","","","","N","","","","","","","","","",""
"2016064525","","0","0","0","0","0","0","0","0","0","7","1","","02","6","2016","6","40.309867","-79.825865","","11","0","0","0","0","0","0","1","0","3","0","2","0","","","0","","2","","40 18:35.522","6","0","79 49:33.113","0","0","0","0","2105","0","0","0","N","0","0","0","3","02105","0","","2.0","","1","N","N","","0","","0","0","0","","0","Y","","2","0","2","0","0","0","0","2","0","2","","","","N","","","","","","","","","",""
"2016063838","","2","0","0","0","0","0","0","0","0","1","0","","02","6","2016","5","40.490167","-79.781972","","11","0","0","0","0","0","0","0","0","1","0","0","0","","","1","","0","","40 29:24.600","3","7","79 46:55.100","3","0","0","0","2466","0","0","0","N","0","0","0","3","02466","0","","1.0","","1","N","N","","0","","1","0","0","","0","N","","2","1","1","0","0","0","0","2","0","2","","","","N","","","","","","","","","",""
"2016065434","","1","0","0","0","0","0","0","0","0","1","0","","02","6","2016","5","40.323132","-80.144578","","11","0","0","0","0","0","0","0","0","","0","0","0","","","0","","0","","40 19:23.276","","0","80 08:40.480","0","0","0","0","2119","0","0","0","","0","0","0","2","68B03","0","","1.0","","1","N","N","","1","","0","0","0","","0","","","2","0","0","0","0","0","0","2","0","2","","","","N","","","","","","","","","",""