"CRN","ARRIVAL_TM","AUTOMOBILE_COUNT","BELTED_DEATH_COUNT","BELTED_SUSP_SERIOUS_INJ_COUNT","BICYCLE_COUNT","BICYCLE_DEATH_COUNT","BICYCLE_SUSP_SERIOUS_INJ_COUNT","BUS_COUNT","CHLDPAS_DEATH_COUNT","CHLDPAS_SUSP_SERIOUS_INJ_COUNT","COLLISION_TYPE","COMM_VEH_COUNT","CONS_ZONE_SPD_LIM","COUNTY","CRASH_MONTH","CRASH_YEAR","DAY_OF_WEEK","DEC_LATITUDE","DEC_LONGITUDE","DISPATCH_TM","DISTRICT","DRIVER_COUNT_16YR","DRIVER_COUNT_17YR","DRIVER_COUNT_18YR","DRIVER_COUNT_19YR","DRIVER_COUNT_20YR","DRIVER_COUNT_50_64YR","DRIVER_COUNT_65_74YR","DRIVER_COUNT_75PLUS","EST_HRS_CLOSED","FATAL_COUNT","HEAVY_TRUCK_COUNT","HORSE_BUGGY_COUNT","HOUR_OF_DAY","ILLUMINATION","INJURY_COUNT","INTERSECTION_RELATED","INTERSECT_TYPE","LANE_CLOSED","LATITUDE","LN_CLOSE_DIR","LOCATION_TYPE","LONGITUDE","MAX_SEVERITY_LEVEL","MCYCLE_DEATH_COUNT","MCYCLE_SUSP_SERIOUS_INJ_COUNT","MOTORCYCLE_COUNT","MUNICIPALITY","NONMOTR_COUNT","NONMOTR_DEATH_COUNT","NONMOTR_SUSP_SERIOUS_INJ_COUNT","NTFY_HIWY_MAINT","PED_COUNT","PED_DEATH_COUNT","PED_SUSP_SERIOUS_INJ_COUNT","PERSON_COUNT","POLICE_AGCY","POSSIBLE_INJ_COUNT","RDWY_SURF_TYPE_CD","RELATION_TO_ROAD","ROADWAY_CLEARED","ROAD_CONDITION","SCH_BUS_IND","SCH_ZONE_IND","SECONDARY_CRASH","SMALL_TRUCK_COUNT","SPEC_JURIS_CD","SUSP_MINOR_INJ_COUNT","SUSP_SERIOUS_INJ_COUNT","SUV_COUNT","TCD_FUNC_CD","TCD_TYPE","TFC_DETOUR_IND","TIME_OF_DAY","TOTAL_UNITS","TOT_INJ_COUNT","UNBELTED_OCC_COUNT","UNB_DEATH_COUNT","UNB_SUSP_SERIOUS_INJ_COUNT","UNK_INJ_DEG_COUNT","UNK_INJ_PER_COUNT","URBAN_RURAL","VAN_COUNT","VEHICLE_COUNT","WEATHER1","WEATHER2","WORKERS_PRES","WORK_ZONE_IND","WORK_ZONE_LOC","WORK_ZONE_TYPE","WZ_CLOSE_DETOUR","WZ_FLAGGER","WZ_LAW_OFFCR_IND","WZ_LN_CLOSURE","WZ_MOVING","WZ_OTHER","WZ_SHLDER_MDN","WZ_WORKERS_INJ_KILLED"
"2016064075","1035","0","0","0","0","0","0","0","0","0","7","0","","02","6","2016","1","40.348962","-79.877012","1034","11","0","0","0","0","0","1","0","0","1","0","0","0","","","1","","2","","40 20:56.263","4","0","79 52:37.243","8","0","0","0","2304","0","0","0","N","0","0","0","1","02304","0","","5.0","","1","N","N","","0","","0","0","1","","0","Y","","1","1","0","0","0","1","0","2","0","1","","","","N","","","","","","","","","",""
"2016064855","1055","1","0","0","0","0","0","0","0","0","4","0","","02","6","2016","6","","","1050","11","0","0","0","0","0","0","0","0","","0","0","0","","","0","","0","","40 32:35.7","","7","80 00:36.6","0","0","0","0","2116","0","0","0","N","0","0","0","3","02116","0","","1.0","","1","N","N","","0","","0","0","1","","0","","","2","0","0","0","0","0","0","2","0","2","","","","N","","","","","","","","","",""
"2016065743","1701","0","0","0","0","0","0","0","0","0","0","0","","02","6","2016","2","40.611168","-80.036274","1651","11","0","0","0","0","1","0","0","0","","0","0","0","","","1","","0","","40 36:40.204","","0","80 02:10.588","8","0","0","1","2108","0","0","0","","0","0","0","1","02108","0","","1.0","","1","N","N","","0","","0","0","0","","0","","","1","1","0","0","0","1","0","2","0","1","","","","N","","","","","","","","","",""
"2016064216","2333","0","0","0","0","0","0","0","0","0","6","0","","02","6","2016","5","40.233508","-79.856931","2330","11","0","0","0","0","0","2","0","0","3","0","0","0","","","0","","10","","40 14:00.630","2","0","79 51:24.953","0","0","0","0","2204","0","0","0","N","0","0","0","2","02204","0","","1.0","","9","N","N","","0","","0","0","2","","2","Y","","2","0","0","0","0","0","0","1","0","2","","","","N","","","","","","","","","",""
"2016063234","2041","1","0","0","0","0","0","0","0","0","7","0","","02","3","2016","2","40.426001","-79.893084","2020","11","0","0","0","0","0","0","0","0","1","0","0","0","","","3","","0","","40 25:33.602","3","2","79 53:35.103","3","0","0","0","2301","0","0","0","","0","0","0","3","68B03","2","","4.0","","9","Y","N","","0","","1","0","0","","0","N","","1","3","0","0","0","0","0","2","0","1","","","","N","","","","","","","","","",""
"2016064779","1630","0","0","0","0","0","0","0","0","0","7","0","","02","6","2016","7","40.465653","-79.876394","1622","11","0","0","0","0","0","1","0","0","3","0","0","0","","","0","","2","","40 27:56.350","6","0","79 52:35.018","0","0","0","0","2113","0","0","0","N","0","0","0","1","02113","0","","4.0","","1","N","N","","1","","0","0","0","","3","Y","","1","0","0","0","0","0","0","2","0","1","","","","N","","","","","","","","","",""
"2016064791","0034","3","0","0","0","0","0","0","0","0","5","0","","02","6","2016","7","40.416995","-80.012876","0029","11","0","0","0","0","0","0","0","0","2","0","0","0","","","0","","0","","40 25:01.182","6","0","80 00:46.353","0","0","0","0","2301","0","0","0","N","0","0","0","1","02301","0","","1.0","","1","N","N","","0","","0","0","0","","0","Y","","3","0","1","0","0","0","0","2","0","3","","","","N","","","","","","","","","",""
"2016064641","1236","1","0","0","0","0","0","0","0","0","1","0","","02","6","2016","6","40.590569","-79.751101","1233","11","0","0","0","0","0","0","0","1","1","0","0","0","","","2","","0","","40 35:26.049","2","0","79 45:03.963","8","0","0","0","2464","0","0","0","N","0","0","0","3","64305","0","","1.0","","1","N","N","","0","","0","0","1","","0","N","","2","2","0","0","0","2","0","2","0","2","","","","N","","","","","","","","","",""
"2016064780","1000","1","0","0","0","0","0","0","0","0","1","0","","02","6","2016","6","40.366","-80.048518","1000","11","0","0","0","1","0","0","0","0","2","0","0","0","","","1","","3","","40 21:57.599","1","0","80 02:54.666","4","0","0","0","2109","0","0","0","","0","0","0","3","02109","1","","1.0","","1","N","N","","0","","0","0","0","","0","N","","2","1","0","0","0","0","0","2","1","2","","","","N","","","","","","","","","",""
"2016064857","1335","2","0","0","0","0","0","0","0","0","4","0","","02","6","2016","7","40.395326","-79.997387","1330","11","0","0","0","0","0","1","0","0","","0","0","0","","","0","","2","","40 23:43.173","","0","79 59:50.592","0","0","0","0","2301","0","0","0","N","0","0","0","6","02301","0","","1.0","","1","N","N","","0","","0","0","0","","3","","","2","0","0","0","0","0","0","2","0","2","","","","N","","","","","","","","","",""
"2016068291","2138","1","0","0","0","0","0","0","0","0","4","0","","02","6","2016","1","40.456067","-79.899254","2136","11","0","0","0","0","0","0","0","0","2","0","0","0","","","1","","1","","40 27:21.841","3","0","79 53:57.314","8","0","0","1","2301","0","0","0","","0","0","0","2","02301","0","","1.0","","1","","","","0","","0","0","0","","2","N","","2","1","0","0","0","1","1","2","0","2","","","","N","","","","","","","","","",""
"2016066761","1935","1","0","0","0","0","0","0","0","0","7","0","","02","6","2016","4","40.481595","-80.132749","1925","11","0","0","0","0","0","0","0","0","1","0","0","0","","","0","","0","","40 28:53.743","2","0","80 07:57.898","0","0","0","0","2115","0","0","0","","0","0","0","1","02115","0","","2.0","","1","N","N","","0","","0","0","0","","0","N","","1","0","0","0","0","0","0","2","0","1","","","","N","","","","","","","","","",""
"2016067593","0259","1","0","0","0","0","0","0","0","0","7","0","25","02","7","2016","2","40.454175","-79.996854","0254","11","0","0","0","0","0","0","0","0","","0","0","0","","","1","","1","","40 27:15.029","","0","79 59:48.676","4","0","0","0","2301","0","0","0","Y","0","0","0","3","02301","1","","1.0","","1","N","N","","0","","0","0","0","","2","","","2","1","1","0","0","0","1","2","0","1","","","U","Y","3","1","","","N","","Y","","Y",""
"2016066911","2010","1","0","0","0","0","0","0","0","0","1","0","","02","7","2016","6","40.386853","-79.982627","1957","11","0","0","0","0","0","1","0","0","","0","0","0","","","1","","0","","40 23:12.670","","0","79 58:57.456","3","0","0","0","2301","0","0","0","N","0","0","0","3","02301","0","","1.0","","1","N","N","","1","","1","0","1","","0","","","3","1","0","0","0","0","1","2","0","3","","","","N","","","","","","","","","",""
"2016066779","1101","1","0","0","0","0","0","0","0","0","1","0","","02","7","2016","6","40.410135","-80.082507","1100","11","0","0","0","0","0","0","0","0","","0","0","0","","","1","","1","","40 24:36.487","","0","80 04:57.026","3","0","0","0","2415","0","0","0","N","0","0","0","4","02415","0","","1.0","","1","N","N","","0","","1","0","1","","2","","","2","1","0","0","0","0","0","2","0","2","","","","N","","","","","","","","","",""
"2016066914","1834","1","0","1","0","0","0","0","0","0","7","0","","02","7","2016","6","40.423734","-79.99004","1831","11","0","0","0","0","0","1","0","0","","0","0","0","","","2","","3","","40 25:25.442","","0","79 59:24.144","2","0","0","0","2301","0","0","0","N","0","0","0","2","02301","0","","5.0","","1","N","N","","0","","1","1","0","","0","","","1","2","0","0","0","0","0","2","0","1","","","","N","","","","","","","","","",""
"2016063528","1449","2","0","0","0","0","0","0","0","0","1","0","","02","5","2016","1","40.42566","-79.910957","1410","11","0","0","1","0","0","0","0","0","2","0","0","0","","","0","","0","","40 25:32.377","3","4","79 54:39.445","0","0","0","0","2301","0","0","0","","0","0","0","7","68B03","0","","1.0","","9","N","N","","2","","0","0","0","","0","N","","4","0","3","0","0","0","0","2","0","4","","","","N","","","","","","","","","",""
"2016068436","0951","2","0","0","0","0","0","0","0","0","4","0","","02","7","2016","4","40.379172","-79.885651","0949","11","0","0","0","0","0","0","1","1","1","0","0","0","","","1","","2","","40 22:45.019","6","0","79 53:08.343","8","0","0","0","2473","0","0","0","N","0","0","0","2","02473","0","","1.0","","1","N","N","","0","","0","0","0","","3","N","","2","1","0","0","0","1","0","2","0","2","","","","N","","","","","","","","","",""
"2016066930","2359","1","0","0","0","0","0","0","0","0","7","0","","02","7","2016","6","40.444778","-80.041472","2356","11","0","0","0","0","0","0","0","0","2","0","0","0","","","1","","0","","40 26:41.200","6","0","80 02:29.300","4","0","0","0","2301","0","0","0","N","0","0","0","1","02301","1","","5.0","","1","N","N","","0","","0","0","0","","0","N","","1","1","0","0","0","0","0","2","0","1","","","","N","","","","","","","","","",""
"2016065078","0002","0","0","0","0","0","0","0","0","0","1","0","","02","6","2016","4","40.381133","-79.807542","0002","11","0","0","0","0","0","0","0","0","","0","0","0","","","0","","0","","40 22:52.080","","0","79 48:27.150","9","0","0","0","2424","0","0","0","N","0","0","0","1","02424","0","","4.0","","1","N","N","","1","","0","0","1","","0","","","2","0","0","0","0","0","1","2","0","2","","","","N","","","","","","","","","",""
"2016068297","1633","1","0","0","0","0","0","0","0","0","7","0","","02","7","2016","2","40.449831","-80.126148","1630","11","0","0","0","0","0","0","0","0","1","0","0","0","","","1","","0","","40 26:59.392","3","0","80 07:34.132","8","0","0","0","2115","0","0","0","","0","0","0","5","02115","0","","5.0","","9","N","N","","0","","0","0","0","","0","N","","1","1","0","0","0","1","0","2","0","1","","","","N","","","","","","","","","",""
"2016069164","1745","1","0","0","0","0","0","0","0","0","4","0","","02","7","2016","6","40.530097","-79.914986","1740","11","0","0","1","0","0","0","0","0","","0","1","0","","","0","","2","","40 31:48.349","","0","79 54:53.949","0","0","0","0","2112","0","0","0","N","0","0","0","3","02112","0","","1.0","","1","N","N","","0","","0","0","0","","0","","","2","0","0","0","0","0","0","2","0","2","","","","N","","","","","","","","","",""
"2016069183","2328","1","0","0","0","0","0","0","0","0","4","0","","02","7","2016","6","40.456922","-79.894133","2312","11","0","0","1","0","0","0","0","0","","0","0","0","","","1","","1","","40 27:24.919","","0","79 53:38.878","4","0","0","1","2301","0","0","0","N","0","0","0","2","02301","1","","1.0","","1","N","N","","0","","0","0","0","","0","","","2","1","0","0","0","0","0","2","0","2","","","","N","","","","","","","","","",""
"2016069331","1432","1","0","0","0","0","0","0","0","0","8","0","","02","7","2016","7","40.461027","-79.866474","1428","11","0","0","0","0","0","0","0","0","","0","0","0","","","2","","0","","40 27:39.697","","0","79 51:59.307","3","0","0","0","2113","2","0","0","N","2","0","0","4","02113","0","","1.0","","1","N","N","","0","","2","0","0","","0","","","3","2","0","0","0","0","0","2","0","1","","","","N","","","","","","","","","",""
"2016066932","0113","2","0","0","0","0","0","0","0","0","6","0","","02","7","2016","7","40.328669","-79.81716","0110","11","0","0","0","0","0","0","1","0","2","0","0","0","","","1","","2","","40 19:43.207","2","0","79 49:01.776","3","0","0","0","2477","0","0","0","N","0","0","0","2","02477","0","","1.0","","1","N","N","","0","","1","0","0","","3","Y","","2","1","0","0","0","0","1","2","0","2","","","","N","","","","","","","","","",""
"2016063543","1705","3","0","0","0","0","0","0","0","0","1","0","","02","6","2016","4","40.402222","-79.834583","1652","11","0","0","0","0","0","0","0","0","","0","0","0","","","1","","0","","40 24:08.000","","0","79 50:04.500","4","0","0","0","2467","0","0","0","N","0","0","0","2","02467","1","","1.0","","1","N","N","","0","","0","0","0","","0","","","3","1","0","0","0","0","0","2","0","3","","","","N","","","","","","","","","",""
"2016068298","0655","1","0","0","0","0","0","0","0","0","7","0","","02","7","2016","3","40.458368","-80.137865","0655","11","0","0","0","0","0","0","0","0","3","0","0","0","","","0","","0","","40 27:30.125","5","0","80 08:16.315","0","0","0","0","2115","0","0","0","","0","0","0","1","02115","0","","4.0","","9","N","N","","0","","0","0","0","","0","Y","","1","0","0","0","0","0","0","2","0","1","","","","N","","","","","","","","","",""
"2016068438","2037","1","0","0","0","0","0","0","0","0","2","0","","02","7","2016","4","40.439234","-80.05573","2032","11","0","0","0","0","0","0","0","0","","0","0","0","","","0","","1","","40 26:21.242","","0","80 03:20.628","0","0","0","0","2301","0","0","0","N","0","0","0","5","02301","0","","1.0","","1","N","N","","0","","0","0","1","","3","","","2","0","0","0","0","0","0","2","0","2","","","","N","","","","","","","","","",""
"2016067667","0008","1","0","0","0","0","0","0","0","0","4","0","","02","7","2016","3","40.382653","-79.976796","0005","11","0","0","1","0","0","0","0","0","1","0","0","0","","","0","","0","","40 22:57.552","5","0","79 58:36.464","0","0","0","0","2413","0","0","0","N","0","0","0","1","02413","0","","6.0","","1","N","N","","0","","0","0","1","","0","N","","2","0","0","0","0","0","0","2","0","2","","","","N","","","","","","","","","",""
"2016066698","1902","0","0","0","0","0","0","0","0","0","7","0","70","02","6","2016","6","40.593231","-79.892445","1848","11","0","0","0","0","0","1","0","0","2","0","0","0","","","1","","0","","40 35:35.631","3","0","79 53:32.801","4","0","0","1","2209","0","0","0","","0","0","0","1","68T02","1","","3.0","","1","N","N","","0","","0","0","0","","0","N","","1","1","0","0","0","0","0","1","0","1","","","N","Y","2","1","N","N","N","N","N","Y","N",""
"2016069334","1300","3","0","0","0","0","0","0","0","0","4","0","","02","7","2016","6","40.453336","-79.906823","1300","11","0","0","0","0","0","0","1","1","1","0","0","0","","","0","","1","","40 27:12.009","3","0","79 54:24.563","0","0","0","0","2301","0","0","0","N","0","0","0","2","02301","0","","1.0","","1","N","N","","0","","0","0","0","","2","N","","3","0","0","0","0","0","0","2","0","3","","","","N","","","","","","","","","",""
"2016063545","2141","2","0","0","0","0","0","0","0","0","1","0","","02","4","2016","5","40.35606","-80.04513","2137","11","0","1","0","0","1","0","0","0","2","0","0","0","","","1","","1","","40 21:21.815","3","0","80 02:42.469","3","0","0","0","2109","0","0","0","","0","0","0","3","02109","0","","1.0","","1","N","N","","0","","1","0","0","","2","N","","2","1","1","0","0","0","0","2","0","2","","","","N","","","","","","","","","",""
"2016069192","0556","1","0","0","0","0","0","0","0","0","5","1","","02","7","2016","6","40.442364","-80.023391","0554","11","0","0","0","0","0","0","0","0","","0","1","0","","","0","","0","","40 26:32.509","","0","80 01:24.207","0","0","0","0","2301","0","0","0","N","0","0","0","2","02301","0","","1.0","","1","N","N","","0","","0","0","0","","0","","","2","0","1","0","0","0","0","2","0","2","","","","N","","","","","","","","","",""
"2016066784","0151","1","0","0","0","0","0","0","0","0","7","0","","02","6","2016","4","40.407432","-79.914141","0146","11","1","0","0","0","0","0","0","0","2","0","0","0","","","0","","1","","40 24:26.755","4","3","79 54:50.907","0","0","0","0","2438","0","0","0","N","0","0","0","2","02438","0","","1.0","","1","N","N","","0","","0","0","0","","2","N","","1","0","0","0","0","0","0","2","0","1","","","","N","","","","","","","","","",""
"2016068440","1535","1","0","0","0","0","0","0","0","0","1","0","","02","6","2016","2","40.370686","-80.100518","1528","11","0","0","0","0","0","0","2","0","2","0","0","0","","","1","","0","","40 22:14.468","6","0","80 06:01.864","8","0","0","0","2102","0","0","0","N","0","0","0","6","02102","0","","1.0","","1","N","N","","1","","0","0","3","","0","N","","5","1","0","0","0","1","0","2","0","5","","","","N","","","","","","","","","",""
"2016063546","0940","0","0","0","0","0","0","0","0","0","7","0","","02","6","2016","1","40.387068","-80.054694","0939","11","0","0","0","0","0","0","0","0","2","0","0","0","","","1","","0","","40 23:13.444","2","0","80 03:16.897","8","0","0","0","2109","0","0","0","","0","0","0","1","02109","0","","4.0","","1","N","N","","0","","0","0","1","","0","N","","1","1","0","0","0","1","0","2","0","1","","","","N","","","","","","","","","",""
"2016064303","1610","2","0","0","0","0","0","0","0","0","1","0","","02","6","2016","3","40.426177","-79.895168","1537","11","0","0","0","0","0","0","0","0","1","0","0","0","","","0","","0","","40 25:34.238","4","0","79 53:42.604","0","0","0","0","2301","0","0","0","","0","0","0","3","68B03","0","","1.0","","1","N","N","","0","","0","0","0","","0","Y","","2","0","0","0","0","0","0","2","0","2","","","","N","","","","","","","","","",""
"2016068443","2104","1","0","0","0","0","0","0","0","0","1","0","","02","7","2016","4","40.449819","-79.929656","2054","11","0","0","0","0","0","0","0","0","","0","0","0","","","1","","1","","40 26:59.348","","0","79 55:46.761","4","0","0","0","2301","0","0","0","N","0","0","0","4","02301","1","","1.0","","9","N","N","","0","","0","0","1","","2","","","2","1","0","0","0","0","0","2","0","2","","","","N","","","","","","","","","",""
"2016069265","0927","0","0","0","0","0","0","0","0","0","0","0","","02","7","2016","6","40.340872","-79.966682","0925","11","0","0","0","0","0","1","0","0","","0","0","0","","","1","","0","","40 20:27.138","","0","79 58:00.055","8","0","0","1","2403","0","0","0","N","0","0","0","1","02403","0","","1.0","","1","N","N","","0","","0","0","0","","0","","","1","1","0","0","0","1","0","2","0","1","","","","N","","","","","","","","","",""
"2016063547","1125","1","0","0","0","0","0","0","0","0","1","0","","02","6","2016","2","40.387958","-80.027975","1120","11","0","0","0","0","0","0","0","0","","0","0","0","","","0","","0","","40 23:16.650","","0","80 01:40.710","0","0","0","0","2109","0","0","0","","0","0","0","1","02109","0","","6.0","","1","N","N","","0","","0","0","1","","0","","","2","0","0","0","0","0","0","2","0","2","","","","N","","","","","","","","","",""
"2016063548","0635","1","0","0","0","0","0","0","0","0","7","0","","02","6","2016","4","40.384938","-80.053432","0630","11","0","0","0","0","0","0","0","0","1","0","0","0","","","0","","1","","40 23:05.778","1","0","80 03:12.354","0","0","0","0","2109","0","0","0","","0","0","0","1","02109","0","","4.0","","9","N","N","","0","","0","0","0","","2","N","","1","0","0","0","0","0","0","2","0","1","","","","N","","","","","","","","","",""
"2016064305","1707","2","0","0","0","0","0","0","0","0","1","0","","02","6","2016","3","40.425844","-79.910988","1707","11","0","0","0","0","0","0","0","0","1","0","0","0","","","0","","0","","40 25:33.037","4","0","79 54:39.557","0","0","0","0","2301","0","0","0","","0","0","0","3","68B03","0","","1.0","","1","N","N","","0","","0","0","1","","0","N","","3","0","0","0","0","0","0","2","0","3","","","","N","","","","","","","","","",""
"2016067512","1852","2","0","0","0","0","0","0","0","0","6","0","","02","7","2016","6","40.449289","-79.844644","1850","11","0","0","0","0","0","0","0","0","","0","0","0","","","0","","0","","40 26:57.439","","0","79 50:40.720","0","0","0","0","2113","0","0","0","N","0","0","0","3","02113","0","","1.0","","9","N","N","","0","","0","0","0","","0","","","2","0","0","0","0","0","0","2","0","2","","","","N","","","","","","","","","",""
"2016069173","2210","1","0","1","0","0","0","0","0","0","2","0","","02","7","2016","5","40.460711","-80.194086","2202","11","0","0","0","0","0","1","0","0","1","0","0","0","","","2","","0","","40 27:38.560","5","0","80 11:38.710","2","0","0","0","2203","0","0","0","N","0","0","0","2","02203","0","","1.0","","9","N","N","","0","","0","2","0","","0","Y","","2","2","1","0","1","0","0","2","1","2","","","","N","","","","","","","","","",""
"2016069338","1602","3","0","0","0","0","0","0","0","0","1","0","","02","7","2016","4","40.531866","-80.010632","1601","11","0","0","0","0","0","2","1","0","1","0","0","0","","","0","","0","","40 31:54.719","2","0","80 00:38.275","9","0","0","0","2116","0","0","0","N","0","0","0","5","02116","0","","1.0","","1","N","N","","0","","0","0","1","","2","N","","4","0","0","0","0","0","1","2","0","4","","","","N","","","","","","","","","",""
"2016069357","1628","2","0","0","0","0","0","0","0","0","2","0","","02","7","2016","7","40.4549","-79.911357","1627","11","0","0","0","0","0","1","0","0","3","0","0","0","","","1","","1","","40 27:17.640","2","0","79 54:40.884","4","0","0","0","2301","0","0","0","N","0","0","0","3","02301","1","","1.0","","1","N","N","","0","","0","0","0","","0","Y","","2","1","0","0","0","0","0","2","0","2","","","","N","","","","","","","","","",""
"2016063549","1726","1","0","0","0","0","0","0","0","0","1","0","","02","6","2016","6","40.377049","-80.04678","1723","11","0","0","0","0","0","1","0","0","1","0","0","0","","","0","","0","","40 22:37.377","2","0","80 02:48.409","0","0","0","0","2109","0","0","0","","0","0","0","2","02109","0","","1.0","","1","N","N","","0","","0","0","1","","0","N","","2","0","0","0","0","0","0","2","0","2","","","","N","","","","","","","","","",""
"2016067606","0202","2","0","0","0","0","0","0","0","0","1","0","","02","7","2016","3","40.45058","-80.065973","0201","11","0","0","0","0","0","0","0","0","","0","0","0","","","0","","0","","40 27:02.088","","0","80 03:57.502","0","0","0","0","2301","0","0","0","N","0","0","0","0","02301","0","","4.0","","9","N","N","","0","","0","0","0","","0","","","2","0","0","0","0","0","0","2","0","2","","","","N","","","","","","","","","",""
"2016068517","1038","2","0","0","0","0","0","0","0","0","1","0","","02","7","2016","1","40.428849","-79.956164","1022","11","0","0","0","0","1","0","0","0","","0","0","0","","","0","","3","","40 25:43.856","","2","79 57:22.191","0","0","0","0","2301","0","0","0","","0","0","0","2","68B03","0","","1.0","","1","N","N","","0","","0","0","0","","4","","","2","0","0","0","0","0","0","2","0","2","","","","N","","","","","","","","","",""
"2016063550","1612","2","0","0","0","0","0","0","0","0","1","0","","02","6","2016","3","40.379464","-80.027889","1601","11","0","0","0","0","0","1","0","0","1","0","0","0","","","1","","0","","40 22:46.070","1","0","80 01:40.400","4","0","0","0","2109","0","0","0","","0","0","0","2","02109","1","","6.0","","1","N","N","","0","","0","0","0","","0","N","","2","1","0","0","0","0","0","2","0","2","","","","N","","","","","","","","","",""
"2016068448","2132","1","0","0","0","0","0","0","0","0","7","0","","02","7","2016","4","40.369464","-79.911561","2115","11","0","0","0","0","0","0","0","0","1","0","0","0","","","1","","2","","40 22:10.071","4","0","79 54:41.620","4","0","0","0","2301","0","0","0","N","0","0","0","1","02301","1","","2.0","","9","N","N","","0","","0","0","0","","0","N","","1","1","0","0","0","0","0","2","0","1","","","","N","","","","","","","","","",""
"2016063551","1055","1","0","0","0","0","0","0","0","0","7","0","","02","6","2016","6","40.494699","-80.185089","1051","11","0","0","0","0","1","0","0","0","2","0","0","0","","","0","","0","","40 29:40.917","1","0","80 11:06.321","0","0","0","0","2213","0","0","0","","0","0","0","1","02213","0","","4.0","","1","N","N","","0","","0","0","0","","0","N","","1","0","0","0","0","0","0","2","0","1","","","","N","","","","","","","","","",""
"2016067535","1828","2","0","0","0","0","0","0","0","0","7","0","","02","7","2016","2","40.447091","-79.848857","1823","11","0","0","1","0","0","0","0","0","1","0","0","0","","","2","","0","","40 26:49.527","6","0","79 50:55.884","8","0","0","0","2419","0","0","0","N","0","0","0","3","02419","0","","2.0","","9","N","N","","0","","0","0","0","","0","Y","","2","2","2","0","0","2","0","2","0","2","","","","N","","","","","","","","","",""
"2016067763","1013","3","0","0","0","0","0","0","0","0","4","0","","02","7","2016","3","40.509972","-79.892682","1011","11","0","0","0","0","0","1","0","0","","0","0","0","","","0","","0","","40 30:35.899","","0","79 53:33.654","0","0","0","0","2432","0","0","0","N","0","0","0","1","02432","0","","4.0","","9","N","N","","0","","0","0","0","","0","","","3","0","0","0","0","0","0","2","0","3","","","","N","","","","","","","","","",""
"2016067520","1713","1","0","0","0","0","0","0","0","0","4","0","","02","7","2016","6","40.548435","-79.959965","1709","11","0","0","0","0","0","0","0","0","1","0","0","0","","","1","","0","","40 32:54.365","5","7","79 57:35.874","2","0","1","1","2118","0","0","0","N","0","0","0","2","02118","0","","1.0","","1","N","N","","0","","0","1","0","","0","N","","2","1","0","0","0","0","0","2","0","2","","","","N","","","","","","","","","",""
"2016066721","0424","1","0","0","0","0","0","0","0","0","7","0","","02","7","2016","6","40.42175","-79.996194","0419","11","0","0","0","0","0","0","0","0","","0","0","0","","","0","","0","","40 25:18.300","","0","79 59:46.300","0","0","0","0","2301","0","0","0","N","0","0","0","1","02301","0","","2.0","","1","N","N","","0","","0","0","0","","0","","","1","0","0","0","0","0","0","2","0","1","","","","N","","","","","","","","","",""
"2016069201","0204","2","0","0","0","0","0","0","0","0","4","0","","02","7","2016","7","40.451542","-80.051099","0200","11","0","0","0","0","0","0","0","0","2","0","0","0","","","0","","0","","40 27:05.551","6","0","80 03:03.956","9","0","0","0","2301","0","0","0","N","0","0","0","4","02301","0","","1.0","","1","N","N","","0","","0","0","0","","0","Y","","2","0","0","0","0","0","1","2","0","2","","","","N","","","","","","","","","",""
"2016068521","1737","1","0","0","0","0","0","0","0","0","7","0","","02","7","2016","2","40.440964","-80.008821","1728","11","0","0","0","0","0","1","0","0","2","0","0","0","","","0","","0","","40 26:27.470","1","3","80 00:31.754","0","0","0","0","2301","0","0","0","","0","0","0","4","68B03","0","","4.0","","9","N","N","","0","","0","0","0","","0","N","","1","0","0","0","0","0","0","2","0","1","","","","N","","","","","","","","","",""
"2016066872","1642","2","0","0","0","0","0","0","0","0","1","0","","02","6","2016","5","40.560262","-79.959193","1638","11","0","0","0","0","0","1","0","0","","0","0","0","","","0","","0","","40 33:36.944","","0","79 57:33.094","0","0","0","0","2207","0","0","0","N","0","0","0","2","02207","0","","1.0","","1","N","N","","0","","0","0","0","","0","","","2","0","0","0","0","0","0","2","0","2","","","","N","","","","","","","","","",""
"2016066945","0320","1","0","0","0","0","0","0","0","0","7","0","","02","7","2016","7","40.479058","-80.043336","0312","11","0","0","0","0","0","0","0","0","","0","0","0","","","0","","0","","40 28:44.608","","0","80 02:36.009","0","0","0","0","2301","0","0","0","Y","0","0","0","1","02301","0","","5.0","","1","N","N","","0","","0","0","0","","2","","","1","0","0","0","0","0","0","2","0","1","","","","N","","","","","","","","","",""
"2016067766","1142","1","0","0","0","0","0","0","0","0","7","0","","02","7","2016","3","40.418417","-79.98625","1140","11","0","0","0","0","0","0","1","0","2","0","0","0","","","1","","0","","40 25:06.300","5","0","79 59:10.500","8","0","0","0","2301","0","0","0","N","0","0","0","1","02301","0","","5.0","","1","N","N","","0","","0","0","0","","0","N","","1","1","0","0","0","1","0","2","0","1","","","","N","","","","","","","","","",""
"2016067522","1556","2","0","0","0","0","0","0","0","0","5","0","","02","7","2016","2","40.413472","-80.057924","1553","11","0","0","0","0","0","0","0","0","","0","0","0","","","0","","0","","40 24:48.499","","0","80 03:28.526","0","0","0","0","2435","0","0","0","N","0","0","0","1","02435","0","","1.0","","1","N","N","","0","","0","0","0","","0","","","2","0","0","0","0","0","0","2","0","2","","","","N","","","","","","","","","",""