"CRN","ARRIVAL_TM","AUTOMOBILE_COUNT","BELTED_DEATH_COUNT","BELTED_SUSP_SERIOUS_INJ_COUNT","BICYCLE_COUNT","BICYCLE_DEATH_COUNT","BICYCLE_SUSP_SERIOUS_INJ_COUNT","BUS_COUNT","CHLDPAS_DEATH_COUNT","CHLDPAS_SUSP_SERIOUS_INJ_COUNT","COLLISION_TYPE","COMM_VEH_COUNT","CONS_ZONE_SPD_LIM","COUNTY","CRASH_MONTH","CRASH_YEAR","DAY_OF_WEEK","DEC_LATITUDE","DEC_LONGITUDE","DISPATCH_TM","DISTRICT","DRIVER_COUNT_16YR","DRIVER_COUNT_17YR","DRIVER_COUNT_18YR","DRIVER_COUNT_19YR","DRIVER_COUNT_20YR","DRIVER_COUNT_50_64YR","DRIVER_COUNT_65_74YR","DRIVER_COUNT_75PLUS","EST_HRS_CLOSED","FATAL_COUNT","HEAVY_TRUCK_COUNT","HORSE_BUGGY_COUNT","HOUR_OF_DAY","ILLUMINATION","INJURY_COUNT","INTERSECTION_RELATED","INTERSECT_TYPE","LANE_CLOSED","LATITUDE","LN_CLOSE_DIR","LOCATION_TYPE","LONGITUDE","MAX_SEVERITY_LEVEL","MCYCLE_DEATH_COUNT","MCYCLE_SUSP_SERIOUS_INJ_COUNT","MOTORCYCLE_COUNT","MUNICIPALITY","NONMOTR_COUNT","NONMOTR_DEATH_COUNT","NONMOTR_SUSP_SERIOUS_INJ_COUNT","NTFY_HIWY_MAINT","PED_COUNT","PED_DEATH_COUNT","PED_SUSP_SERIOUS_INJ_COUNT","PERSON_COUNT","POLICE_AGCY","POSSIBLE_INJ_COUNT","RDWY_SURF_TYPE_CD","RELATION_TO_ROAD","ROADWAY_CLEARED","ROAD_CONDITION","SCH_BUS_IND","SCH_ZONE_IND","SECONDARY_CRASH","SMALL_TRUCK_COUNT","SPEC_JURIS_CD","SUSP_MINOR_INJ_COUNT","SUSP_SERIOUS_INJ_COUNT","SUV_COUNT","TCD_FUNC_CD","TCD_TYPE","TFC_DETOUR_IND","TIME_OF_DAY","TOTAL_UNITS","TOT_INJ_COUNT","UNBELTED_OCC_COUNT","UNB_DEATH_COUNT","UNB_SUSP_SERIOUS_INJ_COUNT","UNK_INJ_DEG_COUNT","UNK_INJ_PER_COUNT","URBAN_RURAL","VAN_COUNT","VEHICLE_COUNT","WEATHER1","WEATHER2","WORKERS_PRES","WORK_ZONE_IND","WORK_ZONE_LOC","WORK_ZONE_TYPE","WZ_CLOSE_DETOUR","WZ_FLAGGER","WZ_LAW_OFFCR_IND","WZ_LN_CLOSURE","WZ_MOVING","WZ_OTHER","WZ_SHLDER_MDN","WZ_WORKERS_INJ_KILLED"
"2016066896","1926","2","0","0","0","0","0","0","0","0","1","0","","02","7","2016","6","40.467968","-80.021973","1922","11","0","0","0","0","0","0","0","0","","0","0","0","","","0","","0","","40 28:04.686","","0","80 01:19.103","0","0","0","0","2301","0","0","0","N","0","0","0","1","02301","0","","4.0","","1","N","N","","0","","0","0","0","","0","","","2","0","0","0","0","0","0","2","0","2","","","","N","","","","","","","","","",""
"2016067721","1455","2","0","0","0","0","0","0","0","0","4","0","","02","6","2016","5","40.35634","-80.118969","1450","11","0","0","0","0","1","1","0","0","2","0","0","0","","","0","","7","","40 21:22.825","4","2","80 07:08.290","0","0","0","0","2119","0","0","0","N","0","0","0","6","02119","0","","1.0","","1","N","N","","0","","0","0","1","","2","N","","3","0","0","0","0","0","0","2","0","3","","","","N","","","","","","","","","",""
"2016068345","1914","1","0","2","0","0","0","0","0","0","2","0","","02","5","2016","1","40.532016","-80.175048","1911","11","0","0","0","0","0","0","1","0","3","1","0","0","","","2","","0","","40 31:55.257","5","0","80 10:30.171","1","0","0","0","2458","0","0","0","N","0","0","0","3","02458","0","2","1.0","","1","N","N","","0","0","0","2","1","","0","Y","","2","2","1","1","0","0","0","2","0","2","","","","N","","","","","","","","","",""
"2016067567","1603","0","0","0","0","0","0","0","0","0","7","0","","02","7","2016","2","40.214465","-79.923224","1557","11","0","0","0","0","0","0","0","0","3","0","0","0","","","1","","0","","40 12:52.075","5","0","79 55:23.605","8","0","0","0","2204","0","0","0","N","0","0","0","1","02204","0","","5.0","","9","N","N","","1","","0","0","0","","0","N","","1","1","0","0","0","1","0","1","0","1","","","","N","","","","","","","","","",""
"2016065064","0013","2","0","0","0","0","0","0","0","0","2","0","","02","6","2016","2","","","0010","11","0","0","0","0","0","0","0","0","","0","0","0","","","0","","1","","40 27:49.4","","0","79 55:25.7","0","0","0","0","2301","0","0","0","N","0","0","0","5","02301","0","","1.0","","1","N","N","","0","","0","0","0","","1","","","2","0","1","0","0","0","0","2","0","2","","","","N","","","","","","","","","",""
"2016068346","2248","1","0","0","0","0","0","0","0","0","4","0","","02","7","2016","3","40.47152","-79.926282","2246","11","0","0","1","0","0","0","0","0","1","0","0","0","","","0","","1","","40 28:17.472","4","0","79 55:34.615","0","0","0","0","2301","0","0","0","N","0","0","0","4","02301","0","","1.0","","1","N","N","","0","","0","0","1","","2","Y","","2","0","2","0","0","0","0","2","0","2","","","","N","","","","","","","","","",""
"2016069245","1255","3","0","0","0","0","0","0","0","0","1","0","","02","7","2016","6","40.402324","-80.083137","1252","11","0","0","0","0","0","1","2","0","","0","0","0","","","7","","2","","40 24:08.365","","0","80 04:59.293","8","0","0","0","2415","0","0","0","N","0","0","0","7","02415","0","","1.0","","1","N","N","","0","","0","0","1","","0","","","5","7","0","0","0","7","0","2","1","5","","","","N","","","","","","","","","",""
"2016065065","0210","1","0","0","0","0","0","0","0","0","7","0","","02","6","2016","1","40.459957","-79.912411","0205","11","0","0","0","0","0","0","0","0","","0","0","0","","","0","","1","","40 27:35.845","","0","79 54:44.679","0","0","0","0","2301","0","0","0","N","0","0","0","1","02301","0","","5.0","","1","N","N","","0","","0","0","0","","0","","","1","0","1","0","0","0","0","2","0","1","","","","N","","","","","","","","","",""
"2016069150","1806","1","0","0","0","0","0","0","0","0","4","0","","02","7","2016","6","40.541103","-80.180444","1801","11","1","0","0","0","0","0","0","0","1","0","0","0","","","0","","0","","40 32:27.970","6","0","80 10:49.598","0","0","0","0","2458","0","0","0","N","0","0","0","2","02458","0","","6.0","","1","N","N","","0","","0","0","1","","0","Y","","3","0","0","0","0","0","0","2","1","3","","","","N","","","","","","","","","",""
"2016068566","0856","1","0","0","1","0","0","0","0","0","8","0","","02","7","2016","5","40.451214","-79.920144","0848","11","0","0","0","0","0","0","0","0","","0","0","0","","","1","","0","","40 27:04.370","","7","79 55:12.518","3","0","0","0","2301","1","0","0","N","0","0","0","2","02301","0","","1.0","","1","N","N","","0","","1","0","0","","0","","","2","1","0","0","0","0","0","2","0","1","","","","N","","","","","","","","","",""
"2016067740","1525","2","0","0","0","0","0","0","0","0","4","0","","02","7","2016","6","40.447041","-80.158398","1520","11","0","0","0","0","0","0","0","0","","0","0","0","","","0","","2","","40 26:49.347","","0","80 09:30.232","0","0","0","0","2115","0","0","0","","0","0","0","2","02115","0","","1.0","","1","N","N","","0","","0","0","0","","3","","","2","0","0","0","0","0","0","2","0","2","","","","N","","","","","","","","","",""
"2016065878","1647","1","0","0","0","0","0","0","0","0","1","0","","02","6","2016","2","40.627411","-80.050528","1646","11","0","0","0","0","0","0","0","0","","0","0","0","","","0","","0","","40 37:38.678","","0","80 03:01.901","0","0","0","0","2216","0","0","0","N","0","0","0","4","02505","0","","1.0","","1","N","N","","0","","0","0","1","","0","","","2","0","0","0","0","0","0","2","0","2","","","","N","","","","","","","","","",""
"2016067741","1918","1","0","0","0","0","0","0","0","0","7","0","","02","7","2016","7","40.440181","-80.152019","1912","11","0","0","0","0","0","0","0","0","2","0","0","0","","","0","","0","","40 26:24.652","1","0","80 09:07.269","0","0","0","0","2115","0","0","0","","0","0","0","1","02115","0","","4.0","","1","N","N","","0","","0","0","0","","0","N","","1","0","0","0","0","0","0","2","0","1","","","","N","","","","","","","","","",""
"2016063580","1620","1","0","0","0","0","0","0","0","0","0","0","","02","6","2016","1","40.648657","-80.095295","1554","11","0","0","0","0","0","1","0","0","","0","0","0","","","0","","0","","40 38:55.166","","0","80 05:43.063","9","0","0","0","2212","0","0","0","","0","0","0","3","68B03","0","","1.0","","1","N","N","","1","","0","0","0","","0","","","2","0","0","0","0","0","1","2","0","2","","","","N","","","","","","","","","",""
"2016067571","0155","1","0","0","0","0","0","0","0","0","6","0","","02","7","2016","6","40.398706","-79.885374","0149","11","0","0","0","0","0","0","0","0","2","0","0","0","","","0","","2","","40 23:55.340","2","0","79 53:07.347","0","0","0","0","2475","0","0","0","N","0","0","0","2","02475","0","","1.0","","1","N","N","","0","","0","0","1","","3","Y","","2","0","0","0","0","0","0","2","0","2","","","","N","","","","","","","","","",""
"2016069248","1700","2","0","0","0","0","0","0","0","0","5","0","","02","7","2016","6","40.427971","-80.053703","1700","11","0","0","0","0","0","0","1","0","","0","0","0","","","0","","1","","40 25:40.696","","0","80 03:13.329","0","0","0","0","2301","0","0","0","N","0","0","0","4","02301","0","","1.0","","1","Y","N","","0","","0","0","0","","2","","","2","0","0","0","0","0","0","2","0","2","","","","N","","","","","","","","","",""
"2016065081","0310","0","0","0","0","0","0","0","0","0","8","0","","02","6","2016","1","40.45494","-79.945289","0245","11","0","0","0","0","0","0","0","0","3","1","0","0","","","0","","1","","40 27:17.783","7","0","79 56:43.041","1","0","0","0","2301","1","1","0","N","1","1","0","2","02301","0","2","1.0","","1","N","N","","0","0","0","0","1","","2","Y","","2","0","0","0","0","0","1","2","0","1","","","","N","","","","","","","","","",""
"2016068350","1547","2","0","0","0","0","0","0","0","0","4","0","","02","6","2016","3","40.506254","-80.223147","1544","11","0","1","0","0","0","0","0","0","1","0","0","0","","","1","","2","","40 30:22.516","2","7","80 13:23.330","4","0","0","0","2213","0","0","0","","0","0","0","2","02213","1","","1.0","","1","N","N","","0","","0","0","0","","2","N","","2","1","0","0","0","0","0","2","0","2","","","","N","","","","","","","","","",""
"2016067587","0049","0","0","0","0","0","0","0","0","0","7","0","","02","7","2016","2","40.451737","-79.884745","0046","11","0","0","0","0","0","0","0","0","","0","0","0","","","1","","2","","40 27:06.253","","0","79 53:05.082","3","0","0","0","2301","0","0","0","Y","0","0","0","1","02301","0","","5.0","","1","N","N","","1","","1","0","0","","3","","","1","1","0","0","0","0","0","2","0","1","","","","N","","","","","","","","","",""
"2016065881","1812","0","0","0","0","0","0","0","0","0","1","0","","02","6","2016","3","40.427936","-79.726154","1807","11","0","0","0","0","0","2","0","0","1","0","0","0","","","0","","10","","40 25:40.571","4","0","79 43:34.156","9","0","0","0","2446","0","0","0","N","0","0","0","2","02446","0","","1.0","","1","N","N","","0","","0","0","2","","0","N","","2","0","0","0","0","0","2","2","0","2","","","","N","","","","","","","","","",""
"2016068428","1853","1","0","0","0","0","0","0","0","0","4","0","","02","7","2016","4","40.461598","-79.907942","1848","11","0","0","0","0","0","0","1","0","","0","0","0","","","1","","2","","40 27:41.752","","0","79 54:28.591","8","0","0","0","2301","0","0","0","N","0","0","0","2","02301","0","","1.0","","1","N","N","","0","","0","0","1","","2","","","2","1","0","0","0","1","0","2","0","2","","","","N","","","","","","","","","",""
"2016069250","1031","2","0","0","0","0","0","0","0","0","4","0","","02","7","2016","6","40.435636","-79.770989","1031","11","0","0","0","0","0","0","0","2","2","0","0","0","","","1","","0","","40 26:08.290","3","7","79 46:15.560","8","0","0","0","2446","0","0","0","N","0","0","0","2","02446","0","","1.0","","1","N","N","","0","","0","0","0","","2","N","","2","1","1","0","0","1","0","2","0","2","","","","N","","","","","","","","","",""
"2016068502","2136","0","0","0","0","0","0","0","0","0","7","0","","02","6","2016","2","40.428961","-80.132121","2131","11","0","0","0","0","0","0","0","0","","0","0","0","","","1","","7","","40 25:44.259","","2","80 07:55.635","8","0","0","0","2102","0","0","0","","0","0","0","1","68B03","0","","4.0","","1","N","N","","0","","0","0","1","","0","","","1","1","0","0","0","1","0","2","0","1","","","","N","","","","","","","","","",""
"2016065083","0006","0","0","0","0","0","0","0","0","0","7","0","","02","6","2016","3","40.540304","-79.88935","0001","11","0","0","0","0","0","0","0","0","","0","0","0","","","0","","2","","40 32:25.094","","0","79 53:21.660","0","0","0","0","2432","0","0","0","N","0","0","0","1","02432","0","","5.0","","9","N","N","","1","","0","0","0","","3","","","1","0","0","0","0","0","0","2","0","1","","","","N","","","","","","","","","",""
"2016068288","1833","2","0","0","0","0","0","0","0","0","1","0","","02","7","2016","3","40.512251","-79.957937","1830","11","0","0","0","0","0","2","0","0","1","0","0","0","","","2","","0","","40 30:44.105","1","0","79 57:28.572","3","0","0","0","2118","0","0","0","N","0","0","0","4","02118","0","","1.0","","1","N","N","","0","","1","0","1","","0","N","","3","2","0","0","0","1","0","2","0","3","","","","N","","","","","","","","","",""
"2016067575","0117","1","0","0","0","0","0","0","0","0","7","0","","02","6","2016","2","40.215449","-79.864808","0117","11","0","0","0","0","0","0","0","0","","0","0","0","","","0","","0","","40 12:55.615","","0","79 51:53.310","0","0","0","0","2204","0","0","0","N","0","0","0","2","02204","0","","5.0","","1","N","N","","0","","0","0","0","","0","","","1","0","0","0","0","0","0","1","0","1","","","","N","","","","","","","","","",""
"2016068429","1820","1","0","0","0","0","0","0","0","0","1","0","","02","7","2016","4","40.493195","-80.011394","1813","11","0","0","0","0","0","0","1","0","2","0","0","0","","","2","","2","","40 29:35.503","1","0","80 00:41.018","8","0","0","0","2301","0","0","0","N","0","0","0","3","02301","0","","1.0","","1","N","N","","0","","0","0","1","","2","N","","2","2","0","0","0","2","0","2","0","2","","","","N","","","","","","","","","",""
"2016069322","1307","2","0","0","0","0","0","0","0","0","2","0","","02","7","2016","7","40.472823","-79.787631","1300","11","0","0","0","0","0","0","0","0","2","0","0","0","","","1","","0","","40 28:22.162","5","0","79 47:15.471","8","0","0","0","2113","0","0","0","N","0","0","0","2","02113","0","","1.0","","1","N","N","","0","","0","0","0","","8","N","","2","1","0","0","0","1","0","2","0","2","","","","N","","","","","","","","","",""
"2016065084","0234","1","0","0","0","0","0","0","0","0","7","0","","02","6","2016","2","40.335028","-79.827","0232","11","0","0","0","0","0","0","0","0","3","0","0","0","","","0","","0","","40 20:06.100","5","99","79 49:37.200","9","0","0","0","2304","0","0","0","N","0","0","0","1","02304","0","","2.0","","1","N","N","","0","","0","0","0","","0","N","","1","0","0","0","0","0","1","2","0","1","","","","N","","","","","","","","","",""
"2016067733","0910","1","0","0","0","0","0","0","0","0","5","0","","02","7","2016","3","40.424767","-79.927013","0850","11","0","0","0","0","0","1","0","0","","0","0","0","","","0","","1","","40 25:29.160","","0","79 55:37.246","9","0","0","0","2301","0","0","0","N","0","0","0","1","02301","0","","4.0","","9","N","N","","0","","0","0","1","","2","","","2","0","0","0","0","0","1","2","0","2","","","","N","","","","","","","","","",""
"2016068290","1658","0","0","0","0","0","0","0","0","0","4","1","","02","7","2016","4","40.428698","-79.988591","1658","11","0","0","0","0","0","0","0","0","","0","1","0","","","0","","1","","40 25:43.313","","0","79 59:18.929","0","0","0","0","2301","0","0","0","N","0","0","0","2","02301","0","","1.0","","1","N","N","","0","","0","0","1","","2","","","2","0","0","0","0","0","0","2","0","2","","","","N","","","","","","","","","",""
"2016066760","2143","1","0","0","0","0","0","0","0","0","6","0","","02","6","2016","5","40.566623","-80.043791","2139","11","0","0","0","0","0","0","0","0","1","0","0","0","","","2","","0","","40 33:59.843","6","0","80 02:37.649","8","0","0","1","2108","0","0","0","","0","0","0","3","02108","0","","1.0","","1","N","N","","0","","0","0","0","","0","N","","2","2","0","0","0","2","0","2","0","2","","","","N","","","","","","","","","",""
"2016067080","2148","1","0","0","0","0","0","0","0","0","1","0","","02","7","2016","6","40.549202","-79.959573","2145","11","0","0","1","0","0","0","0","0","","0","0","0","","","0","","0","","40 32:57.127","","0","79 57:34.462","0","0","0","0","2118","0","0","0","N","0","0","0","2","02118","0","","1.0","","1","N","N","","0","","0","0","1","","0","","","2","0","0","0","0","0","0","2","0","2","","","","N","","","","","","","","","",""
"2016067147","0526","0","0","0","0","0","0","0","0","0","7","0","","02","7","2016","7","40.29691","-79.919696","0517","11","0","0","0","0","0","0","0","0","1","0","0","0","","","0","","2","","40 17:48.877","2","1","79 55:10.907","9","0","0","0","2440","0","0","0","N","0","0","0","1","02440","0","","4.0","","1","N","N","","1","","0","0","0","","0","N","","1","0","0","0","0","0","1","2","0","1","","","","N","","","","","","","","","",""
"2016066429","1639","1","0","0","0","0","0","0","0","0","4","0","","02","6","2016","3","40.427648","-79.72286","1625","11","0","0","0","0","0","1","0","0","","0","0","0","","","0","","0","","40 25:39.534","","2","79 43:22.297","0","0","0","0","2446","0","0","0","N","0","0","0","2","02446","0","","1.0","","1","N","N","","1","","0","0","0","","3","","","2","0","0","0","0","0","0","2","0","2","","","","N","","","","","","","","","",""
"2016066571","1501","2","0","0","0","0","0","0","0","0","4","0","","02","6","2016","5","40.614743","-79.931484","1450","11","0","0","0","0","0","1","0","0","1","0","0","0","","","0","","2","","40 36:53.075","4","0","79 55:53.342","0","0","0","0","2207","0","0","0","N","0","0","0","2","02207","0","","1.0","","1","N","N","","0","","0","0","0","","3","Y","","2","0","0","0","0","0","0","2","0","2","","","","N","","","","","","","","","",""
"2016067384","1614","2","0","0","0","0","0","0","0","0","1","0","","02","7","2016","7","40.359684","-80.028701","1610","11","0","0","0","0","0","1","0","0","","0","0","0","","","2","","0","","40 21:34.862","","0","80 01:43.325","3","0","0","0","2416","0","0","0","","0","0","0","2","02416","1","","1.0","","1","N","N","","0","","1","0","0","","0","","","2","2","1","0","0","0","0","2","0","2","","","","N","","","","","","","","","",""
"2016066643","1721","0","0","0","0","0","0","0","0","0","0","0","","02","6","2016","3","40.355847","-80.122097","1720","11","0","0","0","0","0","1","0","0","","0","0","0","","","1","","0","","40 21:21.050","","0","80 07:19.550","8","0","0","1","2119","0","0","0","N","0","0","0","1","02119","0","","1.0","","1","N","N","","0","","0","0","0","","0","","","1","1","0","0","0","1","0","2","0","1","","","","N","","","","","","","","","",""
"2016066498","1731","2","0","0","0","0","0","0","0","0","4","0","","02","6","2016","5","40.517618","-79.843872","1727","11","0","0","0","0","0","1","0","0","","0","0","0","","","2","","1","","40 31:03.424","","0","79 50:37.939","4","0","0","0","2451","0","0","0","N","0","0","0","2","02451","2","","1.0","","1","N","N","","0","","0","0","0","","3","","","2","2","0","0","0","0","0","2","0","2","","","","N","","","","","","","","","",""
"2016068195","1515","2","0","0","0","0","0","0","0","0","4","0","","02","7","2016","2","40.447923","-80.162457","1510","11","0","0","0","0","0","0","1","0","1","0","0","0","","","1","","2","","40 26:52.521","2","7","80 09:44.844","4","0","0","0","2115","0","0","0","","0","0","0","2","02115","1","","1.0","","1","N","N","","0","","0","0","0","","2","N","","2","1","0","0","0","0","0","2","0","2","","","","N","","","","","","","","","",""
"2016069419","1829","0","0","0","0","0","0","0","0","0","7","0","","02","7","2016","7","40.352081","-79.844852","1828","11","0","0","0","0","0","0","0","0","","0","0","0","","","1","","2","","40 21:07.491","","0","79 50:41.467","3","0","0","0","2304","0","0","0","N","0","0","0","1","02304","0","","2.0","","1","N","N","","0","","1","0","1","","3","","","1","1","0","0","0","0","0","2","0","1","","","","N","","","","","","","","","",""
"2016066996","1219","2","0","0","0","0","0","0","0","0","1","0","","02","6","2016","5","40.323117","-79.956552","1216","11","0","0","1","0","0","1","0","1","1","0","0","0","","","3","","2","","40 19:23.221","1","0","79 57:23.587","8","0","0","0","2454","0","0","0","Y","0","0","0","4","02454","0","","1.0","","1","N","N","","1","","0","0","0","","4","N","","3","3","0","0","0","3","0","2","0","3","","","","N","","","","","","","","","",""
"2016068035","2113","2","0","0","0","0","0","0","0","0","4","0","","02","7","2016","3","40.475702","-80.098963","2112","11","0","0","0","0","0","0","0","0","1","0","0","0","","","1","","1","","40 28:32.527","7","0","80 05:56.266","8","0","0","0","2126","0","0","0","N","0","0","0","3","02126","0","","1.0","","1","N","N","","0","","0","0","0","","2","N","","2","1","0","0","0","1","0","2","0","2","","","","N","","","","","","","","","",""
"2016068954","1235","1","0","0","0","0","0","0","0","0","1","1","","02","7","2016","5","40.430447","-79.711633","1219","11","0","0","0","0","0","1","0","0","","0","1","0","","","2","","0","","40 25:49.610","","0","79 42:41.880","3","0","0","0","2446","0","0","0","N","0","0","0","5","02446","1","","1.0","","1","N","N","","0","","1","0","0","","0","","","2","2","0","0","0","0","0","2","0","2","","","","N","","","","","","","","","",""
"2016066997","0726","2","0","0","0","0","0","0","0","0","1","0","","02","7","2016","6","40.557305","-80.075483","0720","11","0","0","0","0","0","0","0","0","","0","0","0","","","2","","0","","40 33:26.298","","0","80 04:31.738","8","0","0","0","2481","0","0","0","N","0","0","0","2","02481","0","","1.0","","1","N","N","","0","","0","0","0","","0","","","2","2","0","0","0","2","0","2","0","2","","","","N","","","","","","","","","",""
"2016067070","1120","0","0","0","0","0","0","0","0","0","4","0","","02","7","2016","7","40.397591","-80.105984","1111","11","0","0","0","0","0","0","0","0","1","0","0","0","","","0","","2","","40 23:51.329","4","2","80 06:21.543","0","0","0","0","2102","0","0","0","N","0","0","0","2","02102","0","","1.0","","9","N","N","","1","","0","0","1","","0","N","","2","0","0","0","0","0","0","2","0","2","","","","N","","","","","","","","","",""
"2016068051","2203","1","0","0","0","0","0","0","0","0","4","1","","02","7","2016","3","40.431144","-79.959222","2201","11","0","0","0","1","0","0","0","0","2","0","0","0","","","0","","1","","40 25:52.118","3","0","79 57:33.198","0","0","0","0","2301","0","0","0","N","0","0","0","5","02301","0","","1.0","","1","N","N","","0","","0","0","0","","2","N","","2","0","0","0","0","0","0","2","1","2","","","","N","","","","","","","","","",""
"2016066502","1805","2","0","0","0","0","0","0","0","0","4","0","","02","6","2016","5","40.438568","-79.985087","1755","11","0","0","0","0","0","1","0","0","1","0","0","0","","","0","","1","","40 26:18.844","4","0","79 59:06.313","0","0","0","0","2301","0","0","0","N","0","0","0","3","02301","0","","1.0","","1","N","N","","1","","0","0","0","","2","Y","","3","0","0","0","0","0","0","2","0","3","","","","N","","","","","","","","","",""
"2016069425","2232","1","0","0","0","0","0","0","0","0","7","0","","02","7","2016","7","40.454","-79.937444","2232","11","0","0","0","0","0","0","0","0","1","0","0","0","","","1","","0","","40 27:14.400","2","0","79 56:14.800","3","0","0","0","2301","0","0","0","N","0","0","0","1","02506","0","","5.0","","1","N","N","","0","","1","0","0","","0","N","","1","1","0","0","0","0","0","2","0","1","","","","N","","","","","","","","","",""
"2016066353","0745","0","0","0","0","0","0","0","0","0","4","0","","02","6","2016","5","40.497805","-79.869306","0740","11","0","0","0","0","0","1","0","0","","0","0","0","","","1","","0","","40 29:52.098","","0","79 52:09.501","8","0","0","0","2112","0","0","0","N","0","0","0","2","02112","0","","1.0","","1","N","N","","1","","0","0","1","","0","","","2","1","0","0","0","1","0","2","0","2","","","","N","","","","","","","","","",""
"2016066423","1410","3","0","0","0","0","0","0","0","0","1","0","","02","6","2016","5","40.343366","-79.969948","1407","11","0","0","0","0","0","1","0","1","","0","0","0","","","1","","0","","40 20:36.119","","0","79 58:11.811","8","0","0","0","2403","0","0","0","N","0","0","0","5","02403","0","","1.0","","1","N","N","","0","","0","0","0","","0","","","3","1","3","0","0","1","3","2","0","3","","","","N","","","","","","","","","",""
"2016066503","2138","1","0","0","0","0","0","0","0","0","4","0","","02","5","2016","7","40.432502","-79.790364","2136","11","1","0","0","0","0","0","0","0","1","0","0","0","","","0","","1","","40 25:57.007","3","0","79 47:25.310","0","0","0","0","2446","0","0","0","N","0","0","0","2","02446","0","","1.0","","1","N","N","","0","","0","0","1","","2","N","","2","0","0","0","0","0","0","2","0","2","","","","N","","","","","","","","","",""
"2016066355","0705","2","0","0","0","0","0","0","0","0","4","0","","02","6","2016","5","40.37134","-79.854937","0705","11","0","0","0","0","0","0","1","0","1","0","0","0","","","2","","3","","40 22:16.824","6","0","79 51:17.773","3","0","0","0","2303","0","0","0","N","0","0","0","2","02303","0","","1.0","","1","N","N","","0","","2","0","0","","3","N","","2","2","0","0","0","0","0","2","0","2","","","","N","","","","","","","","","",""
"2016066566","2138","2","0","0","0","0","0","0","0","0","4","0","","02","6","2016","6","40.38238","-80.0939","2136","11","0","0","1","0","0","1","0","0","","0","0","0","","","0","","0","","40 22:56.568","","7","80 05:38.041","0","0","0","0","2102","0","0","0","N","0","0","0","3","02102","0","","1.0","","1","N","N","","0","","0","0","0","","2","","","2","0","0","0","0","0","0","2","0","2","","","","N","","","","","","","","","",""
"2016067004","1148","1","0","0","0","0","0","0","0","0","4","0","","02","7","2016","6","40.513928","-80.003571","1138","11","0","0","0","0","0","0","0","0","1","0","0","0","","","1","","2","","40 30:50.139","5","2","80 00:12.855","4","0","0","0","2116","0","0","0","N","0","0","0","2","02116","1","","1.0","","1","N","N","","1","","0","0","0","","3","N","","2","1","0","0","0","0","0","2","0","2","","","","N","","","","","","","","","",""
"2016066440","1455","3","0","0","0","0","0","0","0","0","1","0","","02","6","2016","5","40.474695","-80.060001","1450","11","0","0","0","0","0","1","0","1","1","0","0","0","","","0","","0","","40 28:28.901","4","3","80 03:36.004","0","0","0","0","2444","0","0","0","N","0","0","0","3","02444","0","","1.0","","1","N","N","","0","","0","0","0","","0","N","","3","0","0","0","0","0","0","2","0","3","","","","N","","","","","","","","","",""
"2016067250","1012","1","0","0","0","0","0","0","0","0","6","0","","02","7","2016","7","40.37696","-80.036597","1011","11","0","0","0","0","0","2","0","0","","0","0","0","","","0","","1","","40 22:37.057","","0","80 02:11.749","0","0","0","0","2109","0","0","0","","0","0","0","2","02109","0","","1.0","","1","N","N","","0","","0","0","0","","0","","","2","0","0","0","0","0","0","2","1","2","","","","N","","","","","","","","","",""
"2016068055","1934","0","0","0","2","0","1","0","0","0","8","0","","02","7","2016","3","40.429667","-79.996417","1933","11","0","0","0","0","0","0","0","0","2","0","0","0","","","2","","0","","40 25:46.800","7","0","79 59:47.100","2","0","0","0","2301","2","0","1","N","0","0","0","5","02301","0","","1.0","","1","N","N","","0","","1","1","1","","0","Y","","3","2","0","0","0","0","0","2","0","1","","","","N","","","","","","","","","",""
"2016067160","1545","1","0","0","0","0","0","0","0","0","7","0","","02","7","2016","6","40.406183","-79.886993","1545","11","0","0","0","0","0","0","0","0","","0","0","0","","","0","","0","","40 24:22.259","","0","79 53:13.176","0","0","0","0","2475","0","0","0","N","0","0","0","1","02475","0","","2.0","","1","N","N","","0","","0","0","0","","4","","","1","0","0","0","0","0","0","2","0","1","","","","N","","","","","","","","","",""
"2016069437","0114","0","0","0","0","0","0","0","0","0","7","0","","02","7","2016","1","40.469073","-79.962824","0111","11","0","0","0","0","0","0","0","0","","0","0","0","","","0","","2","","40 28:08.662","","0","79 57:46.166","0","0","0","0","2301","0","0","0","N","0","0","0","1","02301","0","","5.0","","1","N","N","","0","","0","0","1","","0","","","1","0","0","0","0","0","0","2","0","1","","","","N","","","","","","","","","",""
"2016067019","0710","2","0","0","0","0","0","0","0","0","7","0","","02","7","2016","7","40.471459","-79.895412","0655","11","0","0","0","0","0","0","0","0","","0","0","0","","","2","","0","","40 28:17.252","","0","79 53:43.483","8","0","0","0","2301","0","0","0","N","0","0","0","2","02301","0","","5.0","","1","N","N","","0","","0","0","0","","0","","","2","2","0","0","0","2","0","2","0","2","","","","N","","","","","","","","","",""
"2016068823","2348","0","0","0","0","0","0","0","0","0","7","0","","02","6","2016","5","40.413127","-80.07556","2345","11","0","0","0","0","0","1","0","0","3","0","0","0","","","0","","0","","40 24:47.258","6","0","80 04:32.015","0","0","0","0","2117","0","0","0","N","0","0","0","1","02117","0","","4.0","","1","N","N","","0","","0","0","1","","0","Y","","1","0","0","0","0","0","0","2","0","1","","","","N","","","","","","","","","",""