"CRN","ARRIVAL_TM","AUTOMOBILE_COUNT","BELTED_DEATH_COUNT","BELTED_SUSP_SERIOUS_INJ_COUNT","BICYCLE_COUNT","BICYCLE_DEATH_COUNT","BICYCLE_SUSP_SERIOUS_INJ_COUNT","BUS_COUNT","CHLDPAS_DEATH_COUNT","CHLDPAS_SUSP_SERIOUS_INJ_COUNT","COLLISION_TYPE","COMM_VEH_COUNT","CONS_ZONE_SPD_LIM","COUNTY","CRASH_MONTH","CRASH_YEAR","DAY_OF_WEEK","DEC_LATITUDE","DEC_LONGITUDE","DISPATCH_TM","DISTRICT","DRIVER_COUNT_16YR","DRIVER_COUNT_17YR","DRIVER_COUNT_18YR","DRIVER_COUNT_19YR","DRIVER_COUNT_20YR","DRIVER_COUNT_50_64YR","DRIVER_COUNT_65_74YR","DRIVER_COUNT_75PLUS","EST_HRS_CLOSED","FATAL_COUNT","HEAVY_TRUCK_COUNT","HORSE_BUGGY_COUNT","HOUR_OF_DAY","ILLUMINATION","INJURY_COUNT","INTERSECTION_RELATED","INTERSECT_TYPE","LANE_CLOSED","LATITUDE","LN_CLOSE_DIR","LOCATION_TYPE","LONGITUDE","MAX_SEVERITY_LEVEL","MCYCLE_DEATH_COUNT","MCYCLE_SUSP_SERIOUS_INJ_COUNT","MOTORCYCLE_COUNT","MUNICIPALITY","NONMOTR_COUNT","NONMOTR_DEATH_COUNT","NONMOTR_SUSP_SERIOUS_INJ_COUNT","NTFY_HIWY_MAINT","PED_COUNT","PED_DEATH_COUNT","PED_SUSP_SERIOUS_INJ_COUNT","PERSON_COUNT","POLICE_AGCY","POSSIBLE_INJ_COUNT","RDWY_SURF_TYPE_CD","RELATION_TO_ROAD","ROADWAY_CLEARED","ROAD_CONDITION","SCH_BUS_IND","SCH_ZONE_IND","SECONDARY_CRASH","SMALL_TRUCK_COUNT","SPEC_JURIS_CD","SUSP_MINOR_INJ_COUNT","SUSP_SERIOUS_INJ_COUNT","SUV_COUNT","TCD_FUNC_CD","TCD_TYPE","TFC_DETOUR_IND","TIME_OF_DAY","TOTAL_UNITS","TOT_INJ_COUNT","UNBELTED_OCC_COUNT","UNB_DEATH_COUNT","UNB_SUSP_SERIOUS_INJ_COUNT","UNK_INJ_DEG_COUNT","UNK_INJ_PER_COUNT","URBAN_RURAL","VAN_COUNT","VEHICLE_COUNT","WEATHER1","WEATHER2","WORKERS_PRES","WORK_ZONE_IND","WORK_ZONE_LOC","WORK_ZONE_TYPE","WZ_CLOSE_DETOUR","WZ_FLAGGER","WZ_LAW_OFFCR_IND","WZ_LN_CLOSURE","WZ_MOVING","WZ_OTHER","WZ_SHLDER_MDN","WZ_WORKERS_INJ_KILLED"
"2016067466","1849","2","0","0","0","0","0","0","0","0","6","0","","02","7","2016","1","40.497206","-80.005364","1835","11","0","0","0","0","0","1","0","0","","0","0","0","","","0","","0","","40 29:49.941","","0","80 00:19.310","0","0","0","0","2301","0","0","0","N","0","0","0","1","02301","0","","1.0","","1","N","N","","0","","0","0","0","","0","","","2","0","0","0","0","0","0","2","0","2","","","","N","","","","","","","","","",""
"2016051307","1641","3","0","0","0","0","0","0","0","0","1","0","","02","5","2016","6","40.398168","-80.022701","1633","11","0","0","0","0","0","1","0","0","","0","0","0","","","0","","0","","40 23:53.404","","0","80 01:21.723","0","0","0","0","2301","0","0","0","N","0","0","0","3","02301","0","","1.0","","1","N","N","","0","","0","0","0","","0","","","3","0","0","0","0","0","0","2","0","3","","","","N","","","","","","","","","",""
"2016052133","1207","1","0","0","0","0","0","0","0","0","7","0","","02","5","2016","1","40.415133","-80.215806","1205","11","0","0","0","0","0","0","0","0","","0","0","0","","","1","","0","","40 24:54.479","","0","80 12:56.901","3","0","0","0","2214","0","0","0","N","0","0","0","3","02214","0","","5.0","","9","N","N","","0","","1","0","0","","0","","","1","1","0","0","0","0","0","1","0","1","","","","N","","","","","","","","","",""
"2016053006","1733","0","0","0","0","0","0","0","0","0","7","0","","02","5","2016","3","40.467212","-80.275511","1733","11","0","0","0","0","0","0","0","0","2","0","0","0","","","0","","0","","40 28:01.964","4","0","80 16:31.838","0","0","0","0","2203","0","0","0","N","0","0","0","1","02203","0","","4.0","","1","N","N","","0","","0","0","1","","0","N","","1","0","0","0","0","0","0","1","0","1","","","","N","","","","","","","","","",""
"2016051433","1602","0","0","0","0","0","0","0","0","0","4","0","","02","5","2016","2","40.290658","-79.913337","1557","11","0","0","0","0","0","0","1","0","2","0","0","0","","","3","","2","","40 17:26.370","1","0","79 54:48.014","8","0","0","0","2440","0","0","0","N","0","0","0","3","02440","0","","1.0","","1","N","N","","1","","0","0","0","","3","N","","2","3","0","0","0","3","0","2","1","2","","","","N","","","","","","","","","",""
"2016052197","1208","1","0","0","0","0","0","0","0","0","1","0","","02","5","2016","1","40.534326","-79.960278","1205","11","0","0","0","0","0","0","0","0","1","0","0","0","","","2","","0","","40 32:03.574","1","0","79 57:37.001","8","0","0","0","2118","0","0","0","N","0","0","0","3","02118","0","","1.0","","1","N","N","","1","","0","0","1","","0","N","","3","2","1","0","0","2","0","2","0","3","","","","N","","","","","","","","","",""
"2016051446","2341","2","0","0","0","0","0","0","0","0","1","0","","02","5","2016","6","40.445984","-80.010996","2337","11","0","0","0","0","0","0","0","0","","0","0","0","","","0","","0","","40 26:45.541","","0","80 00:39.586","0","0","0","0","2301","0","0","0","N","0","0","0","2","02301","0","","1.0","","9","N","N","","0","","0","0","0","","0","","","2","0","0","0","0","0","0","2","0","2","","","","N","","","","","","","","","",""
"2016053007","1637","1","0","0","0","0","0","0","0","0","1","0","","02","5","2016","3","40.575566","-79.983266","1633","11","0","0","0","0","0","0","0","0","1","0","0","0","","","2","","0","","40 34:32.039","4","0","79 58:59.757","8","0","0","0","2207","0","0","0","N","0","0","0","3","02207","0","","1.0","","1","N","N","","1","","0","0","1","","0","N","","3","2","0","0","0","2","0","1","0","3","","","","N","","","","","","","","","",""
"2016066587","1846","1","0","0","0","0","0","0","0","0","4","0","","02","6","2016","5","40.402012","-80.000594","1839","11","0","0","0","0","0","0","0","0","1","0","0","0","","","0","","1","","40 24:07.244","1","0","80 00:02.139","0","0","0","0","2301","0","0","0","N","0","0","0","4","02301","0","","1.0","","1","N","N","","0","","0","0","1","","2","N","","2","0","1","0","0","0","0","2","0","2","","","","N","","","","","","","","","",""
"2016052073","1152","0","0","0","0","0","0","0","0","0","7","0","55","02","5","2016","2","40.477199","-80.253034","1151","11","0","0","0","0","0","0","0","0","1","0","0","0","","","1","","0","","40 28:37.915","4","0","80 15:10.922","3","0","0","0","2203","0","0","0","","0","0","0","1","68B03","0","","4.0","","1","N","N","","0","","1","0","0","","8","N","","1","1","0","0","0","0","0","2","1","1","","","Y","Y","3","1","N","N","N","N","N","Y","Y",""
"2016067469","1627","2","0","0","0","0","0","0","0","0","6","0","","02","7","2016","2","40.477935","-79.868779","1622","11","0","0","1","0","0","0","0","1","","0","0","0","","","4","","0","","40 28:40.567","","0","79 52:07.605","3","0","0","0","2113","0","0","0","N","0","0","0","5","02113","0","","1.0","","9","N","N","","0","","1","0","0","","0","","","2","4","0","0","0","3","0","2","0","2","","","","N","","","","","","","","","",""
"2016052870","0239","0","0","0","0","0","0","0","0","0","7","0","","02","4","2016","7","40.548882","-80.120252","0230","11","0","0","0","0","0","0","0","0","","0","0","0","","","1","","0","","40 32:55.976","","0","80 07:12.907","3","0","0","0","2215","0","0","0","","0","0","0","1","68B03","0","","4.0","","1","N","N","","0","","1","0","1","","0","","","1","1","0","0","0","0","0","2","0","1","","","","N","","","","","","","","","",""
"2016068981","1014","0","0","0","0","0","0","0","0","0","4","0","","02","7","2016","6","40.460918","-80.073271","1011","11","0","0","0","0","0","0","1","0","","0","0","0","","","0","","10","","40 27:39.304","","0","80 04:23.775","0","0","0","0","2301","0","0","0","N","0","0","0","4","02301","0","","1.0","","1","N","N","","0","","0","0","2","","0","","","2","0","0","0","0","0","0","2","0","2","","","","N","","","","","","","","","",""
"2016052137","1400","1","0","0","0","0","0","0","0","0","1","0","","02","5","2016","1","40.618995","-80.084376","1357","11","0","0","0","0","0","1","0","0","2","0","0","0","","","1","","0","","40 37:08.381","3","0","80 05:03.753","4","0","0","0","2212","0","0","0","N","0","0","0","7","02505","1","","1.0","","1","N","N","","0","","0","0","2","","0","Y","","3","1","0","0","0","0","0","2","0","3","","","","N","","","","","","","","","",""
"2016051437","2022","1","0","0","0","0","0","0","0","0","7","0","","02","5","2016","4","40.581239","-79.905828","2020","11","0","0","0","0","0","0","0","0","","0","0","0","","","0","","0","","40 34:52.459","","0","79 54:20.982","0","0","0","0","2209","0","0","0","N","0","0","0","1","02209","0","","5.0","","1","N","N","","0","","0","0","0","","0","","","1","0","0","0","0","0","0","1","0","1","","","","N","","","","","","","","","",""
"2016051451","2302","1","0","0","0","0","0","0","0","0","7","0","","02","5","2016","6","40.636478","-79.885086","2252","11","0","0","1","0","0","0","0","0","1","0","0","0","","","0","","0","","40 38:11.320","1","0","79 53:06.311","0","0","0","0","2220","0","0","0","N","0","0","0","1","02220","0","","4.0","","1","N","N","","0","","0","0","0","","0","N","","1","0","0","0","0","0","0","1","0","1","","","","N","","","","","","","","","",""
"2016052221","","2","0","0","0","0","0","0","0","0","1","0","","02","2","2016","4","40.461872","-79.860256","","11","0","0","0","0","0","1","0","0","","0","0","0","","","1","","2","","40 27:42.740","","0","79 51:36.920","8","0","0","0","2113","0","0","0","","0","0","0","2","00000","0","","1.0","","1","","","","0","","0","0","0","","0","","","2","1","0","0","0","1","1","2","0","2","","","","N","","","","","","","","","",""
"2016053083","0138","1","0","0","0","0","0","0","0","0","7","0","","02","1","2016","6","40.439609","-80.009731","0119","11","0","0","0","0","0","0","0","0","","0","0","0","","","3","","0","","40 26:22.592","","3","80 00:35.030","4","0","0","0","2301","0","0","0","","0","0","0","4","68B03","3","","3.0","","1","N","N","","0","","0","0","0","","0","","","1","3","2","0","0","0","0","2","0","1","","","","N","","","","","","","","","",""
"2016068986","0756","1","0","0","0","0","0","0","0","0","4","0","","02","7","2016","5","40.634258","-80.058243","0753","11","0","0","0","0","0","2","0","0","","0","0","0","","","0","","1","","40 38:03.328","","0","80 03:29.676","0","0","0","0","2216","0","0","0","N","0","0","0","2","02505","0","","1.0","","1","N","N","","0","","0","0","1","","2","","","2","0","0","0","0","0","0","2","0","2","","","","N","","","","","","","","","",""
"2016053580","1250","2","0","0","0","0","0","0","0","0","1","0","","02","5","2016","5","40.536966","-79.839046","1248","11","0","0","0","1","0","0","0","1","2","0","0","0","","","1","","1","","40 32:13.077","2","0","79 50:20.565","4","0","0","0","2208","0","0","0","N","0","0","0","2","02208","1","","1.0","","1","N","N","","0","","0","0","0","","2","N","","2","1","0","0","0","0","0","2","0","2","","","","N","","","","","","","","","",""
"2016053084","0254","1","0","0","0","0","0","0","0","0","7","0","","02","1","2016","2","40.42903","-79.931649","0241","11","0","0","0","0","0","0","0","0","","0","0","0","","","6","","0","","40 25:44.508","","2","79 55:53.936","3","0","0","0","2301","0","0","0","","0","0","0","7","68B03","0","","2.0","","1","N","N","","0","","6","0","0","","0","","","1","6","7","0","0","0","0","2","0","1","","","","N","","","","","","","","","",""
"2016068987","1729","2","0","0","0","0","0","0","0","0","2","0","","02","7","2016","5","40.380672","-79.861142","1723","11","0","0","0","0","0","0","0","0","1","0","0","0","","","2","","1","","40 22:50.420","3","0","79 51:40.110","3","0","0","0","2303","0","0","0","N","0","0","0","2","02303","0","","1.0","","1","N","N","","0","","1","0","0","","3","Y","","2","2","1","0","0","1","0","2","0","2","","","","N","","","","","","","","","",""
"2016053085","0253","3","0","0","0","0","0","0","0","0","4","0","","02","4","2016","1","40.428394","-79.928479","0235","11","0","0","0","0","0","0","0","0","","0","0","0","","","2","","0","","40 25:42.220","","4","79 55:42.525","3","0","0","0","2301","0","0","0","","0","0","0","4","68B03","1","","1.0","","1","N","N","","0","","1","0","0","","0","","","3","2","2","0","0","0","0","2","0","3","","","","N","","","","","","","","","",""
"2016051442","2255","2","0","0","0","0","0","0","0","0","1","0","","02","5","2016","6","40.428242","-79.971362","2241","11","0","0","0","0","0","0","0","0","","0","0","0","","","1","","0","","40 25:41.672","","0","79 58:16.903","3","0","0","0","2301","0","0","0","N","0","0","0","1","02301","0","","1.0","","1","N","N","","0","","1","0","1","","0","","","3","1","1","0","0","0","0","2","0","3","","","","N","","","","","","","","","",""
"2016051455","0240","3","0","0","0","0","0","0","0","0","2","0","","02","5","2016","6","40.457925","-79.898546","0232","11","0","0","0","0","0","1","0","0","","0","0","0","","","0","","1","","40 27:28.530","","0","79 53:54.765","0","0","0","0","2301","0","0","0","N","0","0","0","3","02301","0","","1.0","","1","N","N","","0","","0","0","0","","2","","","3","0","0","0","0","0","0","2","0","3","","","","N","","","","","","","","","",""
"2016066596","1836","1","0","0","0","0","0","0","0","0","7","0","","02","6","2016","5","40.520278","-79.828376","1833","11","0","0","0","0","0","0","0","1","1","0","0","0","","","1","","0","","40 31:13.000","3","0","79 49:42.153","2","0","0","0","2451","0","0","0","N","0","0","0","1","02451","0","","5.0","","1","N","N","","0","","0","1","0","","0","N","","1","1","1","0","1","0","0","2","0","1","","","","N","","","","","","","","","",""
"2016052157","1345","0","0","0","0","0","0","0","0","0","1","0","99","02","5","2016","5","40.290206","-79.835679","1338","11","0","0","0","0","0","0","0","0","","0","0","0","","","0","","3","","40 17:24.743","","0","79 50:08.446","9","0","0","0","2105","0","0","0","N","0","0","0","2","02105","0","","1.0","","1","N","N","","0","","0","0","1","","7","","","2","0","0","0","0","0","1","2","1","2","","","Y","Y","2","2","","Y","N","","","","",""
"2016066598","1830","1","0","0","0","0","0","0","0","0","6","0","","02","6","2016","5","40.382205","-79.995981","1802","11","0","0","0","0","0","0","0","0","","0","0","0","","","2","","1","","40 22:55.939","","2","79 59:45.533","3","0","0","0","2301","0","0","0","N","0","0","0","3","02301","0","","1.0","","1","N","N","","1","","2","0","0","","2","","","2","2","0","0","0","0","0","2","0","2","","","","N","","","","","","","","","",""
"2016053019","1608","1","0","0","0","0","0","0","0","0","6","0","","02","5","2016","3","40.579731","-79.778997","1604","11","0","0","0","0","0","0","1","0","1","0","0","0","","","0","","0","","40 34:47.032","5","0","79 46:44.390","0","0","0","0","2104","0","0","0","N","0","0","0","1","02104","0","","6.0","","1","N","N","","1","","0","0","0","","0","N","","2","0","1","0","0","0","0","2","0","2","","","","N","","","","","","","","","",""
"2016068993","1523","2","0","0","0","0","0","0","0","0","1","0","","02","7","2016","6","40.307602","-80.058282","1514","11","0","0","0","0","0","1","1","0","","0","0","0","","","2","","2","","40 18:27.367","","0","80 03:29.816","8","0","0","0","2407","0","0","0","N","0","0","0","3","02407","0","","1.0","","1","N","N","","0","","0","0","0","","0","","","2","2","0","0","0","2","1","2","0","2","","","","N","","","","","","","","","",""
"2016068232","1900","1","0","0","0","0","0","0","0","0","7","0","","02","7","2016","1","40.394172","-79.84724","1850","11","0","0","0","0","0","0","0","0","","0","0","0","","","1","","0","","40 23:39.020","","0","79 50:50.063","3","0","0","0","2449","0","0","0","Y","0","0","0","1","02449","0","","4.0","","1","N","N","","0","","1","0","0","","3","","","1","1","1","0","0","0","0","2","0","1","","","","N","","","","","","","","","",""
"2016053585","1340","1","0","0","0","0","0","0","0","0","5","1","40","02","5","2016","5","40.448364","-80.011912","1331","11","0","0","0","0","0","0","0","0","","0","1","0","","","0","","6","","40 26:54.110","","2","80 00:42.883","0","0","0","0","2301","0","0","0","Y","0","0","0","2","02301","0","","1.0","","1","N","N","","0","","0","0","0","","3","","","2","0","0","0","0","0","0","2","0","2","","","Y","Y","4","1","","","N","Y","","","",""
"2016051381","1735","2","0","0","0","0","0","0","0","0","4","0","","02","5","2016","5","40.386491","-80.04377","1732","11","0","0","0","0","0","1","0","1","1","0","0","0","","","1","","0","","40 23:11.368","1","7","80 02:37.573","4","0","0","0","2109","0","0","0","","0","0","0","2","02109","1","","1.0","","1","N","N","","0","","0","0","0","","0","N","","2","1","0","0","0","0","0","2","0","2","","","","N","","","","","","","","","",""
"2016052228","","1","0","0","0","0","0","0","0","0","1","0","","02","2","2016","2","40.434642","-80.019166","","11","0","0","0","0","0","0","0","0","","0","0","0","","","1","","0","","40 26:04.711","","4","80 01:08.998","8","0","0","0","2301","0","0","0","","0","0","0","2","00000","0","","1.0","","1","","","","0","","0","0","0","","0","","","2","1","0","0","0","1","0","2","0","2","","","","N","","","","","","","","","",""
"2016068994","1400","1","0","0","0","0","0","0","0","0","1","0","","02","7","2016","3","40.325518","-80.050088","1352","11","0","0","0","0","0","0","0","1","","0","0","0","","","2","","0","","40 19:31.866","","0","80 03:00.317","8","0","0","0","2407","0","0","0","N","0","0","0","3","02407","0","","1.0","","1","N","N","","0","","0","0","1","","0","","","2","2","0","0","0","2","1","2","0","2","","","","N","","","","","","","","","",""
"2016066601","2133","1","0","0","0","0","0","0","0","0","5","0","","02","6","2016","5","40.536612","-80.182163","2130","11","0","0","0","0","0","0","0","0","1","0","0","0","","","0","","0","","40 32:11.803","4","0","80 10:55.786","0","0","0","0","2458","0","0","0","N","0","0","0","1","02458","0","","1.0","","1","N","N","","0","","0","0","1","","0","N","","2","0","0","0","0","0","0","2","0","2","","","","N","","","","","","","","","",""
"2016051382","1750","1","0","0","0","0","0","0","0","0","1","0","","02","5","2016","5","40.354977","-80.034658","1742","11","0","0","0","0","0","1","0","0","1","0","0","0","","","1","","0","","40 21:17.917","3","0","80 02:04.770","4","0","0","0","2109","0","0","0","","0","0","0","2","02109","1","","1.0","","1","N","N","","0","","0","0","1","","0","N","","2","1","0","0","0","0","0","2","0","2","","","","N","","","","","","","","","",""
"2016052229","1850","2","0","0","0","0","0","0","0","0","4","0","","02","5","2016","6","40.535917","-80.183034","1833","11","0","0","0","0","0","1","0","0","1","0","0","0","","","1","","1","","40 32:09.302","1","0","80 10:58.924","8","0","0","0","2458","0","0","0","N","0","0","0","2","02458","0","","1.0","","1","N","N","","0","","0","0","0","","2","N","","2","1","0","0","0","1","0","2","0","2","","","","N","","","","","","","","","",""
"2016053021","1928","2","0","0","0","0","0","0","0","0","2","0","","02","5","2016","3","40.408374","-80.017759","1918","11","0","0","0","0","0","0","0","0","2","0","0","0","","","1","","2","","40 24:30.147","6","0","80 01:03.932","3","0","0","0","2301","0","0","0","N","0","0","0","6","02301","0","","1.0","","1","N","N","","0","","1","0","0","","2","Y","","2","1","0","0","0","0","0","2","0","2","","","","N","","","","","","","","","",""
"2016053091","0141","1","0","0","0","0","0","0","0","0","7","0","","02","5","2016","1","40.442953","-79.763709","0118","11","0","0","0","0","0","0","0","0","2","0","0","0","","","1","","0","","40 26:34.631","4","0","79 45:49.351","8","0","0","0","2446","0","0","0","","0","0","0","1","68B03","0","","3.0","","9","N","N","","0","","0","0","0","","0","N","","1","1","0","0","0","1","0","2","0","1","","","","N","","","","","","","","","",""
"2016051461","0210","1","0","0","0","0","0","0","0","0","4","0","","02","5","2016","7","40.404723","-79.942594","0203","11","0","0","0","0","0","0","0","0","","0","0","0","","","0","","0","","40 24:17.004","","0","79 56:33.339","0","0","0","0","2301","0","0","0","N","0","0","0","2","02301","0","","4.0","","9","N","N","","0","","0","0","1","","0","","","2","0","0","0","0","0","0","2","0","2","","","","N","","","","","","","","","",""
"2016051462","0248","0","0","0","0","0","0","0","0","0","1","0","","02","5","2016","6","40.420219","-79.990788","0244","11","0","0","0","0","0","0","0","0","1","0","0","0","","","0","","2","","40 25:12.788","3","0","79 59:26.836","9","0","0","0","2301","0","0","0","N","0","0","0","1","02301","0","","4.0","","9","N","N","","0","","0","0","1","","0","N","","2","0","0","0","0","0","1","2","1","2","","","","N","","","","","","","","","",""
"2016052165","1044","2","0","0","0","0","0","0","0","0","6","0","","02","5","2016","2","40.475217","-79.862399","1034","11","0","0","0","0","0","0","1","1","","0","0","0","","","0","","2","","40 28:30.781","","0","79 51:44.636","0","0","0","0","2113","0","0","0","N","0","0","0","2","02113","0","","1.0","","1","N","N","","0","","0","0","0","","0","","","2","0","0","0","0","0","0","2","0","2","","","","N","","","","","","","","","",""
"2016053026","0547","1","0","0","0","0","0","0","0","0","7","0","","02","5","2016","6","40.501333","-80.099861","0545","11","0","0","0","0","0","0","0","0","","0","0","0","","","0","","0","","40 30:04.800","","0","80 05:59.500","0","0","0","0","2110","0","0","0","N","0","0","0","1","02215","0","","5.0","","9","N","N","","0","","0","0","0","","0","","","1","0","0","0","0","0","0","2","0","1","","","","N","","","","","","","","","",""
"2016051464","0235","2","0","0","0","0","0","0","0","0","6","0","","02","5","2016","7","40.408055","-79.942353","0227","11","0","0","0","0","0","0","0","0","2","0","0","0","","","0","","0","","40 24:28.997","5","0","79 56:32.472","0","0","0","0","2301","0","0","0","N","0","0","0","1","02301","0","","4.0","","9","N","N","","0","","0","0","0","","0","N","","2","0","0","0","0","0","0","2","0","2","","","","N","","","","","","","","","",""
"2016067435","1244","1","0","0","0","0","0","0","0","0","7","0","","02","5","2016","6","40.534923","-79.990162","1240","11","0","0","0","0","0","0","0","0","2","0","0","0","","","3","","0","","40 32:05.722","7","0","79 59:24.583","2","0","0","0","2116","0","0","0","N","0","0","0","3","02116","1","","5.0","","1","N","N","","0","","1","1","0","","0","Y","","1","3","2","0","1","0","0","2","0","1","","","","N","","","","","","","","","",""
"2016051465","0205","1","0","0","0","0","0","0","0","0","7","0","","02","5","2016","1","40.448839","-79.90158","0202","11","0","0","0","0","0","0","0","0","","0","0","0","","","0","","0","","40 26:55.821","","0","79 54:05.687","9","0","0","0","2301","0","0","0","N","0","0","0","1","02301","0","","5.0","","1","N","N","","0","","0","0","0","","0","","","1","0","0","0","0","0","1","2","0","1","","","","N","","","","","","","","","",""
"2016068226","1011","0","0","0","0","0","0","0","0","0","7","1","","02","7","2016","4","40.374842","-80.094736","1008","11","0","0","0","0","0","0","0","0","4","0","1","0","","","1","","3","","40 22:29.431","6","0","80 05:41.049","8","0","0","0","2117","0","0","0","N","0","0","0","1","02117","0","","5.0","","1","N","N","","0","","0","0","0","","0","Y","","1","1","0","0","0","1","0","2","0","1","","","","N","","","","","","","","","",""
"2016068164","0705","1","0","0","0","0","0","0","0","0","1","0","","02","7","2016","4","40.343296","-79.829235","0703","11","0","0","0","0","0","0","0","0","","0","0","0","","","0","","0","","40 20:35.867","","0","79 49:45.245","0","0","0","0","2304","0","0","0","N","0","0","0","2","02304","0","","1.0","","1","N","N","","1","","0","0","0","","0","","","2","0","0","0","0","0","0","2","0","2","","","","N","","","","","","","","","",""
"2016066627","2302","2","0","0","0","0","0","0","0","0","6","0","","02","6","2016","5","40.351468","-79.850593","2301","11","0","0","0","0","0","1","0","0","1","0","0","0","","","2","","0","","40 21:05.284","5","0","79 51:02.134","8","0","0","0","2304","0","0","0","N","0","0","0","2","02304","0","","1.0","","1","N","N","","0","","0","0","0","","0","N","","2","2","0","0","0","2","0","2","0","2","","","","N","","","","","","","","","",""
"2016052170","1139","0","0","0","0","0","0","0","0","0","0","0","","02","5","2016","5","40.446344","-80.152348","1136","11","0","0","0","0","0","0","0","0","2","0","0","0","","","1","","0","","40 26:46.837","4","0","80 09:08.451","2","0","1","1","2115","0","0","0","N","0","0","0","1","02115","0","","1.0","","1","N","N","","0","","0","1","0","","0","N","","1","1","0","0","0","0","0","2","0","1","","","","N","","","","","","","","","",""
"2016069011","1150","1","0","1","0","0","0","0","0","0","1","0","","02","7","2016","6","40.470312","-79.908671","1150","11","0","0","0","0","0","0","1","0","","0","0","0","","","1","","1","","40 28:13.123","","0","79 54:31.216","2","0","0","0","2301","0","0","0","N","0","0","0","5","02301","0","","1.0","","1","N","N","","0","","0","1","1","","0","","","2","1","1","0","0","0","0","2","0","2","","","","N","","","","","","","","","",""
"2016066612","2150","1","0","0","0","0","0","0","0","0","4","0","","02","6","2016","3","40.362111","-79.857722","2150","11","0","0","0","0","0","1","0","0","1","1","0","0","","","0","","0","","40 21:43.600","6","7","79 51:27.800","1","1","0","1","2473","0","0","0","N","0","0","0","2","02473","0","2","1.0","","1","N","N","","0","0","0","0","0","","0","Y","","2","0","0","0","0","0","0","2","0","2","","","","N","","","","","","","","","",""
"2016068244","1743","1","0","0","0","0","0","0","0","0","1","0","","02","7","2016","3","40.623202","-79.923169","1735","11","0","0","0","0","0","1","0","0","","0","0","0","","","0","","1","","40 37:23.528","","0","79 55:23.408","0","0","0","0","2217","0","0","0","N","0","0","0","2","02505","0","","1.0","","1","N","N","","1","","0","0","0","","2","","","2","0","0","0","0","0","0","2","0","2","","","","N","","","","","","","","","",""
"2016053600","1535","2","0","0","0","0","0","0","0","0","1","0","","02","5","2016","4","40.382786","-79.87984","1533","11","1","0","0","0","0","1","0","1","1","0","0","0","","","1","","0","","40 22:58.031","4","0","79 52:47.423","3","0","0","0","2473","0","0","0","N","0","0","0","5","02473","0","","1.0","","1","N","N","","1","","1","0","0","","0","N","","3","1","0","0","0","0","0","2","0","3","","","","N","","","","","","","","","",""
"2016052171","1159","1","0","0","0","0","0","0","0","0","4","0","","02","5","2016","6","40.448948","-80.162827","1153","11","0","0","1","0","0","0","0","0","","0","0","0","","","1","","2","","40 26:56.212","","7","80 09:46.177","4","0","0","0","2115","0","0","0","N","0","0","0","2","02115","1","","1.0","","1","N","N","","0","","0","0","1","","0","","","2","1","0","0","0","0","0","2","0","2","","","","N","","","","","","","","","",""
"2016051469","0241","0","0","0","0","0","0","0","0","0","7","0","","02","5","2016","7","40.411004","-79.955525","0234","11","0","0","0","0","0","0","0","0","","0","0","0","","","1","","2","","40 24:39.614","","0","79 57:19.891","3","0","0","1","2301","0","0","0","N","0","0","0","1","02301","0","","2.0","","9","N","N","","0","","1","0","0","","2","","","1","1","0","0","0","0","0","2","0","1","","","","N","","","","","","","","","",""
"2016066613","1321","1","0","0","0","0","0","0","0","0","4","0","","02","6","2016","4","40.387219","-79.902307","1320","11","0","0","0","0","0","0","2","0","1","0","0","0","","","2","","1","","40 23:13.988","2","0","79 54:08.305","4","0","0","0","2448","0","0","0","N","0","0","0","3","02448","2","","1.0","","1","N","N","","0","","0","0","1","","0","N","","2","2","0","0","0","0","0","2","0","2","","","","N","","","","","","","","","",""
"2016066629","0332","1","0","0","0","0","0","0","0","0","7","0","","02","6","2016","3","40.428712","-79.994843","0330","11","0","0","0","0","0","1","0","0","2","0","0","0","","","0","","0","","40 25:43.363","6","0","79 59:41.433","0","0","0","0","2301","0","0","0","N","0","0","0","2","02301","0","","1.0","","1","N","N","","0","","0","0","0","","0","Y","","1","0","0","0","0","0","0","2","0","1","","","","N","","","","","","","","","",""
"2016067441","1226","1","0","0","0","0","0","0","0","0","7","0","","02","7","2016","2","","","1220","11","0","0","0","0","0","0","0","0","","0","0","0","","","0","","10","","","","0","","0","0","0","0","2301","0","0","0","N","0","0","0","1","02301","0","","2.0","","1","N","N","","0","","0","0","0","","0","","","1","0","0","0","0","0","0","1","0","1","","","","N","","","","","","","","","",""
"2016052172","1110","1","0","0","0","0","0","0","0","0","7","0","","02","5","2016","7","40.458159","-80.113003","1105","11","0","0","1","0","0","0","0","0","","0","0","0","","","3","","0","","40 27:29.373","","0","80 06:46.810","4","0","0","0","2115","0","0","0","N","0","0","0","3","02115","3","","4.0","","9","N","N","","0","","0","0","0","","0","","","1","3","0","0","0","0","0","2","0","1","","","","N","","","","","","","","","",""
"2016066614","2238","1","0","0","0","0","0","0","0","0","1","0","","02","6","2016","5","40.426302","-80.031165","2221","11","0","0","0","0","0","0","1","0","","0","0","0","","","0","","0","","40 25:34.687","","2","80 01:52.194","0","0","0","0","2301","0","0","0","N","0","0","0","2","02301","0","","1.0","","1","N","N","","1","","0","0","0","","0","","","2","0","0","0","0","0","0","2","0","2","","","","N","","","","","","","","","",""