"CRN","ARRIVAL_TM","AUTOMOBILE_COUNT","BELTED_DEATH_COUNT","BELTED_SUSP_SERIOUS_INJ_COUNT","BICYCLE_COUNT","BICYCLE_DEATH_COUNT","BICYCLE_SUSP_SERIOUS_INJ_COUNT","BUS_COUNT","CHLDPAS_DEATH_COUNT","CHLDPAS_SUSP_SERIOUS_INJ_COUNT","COLLISION_TYPE","COMM_VEH_COUNT","CONS_ZONE_SPD_LIM","COUNTY","CRASH_MONTH","CRASH_YEAR","DAY_OF_WEEK","DEC_LATITUDE","DEC_LONGITUDE","DISPATCH_TM","DISTRICT","DRIVER_COUNT_16YR","DRIVER_COUNT_17YR","DRIVER_COUNT_18YR","DRIVER_COUNT_19YR","DRIVER_COUNT_20YR","DRIVER_COUNT_50_64YR","DRIVER_COUNT_65_74YR","DRIVER_COUNT_75PLUS","EST_HRS_CLOSED","FATAL_COUNT","HEAVY_TRUCK_COUNT","HORSE_BUGGY_COUNT","HOUR_OF_DAY","ILLUMINATION","INJURY_COUNT","INTERSECTION_RELATED","INTERSECT_TYPE","LANE_CLOSED","LATITUDE","LN_CLOSE_DIR","LOCATION_TYPE","LONGITUDE","MAX_SEVERITY_LEVEL","MCYCLE_DEATH_COUNT","MCYCLE_SUSP_SERIOUS_INJ_COUNT","MOTORCYCLE_COUNT","MUNICIPALITY","NONMOTR_COUNT","NONMOTR_DEATH_COUNT","NONMOTR_SUSP_SERIOUS_INJ_COUNT","NTFY_HIWY_MAINT","PED_COUNT","PED_DEATH_COUNT","PED_SUSP_SERIOUS_INJ_COUNT","PERSON_COUNT","POLICE_AGCY","POSSIBLE_INJ_COUNT","RDWY_SURF_TYPE_CD","RELATION_TO_ROAD","ROADWAY_CLEARED","ROAD_CONDITION","SCH_BUS_IND","SCH_ZONE_IND","SECONDARY_CRASH","SMALL_TRUCK_COUNT","SPEC_JURIS_CD","SUSP_MINOR_INJ_COUNT","SUSP_SERIOUS_INJ_COUNT","SUV_COUNT","TCD_FUNC_CD","TCD_TYPE","TFC_DETOUR_IND","TIME_OF_DAY","TOTAL_UNITS","TOT_INJ_COUNT","UNBELTED_OCC_COUNT","UNB_DEATH_COUNT","UNB_SUSP_SERIOUS_INJ_COUNT","UNK_INJ_DEG_COUNT","UNK_INJ_PER_COUNT","URBAN_RURAL","VAN_COUNT","VEHICLE_COUNT","WEATHER1","WEATHER2","WORKERS_PRES","WORK_ZONE_IND","WORK_ZONE_LOC","WORK_ZONE_TYPE","WZ_CLOSE_DETOUR","WZ_FLAGGER","WZ_LAW_OFFCR_IND","WZ_LN_CLOSURE","WZ_MOVING","WZ_OTHER","WZ_SHLDER_MDN","WZ_WORKERS_INJ_KILLED"
"2016053370","1600","1","0","0","0","0","0","0","0","0","1","0","","02","5","2016","4","40.590011","-79.750826","1555","11","0","0","0","0","0","2","0","0","","0","0","0","","","0","","2","","40 35:24.038","","7","79 45:02.972","0","0","0","0","2464","0","0","0","N","0","0","0","2","64305","0","","1.0","","1","N","N","","0","","0","0","1","","2","","","2","0","0","0","0","0","0","2","0","2","","","","N","","","","","","","","","",""
"2016052421","1929","0","0","1","0","0","0","0","0","0","4","0","","02","5","2016","6","40.515269","-80.119091","1926","11","0","0","0","0","0","1","0","0","1","0","0","0","","","1","","2","","40 30:54.968","2","0","80 07:08.727","2","0","0","0","2211","0","0","0","N","0","0","0","5","02215","0","","1.0","","1","N","N","","1","","0","1","2","","0","N","","3","1","0","0","0","0","0","2","0","3","","","","N","","","","","","","","","",""
"2016053228","1428","2","0","0","0","0","0","0","0","0","1","0","","02","5","2016","3","40.424349","-80.030736","1422","11","0","0","0","0","0","0","0","0","","0","0","0","","","2","","6","","40 25:27.658","","2","80 01:50.651","3","0","0","0","2301","0","0","0","N","0","0","0","8","02301","0","","1.0","","1","N","N","","1","","2","0","0","","0","","","3","2","0","0","0","0","0","2","0","3","","","","N","","","","","","","","","",""
"2016050950","1706","2","0","0","0","0","0","0","0","0","1","0","","02","5","2016","5","40.429979","-79.957805","1706","11","0","0","0","0","0","0","0","0","","0","0","0","","","1","","2","","40 25:47.923","","3","79 57:28.097","8","0","0","0","2301","0","0","0","N","0","0","0","2","02301","0","","1.0","","1","N","N","","0","","0","0","0","","0","","","2","1","0","0","0","1","0","2","0","2","","","","N","","","","","","","","","",""
"2016051724","1535","0","0","0","0","0","0","0","0","0","4","0","","02","5","2016","2","40.366776","-80.105846","1530","11","0","0","0","0","0","0","0","0","1","0","0","0","","","0","","0","","40 22:00.393","7","7","80 06:21.044","0","0","0","0","2102","0","0","0","N","0","0","0","4","02102","0","","1.0","","1","N","N","","0","","0","0","2","","0","N","","2","0","0","0","0","0","0","2","0","2","","","","N","","","","","","","","","",""
"2016051811","1110","1","0","0","0","0","0","0","0","0","4","0","90","02","5","2016","1","40.453987","-79.997852","1103","11","0","0","0","0","0","0","1","0","2","0","0","0","","","0","","1","","40 27:14.353","2","2","79 59:52.267","0","0","0","0","2301","0","0","0","N","0","0","0","2","02301","0","","1.0","","1","N","N","","0","","0","0","1","","2","N","","2","0","0","0","0","0","0","2","0","2","","","N","Y","4","1","","","N","Y","","","",""
"2016051591","1243","2","0","0","0","0","0","0","0","0","4","0","","02","5","2016","7","40.332286","-79.945892","1241","11","0","0","0","0","0","0","0","1","","0","0","0","","","1","N","0","","40 19:56.228","","7","79 56:45.212","4","0","0","0","2454","0","0","0","N","0","0","0","4","02454","1","","1.0","","9","N","N","","0","","0","0","0","","2","","","2","1","0","0","0","0","0","2","0","2","","","","N","","","","","","","","","",""
"2016053231","1535","1","0","0","0","0","0","0","0","0","7","0","","02","5","2016","3","40.475529","-79.848493","1530","11","0","0","0","0","0","1","0","0","1","0","0","0","","","0","","1","","40 28:31.904","3","0","79 50:54.576","0","0","0","0","2113","0","0","0","N","0","0","0","1","02113","0","","5.0","","1","N","N","","0","","0","0","0","","2","Y","","1","0","0","0","0","0","0","2","0","1","","","","N","","","","","","","","","",""
"2016053375","1644","0","0","0","0","0","0","0","0","0","4","0","","02","5","2016","4","40.323614","-79.838883","1643","11","0","0","0","0","0","1","0","0","1","0","0","0","","","1","","2","","40 19:25.011","3","0","79 50:19.979","3","0","0","0","2304","0","0","0","N","0","0","0","2","02304","0","","1.0","","1","N","N","","0","","1","0","2","","3","Y","","2","1","0","0","0","0","0","2","0","2","","","","N","","","","","","","","","",""
"2016051593","1305","2","0","0","0","0","0","0","0","0","5","0","","02","5","2016","7","40.360863","-79.845215","1300","11","0","0","0","1","0","0","1","0","","0","0","0","","","0","","3","","40 21:39.108","","8","79 50:42.774","0","0","0","0","2303","0","0","0","N","0","0","0","2","02303","0","","1.0","","1","N","N","","0","","0","0","0","","0","","","2","0","0","0","0","0","0","2","0","2","","","","N","","","","","","","","","",""
"2016053835","1104","2","0","0","0","0","0","0","0","0","1","0","","02","5","2016","3","40.43982","-80.091278","1102","11","0","0","0","0","0","1","0","0","2","0","0","0","","","0","","0","","40 26:23.352","4","0","80 05:28.602","0","0","0","0","2115","0","0","0","N","0","0","0","2","02115","0","","1.0","","1","N","N","","0","","0","0","0","","0","N","","2","0","0","0","0","0","0","2","0","2","","","","N","","","","","","","","","",""
"2016053249","2130","1","0","0","0","0","0","0","0","0","1","0","","02","5","2016","7","40.420048","-79.850321","2123","11","0","0","0","0","0","0","0","0","1","0","0","0","","","0","","0","","40 25:12.171","4","0","79 51:01.154","0","0","0","0","2431","0","0","0","N","0","0","0","5","02431","0","","1.0","","9","N","N","","0","","0","0","1","","0","N","","2","0","0","0","0","0","0","2","0","2","","","","N","","","","","","","","","",""
"2016051744","0054","1","0","0","0","0","0","0","0","0","7","0","","02","5","2016","1","40.439164","-80.215084","0053","11","0","0","0","0","0","0","0","0","2","0","0","0","","","0","","0","","40 26:20.992","4","0","80 12:54.303","0","0","0","0","2214","0","0","0","Y","0","0","0","1","02214","0","","2.0","","1","N","N","","0","","0","0","0","","0","N","","1","0","0","0","0","0","0","2","0","1","","","","N","","","","","","","","","",""
"2016051037","2222","1","0","0","0","0","0","0","0","0","99","0","","02","5","2016","5","40.436413","-80.038503","2215","11","0","0","0","0","0","0","0","0","2","0","0","0","","","0","","0","","40 26:11.086","1","0","80 02:18.610","0","0","0","0","2301","0","0","0","N","0","0","0","1","02301","0","","1.0","","1","N","N","","0","","0","0","0","","0","N","","1","0","0","0","0","0","0","2","0","1","","","","N","","","","","","","","","",""
"2016053095","1735","1","0","0","0","0","0","0","0","0","1","0","","02","5","2016","6","40.60827","-79.762553","1702","11","0","0","0","0","0","0","0","0","","0","0","0","","","0","","0","","40 36:29.773","","0","79 45:45.192","0","0","0","0","2464","0","0","0","","0","0","0","1","68D02","0","","1.0","","9","N","N","","1","","0","0","0","","0","","","2","0","0","0","0","0","0","2","0","2","","","","N","","","","","","","","","",""
"2016051594","1238","1","0","0","0","0","0","0","0","0","1","0","","02","5","2016","7","40.458865","-79.932007","1235","11","0","0","0","0","0","0","0","0","","0","0","0","","","1","","0","","40 27:31.915","","0","79 55:55.224","8","0","0","0","2301","0","0","0","N","0","0","0","2","02301","0","","1.0","","1","N","N","","0","","0","0","1","","0","","","2","1","0","0","0","1","0","2","0","2","","","","N","","","","","","","","","",""
"2016053836","1010","2","0","0","0","0","0","0","0","0","1","0","","02","5","2016","4","40.444413","-80.09901","1007","11","0","0","0","0","0","0","0","0","1","0","0","0","","","1","","0","","40 26:39.886","4","0","80 05:56.436","4","0","0","0","2115","0","0","0","N","0","0","0","2","02115","1","","1.0","","1","N","N","","0","","0","0","0","","0","N","","2","1","0","0","0","0","0","2","0","2","","","","N","","","","","","","","","",""
"2016053233","1351","0","0","0","0","0","0","0","0","0","0","0","","02","5","2016","6","40.405722","-79.880694","1351","11","0","0","0","0","0","0","0","0","","0","0","0","","","0","","0","","40 24:20.600","","3","79 52:50.500","0","0","0","0","2456","0","0","0","N","0","0","0","2","02456","0","","1.0","","1","N","N","","0","","0","0","2","","0","","","2","0","0","0","0","0","0","2","0","2","","","","N","","","","","","","","","",""
"2016051745","0657","0","0","0","0","0","0","0","0","0","4","0","","02","5","2016","7","40.432576","-80.030035","0655","11","0","0","0","0","0","0","0","0","","0","0","0","","","0","","2","","40 25:57.273","","0","80 01:48.126","0","0","0","0","2301","0","0","0","N","0","0","0","2","02301","0","","1.0","","9","N","N","","1","","0","0","1","","3","","","2","0","0","0","0","0","0","2","0","2","","","","N","","","","","","","","","",""
"2016052584","0021","1","0","0","0","0","0","0","0","0","99","0","","02","5","2016","2","40.418009","-80.005109","0012","11","0","0","0","0","0","0","0","0","","0","0","0","","","0","","0","","40 25:04.832","","0","80 00:18.392","9","0","0","0","2301","0","0","0","N","0","0","0","1","02301","0","","6.0","","1","N","N","","0","","0","0","0","","0","","","2","0","0","0","0","0","1","2","0","2","","","","N","","","","","","","","","",""
"2016052426","1651","1","0","0","0","0","0","0","0","0","6","0","","02","5","2016","2","40.393232","-79.894634","1644","11","0","0","0","0","0","1","0","0","2","0","1","0","","","2","","0","","40 23:35.635","5","0","79 53:40.682","2","0","0","0","2448","0","0","0","N","0","0","0","2","02448","0","","1.0","","1","N","N","","0","","1","1","0","","0","Y","","2","2","0","0","0","0","0","2","0","2","","","","N","","","","","","","","","",""
"2016053314","2332","1","0","0","0","0","0","0","0","0","99","0","","02","5","2016","2","40.631269","-79.73151","2319","11","0","0","0","0","0","0","0","0","","0","0","0","","","1","","7","","40 37:52.568","","2","79 43:53.436","3","0","0","0","2106","0","0","0","","0","0","0","3","68D02","0","","1.0","","1","N","N","","0","","1","0","0","","0","","","1","1","0","0","0","0","0","2","0","1","","","","N","","","","","","","","","",""
"2016053378","1704","0","0","0","0","0","0","0","0","0","1","0","","02","5","2016","3","40.327877","-80.074109","1703","11","0","0","0","1","0","0","0","0","","0","0","0","","","0","","0","","40 19:40.356","","0","80 04:26.793","0","0","0","0","2123","0","0","0","N","0","0","0","3","02123","0","","1.0","","1","N","N","","2","","0","0","1","","0","","","3","0","0","0","0","0","0","2","0","3","","","","N","","","","","","","","","",""
"2016051118","1221","2","0","0","0","0","0","0","0","0","7","0","","02","5","2016","5","40.279739","-79.908359","1218","11","0","0","0","0","0","0","0","0","2","0","0","0","","","0","","0","","40 16:47.060","2","0","79 54:30.094","0","0","0","0","2440","0","0","0","N","0","0","0","2","02440","0","","2.0","","1","N","N","","0","","0","0","0","","0","N","","2","0","0","0","0","0","0","2","0","2","","","","N","","","","","","","","","",""
"2016053252","2308","1","0","0","0","0","0","0","0","0","6","0","","02","5","2016","3","40.442328","-80.043373","2302","11","0","0","0","0","0","1","0","0","","0","0","0","","","0","","0","","40 26:32.380","","0","80 02:36.142","0","0","0","0","2301","0","0","0","N","0","0","0","1","02301","0","","1.0","","9","N","N","","1","","0","0","0","","0","","","2","0","0","0","0","0","0","2","0","2","","","","N","","","","","","","","","",""
"2016051597","1230","0","0","0","0","0","0","0","0","0","1","0","","02","5","2016","7","40.410966","-80.006048","1222","11","0","0","0","0","0","1","0","0","","0","0","0","","","1","","2","","40 24:39.476","","0","80 00:21.772","8","0","0","0","2301","0","0","0","N","0","0","0","3","02301","0","","1.0","","9","N","N","","0","","0","0","2","","0","","","2","1","0","0","0","1","0","2","0","2","","","","N","","","","","","","","","",""
"2016051899","2059","1","0","0","0","0","0","0","0","0","5","0","","02","5","2016","2","40.441899","-80.008824","2044","11","0","0","0","0","0","0","0","0","1","0","0","0","","","1","","0","","40 26:30.835","1","3","80 00:31.767","3","0","0","0","2301","0","0","0","","0","0","0","5","68B03","0","","1.0","","1","N","N","","1","","1","0","1","","0","Y","","3","1","0","0","0","0","0","2","0","3","","","","N","","","","","","","","","",""
"2016052575","1747","0","0","0","0","0","0","0","0","0","4","0","","02","5","2016","5","40.460968","-79.841528","1747","11","0","0","0","0","0","1","0","0","","0","0","0","","","1","","0","","40 27:39.484","","0","79 50:29.499","3","0","0","1","2113","0","0","0","N","0","0","0","2","02113","0","","1.0","","1","N","N","","0","","1","0","0","","0","","","2","1","0","0","0","0","0","2","1","2","","","","N","","","","","","","","","",""
"2016053100","1449","1","0","0","0","0","0","0","0","0","5","0","","02","5","2016","5","40.603331","-79.766483","1436","11","0","0","0","0","0","0","2","0","2","0","0","0","","","1","","0","","40 36:11.991","2","0","79 45:59.338","3","0","0","0","2464","0","0","0","","0","0","0","3","68D02","0","","1.0","","1","N","N","","1","","1","0","1","","0","N","","3","1","0","0","0","0","0","2","0","3","","","","N","","","","","","","","","",""
"2016051043","2236","2","0","0","0","0","0","0","0","0","7","0","","02","5","2016","5","40.359323","-79.83329","2235","11","0","0","0","1","0","0","0","0","1","0","0","0","","","2","","0","","40 21:33.562","6","0","79 49:59.844","8","0","0","0","2304","0","0","0","N","0","0","0","2","02304","0","","2.0","","1","N","N","","0","","0","0","0","","0","Y","","2","2","0","0","0","2","0","2","0","2","","","","N","","","","","","","","","",""
"2016052589","0133","1","0","0","0","0","0","0","0","0","7","0","","02","5","2016","1","40.435996","-79.969524","0125","11","0","0","0","0","0","0","0","0","","0","0","0","","","0","","0","","40 26:09.587","","8","79 58:10.288","9","0","0","0","2301","0","0","0","N","0","0","0","1","02301","0","","2.0","","1","N","N","","0","","0","0","0","","0","","","1","0","0","0","0","0","1","2","0","1","","","","N","","","","","","","","","",""
"2016051901","1810","3","0","0","0","0","0","0","0","0","1","0","","02","5","2016","3","40.561499","-80.086244","1802","11","0","0","0","0","0","1","0","0","","0","0","0","","","0","","0","","40 33:41.395","","0","80 05:10.478","0","0","0","0","2481","0","0","0","","0","0","0","3","68B03","0","","1.0","","1","N","N","","0","","0","0","0","","0","","","3","0","0","0","0","0","0","2","0","3","","","","N","","","","","","","","","",""
"2016053101","1542","2","0","0","0","0","0","0","0","0","1","0","","02","5","2016","5","40.492496","-79.896261","1539","11","0","0","0","0","0","1","1","0","2","0","0","0","","","0","","0","","40 29:32.986","2","0","79 53:46.541","0","0","0","0","2432","0","0","0","","0","0","0","2","68D02","0","","1.0","","9","N","N","","0","","0","0","0","","0","N","","2","0","0","0","0","0","0","2","0","2","","","","N","","","","","","","","","",""
"2016051751","0220","1","0","0","0","0","0","0","0","0","7","0","","02","5","2016","1","40.455642","-80.028879","0214","11","0","0","0","0","0","0","0","0","","0","0","0","","","0","","8","","40 27:20.311","","6","80 01:43.966","0","0","0","0","2301","0","0","0","N","0","0","0","1","02301","0","","2.0","","1","N","N","","0","","0","0","0","","0","","","1","0","0","0","0","0","0","2","0","1","","","","N","","","","","","","","","",""
"2016051057","2316","0","0","0","0","0","0","0","0","0","4","0","","02","5","2016","5","40.447154","-79.895123","2310","11","0","0","0","0","0","0","0","0","","0","0","0","","","1","","1","","40 26:49.753","","0","79 53:42.442","3","0","0","1","2301","0","0","0","N","0","0","0","2","02301","0","","1.0","","1","N","N","","0","","1","0","1","","2","","","2","1","0","0","0","0","0","2","0","2","","","","N","","","","","","","","","",""
"2016051902","0905","1","0","0","0","0","0","0","0","0","1","0","","02","5","2016","4","40.397295","-80.103778","0858","11","0","0","0","0","0","0","1","0","1","0","0","0","","","1","","0","","40 23:50.261","1","0","80 06:13.600","3","0","0","0","2102","0","0","0","","0","0","0","2","68B03","0","","1.0","","9","N","N","","0","","1","0","1","","0","Y","","2","1","0","0","0","0","0","2","0","2","","","","N","","","","","","","","","",""
"2016051535","0247","0","0","0","0","0","0","0","0","0","4","0","25","02","5","2016","7","40.431104","-79.973623","0241","11","0","0","0","0","0","0","0","0","2","0","0","0","","","0","","0","","40 25:51.973","7","3","79 58:25.044","0","0","0","0","2301","0","0","0","N","0","0","0","2","02301","0","","1.0","","9","N","N","","1","","0","0","0","","0","N","","2","0","0","0","0","0","0","2","0","1","","","N","Y","4","1","","","N","","","","",""
"2016051836","1425","2","0","0","0","0","0","0","0","0","1","0","","02","5","2016","2","40.342538","-79.964611","1422","11","0","0","0","0","0","1","1","0","","0","0","0","","","0","","1","","40 20:33.135","","0","79 57:52.599","0","0","0","0","2454","0","0","0","N","0","0","0","2","02454","0","","1.0","","1","N","N","","0","","0","0","0","","0","","","2","0","0","0","0","0","0","2","0","2","","","","N","","","","","","","","","",""
"2016053399","0500","1","0","0","0","0","0","0","0","0","4","0","","02","5","2016","1","40.408425","-79.940064","0447","11","0","0","0","0","0","0","0","0","3","0","0","0","","","0","","2","","40 24:30.330","4","0","79 56:24.230","0","0","0","0","2301","0","0","0","N","0","0","0","0","02301","0","","1.0","","1","N","N","","0","","0","0","1","","3","Y","","2","0","0","0","0","0","0","2","0","2","","","","N","","","","","","","","","",""
"2016051128","1412","0","0","0","0","0","0","0","0","0","7","0","","02","5","2016","5","40.469678","-79.87408","1403","11","0","0","0","0","0","0","0","0","","0","0","0","","","0","","0","","40 28:10.840","","0","79 52:26.688","9","0","0","0","2113","0","0","0","N","0","0","0","1","02113","0","","4.0","","1","N","N","","0","","0","0","1","","0","","","1","0","0","0","0","0","1","2","0","1","","","","N","","","","","","","","","",""
"2016051047","0053","1","0","0","0","0","0","0","0","0","7","0","","02","5","2016","7","40.33446","-79.780489","0049","11","0","0","0","0","0","0","0","0","2","0","0","0","","","0","","0","","40 20:04.055","5","0","79 46:49.762","0","0","0","0","2477","0","0","0","N","0","0","0","1","02477","0","","5.0","","1","N","N","","0","","0","0","0","","0","Y","","1","0","0","0","0","0","0","2","0","1","","","","N","","","","","","","","","",""
"2016051060","0155","1","0","0","0","0","0","0","0","0","7","0","","02","5","2016","6","40.465803","-79.905329","0148","11","0","0","0","0","0","0","0","0","","0","0","0","","","1","","0","","40 27:56.891","","0","79 54:19.184","3","0","0","0","2301","0","0","0","N","0","0","0","1","02301","0","","5.0","","1","N","N","","0","","1","0","0","","0","","","1","1","1","0","0","0","0","2","0","1","","","","N","","","","","","","","","",""
"2016052593","1500","1","0","0","0","0","0","0","0","0","7","0","","02","5","2016","6","40.515545","-80.172997","1456","11","0","0","0","0","0","0","0","0","1","0","0","0","","","0","","0","","40 30:55.961","4","0","80 10:22.790","0","0","0","0","2421","0","0","0","N","0","0","0","2","02421","0","","2.0","","1","N","N","","0","","0","0","0","","0","N","","1","0","0","0","0","0","0","2","0","1","","","","N","","","","","","","","","",""
"2016051689","1539","0","0","0","0","0","0","0","0","0","4","0","","02","5","2016","7","40.36166","-80.069894","1515","11","1","0","0","0","0","0","0","0","","0","0","0","","","0","","3","","40 21:41.975","","0","80 04:11.617","0","0","0","0","2123","0","0","0","N","0","0","0","4","02123","0","","1.0","","9","N","N","","0","","0","0","2","","3","","","2","0","0","0","0","0","0","2","0","2","","","","N","","","","","","","","","",""
"2016051061","0556","1","0","0","0","0","0","0","0","0","7","0","","02","5","2016","7","40.536789","-79.971414","0553","11","0","0","0","0","0","0","0","0","1","0","0","0","","","1","","2","","40 32:12.441","5","0","79 58:17.092","8","0","0","0","2118","0","0","0","N","0","0","0","1","02118","0","","5.0","","1","N","N","","0","","0","0","0","","0","Y","","1","1","1","0","0","1","0","2","0","1","","","","N","","","","","","","","","",""
"2016052594","0135","1","0","0","0","0","0","0","0","0","7","0","","02","5","2016","3","40.465553","-79.935889","0130","11","0","0","0","0","0","0","0","0","","0","0","0","","","0","","1","","40 27:55.990","","0","79 56:09.200","9","0","0","0","2301","0","0","0","N","0","0","0","1","02301","0","","5.0","","1","N","N","","0","","0","0","0","","0","","","1","0","0","0","0","0","1","2","0","1","","","","N","","","","","","","","","",""
"2016053189","1145","0","0","0","0","0","0","0","0","0","7","0","","02","5","2016","1","40.561781","-79.999448","1118","11","0","0","0","0","0","1","0","0","1","0","0","0","","","0","","0","","40 33:42.411","1","0","79 59:58.011","0","0","0","0","2108","0","0","0","N","0","0","0","1","02108","0","","4.0","","1","N","N","","0","","0","0","1","","0","N","","1","0","0","0","0","0","0","2","0","1","","","","N","","","","","","","","","",""
"2016051690","1635","1","0","0","0","0","0","0","0","0","4","0","","02","5","2016","7","","","1619","11","0","0","0","1","0","0","0","0","1","0","0","0","","","0","","1","","40 26:16.9","3","2","80 00:15.7","0","0","0","0","2301","0","0","0","N","0","0","0","3","02301","0","","1.0","","9","N","N","","0","","0","0","1","","2","N","","2","0","0","0","0","0","0","2","0","2","","","","N","","","","","","","","","",""
"2016053261","1625","2","0","0","0","0","0","0","0","0","6","0","","02","5","2016","3","40.464972","-80.0735","1623","11","0","0","1","0","0","1","0","0","1","0","0","0","","","0","","0","","40 27:53.900","6","7","80 04:24.600","0","0","0","0","2444","0","0","0","N","0","0","0","2","02444","0","","1.0","","1","N","N","","0","","0","0","0","","0","N","","2","0","0","0","0","0","0","2","0","2","","","","N","","","","","","","","","",""
"2016053190","1321","1","0","0","0","0","0","0","0","0","1","0","","02","5","2016","2","40.569342","-80.037471","1317","11","0","0","0","0","0","1","1","0","","0","0","0","","","1","","2","","40 34:09.631","","0","80 02:14.897","8","0","0","0","2108","0","0","0","N","0","0","0","3","02108","0","","1.0","","1","N","N","","0","","0","0","1","","0","","","2","1","0","0","0","1","0","2","0","2","","","","N","","","","","","","","","",""
"2016051842","1317","2","0","0","0","0","0","0","0","0","2","0","","02","5","2016","1","40.569798","-79.928061","1312","11","0","0","0","0","0","0","0","0","2","0","0","0","","","2","","2","","40 34:11.272","5","0","79 55:41.019","8","0","0","0","2207","0","0","0","N","0","0","0","2","02207","0","","1.0","","1","N","N","","0","","0","0","0","","3","Y","","2","2","1","0","0","2","0","2","0","2","","","","N","","","","","","","","","",""
"2016053925","1715","1","0","0","0","0","0","0","0","0","4","1","","02","5","2016","5","40.452562","-79.993543","1713","11","0","0","0","0","0","0","0","0","","0","1","0","","","0","","1","","40 27:09.223","","0","79 59:36.754","9","0","0","0","2301","0","0","0","N","0","0","0","1","02301","0","","1.0","","1","N","N","","0","","0","0","0","","3","","","2","0","0","0","0","0","1","2","0","2","","","","N","","","","","","","","","",""
"2016053173","0733","2","0","0","0","0","0","0","0","0","4","0","","02","5","2016","4","40.468458","-79.90352","0728","11","0","0","0","0","0","1","0","0","","0","0","0","","","2","","2","","40 28:06.448","","0","79 54:12.672","8","0","0","0","2301","0","0","0","N","0","0","0","2","02301","0","","1.0","","1","N","N","","0","","0","0","1","","3","","","3","2","0","0","0","2","0","2","0","3","","","","N","","","","","","","","","",""
"2016053191","1906","2","0","0","0","0","0","0","0","0","4","0","","02","5","2016","2","40.61235","-80.054333","1900","11","0","0","0","0","1","0","0","0","","0","0","0","","","0","","2","","40 36:44.459","","0","80 03:15.599","0","0","0","0","2108","0","0","0","N","0","0","0","2","02108","0","","1.0","","1","N","N","","0","","0","0","0","","2","","","2","0","0","0","0","0","0","2","0","2","","","","N","","","","","","","","","",""
"2016053263","1629","1","0","0","0","0","0","0","0","0","4","0","","02","5","2016","4","40.444417","-80.000889","1616","11","0","0","0","0","0","0","0","0","1","0","0","0","","","0","","0","","40 26:39.900","3","0","80 00:03.200","0","0","0","0","2301","0","0","0","N","0","0","0","3","02301","0","","1.0","","1","N","N","","0","","0","0","1","","0","N","","2","0","0","0","0","0","0","2","0","2","","","","N","","","","","","","","","",""
"2016051134","1448","1","0","0","0","0","0","0","0","0","7","0","","02","5","2016","6","40.442533","-80.05977","1436","11","0","0","0","0","0","0","0","0","2","0","0","0","","","0","","0","","40 26:33.117","3","0","80 03:35.172","0","0","0","0","2301","0","0","0","N","0","0","0","1","02301","0","","4.0","","1","N","N","","0","","0","0","0","","0","N","","1","0","0","0","0","0","0","2","0","1","","","","N","","","","","","","","","",""
"2016053192","1741","2","0","0","0","0","0","0","0","0","4","0","","02","5","2016","2","40.453341","-80.16598","1735","11","0","0","0","1","0","1","0","0","1","0","0","0","","","1","","0","","40 27:12.028","6","7","80 09:57.528","4","0","0","0","2115","0","0","0","N","0","0","0","5","02115","1","","1.0","","1","N","N","","0","","0","0","0","","3","N","","2","1","0","0","0","0","0","2","0","2","","","","N","","","","","","","","","",""
"2016051761","0540","1","0","0","0","0","0","0","0","0","1","0","","02","5","2016","1","40.468008","-80.021809","0538","11","0","0","0","0","0","0","0","0","","0","0","0","","","1","","0","","40 28:04.828","","0","80 01:18.513","8","0","0","0","2301","0","0","0","N","0","0","0","1","02301","0","","6.0","","1","N","N","","0","","0","0","1","","0","","","2","1","0","0","0","1","0","2","0","2","","","","N","","","","","","","","","",""
"2016051910","1725","2","0","0","0","0","0","0","0","0","1","0","","02","5","2016","6","40.578219","-80.095031","1715","11","0","0","0","0","0","1","0","0","2","0","0","0","","","0","","0","","40 34:41.590","1","0","80 05:42.110","0","0","0","0","2481","0","0","0","","0","0","0","3","68B03","0","","1.0","","1","N","N","","0","","0","0","1","","0","N","","3","0","0","0","0","0","0","2","0","3","","","","N","","","","","","","","","",""
"2016053193","1710","3","0","0","0","0","0","0","0","0","1","0","","02","5","2016","3","40.450955","-80.138268","1710","11","0","0","0","2","0","0","0","1","1","0","0","0","","","0","","0","","40 27:03.437","3","0","80 08:17.766","0","0","0","0","2115","0","0","0","N","0","0","0","5","02115","0","","1.0","","1","N","N","","0","","0","0","0","","0","N","","3","0","0","0","0","0","0","2","0","3","","","","N","","","","","","","","","",""
"2016053328","1555","1","0","0","0","0","0","0","0","0","7","0","","02","5","2016","4","40.277191","-79.877217","1550","11","0","0","0","1","0","0","0","0","2","0","0","0","","","0","","0","","40 16:37.888","5","0","79 52:37.982","0","0","0","0","2105","0","0","0","N","0","0","0","1","02105","0","","4.0","","1","N","N","","0","","0","0","0","","0","N","","1","0","0","0","0","0","0","2","0","1","","","","N","","","","","","","","","",""
"2016051136","","1","0","0","0","0","0","0","0","0","4","0","","02","1","2016","3","40.469495","-79.962269","","11","0","0","0","0","0","1","0","0","","0","0","0","","","1","","1","","40 28:10.182","","0","79 57:44.168","8","0","0","0","2301","0","0","0","N","0","0","0","2","00000","0","","1.0","","2","N","N","","0","","0","0","0","","3","","","2","1","1","0","0","1","0","2","1","2","","","","N","","","","","","","","","",""
"2016051763","1320","2","0","0","0","0","0","0","0","0","1","0","","02","5","2016","7","40.494244","-79.860241","1318","11","0","0","0","0","0","0","0","0","","0","0","0","","","0","","0","","40 29:39.278","","0","79 51:36.869","0","0","0","0","2408","0","0","0","N","0","0","0","6","02408","0","","1.0","","9","N","N","","0","","0","0","1","","3","","","3","0","0","0","0","0","0","2","0","3","","","","N","","","","","","","","","",""