"CRN","ARRIVAL_TM","AUTOMOBILE_COUNT","BELTED_DEATH_COUNT","BELTED_SUSP_SERIOUS_INJ_COUNT","BICYCLE_COUNT","BICYCLE_DEATH_COUNT","BICYCLE_SUSP_SERIOUS_INJ_COUNT","BUS_COUNT","CHLDPAS_DEATH_COUNT","CHLDPAS_SUSP_SERIOUS_INJ_COUNT","COLLISION_TYPE","COMM_VEH_COUNT","CONS_ZONE_SPD_LIM","COUNTY","CRASH_MONTH","CRASH_YEAR","DAY_OF_WEEK","DEC_LATITUDE","DEC_LONGITUDE","DISPATCH_TM","DISTRICT","DRIVER_COUNT_16YR","DRIVER_COUNT_17YR","DRIVER_COUNT_18YR","DRIVER_COUNT_19YR","DRIVER_COUNT_20YR","DRIVER_COUNT_50_64YR","DRIVER_COUNT_65_74YR","DRIVER_COUNT_75PLUS","EST_HRS_CLOSED","FATAL_COUNT","HEAVY_TRUCK_COUNT","HORSE_BUGGY_COUNT","HOUR_OF_DAY","ILLUMINATION","INJURY_COUNT","INTERSECTION_RELATED","INTERSECT_TYPE","LANE_CLOSED","LATITUDE","LN_CLOSE_DIR","LOCATION_TYPE","LONGITUDE","MAX_SEVERITY_LEVEL","MCYCLE_DEATH_COUNT","MCYCLE_SUSP_SERIOUS_INJ_COUNT","MOTORCYCLE_COUNT","MUNICIPALITY","NONMOTR_COUNT","NONMOTR_DEATH_COUNT","NONMOTR_SUSP_SERIOUS_INJ_COUNT","NTFY_HIWY_MAINT","PED_COUNT","PED_DEATH_COUNT","PED_SUSP_SERIOUS_INJ_COUNT","PERSON_COUNT","POLICE_AGCY","POSSIBLE_INJ_COUNT","RDWY_SURF_TYPE_CD","RELATION_TO_ROAD","ROADWAY_CLEARED","ROAD_CONDITION","SCH_BUS_IND","SCH_ZONE_IND","SECONDARY_CRASH","SMALL_TRUCK_COUNT","SPEC_JURIS_CD","SUSP_MINOR_INJ_COUNT","SUSP_SERIOUS_INJ_COUNT","SUV_COUNT","TCD_FUNC_CD","TCD_TYPE","TFC_DETOUR_IND","TIME_OF_DAY","TOTAL_UNITS","TOT_INJ_COUNT","UNBELTED_OCC_COUNT","UNB_DEATH_COUNT","UNB_SUSP_SERIOUS_INJ_COUNT","UNK_INJ_DEG_COUNT","UNK_INJ_PER_COUNT","URBAN_RURAL","VAN_COUNT","VEHICLE_COUNT","WEATHER1","WEATHER2","WORKERS_PRES","WORK_ZONE_IND","WORK_ZONE_LOC","WORK_ZONE_TYPE","WZ_CLOSE_DETOUR","WZ_FLAGGER","WZ_LAW_OFFCR_IND","WZ_LN_CLOSURE","WZ_MOVING","WZ_OTHER","WZ_SHLDER_MDN","WZ_WORKERS_INJ_KILLED"
"2016051847","1355","0","0","0","0","0","0","0","0","0","0","0","","02","5","2016","1","40.43271","-80.027892","1346","11","0","0","0","0","0","0","0","0","2","0","0","0","","","2","","0","","40 25:57.757","1","0","80 01:40.411","2","0","2","1","2301","0","0","0","N","0","0","0","2","02301","0","","1.0","","9","N","N","","0","","0","2","0","","0","Y","","1","2","0","0","0","0","0","2","0","1","","","","N","","","","","","","","","",""
"2016051764","1252","4","0","0","0","0","0","0","0","0","1","0","","02","5","2016","7","40.445611","-80.059917","1252","11","0","0","0","0","0","1","0","0","","0","0","0","","","0","","2","","40 26:44.200","","0","80 03:35.700","0","0","0","0","2301","0","0","0","N","0","0","0","4","02301","0","","1.0","","9","N","N","","0","","0","0","0","","0","","","4","0","0","0","0","0","0","2","0","4","","","","N","","","","","","","","","",""
"2016051139","0832","0","0","0","0","0","0","0","0","0","5","0","","02","5","2016","6","40.443829","-80.002625","0815","11","0","0","0","0","0","1","0","0","","0","0","0","","","0","","0","","40 26:37.784","","0","80 00:09.450","0","0","0","0","2301","0","0","0","N","0","0","0","2","02301","0","","2.0","","1","N","N","","1","","0","0","1","","0","","","2","0","1","0","0","0","0","2","0","2","","","","N","","","","","","","","","",""
"2016051913","0719","1","0","0","0","0","0","0","0","0","7","0","","02","5","2016","7","40.57106","-79.791955","0711","11","0","0","0","0","0","0","0","0","2","0","0","0","","","0","","0","","40 34:15.816","2","0","79 47:31.037","0","0","0","0","2206","0","0","0","","0","0","0","1","68D02","0","","4.0","","9","N","N","","0","","0","0","0","","0","N","","1","0","0","0","0","0","0","2","0","1","","","","N","","","","","","","","","",""
"2016050988","1648","2","0","0","0","0","0","0","0","0","6","0","","02","5","2016","5","40.37143","-80.080044","1643","11","0","1","0","0","0","0","0","0","","0","0","0","","","0","","2","","40 22:17.148","","0","80 04:48.158","0","0","0","0","2117","0","0","0","N","0","0","0","2","02117","0","","1.0","","1","N","N","","0","","0","0","0","","0","","","2","0","0","0","0","0","0","2","0","2","","","","N","","","","","","","","","",""
"2016051765","1355","2","0","0","0","0","0","0","0","0","7","0","","02","5","2016","7","40.441452","-79.992647","1350","11","0","0","0","0","0","1","0","0","","0","0","0","","","0","","0","","40 26:29.226","","1","79 59:33.529","0","0","0","0","2301","0","0","0","N","0","0","0","3","02301","0","","1.0","","9","N","N","","0","","0","0","0","","0","","","2","0","0","0","0","0","0","2","0","2","","","","N","","","","","","","","","",""
"2016051849","1515","1","0","0","0","0","0","0","0","0","4","0","","02","5","2016","4","40.515112","-80.008599","1515","11","0","0","1","0","0","0","0","0","","0","0","0","","","0","","0","","40 30:54.402","","0","80 00:30.956","0","0","0","0","2116","0","0","0","","0","0","0","3","02116","0","","1.0","","1","","","","1","","0","0","0","","3","","","2","0","0","0","0","0","0","2","0","2","","","","N","","","","","","","","","",""
"2016051548","1505","2","0","0","0","0","0","0","0","0","4","0","","02","5","2016","4","40.441415","-80.020836","1500","11","0","0","0","0","0","0","0","0","1","0","0","0","","","0","","0","","40 26:29.095","2","7","80 01:15.009","0","0","0","0","2301","0","0","0","N","0","0","0","2","02301","0","","1.0","","1","N","N","","0","","0","0","0","","2","N","","2","0","0","0","0","0","0","2","0","2","","","","N","","","","","","","","","",""
"2016052456","1100","1","0","0","0","0","0","0","0","0","7","0","","02","5","2016","4","40.497011","-79.921094","1023","11","0","0","1","0","0","0","0","0","2","0","0","0","","","0","","0","","40 29:49.241","1","0","79 55:15.939","0","0","0","0","2112","0","0","0","","0","0","0","1","68D02","0","","2.0","","1","N","N","","0","","0","0","0","","0","N","","1","0","1","0","0","0","0","2","0","1","","","","N","","","","","","","","","",""
"2016052603","0048","1","0","0","0","0","0","0","0","0","7","0","","02","5","2016","2","40.516785","-79.970623","0048","11","0","0","0","0","0","0","0","0","1","0","0","0","","","1","","0","","40 31:00.427","2","0","79 58:14.241","4","0","0","0","2118","0","0","0","N","0","0","0","1","02118","1","","4.0","","9","N","N","","0","","0","0","0","","0","N","","1","1","0","0","0","0","0","2","0","1","","","","N","","","","","","","","","",""
"2016053414","0615","1","0","0","0","0","0","0","0","0","1","0","","02","5","2016","4","40.412962","-80.007923","0613","11","0","0","0","0","0","1","0","0","2","0","0","0","","","0","","7","","40 24:46.663","1","2","80 00:28.523","0","0","0","0","2301","0","0","0","Y","0","0","0","2","02301","0","","7.0","","1","N","N","","1","","0","0","0","","0","N","","2","0","0","0","0","0","0","2","0","2","","","","N","","","","","","","","","",""
"2016053115","2127","1","0","0","0","0","0","0","0","0","7","0","","02","5","2016","7","40.427517","-79.953351","2059","11","0","0","0","0","0","0","0","0","2","0","0","0","","","0","","0","","40 25:39.060","4","0","79 57:12.063","0","0","0","0","2301","0","0","0","","0","0","0","4","68B03","0","","4.0","","1","N","N","","0","","0","0","0","","0","N","","2","0","0","0","0","0","0","2","1","2","","","","N","","","","","","","","","",""
"2016051767","1206","0","0","0","0","0","0","0","0","0","6","0","","02","5","2016","7","40.479588","-79.728866","1201","11","0","0","0","0","0","0","1","0","1","0","0","0","","","0","","0","","40 28:46.515","6","0","79 43:43.918","0","0","0","0","2466","0","0","0","N","0","0","0","4","02466","0","","1.0","","1","N","N","","2","","0","0","1","","0","N","","3","0","0","0","0","0","0","2","0","3","","","","N","","","","","","","","","",""
"2016051783","1333","2","0","0","0","0","0","0","0","0","1","0","","02","5","2016","7","40.513329","-79.999677","1325","11","0","0","0","0","0","3","0","0","","0","0","0","","","1","","0","","40 30:47.986","","0","79 59:58.836","4","0","0","0","2116","0","0","0","N","0","0","0","5","02116","1","","1.0","","9","N","N","","1","","0","0","0","","0","","","3","1","0","0","0","0","0","2","0","3","","","","N","","","","","","","","","",""
"2016052536","1817","1","0","0","0","0","0","0","0","0","1","0","","02","5","2016","2","40.437741","-79.913127","1810","11","0","0","0","0","0","1","0","0","","0","0","0","","","0","","2","","40 26:15.867","","0","79 54:47.257","0","0","0","0","2301","0","0","0","N","0","0","0","3","02301","0","","1.0","","1","N","N","","0","","0","0","1","","3","","","2","0","0","0","0","0","0","2","0","2","","","","N","","","","","","","","","",""
"2016053934","1753","0","0","0","0","0","0","1","0","0","1","1","","02","5","2016","5","40.406028","-79.912222","1738","11","0","0","0","0","0","2","0","0","","0","0","0","","","1","","1","","40 24:21.700","","0","79 54:44.000","4","0","0","0","2472","0","0","0","N","0","0","0","2","02503","1","","1.0","","1","N","N","","0","","0","0","1","","2","","","2","1","0","0","0","0","1","2","0","2","","","","N","","","","","","","","","",""
"2016051784","1416","3","0","0","0","0","0","0","0","0","1","0","","02","5","2016","3","40.544781","-80.030232","1415","11","0","0","0","0","0","0","1","0","1","0","0","0","","","1","","0","","40 32:41.210","4","0","80 01:48.836","3","0","0","0","2116","0","0","0","N","0","0","0","3","02116","0","","1.0","","1","N","N","","0","","1","0","0","","0","N","","3","1","0","0","0","0","0","2","0","3","","","","N","","","","","","","","","",""
"2016053416","0106","1","0","0","0","0","0","0","0","0","5","0","","02","5","2016","5","40.451573","-80.018577","0059","11","0","0","0","0","0","0","0","0","","0","0","0","","","0","","0","","40 27:05.662","","0","80 01:06.878","0","0","0","0","2301","0","0","0","N","0","0","0","1","02301","0","","1.0","","1","N","N","","0","","0","0","1","","0","","","2","0","0","0","0","0","0","2","0","2","","","","N","","","","","","","","","",""
"2016051769","1423","1","0","0","0","0","0","0","0","0","1","0","","02","5","2016","7","40.443863","-80.027591","1420","11","0","0","0","0","0","0","0","0","","0","0","0","","","0","","1","","40 26:37.906","","0","80 01:39.328","0","0","0","0","2301","0","0","0","N","0","0","0","4","02301","0","","1.0","","9","N","N","","0","","0","0","0","","2","","","2","0","0","0","0","0","0","2","1","2","","","","N","","","","","","","","","",""
"2016051785","1145","1","0","0","0","0","0","1","0","0","4","1","","02","5","2016","7","40.411161","-80.013039","1135","11","0","0","0","0","0","1","1","0","","0","0","0","","","0","","0","","40 24:40.180","","0","80 00:46.940","0","0","0","0","2301","0","0","0","N","0","0","0","4","02503","0","","1.0","","9","N","N","","1","","0","0","1","","0","","","4","0","1","0","0","0","0","2","0","4","","","","N","","","","","","","","","",""
"2016053273","1447","1","0","0","0","0","0","0","0","0","1","0","","02","5","2016","3","40.564177","-80.019147","1444","11","0","1","0","0","0","0","0","0","2","0","0","0","","","1","","2","","40 33:51.037","2","7","80 01:08.929","8","0","0","0","2108","0","0","0","N","0","0","0","3","02108","0","","1.0","","1","N","N","","0","","0","0","1","","0","N","","2","1","0","0","0","1","0","2","0","2","","","","N","","","","","","","","","",""
"2016051145","","1","0","0","0","0","0","0","0","0","4","0","","02","1","2016","5","40.403604","-80.040431","","11","0","0","0","0","0","0","0","0","","0","0","0","","","1","","1","","40 24:12.974","","0","80 02:25.552","8","0","0","0","2301","0","0","0","N","0","0","0","2","00000","0","","1.0","","1","N","N","","0","","0","0","1","","2","","","2","1","1","0","0","1","0","2","0","2","","","","N","","","","","","","","","",""
"2016051919","1602","2","0","0","0","0","0","0","0","0","4","0","","02","5","2016","1","40.363378","-79.968103","1559","11","0","0","0","0","0","0","0","0","2","0","0","0","","","2","","5","","40 21:48.160","3","0","79 58:05.170","3","0","0","0","2476","0","0","0","N","0","0","0","4","02476","0","","1.0","","1","N","N","","0","","2","0","1","","3","Y","","3","2","0","0","0","0","0","2","0","3","","","","N","","","","","","","","","",""
"2016051640","1928","0","0","0","0","0","0","0","0","0","7","0","","02","5","2016","1","40.375623","-79.776815","1924","11","0","0","0","0","0","0","0","0","3","0","0","0","","","1","","0","","40 22:32.243","2","0","79 46:36.535","4","0","0","0","2111","0","0","0","Y","0","0","0","1","02111","1","","5.0","","1","N","N","","0","","0","0","1","","0","N","","1","1","0","0","0","0","0","2","0","1","","","","N","","","","","","","","","",""
"2016053274","1624","2","0","0","0","0","0","0","0","0","4","0","","02","5","2016","3","40.581034","-80.037824","1621","11","0","0","0","0","0","1","0","0","1","0","0","0","","","0","","2","","40 34:51.724","5","0","80 02:16.166","0","0","0","0","2108","0","0","0","N","0","0","0","2","02108","0","","1.0","","1","N","N","","0","","0","0","0","","3","N","","2","0","0","0","0","0","0","2","0","2","","","","N","","","","","","","","","",""
"2016050996","1750","1","0","0","1","0","0","0","0","0","8","0","","02","5","2016","2","40.426843","-79.937972","1737","11","0","0","0","0","0","0","0","0","","0","0","0","","","1","","2","","40 25:36.634","","0","79 56:16.699","3","0","0","0","2301","1","0","0","N","0","0","0","4","02301","0","","1.0","","1","N","N","","0","","1","0","0","","3","","","2","1","0","0","0","0","0","2","0","1","","","","N","","","","","","","","","",""
"2016051146","0840","1","0","0","0","0","0","0","0","0","4","0","","02","5","2016","6","40.466515","-79.955305","0832","11","0","0","0","0","0","1","0","0","","0","0","0","","","0","","2","","40 27:59.454","","0","79 57:19.098","0","0","0","0","2301","0","0","0","N","0","0","0","1","02301","0","","1.0","","1","N","N","","0","","0","0","1","","3","","","2","0","0","0","0","0","0","2","0","2","","","","N","","","","","","","","","",""
"2016051920","1912","1","0","0","0","0","0","0","0","0","7","0","","02","5","2016","7","40.419643","-79.927184","1901","11","0","0","0","0","0","0","0","0","1","0","0","0","","","0","","1","","40 25:10.714","1","0","79 55:37.862","0","0","0","0","2301","0","0","0","N","0","0","0","1","02301","0","","3.0","","1","N","N","","0","","0","0","0","","2","N","","1","0","0","0","0","0","0","2","0","1","","","","N","","","","","","","","","",""
"2016051622","2222","3","0","0","0","0","0","0","0","0","2","0","","02","5","2016","6","40.480424","-79.969982","2220","11","0","0","0","0","0","0","0","0","","0","0","0","","","0","","0","","40 28:49.525","","0","79 58:11.936","0","0","0","0","2445","0","0","0","N","0","0","0","2","02445","0","","1.0","","1","N","N","","0","","0","0","0","","0","","","3","0","1","0","0","0","0","2","0","3","","","","N","","","","","","","","","",""
"2016051773","0750","0","0","0","0","0","0","0","0","0","1","0","","02","5","2016","1","40.414329","-79.993743","0744","11","0","0","0","0","0","0","0","0","1","0","0","0","","","1","","0","","40 24:51.584","2","0","79 59:37.474","8","0","0","0","2301","0","0","0","N","0","0","0","1","02301","0","","6.0","","1","N","N","","0","","0","0","3","","0","N","","3","1","1","0","0","1","0","2","0","3","","","","N","","","","","","","","","",""
"2016051011","1703","0","0","0","0","0","0","0","0","0","4","0","","02","5","2016","5","40.633674","-80.056953","1659","11","0","0","0","0","0","0","0","0","2","0","0","0","","","2","","1","","40 38:01.226","5","0","80 03:25.030","3","0","0","0","2216","0","0","0","N","0","0","0","2","02505","0","","1.0","","1","N","N","","0","","2","0","2","","3","Y","","2","2","0","0","0","0","0","2","0","2","","","","N","","","","","","","","","",""
"2016051706","2006","1","0","0","0","0","0","0","0","0","1","0","","02","5","2016","7","40.428964","-79.9249","2000","11","0","0","0","0","1","1","0","0","","0","0","0","","","0","","0","","40 25:44.269","","0","79 55:29.640","0","0","0","0","2301","0","0","0","N","0","0","0","3","02301","0","","1.0","","9","N","N","","0","","0","0","1","","0","","","2","0","0","0","0","0","0","2","0","2","","","","N","","","","","","","","","",""
"2016052544","1629","2","0","0","0","0","0","0","0","0","4","0","","02","5","2016","2","40.605384","-79.755681","1627","11","0","1","0","0","0","0","0","0","1","0","0","0","","","0","","0","","40 36:19.384","5","0","79 45:20.450","0","0","0","0","2464","0","0","0","N","0","0","0","3","02464","0","","1.0","","1","N","N","","0","","0","0","0","","0","Y","","2","0","0","0","0","0","0","2","0","2","","","","N","","","","","","","","","",""
"2016051559","1400","2","0","0","0","0","0","0","0","0","4","0","","02","5","2016","2","40.440833","-80.006762","1400","11","0","0","0","0","0","0","0","0","","0","0","0","","","0","","1","","40 26:26.997","","2","80 00:24.343","0","0","0","0","2301","0","0","0","N","0","0","0","2","02301","0","","1.0","","1","N","N","","0","","0","0","0","","2","","","2","0","0","0","0","0","0","2","0","2","","","","N","","","","","","","","","",""
"2016053122","1802","1","0","0","0","0","0","0","0","0","1","0","","02","5","2016","2","40.424647","-80.112666","1749","11","0","0","0","0","0","1","0","0","","0","0","0","","","0","","0","","40 25:28.729","","0","80 06:45.597","0","0","0","0","2115","0","0","0","","0","0","0","2","68B03","0","","1.0","","1","N","N","","0","","0","0","1","","0","","","2","0","0","0","0","0","0","2","0","2","","","","N","","","","","","","","","",""
"2016051644","1711","1","0","0","0","0","0","0","0","0","7","0","","02","5","2016","7","40.394396","-79.997265","1657","11","0","0","0","0","0","0","0","0","","0","0","0","","","0","","2","","40 23:39.824","","0","79 59:50.155","0","0","0","0","2301","0","0","0","N","0","0","0","1","02301","0","","4.0","","9","N","N","","0","","0","0","0","","0","","","1","0","0","0","0","0","0","2","0","1","","","","N","","","","","","","","","",""
"2016051560","0733","1","0","0","0","0","0","0","0","0","7","0","","02","5","2016","7","40.40823","-79.893885","0730","11","0","0","0","0","0","0","0","0","","0","0","0","","","0","","0","","40 24:29.627","","0","79 53:37.985","0","0","0","0","2448","0","0","0","N","0","0","0","1","02448","0","","2.0","","9","N","N","","0","","0","0","0","","0","","","1","0","1","0","0","0","0","2","0","1","","","","N","","","","","","","","","",""
"2016053123","2212","1","0","0","0","0","0","0","0","0","99","0","","02","5","2016","2","40.442672","-79.814711","2152","11","0","0","0","0","0","0","0","0","","0","0","0","","","0","","0","","40 26:33.618","","0","79 48:52.959","0","0","0","0","2113","0","0","0","","0","0","0","4","68B03","0","","1.0","","1","N","N","","0","","0","0","0","","0","","","1","0","0","0","0","0","0","2","0","1","","","","N","","","","","","","","","",""
"2016051626","1836","1","0","0","0","0","0","0","0","0","4","0","","02","5","2016","6","40.374133","-79.975489","1834","11","0","0","0","0","0","0","0","0","1","0","0","0","","","0","","0","","40 22:26.878","5","0","79 58:31.760","0","0","0","0","2413","0","0","0","N","0","0","0","6","02413","0","","1.0","","1","N","N","","0","","0","0","0","","0","Y","","2","0","0","0","0","0","0","2","1","2","","","","N","","","","","","","","","",""
"2016051150","0805","0","0","0","1","0","0","0","0","0","8","0","","02","5","2016","6","40.469669","-79.921032","0801","11","0","0","0","0","0","0","1","0","","0","0","0","","","1","","1","","40 28:10.808","","0","79 55:15.715","8","0","0","0","2301","1","0","0","N","0","0","0","2","02301","0","","1.0","","1","N","N","","0","","0","0","0","","2","","","2","1","0","0","0","1","0","2","1","1","","","","N","","","","","","","","","",""
"2016053942","1711","1","0","0","0","0","0","0","0","0","4","0","","02","5","2016","5","40.450559","-79.93008","1652","11","0","0","0","1","0","1","0","0","","0","0","0","","","0","","1","","40 27:02.012","","0","79 55:48.288","0","0","0","0","2301","0","0","0","N","0","0","0","3","02301","0","","1.0","","1","N","N","","0","","0","0","1","","3","","","2","0","0","0","0","0","0","2","0","2","","","","N","","","","","","","","","",""
"2016051646","1236","1","0","0","0","0","0","0","0","0","4","0","","02","5","2016","5","40.362663","-80.046607","1233","11","0","0","0","0","0","0","0","0","2","0","0","0","","","0","","0","","40 21:45.585","1","0","80 02:47.784","0","0","0","0","2109","0","0","0","","0","0","0","4","02109","0","","1.0","","1","N","N","","0","","0","0","1","","0","N","","2","0","0","0","0","0","0","2","0","2","","","","N","","","","","","","","","",""
"2016052628","2139","3","0","0","0","0","0","0","0","0","1","0","40","02","5","2016","6","40.42974","-80.028027","2125","11","0","0","0","0","0","0","0","1","","0","0","0","","","2","","0","","40 25:47.064","","0","80 01:40.898","4","0","0","0","2301","0","0","0","","0","0","0","3","68B03","2","","1.0","","1","N","N","","0","","0","0","0","","8","","","3","2","0","0","0","0","0","2","0","3","","","Y","Y","4","2","N","N","N","Y","N","N","N",""
"2016053125","1754","1","0","0","0","0","0","0","0","0","5","0","","02","5","2016","3","40.423894","-80.109084","1752","11","0","0","0","0","0","0","0","0","","0","0","0","","","0","","0","","40 25:26.020","","0","80 06:32.703","9","0","0","0","2115","0","0","0","","0","0","0","4","68B03","0","","1.0","","1","N","N","","0","","0","0","0","","0","","","2","0","0","0","0","0","1","2","0","2","","","","N","","","","","","","","","",""
"2016051628","1725","1","0","0","0","0","0","0","0","0","1","0","","02","5","2016","6","40.599694","-80.118856","1720","11","0","0","0","0","0","1","0","0","","0","0","0","","","1","","0","","40 35:58.897","","0","80 07:07.882","3","0","0","0","2481","0","0","0","N","0","0","0","4","02481","0","","1.0","","1","N","N","","0","","1","0","2","","0","","","3","1","0","0","0","0","0","1","0","3","","","","N","","","","","","","","","",""
"2016051002","1551","0","0","0","0","0","0","0","0","0","5","0","","02","5","2016","5","40.641555","-80.063407","1548","11","0","0","0","0","0","0","0","0","3","0","0","0","","","0","","0","","40 38:29.598","5","0","80 03:48.265","0","0","0","0","2216","0","0","0","N","0","0","0","1","02505","0","","1.0","","1","N","N","","0","","0","0","2","","0","Y","","2","0","1","0","0","0","0","2","0","2","","","","N","","","","","","","","","",""
"2016053357","2350","1","0","0","0","0","0","0","0","0","7","0","","02","5","2016","1","40.492394","-79.910362","2327","11","0","0","0","0","0","1","0","0","3","0","0","0","","","1","","7","","40 29:32.620","1","8","79 54:37.303","3","0","0","0","2112","0","0","0","","0","0","0","1","68D02","0","","7.0","","9","N","N","","0","","1","0","0","","0","Y","","1","1","0","0","0","0","0","2","0","1","","","","N","","","","","","","","","",""
"2016051003","1802","1","0","0","0","0","0","0","0","0","4","0","","02","5","2016","5","40.459436","-79.844022","1755","11","0","0","0","0","0","0","1","0","","0","0","0","","","0","","1","","40 27:33.969","","0","79 50:38.479","0","0","0","0","2113","0","0","0","N","0","0","0","2","02113","0","","1.0","","1","N","N","","0","","0","0","1","","3","","","2","0","0","0","0","0","0","2","0","2","","","","N","","","","","","","","","",""
"2016051564","0949","1","0","0","0","0","0","0","0","0","7","0","","02","5","2016","7","40.357195","-79.797379","0947","11","0","0","0","0","0","0","0","0","1","0","0","0","","","1","","0","","40 21:25.901","6","0","79 47:50.563","4","0","0","0","2477","0","0","0","Y","0","0","0","1","02477","1","","2.0","","9","N","N","","0","","0","0","0","","0","Y","","1","1","0","0","0","0","0","2","0","1","","","","N","","","","","","","","","",""
"2016053127","0322","1","0","0","0","0","0","0","0","0","1","0","","02","4","2016","1","40.496009","-79.939621","0242","11","0","0","0","0","0","0","0","0","2","0","0","0","","","1","","0","","40 29:45.633","2","3","79 56:22.636","8","0","0","0","2430","0","0","0","","0","0","0","2","68D02","0","","1.0","","2","N","N","","0","","0","0","1","","0","Y","","2","1","0","0","0","1","0","2","0","2","","","","N","","","","","","","","","",""
"2016051004","1738","2","0","0","0","0","0","0","0","0","4","0","","02","5","2016","5","40.447956","-80.002082","1738","11","0","1","0","0","0","0","0","0","","0","0","0","","","0","","1","","40 26:52.641","","0","80 00:07.495","0","0","0","0","2301","0","0","0","N","0","0","0","3","02301","0","","1.0","","1","N","N","","0","","0","0","0","","3","","","2","0","0","0","0","0","0","2","0","2","","","","N","","","","","","","","","",""
"2016051865","2245","1","0","0","0","0","0","0","0","0","3","0","","02","5","2016","7","40.422778","-79.995417","2237","11","0","0","0","0","0","0","0","0","2","0","0","0","","","0","","0","","40 25:22.000","4","0","79 59:43.500","9","0","0","0","2301","0","0","0","N","0","0","0","1","02301","0","","6.0","","9","N","N","","0","","0","0","1","","0","Y","","2","0","0","0","0","0","1","2","0","2","","","","N","","","","","","","","","",""
"2016049767","0721","2","0","0","0","0","0","0","0","0","1","0","","02","5","2016","4","40.415548","-80.060113","0658","11","0","0","0","0","0","2","1","0","1","0","1","0","","","2","","0","","40 24:55.972","3","0","80 03:36.406","4","0","0","0","2435","0","0","0","","0","0","0","4","68B03","2","","1.0","","1","N","N","","0","","0","0","1","","0","N","","4","2","0","0","0","0","0","2","0","4","","","","N","","","","","","","","","",""
"2016050075","0942","1","0","0","0","0","0","0","0","0","7","0","40","02","5","2016","3","40.523084","-80.177503","0939","11","0","0","0","0","0","0","0","0","","0","0","0","","","0","","2","","40 31:23.102","","2","80 10:39.011","0","0","0","0","2213","0","0","0","","0","0","0","1","02213","0","","2.0","","9","N","N","","0","","0","0","0","","7","","","1","0","0","0","0","0","0","2","0","1","","","Y","Y","4","1","N","Y","N","Y","N","N","N",""
"2016049836","0436","1","0","0","0","0","0","0","0","0","7","0","","02","5","2016","3","40.497139","-79.841509","0429","11","0","0","0","0","0","0","0","0","","0","0","0","","","1","","0","","40 29:49.702","","0","79 50:29.431","4","0","0","0","2113","0","0","0","N","0","0","0","1","02113","1","","4.0","","1","N","N","","0","","0","0","0","","0","","","1","1","1","0","0","0","0","2","0","1","","","","N","","","","","","","","","",""
"2016050766","0757","1","0","0","0","0","0","0","0","0","4","0","","02","5","2016","5","40.532879","-80.176706","0753","11","0","1","0","0","0","0","0","0","2","0","0","0","","","1","","2","","40 31:58.363","2","0","80 10:36.142","4","0","0","0","2458","0","0","0","N","0","0","0","4","02458","1","","1.0","","1","N","N","","0","","0","0","1","","3","N","","2","1","0","0","0","0","0","2","0","2","","","","N","","","","","","","","","",""
"2016050076","1611","3","0","0","0","0","0","0","0","0","1","0","","02","5","2016","3","40.512624","-80.21537","1609","11","0","0","0","0","0","1","0","1","2","0","0","0","","","3","","0","","40 30:45.448","4","7","80 12:55.332","8","0","0","0","2213","0","0","0","","0","0","0","3","02213","0","","1.0","","1","N","N","","0","","0","0","0","","2","N","","3","3","0","0","0","3","0","2","0","3","","","","N","","","","","","","","","",""
"2016052026","0138","1","0","0","0","0","0","0","0","0","8","0","","02","5","2016","2","40.444557","-80.000862","0135","11","0","0","0","0","0","1","0","0","1","0","0","0","","","1","","1","","40 26:40.405","4","0","80 00:03.103","2","0","0","0","2301","1","0","1","N","1","0","1","4","02301","0","","1.0","","9","N","N","","0","","0","1","0","","2","N","","2","1","0","0","0","0","0","2","0","1","","","","N","","","","","","","","","",""
"2016050829","1805","0","0","0","0","0","0","0","0","0","4","0","","02","5","2016","4","40.458003","-79.708372","1800","11","0","0","0","0","0","0","0","0","","0","0","0","","","1","","2","","40 27:28.811","","0","79 42:30.140","4","0","0","0","2466","0","0","0","N","0","0","0","2","02466","1","","1.0","","1","N","N","","1","","0","0","1","","2","","","2","1","0","0","0","0","0","2","0","2","","","","N","","","","","","","","","",""
"2016051249","1200","1","0","0","0","0","0","0","0","0","4","0","","02","5","2016","6","40.365388","-80.108163","1155","11","0","0","0","0","0","1","0","0","","0","0","0","","","0","","0","","40 21:55.396","","7","80 06:29.387","0","0","0","0","2102","0","0","0","N","0","0","0","2","02102","0","","1.0","","1","N","N","","0","","0","0","1","","2","","","2","0","0","0","0","0","0","2","0","2","","","","N","","","","","","","","","",""
"2016050619","0113","1","0","0","0","0","0","0","0","0","99","0","","02","5","2016","5","40.527822","-80.162615","0110","11","0","0","0","0","0","0","0","0","1","0","0","0","","","0","","0","","40 31:40.160","1","0","80 09:45.415","0","0","0","0","2452","0","0","0","N","0","0","0","1","02458","0","","1.0","","1","N","N","","0","","0","0","0","","0","N","","1","0","0","0","0","0","0","2","0","1","","","","N","","","","","","","","","",""
"2016049101","2318","2","0","0","0","0","0","0","0","0","4","0","25","02","5","2016","7","40.454076","-79.996814","2307","11","0","1","0","0","0","0","0","0","3","0","0","0","","","2","","1","","40 27:14.672","4","2","79 59:48.532","2","0","0","0","2301","0","0","0","N","0","0","0","3","02301","1","","1.0","","1","N","N","","0","","0","1","0","","2","N","","2","2","0","0","0","0","0","2","0","2","","","Y","Y","3","1","","","Y","","","","",""