"CRN","ARRIVAL_TM","AUTOMOBILE_COUNT","BELTED_DEATH_COUNT","BELTED_SUSP_SERIOUS_INJ_COUNT","BICYCLE_COUNT","BICYCLE_DEATH_COUNT","BICYCLE_SUSP_SERIOUS_INJ_COUNT","BUS_COUNT","CHLDPAS_DEATH_COUNT","CHLDPAS_SUSP_SERIOUS_INJ_COUNT","COLLISION_TYPE","COMM_VEH_COUNT","CONS_ZONE_SPD_LIM","COUNTY","CRASH_MONTH","CRASH_YEAR","DAY_OF_WEEK","DEC_LATITUDE","DEC_LONGITUDE","DISPATCH_TM","DISTRICT","DRIVER_COUNT_16YR","DRIVER_COUNT_17YR","DRIVER_COUNT_18YR","DRIVER_COUNT_19YR","DRIVER_COUNT_20YR","DRIVER_COUNT_50_64YR","DRIVER_COUNT_65_74YR","DRIVER_COUNT_75PLUS","EST_HRS_CLOSED","FATAL_COUNT","HEAVY_TRUCK_COUNT","HORSE_BUGGY_COUNT","HOUR_OF_DAY","ILLUMINATION","INJURY_COUNT","INTERSECTION_RELATED","INTERSECT_TYPE","LANE_CLOSED","LATITUDE","LN_CLOSE_DIR","LOCATION_TYPE","LONGITUDE","MAX_SEVERITY_LEVEL","MCYCLE_DEATH_COUNT","MCYCLE_SUSP_SERIOUS_INJ_COUNT","MOTORCYCLE_COUNT","MUNICIPALITY","NONMOTR_COUNT","NONMOTR_DEATH_COUNT","NONMOTR_SUSP_SERIOUS_INJ_COUNT","NTFY_HIWY_MAINT","PED_COUNT","PED_DEATH_COUNT","PED_SUSP_SERIOUS_INJ_COUNT","PERSON_COUNT","POLICE_AGCY","POSSIBLE_INJ_COUNT","RDWY_SURF_TYPE_CD","RELATION_TO_ROAD","ROADWAY_CLEARED","ROAD_CONDITION","SCH_BUS_IND","SCH_ZONE_IND","SECONDARY_CRASH","SMALL_TRUCK_COUNT","SPEC_JURIS_CD","SUSP_MINOR_INJ_COUNT","SUSP_SERIOUS_INJ_COUNT","SUV_COUNT","TCD_FUNC_CD","TCD_TYPE","TFC_DETOUR_IND","TIME_OF_DAY","TOTAL_UNITS","TOT_INJ_COUNT","UNBELTED_OCC_COUNT","UNB_DEATH_COUNT","UNB_SUSP_SERIOUS_INJ_COUNT","UNK_INJ_DEG_COUNT","UNK_INJ_PER_COUNT","URBAN_RURAL","VAN_COUNT","VEHICLE_COUNT","WEATHER1","WEATHER2","WORKERS_PRES","WORK_ZONE_IND","WORK_ZONE_LOC","WORK_ZONE_TYPE","WZ_CLOSE_DETOUR","WZ_FLAGGER","WZ_LAW_OFFCR_IND","WZ_LN_CLOSURE","WZ_MOVING","WZ_OTHER","WZ_SHLDER_MDN","WZ_WORKERS_INJ_KILLED"
"2016050198","1935","1","0","0","0","0","0","0","0","0","1","0","","02","5","2016","4","40.407167","-79.913778","1927","11","0","0","0","0","0","0","0","0","2","0","0","0","","","0","","0","","40 24:25.800","5","3","79 54:49.600","0","0","0","0","2438","0","0","0","N","0","0","0","2","02438","0","","1.0","","1","N","N","","0","","0","0","1","","0","N","","2","0","0","0","0","0","0","2","0","2","","","","N","","","","","","","","","",""
"2016048035","1239","1","0","0","0","0","0","0","0","0","7","0","","02","4","2016","7","40.428806","-79.938683","1206","11","0","0","0","0","0","0","0","0","1","0","0","0","","","0","","0","","40 25:43.702","4","0","79 56:19.260","0","0","0","0","2301","0","0","0","","0","0","0","1","68B03","0","","4.0","","1","N","N","","0","","0","0","0","","0","N","","1","0","0","0","0","0","0","2","0","1","","","","N","","","","","","","","","",""
"2016048024","2214","3","0","0","0","0","0","0","0","0","7","0","","02","1","2016","7","40.420881","-80.031567","2204","11","0","0","0","0","0","1","0","0","","0","0","0","","","2","","0","","40 25:15.171","","0","80 01:53.641","8","0","0","0","2301","0","0","0","","0","0","0","4","68B03","0","","3.0","","9","N","N","","0","","0","0","0","","0","","","3","2","0","0","0","2","0","2","0","3","","","","N","","","","","","","","","",""
"2016048502","1209","0","0","0","0","0","0","0","0","0","7","0","","02","5","2016","6","40.449325","-79.968853","1205","11","0","0","1","0","0","0","0","0","2","0","0","0","","","2","","1","","40 26:57.570","3","0","79 58:07.870","8","0","0","0","2301","0","0","0","N","0","0","0","2","02301","0","","4.0","","1","N","N","","0","","0","0","1","","3","Y","","2","2","2","0","0","2","0","2","0","1","","","","N","","","","","","","","","",""
"2016047878","1425","1","0","0","0","0","0","0","0","0","1","0","","02","2","2016","7","40.416127","-80.058887","1403","11","0","0","0","0","0","2","0","0","1","0","0","0","","","0","","0","","40 24:58.057","3","0","80 03:31.994","0","0","0","0","2435","0","0","0","","0","0","0","2","68B03","0","","1.0","","1","N","N","","0","","0","0","1","","0","N","","2","0","0","0","0","0","0","2","0","2","","","","N","","","","","","","","","",""
"2016048038","1051","1","0","0","0","0","0","0","0","0","1","0","","02","5","2016","2","40.429046","-80.029559","1044","11","0","0","0","0","0","0","0","0","1","0","0","0","","","0","","0","","40 25:44.567","4","3","80 01:46.411","0","0","0","0","2301","0","0","0","","0","0","0","2","68B03","0","","1.0","","1","N","N","","1","","0","0","0","","0","N","","2","0","0","0","0","0","0","2","0","2","","","","N","","","","","","","","","",""
"2016049362","1815","1","0","0","1","0","0","0","0","0","8","0","","02","5","2016","1","40.605111","-80.005833","1810","11","0","0","0","0","0","0","0","0","1","0","0","0","","","1","","0","","40 36:18.400","2","7","80 00:21.000","3","0","0","0","2108","1","0","0","","0","0","0","2","02501","0","","1.0","","1","","","","0","","1","0","0","","0","N","","2","1","0","0","0","0","0","1","0","1","","","","N","","","","","","","","","",""
"2016049363","1656","2","0","0","0","0","0","0","0","0","4","0","","02","5","2016","7","40.344694","-79.854333","1654","11","0","0","0","1","1","0","0","0","","0","0","0","","","0","","1","","40 20:40.900","","0","79 51:15.600","9","0","0","0","2304","0","0","0","N","0","0","0","6","02304","0","","1.0","","9","N","N","","0","","0","0","0","","0","","","2","0","0","0","0","0","3","2","0","2","","","","N","","","","","","","","","",""
"2016049522","1536","1","0","0","0","0","0","0","0","0","1","0","","02","3","2016","3","40.504525","-79.859379","1514","11","0","0","0","0","0","1","0","0","","0","0","0","","","2","","0","","40 30:16.290","","0","79 51:33.764","3","0","0","0","2401","0","0","0","","0","0","0","6","68D02","0","","1.0","","1","N","N","","0","","2","0","2","","0","","","3","2","0","0","0","0","0","2","0","3","","","","N","","","","","","","","","",""
"2016048805","1648","1","0","0","0","0","0","0","0","0","8","0","","02","5","2016","6","40.442301","-79.957898","1640","11","0","0","0","0","0","0","0","1","1","0","0","0","","","1","","0","","40 26:32.283","1","6","79 57:28.432","8","0","0","0","2301","1","0","0","N","1","0","0","2","02301","0","","1.0","","1","N","N","","0","","0","0","0","","2","N","","2","1","0","0","0","1","0","2","0","1","","","","N","","","","","","","","","",""
"2016050054","1009","2","0","0","0","0","0","0","0","0","4","0","","02","5","2016","3","40.555408","-80.017153","1004","11","0","0","0","0","0","0","1","1","","0","0","0","","","0","","0","","40 33:19.467","","7","80 01:01.752","0","0","0","0","2108","0","0","0","N","0","0","0","2","02108","0","","1.0","","1","N","N","","0","","0","0","0","","3","","","2","0","0","0","0","0","0","2","0","2","","","","N","","","","","","","","","",""
"2016047882","0528","0","0","0","0","0","0","0","0","0","7","0","","02","5","2016","3","40.360606","-80.02871","0526","11","0","0","0","0","0","0","0","0","1","0","0","0","","","0","","0","","40 21:38.180","2","0","80 01:43.357","0","0","0","0","2416","0","0","0","","0","0","0","1","02416","0","","2.0","","9","N","N","","0","","0","0","1","","0","N","","1","0","0","0","0","0","0","2","0","1","","","","N","","","","","","","","","",""
"2016049217","1522","2","0","0","0","0","0","0","0","0","1","0","","02","5","2016","1","40.458674","-79.907967","1516","11","0","0","0","0","0","0","0","0","","0","0","0","","","0","","1","","40 27:31.225","","0","79 54:28.682","0","0","0","0","2301","0","0","0","N","0","0","0","2","02301","0","","1.0","","9","N","N","","0","","0","0","0","","0","","","2","0","0","0","0","0","0","2","0","2","","","","N","","","","","","","","","",""
"2016047883","1537","1","0","0","0","0","0","0","0","0","4","0","","02","5","2016","3","40.362022","-80.011171","1534","11","1","0","0","0","0","0","0","0","1","0","0","0","","","0","","1","","40 21:43.279","7","0","80 00:40.215","0","0","0","0","2416","0","0","0","","0","0","0","5","02416","0","","1.0","","1","N","N","","0","","0","0","1","","3","N","","2","0","0","0","0","0","0","2","0","2","","","","N","","","","","","","","","",""
"2016049379","2250","1","0","0","0","0","0","0","0","0","4","0","","02","3","2016","7","40.374641","-79.795878","2247","11","0","0","0","0","0","0","0","0","","0","0","0","","","1","","0","","40 22:28.708","","7","79 47:45.161","3","0","0","0","2111","0","0","0","N","0","0","0","2","02111","0","","1.0","","1","N","N","","1","","1","0","0","","0","","","2","1","0","0","0","0","0","2","0","2","","","","N","","","","","","","","","",""
"2016049218","2148","0","0","0","0","0","0","0","0","0","4","0","","02","5","2016","7","40.462064","-80.030826","2148","11","0","0","0","0","0","1","0","0","1","0","0","0","","","3","","2","","40 27:43.429","6","0","80 01:50.974","8","0","0","0","2301","0","0","0","N","0","0","0","7","02301","0","","1.0","","9","N","N","","1","","0","0","1","","2","N","","2","3","6","0","0","3","0","2","0","2","","","","N","","","","","","","","","",""
"2016050193","1814","1","0","0","0","0","0","0","0","0","2","0","","02","5","2016","3","40.478354","-79.955678","1807","11","0","0","0","0","0","0","0","0","","0","0","0","","","1","","1","","40 28:42.075","","0","79 57:20.439","8","0","0","0","2301","0","0","0","N","0","0","0","3","02301","0","","1.0","","1","N","N","","0","","0","0","1","","2","","","2","1","0","0","0","1","0","2","0","2","","","","N","","","","","","","","","",""
"2016050210","0231","0","0","0","0","0","0","0","0","0","7","0","","02","5","2016","1","40.381396","-79.828297","0227","11","0","0","0","0","0","0","0","0","3","0","0","0","","","0","","0","","40 22:53.025","2","0","79 49:41.869","0","0","0","0","2111","0","0","0","N","0","0","0","2","02111","0","","5.0","","9","N","N","","0","","0","0","1","","0","Y","","1","0","2","0","0","0","0","2","0","1","","","","N","","","","","","","","","",""
"2016048811","2124","0","0","0","0","0","0","0","0","0","4","0","","02","5","2016","5","40.43899","-80.015503","2118","11","0","0","0","0","0","1","1","0","","0","0","0","","","1","","6","","40 26:20.364","","2","80 00:55.810","3","0","0","0","2301","0","0","0","N","0","0","0","2","02301","0","","1.0","","1","N","N","","0","","1","0","1","","0","","","2","1","0","0","0","0","0","2","1","2","","","","N","","","","","","","","","",""
"2016050213","2028","0","0","0","0","0","0","0","0","0","1","0","","02","5","2016","3","40.402421","-80.000766","2018","11","0","0","0","0","0","0","0","0","2","0","0","0","","","1","","0","","40 24:08.717","1","0","80 00:02.756","8","0","0","0","2301","0","0","0","N","0","0","0","4","02301","0","","1.0","","1","N","N","","1","","0","0","2","","0","N","","3","1","0","0","0","1","0","2","0","3","","","","N","","","","","","","","","",""
"2016049223","1521","1","0","0","0","0","0","0","0","0","5","0","","02","5","2016","1","40.448231","-80.025863","1516","11","0","0","0","0","0","0","0","0","","0","0","0","","","0","","7","","40 26:53.632","","8","80 01:33.106","0","0","0","0","2301","0","0","0","N","0","0","0","5","02301","0","","1.0","","1","N","N","","0","","0","0","1","","0","","","2","0","0","0","0","0","0","2","0","2","","","","N","","","","","","","","","",""
"2016047982","1745","2","0","0","0","0","0","0","0","0","1","0","","02","5","2016","4","40.478209","-80.042456","1717","11","0","0","0","0","0","0","0","0","2","0","0","0","","","0","","0","","40 28:41.551","1","0","80 02:32.843","9","0","0","0","2301","0","0","0","N","0","0","0","3","02301","0","","1.0","","1","N","N","","0","","0","0","1","","0","Y","","3","0","0","0","0","0","1","2","0","3","","","","N","","","","","","","","","",""
"2016049227","2223","0","0","0","0","0","0","0","0","0","7","0","","02","5","2016","7","40.331631","-80.094332","2219","11","0","0","0","0","1","0","0","0","","0","0","0","","","0","","0","","40 19:53.870","","0","80 05:39.594","0","0","0","0","2123","0","0","0","N","0","0","0","1","02123","0","","5.0","","9","N","N","","0","","0","0","1","","0","","","1","0","0","0","0","0","0","2","0","1","","","","N","","","","","","","","","",""
"2016050807","1712","2","0","0","0","0","0","0","0","0","1","0","","02","5","2016","3","40.409722","-79.829333","1708","11","0","0","0","0","0","0","0","0","","0","0","0","","","0","","0","","40 24:35.000","","0","79 49:45.600","9","0","0","0","2467","0","0","0","N","0","0","0","3","02467","0","","6.0","","1","N","N","","0","","0","0","0","","0","","","2","0","0","0","0","0","3","2","0","2","","","","N","","","","","","","","","",""
"2016049306","1436","2","0","0","0","0","0","0","0","0","4","0","","02","5","2016","1","40.498586","-80.061839","1435","11","0","0","0","0","0","0","1","0","","0","0","0","","","0","","1","","40 29:54.909","","0","80 03:42.620","0","0","0","0","2402","0","0","0","N","0","0","0","4","02402","0","","1.0","","9","N","N","","0","","0","0","0","","2","","","2","0","0","0","0","0","0","2","0","2","","","","N","","","","","","","","","",""
"2016049538","1305","1","0","0","0","0","0","0","0","0","7","0","","02","5","2016","7","40.410986","-79.856014","1300","11","0","0","0","0","0","0","0","0","1","0","0","0","","","2","","0","","40 24:39.550","1","0","79 51:21.650","3","0","0","0","2411","0","0","0","N","0","0","0","4","02411","0","","4.0","","1","N","N","","0","","1","0","0","","0","N","","1","2","0","0","0","1","1","2","0","1","","","","N","","","","","","","","","",""
"2016048454","1820","1","0","0","0","0","0","0","0","0","8","0","","02","5","2016","5","40.572128","-80.023673","1818","11","0","0","0","0","0","0","0","0","1","0","0","0","","","1","","1","","40 34:19.660","2","0","80 01:25.221","4","0","0","0","2108","1","0","0","N","1","0","0","2","02108","1","","1.0","","1","N","N","","0","","0","0","0","","2","N","","2","1","0","0","0","0","0","2","0","1","","","","N","","","","","","","","","",""
"2016049229","1523","1","0","0","0","0","0","0","0","0","7","0","","02","5","2016","1","40.452212","-80.193502","1517","11","0","0","0","0","0","0","0","0","2","0","0","0","","","0","","0","","40 27:07.963","2","0","80 11:36.607","0","0","0","0","2214","0","0","0","N","0","0","0","1","02214","0","","5.0","","1","N","N","","0","","0","0","0","","0","N","","1","0","0","0","0","0","0","2","0","1","","","","N","","","","","","","","","",""
"2016050885","1556","1","0","0","0","0","0","0","0","0","4","0","","02","5","2016","5","40.403251","-79.988942","1547","11","0","0","0","0","0","0","0","0","","0","0","0","","","0","","1","","40 24:11.703","","0","79 59:20.191","0","0","0","0","2301","0","0","0","N","0","0","0","2","02301","0","","1.0","","1","N","N","","0","","0","0","1","","3","","","2","0","0","0","0","0","0","2","0","2","","","","N","","","","","","","","","",""
"2016049393","1912","1","0","0","0","0","0","0","0","0","7","0","","02","5","2016","1","40.419648","-80.011422","1912","11","0","0","0","0","0","0","0","0","","0","0","0","","","1","","1","","40 25:10.732","","0","80 00:41.119","8","0","0","0","2301","0","0","0","N","0","0","0","3","02301","0","","4.0","","1","N","N","","0","","0","0","0","","0","","","1","1","1","0","0","1","0","2","0","1","","","","N","","","","","","","","","",""
"2016048455","1931","1","0","0","0","0","0","0","0","0","1","0","","02","5","2016","3","40.468417","-80.123417","1928","11","0","0","0","1","0","1","0","0","1","0","0","0","","","1","","0","","40 28:06.300","3","0","80 07:24.300","3","0","0","0","2115","0","0","0","N","0","0","0","3","02115","0","","1.0","","9","N","N","","2","","1","0","0","","0","N","","3","1","0","0","0","0","0","2","0","3","","","","N","","","","","","","","","",""
"2016050821","","2","0","0","0","0","0","0","0","0","1","0","","02","4","2016","7","40.435707","-79.994409","","11","0","0","0","0","0","0","0","0","","0","0","0","","","1","","2","","40 26:08.545","","3","79 59:39.872","4","0","0","0","2301","0","0","0","","0","0","0","6","00000","1","","1.0","","1","","","","0","","0","0","0","","4","","","2","1","0","0","0","0","5","2","0","2","","","","N","","","","","","","","","",""
"2016048468","1155","1","0","0","0","0","0","0","0","0","1","0","30","02","5","2016","6","40.432869","-79.996751","1147","11","0","0","0","0","0","1","1","0","","0","0","0","","","0","","0","","40 25:58.327","","3","79 59:48.303","0","0","0","0","2301","0","0","0","N","0","0","0","2","02301","0","","1.0","","1","N","N","","0","","0","0","1","","0","","","2","0","0","0","0","0","0","2","0","2","","","Y","Y","4","1","","","N","","","","Y",""
"2016050886","1525","1","0","0","0","0","0","0","0","0","7","0","","02","5","2016","4","40.443847","-79.920516","1522","11","0","0","0","0","0","1","0","0","","0","0","0","","","0","","10","","40 26:37.849","","7","79 55:13.858","0","0","0","0","2301","0","0","0","N","0","0","0","2","02301","0","","9.0","","1","N","N","","0","","0","0","0","","0","","","1","0","0","0","0","0","0","2","0","1","","","","N","","","","","","","","","",""
"2016050365","1332","1","0","0","0","0","0","0","0","0","7","0","","02","5","2016","3","40.456551","-79.823081","1332","11","0","0","0","0","0","0","0","0","","0","0","0","","","0","","2","","40 27:23.584","","0","79 49:23.091","0","0","0","0","2113","0","0","0","N","0","0","0","2","02113","0","","4.0","","1","N","N","","0","","0","0","0","","0","","","1","0","0","0","0","0","0","2","0","1","","","","N","","","","","","","","","",""
"2016047972","1724","1","0","0","0","0","0","0","0","0","4","0","","02","5","2016","4","40.343592","-79.836536","1724","11","0","0","0","0","0","0","0","0","1","0","0","0","","","0","","2","","40 20:36.931","7","0","79 50:11.529","0","0","0","0","2304","0","0","0","N","0","0","0","4","02304","0","","1.0","","1","N","N","","0","","0","0","1","","0","Y","","2","0","0","0","0","0","0","2","0","2","","","","N","","","","","","","","","",""
"2016048055","1047","2","0","0","0","0","0","0","0","0","1","0","","02","5","2016","3","40.492644","-79.910214","1037","11","0","0","0","1","0","1","1","0","2","0","0","0","","","0","","0","","40 29:33.517","2","3","79 54:36.769","0","0","0","0","2112","0","0","0","","0","0","0","3","68D02","0","","1.0","","9","N","N","","0","","0","0","0","","0","Y","","3","0","0","0","0","0","0","2","1","3","","","","N","","","","","","","","","",""
"2016050888","1723","2","0","0","0","0","0","0","0","0","1","0","","02","5","2016","5","40.446306","-79.827893","1719","11","0","0","0","0","0","0","1","0","","0","0","0","","","2","","2","","40 26:46.702","","0","79 49:40.415","4","0","0","0","2113","0","0","0","N","0","0","0","7","02113","1","","1.0","","1","N","N","","1","","0","0","1","","2","","","4","2","0","0","0","1","0","2","0","4","","","","N","","","","","","","","","",""
"2016050824","","1","0","0","0","0","0","0","0","0","1","0","","02","1","2016","2","40.431144","-79.959222","","11","0","0","0","0","0","0","0","0","","0","0","0","","","1","","1","","40 25:52.118","","0","79 57:33.198","3","0","0","0","2301","0","0","0","N","0","0","0","3","00000","0","","1.0","","1","N","N","","1","","1","0","0","","2","","","3","1","1","0","0","0","0","2","0","3","","","","N","","","","","","","","","",""
"2016047976","1824","0","0","0","0","0","0","0","0","0","4","0","","02","5","2016","4","40.397964","-80.190299","1819","11","1","0","0","0","0","0","0","0","","0","0","0","","","0","","5","","40 23:52.672","","0","80 11:25.075","0","0","0","0","2214","0","0","0","N","0","0","0","3","02214","0","","1.0","","9","N","N","","1","","0","0","1","","0","","","2","0","0","0","0","0","0","2","0","2","","","","N","","","","","","","","","",""
"2016049476","1214","1","0","0","0","0","0","0","0","0","1","0","","02","5","2016","3","40.519927","-80.057444","1144","11","0","0","0","0","0","1","0","0","","0","0","0","","","1","","0","","40 31:11.737","","2","80 03:26.799","8","0","0","0","2116","0","0","0","","0","0","0","3","68B03","0","","1.0","","1","N","N","","0","","0","0","1","","0","","","2","1","0","0","0","1","0","2","0","2","","","","N","","","","","","","","","",""
"2016047993","0000","0","0","0","0","0","0","0","0","0","7","0","","02","5","2016","5","40.429512","-80.219759","0000","11","0","0","0","0","0","0","0","0","","0","0","0","","","0","","3","","40 25:46.242","","0","80 13:11.134","0","0","0","0","2214","0","0","0","N","0","0","0","1","02214","0","","2.0","","1","N","N","","0","","0","0","1","","0","","","1","0","0","0","0","0","0","2","0","1","","","","N","","","","","","","","","",""
"2016089613","1512","0","0","0","0","0","0","0","0","0","7","0","","02","8","2016","6","40.481847","-79.774888","1454","11","0","0","0","0","0","1","0","0","","0","0","0","","","0","","2","","40 28:54.649","","0","79 46:29.596","0","0","0","0","2466","0","0","0","N","0","0","0","1","02466","0","","5.0","","1","N","N","","1","","0","0","0","","0","","","1","0","0","0","0","0","0","2","0","1","","","","N","","","","","","","","","",""
"2016106927","1702","2","0","0","0","0","0","0","0","0","5","0","","02","10","2016","1","40.376016","-79.90714","1654","11","0","0","0","0","0","0","0","1","1","0","0","0","","","0","","0","","40 22:33.658","3","0","79 54:25.705","0","0","0","0","2448","0","0","0","N","0","0","0","2","02448","0","","1.0","","1","N","N","","0","","0","0","0","","0","N","","2","0","0","0","0","0","0","2","0","2","","","","N","","","","","","","","","",""
"2016100864","1204","2","0","0","0","0","0","0","0","0","1","0","","02","9","2016","4","40.521578","-80.005168","1129","11","0","0","0","0","0","0","1","0","1","0","0","0","","","0","","0","","40 31:17.681","1","0","80 00:18.605","0","0","0","0","2116","0","0","0","N","0","0","0","3","02116","0","","1.0","","1","N","N","","0","","0","0","1","","0","N","","3","0","0","0","0","0","0","2","0","3","","","","N","","","","","","","","","",""
"2016086946","1210","0","0","0","0","0","0","0","0","0","7","0","","02","8","2016","4","40.495985","-80.183755","1205","11","0","0","0","0","0","0","0","0","","0","0","0","","","0","","0","","40 29:45.547","","0","80 11:01.518","0","0","0","0","2213","0","0","0","","0","0","0","1","02213","0","","2.0","","9","N","N","","0","","0","0","0","","0","","","1","0","0","0","0","0","0","2","1","1","","","","N","","","","","","","","","",""
"2016105203","1652","3","0","0","0","0","0","0","0","0","1","0","","02","10","2016","4","40.429854","-79.751251","1647","11","0","0","0","0","0","0","0","1","","0","0","0","","","1","","0","","40 25:47.476","","0","79 45:04.504","8","0","0","0","2446","0","0","0","N","0","0","0","5","02446","0","","1.0","","1","N","N","","0","","0","0","0","","0","","","3","1","0","0","0","1","0","2","0","3","","","","N","","","","","","","","","",""
"2016085477","1155","1","0","0","0","0","0","0","0","0","7","0","","02","8","2016","3","40.462782","-80.029811","1152","11","0","0","0","0","0","0","0","0","","0","0","0","","","1","","0","","40 27:46.015","","0","80 01:47.321","8","0","0","0","2301","0","0","0","N","0","0","0","1","02301","0","","5.0","","1","N","N","","0","","0","0","0","","0","","","1","1","0","0","0","1","0","2","0","1","","","","N","","","","","","","","","",""
"2016087563","1040","1","0","0","0","0","0","0","0","0","7","0","","02","8","2016","6","40.404017","-79.938819","1032","11","0","0","0","0","0","0","0","0","","0","0","0","","","0","","2","","40 24:14.461","","0","79 56:19.748","9","0","0","0","2301","0","0","0","N","0","0","0","2","02301","0","","5.0","","1","N","N","","0","","0","0","0","","0","","","1","0","0","0","0","0","2","2","0","1","","","","N","","","","","","","","","",""
"2016082546","1828","3","0","0","0","0","0","0","0","0","1","0","","02","8","2016","6","40.454946","-79.911404","1821","11","1","0","0","0","0","0","0","0","","0","0","0","","","0","","2","","40 27:17.807","","0","79 54:41.054","0","0","0","0","2301","0","0","0","N","0","0","0","3","02301","0","","1.0","","1","N","N","","0","","0","0","0","","3","","","3","0","0","0","0","0","0","2","0","3","","","","N","","","","","","","","","",""
"2016078666","1752","2","0","0","0","0","0","0","0","0","5","0","","02","8","2016","5","40.440116","-79.925403","1746","11","0","0","0","0","0","0","0","0","","0","0","0","","","0","","0","","40 26:24.416","","0","79 55:31.450","0","0","0","0","2301","0","0","0","N","0","0","0","1","02301","0","","1.0","","1","N","N","","0","","0","0","0","","0","","","2","0","0","0","0","0","0","2","0","2","","","","N","","","","","","","","","",""
"2016084961","1939","2","0","0","0","0","0","0","0","0","4","0","","02","8","2016","5","40.474315","-79.865802","1934","11","0","0","0","0","0","2","0","0","2","0","0","0","","","2","","1","","40 28:27.534","7","0","79 51:56.887","3","0","0","0","2113","0","0","0","N","0","0","0","5","02113","0","","1.0","","1","N","N","","0","","2","0","0","","3","Y","","2","2","0","0","0","0","0","2","0","2","","","","N","","","","","","","","","",""
"2016101675","1826","0","0","0","0","0","0","0","0","0","7","0","","02","10","2016","7","40.41365","-79.72931","1811","11","0","0","0","0","0","0","0","0","","0","0","0","","","0","","0","","40 24:49.139","","0","79 43:45.517","0","0","0","0","2446","0","0","0","","0","0","0","3","68T09","0","","3.0","","8","N","N","","0","","0","0","1","","0","","","1","0","0","0","0","0","0","2","0","1","","","","N","","","","","","","","","",""
"2016048828","1647","2","0","0","0","0","0","0","0","0","6","0","","02","5","2016","6","40.531812","-79.963111","1645","11","0","0","0","0","0","1","0","0","","0","0","0","","","1","","0","","40 31:54.522","","0","79 57:47.198","8","0","0","0","2118","0","0","0","N","0","0","0","2","02118","0","","1.0","","1","N","N","","0","","0","0","0","","0","","","2","1","0","0","0","1","0","2","0","2","","","","N","","","","","","","","","",""
"2016082952","1446","1","0","0","0","0","0","0","0","0","7","0","55","02","8","2016","1","40.525808","-80.272894","1435","11","0","0","0","0","0","0","1","0","","0","0","0","","","1","","0","","40 31:32.910","","0","80 16:22.420","4","0","0","0","2203","0","0","0","N","0","0","0","1","02203","1","","2.0","","9","N","N","","0","","0","0","0","","0","","","1","1","0","0","0","0","0","2","0","1","","","N","Y","4","1","","","N","Y","","","",""
"2016079293","0129","0","0","0","0","0","0","0","0","0","7","0","","02","8","2016","1","40.408133","-80.032801","0121","11","0","0","0","0","0","0","0","0","2","0","0","0","","","1","","0","","40 24:29.279","1","0","80 01:58.082","8","0","0","0","2301","0","0","0","N","0","0","0","1","02301","0","","3.0","","1","N","N","","0","","0","0","0","","0","Y","","1","1","0","0","0","1","0","2","1","1","","","","N","","","","","","","","","",""
"2016048082","0755","1","0","0","0","0","0","0","0","0","2","0","","02","5","2016","5","40.438061","-79.994014","0745","11","0","0","0","0","0","1","0","0","","0","0","0","","","0","","1","","40 26:17.019","","0","79 59:38.452","0","0","0","0","2301","0","0","0","N","0","0","0","2","02301","0","","1.0","","1","N","N","","0","","0","0","0","","2","","","2","0","1","0","0","0","0","2","1","2","","","","N","","","","","","","","","",""
"2016087725","1530","0","0","0","0","0","0","0","0","0","2","0","","02","8","2016","6","40.395083","-79.997379","1517","11","0","0","0","0","0","0","1","0","1","0","0","0","","","3","","0","","40 23:42.298","1","0","79 59:50.566","8","0","0","0","2301","0","0","0","N","0","0","0","4","02301","0","","1.0","","1","N","N","","0","","0","0","2","","0","Y","","2","3","0","0","0","3","0","2","0","2","","","","N","","","","","","","","","",""
"2016097760","1650","0","0","0","0","0","0","0","0","0","1","0","","02","9","2016","6","40.614684","-80.097534","1647","11","0","0","0","0","0","0","0","0","","0","0","0","","","1","","0","","40 36:52.861","","0","80 05:51.122","4","0","0","0","2481","0","0","0","N","0","0","0","3","02481","1","","1.0","","1","N","N","","0","","0","0","2","","0","","","2","1","1","0","0","0","0","2","0","2","","","","N","","","","","","","","","",""
"2016048830","2030","0","0","0","0","0","0","0","0","0","4","0","","02","5","2016","6","40.487278","-79.895543","2015","11","0","0","0","0","0","0","1","0","","0","0","0","","","0","","2","","40 29:14.200","","0","79 53:43.955","0","0","0","0","2301","0","0","0","N","0","0","0","2","02301","0","","1.0","","1","N","N","","0","","0","0","2","","2","","","2","0","0","0","0","0","0","2","0","2","","","","N","","","","","","","","","",""
"2016049624","1304","2","0","0","0","0","0","0","0","0","1","0","","02","5","2016","6","40.340087","-79.963602","1258","11","0","0","0","0","1","0","0","0","","0","0","0","","","1","","0","","40 20:24.314","","0","79 57:48.966","8","0","0","0","2454","0","0","0","N","0","0","0","4","02454","0","","1.0","","1","N","N","","0","","0","0","0","","0","","","2","1","1","0","0","1","0","2","0","2","","","","N","","","","","","","","","",""
"2016049712","2200","5","0","0","0","0","0","0","0","0","1","0","","02","5","2016","3","40.413992","-80.0636","2158","11","0","0","0","0","0","0","0","0","2","0","0","0","","","1","","0","","40 24:50.371","4","0","80 03:48.960","4","0","0","0","2435","0","0","0","","0","0","0","7","68B03","1","","1.0","","9","N","N","","1","","0","0","0","","0","N","","6","1","0","0","0","0","0","2","0","6","","","","N","","","","","","","","","",""