"CRN","ARRIVAL_TM","AUTOMOBILE_COUNT","BELTED_DEATH_COUNT","BELTED_SUSP_SERIOUS_INJ_COUNT","BICYCLE_COUNT","BICYCLE_DEATH_COUNT","BICYCLE_SUSP_SERIOUS_INJ_COUNT","BUS_COUNT","CHLDPAS_DEATH_COUNT","CHLDPAS_SUSP_SERIOUS_INJ_COUNT","COLLISION_TYPE","COMM_VEH_COUNT","CONS_ZONE_SPD_LIM","COUNTY","CRASH_MONTH","CRASH_YEAR","DAY_OF_WEEK","DEC_LATITUDE","DEC_LONGITUDE","DISPATCH_TM","DISTRICT","DRIVER_COUNT_16YR","DRIVER_COUNT_17YR","DRIVER_COUNT_18YR","DRIVER_COUNT_19YR","DRIVER_COUNT_20YR","DRIVER_COUNT_50_64YR","DRIVER_COUNT_65_74YR","DRIVER_COUNT_75PLUS","EST_HRS_CLOSED","FATAL_COUNT","HEAVY_TRUCK_COUNT","HORSE_BUGGY_COUNT","HOUR_OF_DAY","ILLUMINATION","INJURY_COUNT","INTERSECTION_RELATED","INTERSECT_TYPE","LANE_CLOSED","LATITUDE","LN_CLOSE_DIR","LOCATION_TYPE","LONGITUDE","MAX_SEVERITY_LEVEL","MCYCLE_DEATH_COUNT","MCYCLE_SUSP_SERIOUS_INJ_COUNT","MOTORCYCLE_COUNT","MUNICIPALITY","NONMOTR_COUNT","NONMOTR_DEATH_COUNT","NONMOTR_SUSP_SERIOUS_INJ_COUNT","NTFY_HIWY_MAINT","PED_COUNT","PED_DEATH_COUNT","PED_SUSP_SERIOUS_INJ_COUNT","PERSON_COUNT","POLICE_AGCY","POSSIBLE_INJ_COUNT","RDWY_SURF_TYPE_CD","RELATION_TO_ROAD","ROADWAY_CLEARED","ROAD_CONDITION","SCH_BUS_IND","SCH_ZONE_IND","SECONDARY_CRASH","SMALL_TRUCK_COUNT","SPEC_JURIS_CD","SUSP_MINOR_INJ_COUNT","SUSP_SERIOUS_INJ_COUNT","SUV_COUNT","TCD_FUNC_CD","TCD_TYPE","TFC_DETOUR_IND","TIME_OF_DAY","TOTAL_UNITS","TOT_INJ_COUNT","UNBELTED_OCC_COUNT","UNB_DEATH_COUNT","UNB_SUSP_SERIOUS_INJ_COUNT","UNK_INJ_DEG_COUNT","UNK_INJ_PER_COUNT","URBAN_RURAL","VAN_COUNT","VEHICLE_COUNT","WEATHER1","WEATHER2","WORKERS_PRES","WORK_ZONE_IND","WORK_ZONE_LOC","WORK_ZONE_TYPE","WZ_CLOSE_DETOUR","WZ_FLAGGER","WZ_LAW_OFFCR_IND","WZ_LN_CLOSURE","WZ_MOVING","WZ_OTHER","WZ_SHLDER_MDN","WZ_WORKERS_INJ_KILLED"
"2016048191","1552","1","0","0","0","0","0","0","0","0","1","0","","02","5","2016","5","40.422427","-79.885898","1552","11","0","0","0","0","0","1","0","0","","0","0","0","","","1","","1","","40 25:20.737","","0","79 53:09.232","3","0","0","0","2463","0","0","0","N","0","0","0","3","02463","0","","1.0","","1","N","N","","0","","1","0","1","","2","","","2","1","0","0","0","0","0","2","0","2","","","","N","","","","","","","","","",""
"2016048956","1042","2","0","0","0","0","0","0","0","0","1","0","","02","5","2016","7","40.381424","-80.094527","1042","11","0","0","0","0","0","0","1","0","","0","0","0","","","1","","2","","40 22:53.128","","0","80 05:40.297","4","0","0","0","2102","0","0","0","N","0","0","0","3","02102","1","","1.0","","9","N","N","","0","","0","0","0","","2","","","2","1","0","0","0","0","0","2","0","2","","","","N","","","","","","","","","",""
"2016085175","2355","1","0","0","0","0","0","0","0","0","8","0","","02","8","2016","6","40.432124","-80.003994","2343","11","0","0","0","0","0","0","0","0","","0","0","0","","","1","","2","","40 25:55.645","","3","80 00:14.378","2","0","0","0","2301","1","0","1","N","1","0","1","2","02301","0","","1.0","","1","N","N","","0","","0","1","0","","2","","","2","1","0","0","0","0","0","2","0","1","","","","N","","","","","","","","","",""
"2016049581","1745","3","0","0","0","0","0","0","0","0","1","0","","02","5","2016","7","40.431916","-79.801912","1735","11","0","0","0","1","0","1","0","0","1","0","0","0","","","1","","0","","40 25:54.898","3","3","79 48:06.884","8","0","0","0","2446","0","0","0","N","0","0","0","5","02446","0","","1.0","","9","N","N","","0","","0","0","0","","0","N","","3","1","0","0","0","1","0","2","0","3","","","","N","","","","","","","","","",""
"2016048104","0651","1","0","0","0","0","0","0","0","0","7","0","","02","5","2016","5","40.25473","-79.808925","0642","11","0","0","0","0","0","0","0","0","2","0","0","0","","","1","","0","","40 15:17.029","4","0","79 48:32.130","3","0","0","0","2105","0","0","0","N","0","0","0","1","02105","0","","4.0","","1","N","N","","0","","1","0","0","","0","N","","1","1","0","0","0","0","0","1","0","1","","","","N","","","","","","","","","",""
"2016082580","0114","2","0","0","0","0","0","0","0","0","4","0","","02","8","2016","7","40.448933","-80.000739","0109","11","0","0","0","0","0","1","0","0","2","0","0","0","","","3","","1","","40 26:56.157","2","0","80 00:02.660","3","0","0","0","2301","0","0","0","N","0","0","0","6","02301","0","","1.0","","1","N","N","","0","","3","0","1","","1","N","","3","3","0","0","0","0","0","2","0","3","","","","N","","","","","","","","","",""
"2016049645","1443","1","0","0","0","0","0","0","0","0","7","0","","02","5","2016","1","40.349655","-79.862217","1443","11","0","0","0","0","0","0","0","0","2","0","0","0","","","2","","0","","40 20:58.757","6","0","79 51:43.981","8","0","0","0","2304","0","0","0","N","0","0","0","2","02304","0","","5.0","","1","N","N","","0","","0","0","0","","0","Y","","1","2","0","0","0","2","0","2","0","1","","","","N","","","","","","","","","",""
"2016092327","0300","1","0","0","0","0","0","0","0","0","2","0","","02","8","2016","1","40.465499","-80.061275","0258","11","0","0","0","0","0","0","0","0","","0","0","0","","","0","","0","","40 27:55.797","","0","80 03:40.589","0","0","0","0","2444","0","0","0","N","0","0","0","1","02444","0","","6.0","","1","N","N","","1","","0","0","0","","0","","","2","0","0","0","0","0","0","2","0","2","","","","N","","","","","","","","","",""
"2016049670","2259","1","0","0","0","0","0","0","0","0","4","0","","02","5","2016","1","40.458674","-79.907967","2258","11","0","0","0","0","0","0","0","0","2","0","0","0","","","1","","1","","40 27:31.225","2","0","79 54:28.682","3","0","0","0","2301","0","0","0","N","0","0","0","4","02301","0","","1.0","","1","N","N","","0","","1","0","0","","2","N","","2","1","0","0","0","0","0","2","1","2","","","","N","","","","","","","","","",""
"2016102929","1701","1","0","0","0","0","0","0","0","0","0","1","","02","10","2016","3","40.434366","-79.748189","1644","11","0","0","0","0","0","2","0","0","","0","1","0","","","0","","0","","40 26:03.719","","0","79 44:53.480","0","0","0","0","2446","0","0","0","","0","0","0","2","68T09","0","","5.0","","1","N","N","","0","","0","0","0","","0","","","2","0","1","0","0","0","0","2","0","2","","","","N","","","","","","","","","",""
"2016085002","1735","1","0","0","0","0","0","0","0","0","1","0","","02","8","2016","4","40.492907","-80.306229","1734","11","0","0","0","0","0","0","0","0","","0","0","0","","","1","","2","","40 29:34.465","","0","80 18:22.424","3","0","0","0","2203","0","0","0","N","0","0","0","2","02203","0","","1.0","","1","N","N","","0","","1","0","1","","0","","","2","1","0","0","0","0","0","2","0","2","","","","N","","","","","","","","","",""
"2016049584","0937","2","0","0","0","0","0","0","0","0","4","0","","02","5","2016","2","40.452414","-79.952368","0932","11","0","0","0","0","0","0","2","0","1","0","0","0","","","0","","2","","40 27:08.690","1","0","79 57:08.524","0","0","0","0","2301","0","0","0","N","0","0","0","3","02301","0","","1.0","","1","N","N","","0","","0","0","0","","3","N","","2","0","0","0","0","0","0","2","0","2","","","","N","","","","","","","","","",""
"2016082586","0240","1","0","0","0","0","0","0","0","0","7","0","","02","8","2016","7","40.432778","-80.028528","0238","11","0","0","0","0","0","0","0","0","","0","0","0","","","0","","0","","40 25:58.000","","0","80 01:42.700","0","0","0","0","2301","0","0","0","N","0","0","0","1","02301","0","","5.0","","1","N","N","","0","","0","0","0","","0","","","1","0","0","0","0","0","0","2","0","1","","","","N","","","","","","","","","",""
"2016050411","1119","3","0","0","0","0","0","0","0","0","1","0","","02","5","2016","4","40.45557","-79.910747","1119","11","0","0","1","0","0","0","0","0","2","0","0","0","","","0","","2","","40 27:20.052","2","0","79 54:38.688","0","0","0","0","2301","0","0","0","N","0","0","0","3","02301","0","","1.0","","9","N","N","","0","","0","0","0","","0","N","","3","0","0","0","0","0","0","2","0","3","","","","N","","","","","","","","","",""
"2016100253","2030","3","0","0","0","0","0","0","0","0","4","0","","02","9","2016","5","40.469966","-79.927612","2023","11","0","0","0","0","0","0","0","0","","0","0","0","","","0","","1","","40 28:11.877","","0","79 55:39.403","0","0","0","0","2301","0","0","0","N","0","0","0","3","02301","0","","1.0","","9","N","N","","0","","0","0","0","","0","","","3","0","0","0","0","0","0","2","0","3","","","","N","","","","","","","","","",""
"2016100732","2241","0","0","0","0","0","0","0","0","0","4","0","","02","7","2016","6","40.434045","-79.991836","2207","11","0","0","1","0","0","0","0","0","1","0","0","0","","","0","","0","","40 26:02.561","4","0","79 59:30.611","0","0","0","0","2301","0","0","0","","0","0","0","5","68B03","0","","1.0","","1","N","N","","0","","0","0","2","","0","N","","2","0","0","0","0","0","0","2","0","2","","","","N","","","","","","","","","",""
"2016049674","1458","1","0","0","0","0","0","0","0","0","7","0","","02","5","2016","2","40.415179","-79.991391","1452","11","0","0","0","0","0","0","0","0","","0","0","0","","","0","","0","","40 24:54.644","","0","79 59:29.007","9","0","0","0","2301","0","0","0","N","0","0","0","1","02301","0","","4.0","","1","N","N","","0","","0","0","0","","0","","","1","0","0","0","0","0","1","2","0","1","","","","N","","","","","","","","","",""
"2016085845","0927","2","0","0","0","0","0","0","0","0","2","0","","02","8","2016","2","40.441733","-80.035258","0924","11","0","0","0","0","0","1","0","0","1","0","0","0","","","3","","2","","40 26:30.238","5","0","80 02:06.928","3","0","0","0","2301","0","0","0","N","0","0","0","5","02301","0","","1.0","","1","N","Y","","1","","3","0","0","","3","Y","","4","3","0","0","0","0","0","2","1","4","","","","N","","","","","","","","","",""
"2016104536","2205","1","0","0","0","0","0","0","0","0","7","0","","02","10","2016","2","40.345894","-80.057049","2205","11","0","0","0","0","0","0","0","0","","0","0","0","","","0","","1","","40 20:45.219","","0","80 03:25.378","0","0","0","0","2123","0","0","0","N","0","0","0","1","02123","0","","3.0","","1","N","N","","0","","0","0","0","","2","","","1","0","0","0","0","0","0","2","0","1","","","","N","","","","","","","","","",""
"2016095665","1725","1","0","0","0","0","0","0","0","0","7","0","","02","8","2016","6","40.518665","-80.135437","1716","11","0","0","0","0","0","0","0","0","","0","0","0","","","0","","0","","40 31:07.194","","0","80 08:07.573","0","0","0","0","2434","0","0","0","","0","0","0","1","68B03","0","","4.0","","8","N","N","","0","","0","0","0","","0","","","1","0","0","0","0","0","0","2","0","1","","","","N","","","","","","","","","",""
"2016079784","1630","1","0","0","0","0","0","0","0","0","4","0","","02","8","2016","2","","","1624","11","0","0","0","0","0","0","0","0","","0","0","0","","","0","","2","","40 27:44.2","","0","79 55:31.4","0","0","0","0","2301","0","0","0","N","0","0","0","3","02301","0","","1.0","","1","N","N","","0","","0","0","1","","3","","","2","0","0","0","0","0","0","1","0","2","","","","N","","","","","","","","","",""
"2016049588","1109","2","0","0","0","0","0","0","0","0","2","0","","02","5","2016","6","40.57613","-80.014764","1106","11","0","0","0","0","0","0","1","1","1","0","0","0","","","3","","2","","40 34:34.068","1","0","80 00:53.152","8","0","0","0","2108","0","0","0","N","0","0","0","3","02108","0","","1.0","","1","N","N","","0","","0","0","0","","3","N","","2","3","0","0","0","3","0","2","0","2","","","","N","","","","","","","","","",""
"2016048111","0851","0","0","0","0","0","0","0","0","0","4","0","","02","5","2016","5","40.525281","-79.82458","0839","11","0","0","0","0","0","2","0","0","1","0","0","0","","","0","","2","","40 31:31.010","6","0","79 49:28.487","0","0","0","0","2466","0","0","0","N","0","0","0","2","02466","0","","1.0","","1","N","N","","0","","0","0","2","","3","N","","2","0","0","0","0","0","0","2","0","2","","","","N","","","","","","","","","",""
"2016084358","0141","1","0","0","0","0","0","0","0","0","7","0","","02","8","2016","1","40.282128","-79.848789","0134","11","0","0","0","0","0","0","0","0","3","0","0","0","","","1","","0","","40 16:55.659","6","0","79 50:55.639","3","0","0","0","2443","0","0","0","N","0","0","0","1","02443","0","","5.0","","1","N","N","","0","","1","0","0","","0","Y","","1","1","0","0","0","0","0","1","0","1","","","","N","","","","","","","","","",""
"2016104230","1703","0","0","0","0","0","0","0","0","0","1","0","","02","10","2016","2","40.343538","-79.970154","1658","11","0","0","0","0","1","1","0","0","","0","0","0","","","1","","1","","40 20:36.738","","0","79 58:12.554","8","0","0","0","2403","0","0","0","N","0","0","0","2","02403","0","","1.0","","1","N","N","","1","","0","0","1","","2","","","2","1","0","0","0","1","0","2","0","2","","","","N","","","","","","","","","",""
"2016049589","0625","1","0","0","0","0","0","0","0","0","4","0","","02","5","2016","2","40.503784","-80.138667","0616","11","0","0","0","0","0","0","0","0","1","0","0","0","","","1","","5","","40 30:13.622","4","0","80 08:19.202","4","0","0","0","2115","0","0","0","N","0","0","0","2","02115","1","","1.0","","1","N","N","","0","","0","0","1","","3","N","","2","1","0","0","0","0","0","2","0","2","","","","N","","","","","","","","","",""
"2016049676","1609","0","0","0","0","0","0","0","0","0","1","0","","02","5","2016","2","40.339107","-79.968074","1607","11","0","0","0","0","0","1","0","0","1","0","0","0","","","1","","0","","40 20:20.784","3","0","79 58:05.067","8","0","0","0","2454","0","0","0","N","0","0","0","3","02454","0","","1.0","","1","N","N","","1","","0","0","1","","0","N","","2","1","0","0","0","1","0","2","0","2","","","","N","","","","","","","","","",""
"2016088153","1855","2","0","0","0","0","0","0","0","0","1","0","","02","8","2016","3","","","1853","11","0","0","0","1","0","0","0","0","2","0","0","0","","","0","","2","","40 32:24.5","2","0","79 49:24.5","0","0","0","0","2208","0","0","0","N","0","0","0","2","02208","0","","1.0","","1","N","N","","0","","0","0","0","","3","Y","","2","0","0","0","0","0","0","2","0","2","","","","N","","","","","","","","","",""
"2016050806","0955","1","0","0","0","0","0","0","0","0","7","0","","02","5","2016","3","40.395304","-79.838638","0950","11","0","0","0","0","0","0","0","0","1","0","0","0","","","2","","0","","40 23:43.096","3","3","79 50:19.096","8","0","0","0","2425","0","0","0","N","0","0","0","3","02425","0","","1.0","","9","N","N","","0","","0","0","0","","0","Y","","1","2","2","0","0","2","0","2","0","1","","","","N","","","","","","","","","",""
"2016105981","1748","0","0","0","0","0","0","0","0","0","7","0","","02","9","2016","1","40.438889","-79.993877","1748","11","0","0","0","0","0","0","0","0","","0","0","0","","","0","","7","","40 26:20.000","","2","79 59:37.957","0","0","0","0","2301","0","0","0","","0","0","0","1","68B03","0","","2.0","","9","N","N","","1","","0","0","0","","0","","","1","0","0","0","0","0","0","2","0","1","","","","N","","","","","","","","","",""
"2016049590","2212","1","0","0","0","0","0","0","0","0","4","0","","02","5","2016","6","40.446995","-80.167334","2208","11","0","1","0","0","0","0","0","0","2","0","0","0","","","1","","2","","40 26:49.181","3","2","80 10:02.402","8","0","0","0","2115","0","0","0","N","0","0","0","2","02115","0","","1.0","","1","N","N","","0","","0","0","1","","2","Y","","2","1","0","0","0","1","0","2","0","2","","","","N","","","","","","","","","",""
"2016082881","0311","2","0","0","0","0","0","0","0","0","4","0","","02","8","2016","1","40.474556","-80.033167","0300","11","0","0","0","0","0","0","0","0","","0","0","0","","","0","","0","","40 28:28.400","","0","80 01:59.400","9","0","0","0","2301","0","0","0","N","0","0","0","1","02301","0","","4.0","","1","N","N","","0","","0","0","0","","0","","","2","0","0","0","0","0","1","2","0","2","","","","N","","","","","","","","","",""
"2016102249","0823","3","0","0","0","0","0","0","0","0","1","0","","02","9","2016","5","40.629861","-80.097538","0758","11","0","0","0","1","0","1","0","0","","0","0","0","","","0","","0","","40 37:47.501","","0","80 05:51.135","0","0","0","0","2212","0","0","0","","0","0","0","4","68B03","0","","1.0","","9","N","N","","0","","0","0","1","","0","","","4","0","0","0","0","0","0","2","0","4","","","","N","","","","","","","","","",""
"2016048810","1730","3","0","0","0","0","0","0","0","0","1","0","","02","5","2016","6","40.625572","-80.05774","1723","11","0","0","0","0","0","0","0","0","","0","0","0","","","0","","2","","40 37:32.058","","0","80 03:27.863","0","0","0","0","2216","0","0","0","N","0","0","0","5","02505","0","","1.0","","1","N","N","","0","","0","0","0","","0","","","3","0","1","0","0","0","0","2","0","3","","","","N","","","","","","","","","",""
"2016086231","1149","1","0","0","0","0","0","0","0","0","7","0","","02","8","2016","2","40.618415","-80.055506","1146","11","0","1","0","0","0","0","0","0","","0","0","0","","","1","","0","","40 37:06.293","","7","80 03:19.820","4","0","0","0","2216","0","0","0","N","0","0","0","2","02505","1","","5.0","","1","N","N","","0","","0","0","0","","0","","","1","1","0","0","0","0","0","1","0","1","","","","N","","","","","","","","","",""
"2016085835","0822","2","0","0","0","0","0","0","0","0","4","0","","02","8","2016","2","40.43735","-79.977734","0810","11","0","0","0","0","0","0","0","0","2","0","0","0","","","1","","1","","40 26:14.460","3","0","79 58:39.842","8","0","0","0","2301","0","0","0","N","0","0","0","2","02301","0","","1.0","","1","N","N","","0","","0","0","0","","2","Y","","2","1","0","0","0","1","0","2","0","2","","","","N","","","","","","","","","",""
"2016082571","0023","2","0","0","0","0","0","0","0","0","5","0","","02","8","2016","7","40.392074","-80.014588","0019","11","0","0","0","0","0","0","0","0","","0","0","0","","","0","","0","","40 23:31.465","","0","80 00:52.516","0","0","0","0","2301","0","0","0","N","0","0","0","1","02301","0","","6.0","","1","N","N","","0","","0","0","0","","0","","","2","0","0","0","0","0","0","2","0","2","","","","N","","","","","","","","","",""
"2016105986","1345","1","0","0","0","0","0","0","0","0","1","0","","02","10","2016","5","40.425597","-79.904451","1332","11","0","0","0","0","0","0","0","0","1","0","0","0","","","0","","0","","40 25:32.149","3","4","79 54:16.024","0","0","0","0","2301","0","0","0","","0","0","0","2","68B03","0","","1.0","","1","N","N","","1","","0","0","0","","0","N","","2","0","0","0","0","0","0","2","0","2","","","","N","","","","","","","","","",""
"2016089843","2000","1","0","0","0","0","0","0","0","0","4","0","","02","8","2016","3","","","1956","11","0","0","0","0","0","1","0","0","","0","0","0","","","1","","1","","40 20:03.8","","0","80 00:10.8","3","0","0","0","2407","0","0","0","","0","0","0","2","02407","0","","1.0","","1","N","N","","0","","1","0","0","","3","","","2","1","0","0","0","0","0","2","1","2","","","","N","","","","","","","","","",""
"2016102454","1733","0","0","0","0","0","0","0","0","0","7","0","","02","9","2016","6","40.550681","-79.818396","1727","11","0","0","0","0","1","0","0","0","","0","0","0","","","0","","0","","40 33:02.451","","0","79 49:06.224","0","0","0","0","2208","0","0","0","","0","0","0","1","68D02","0","","2.0","","9","N","N","","1","","0","0","0","","0","","","1","0","0","0","0","0","0","2","0","1","","","","N","","","","","","","","","",""
"2016102553","0109","1","0","0","0","0","0","0","0","0","7","0","","02","10","2016","7","40.429011","-79.944821","0103","11","0","0","0","1","0","0","0","0","3","0","0","0","","","0","","0","","40 25:44.439","4","0","79 56:41.357","0","0","0","0","2301","0","0","0","","0","0","0","4","68B03","0","","2.0","","9","N","N","","0","","0","0","0","","0","N","","1","0","0","0","0","0","0","2","0","1","","","","N","","","","","","","","","",""
"2016106464","1852","1","0","0","0","0","0","0","0","0","5","0","","02","10","2016","5","40.286602","-80.022163","1848","11","0","0","0","0","0","0","0","0","","0","0","0","","","0","","10","","40 17:11.767","","0","80 01:19.786","0","0","0","0","2219","0","0","0","N","0","0","0","1","02219","0","","5.0","","1","N","N","","0","","0","0","1","","3","","","3","0","0","0","0","0","0","2","1","3","","","","N","","","","","","","","","",""
"2016048812","1933","2","0","0","0","0","0","0","0","0","1","0","","02","5","2016","6","40.465667","-79.947889","1925","11","0","0","2","0","0","0","0","0","","0","0","0","","","0","","0","","40 27:56.400","","0","79 56:52.400","0","0","0","0","2301","0","0","0","N","0","0","0","2","02301","0","","1.0","","1","N","N","","0","","0","0","0","","0","","","2","0","0","0","0","0","0","2","0","2","","","","N","","","","","","","","","",""
"2016085957","1709","1","0","0","0","0","0","0","0","0","1","0","","02","8","2016","2","40.443229","-80.031204","1659","11","0","0","0","0","0","1","0","0","1","0","0","0","","","0","","0","","40 26:35.624","1","0","80 01:52.334","0","0","0","0","2301","0","0","0","N","0","0","0","4","02301","0","","1.0","","1","N","N","","0","","0","0","1","","0","N","","2","0","0","0","0","0","0","2","0","2","","","","N","","","","","","","","","",""
"2016086470","1645","1","0","0","0","0","0","0","0","0","7","0","","02","8","2016","3","40.420866","-80.004897","1643","11","0","0","0","0","0","0","0","0","1","0","0","0","","","0","","2","","40 25:15.119","4","0","80 00:17.628","0","0","0","0","2301","0","0","0","N","0","0","0","1","02301","0","","5.0","","1","N","N","","0","","0","0","0","","0","N","","1","0","0","0","0","0","0","2","0","1","","","","N","","","","","","","","","",""
"2016081461","1545","1","0","0","0","0","0","0","0","0","1","0","","02","8","2016","4","40.493753","-79.909386","1540","11","0","1","0","0","0","0","0","0","","0","0","0","","","0","","7","","40 29:37.512","","3","79 54:33.791","0","0","0","0","2301","0","0","0","N","0","0","0","4","02301","0","","1.0","","1","N","N","","0","","0","0","1","","0","","","2","0","0","0","0","0","0","2","0","2","","","","N","","","","","","","","","",""
"2016106018","1813","1","0","0","0","0","0","0","0","0","4","0","","02","10","2016","5","40.330054","-79.987351","1808","11","0","0","0","0","0","0","0","1","1","0","0","0","","","1","","1","","40 19:48.194","4","0","79 59:14.462","3","0","0","0","2219","0","0","0","N","0","0","0","2","02219","0","","1.0","","1","N","N","","1","","1","0","0","","2","N","","2","1","1","0","0","0","0","2","0","2","","","","N","","","","","","","","","",""
"2016048814","1648","2","0","0","0","0","0","0","0","0","1","0","","02","5","2016","6","40.481476","-79.877931","1629","11","0","0","0","0","0","0","0","0","1","0","0","0","","","1","","0","","40 28:53.314","3","0","79 52:40.550","3","0","0","0","2113","0","0","0","N","0","0","0","2","02113","0","","1.0","","1","N","N","","0","","1","0","0","","0","N","","2","1","0","0","0","0","0","2","0","2","","","","N","","","","","","","","","",""
"2016048207","0109","3","0","0","0","0","0","0","0","0","6","0","","02","5","2016","5","40.497942","-79.946344","0109","11","0","0","0","0","0","0","0","0","3","0","0","0","","","2","","0","","40 29:52.591","5","0","79 56:46.838","8","0","0","0","2430","0","0","0","Y","0","0","0","5","02430","0","","1.0","","1","Y","N","","0","","0","0","0","","0","Y","","3","2","1","0","0","2","0","2","0","3","","","","N","","","","","","","","","",""
"2016088514","1315","1","0","0","0","0","0","0","0","0","5","1","","02","8","2016","3","40.388222","-80.089891","1312","11","0","0","0","0","0","1","0","1","","0","1","0","","","0","","1","","40 23:17.600","","0","80 05:23.608","0","0","0","0","2437","0","0","0","N","0","0","0","2","02437","0","","1.0","","1","N","N","","0","","0","0","0","","2","","","2","0","0","0","0","0","0","2","0","2","","","","N","","","","","","","","","",""
"2016086709","1259","1","0","0","0","0","0","0","0","0","4","0","","02","8","2016","3","40.365388","-80.108163","1251","11","0","0","0","0","0","1","0","1","1","0","0","0","","","3","","0","","40 21:55.396","4","7","80 06:29.387","4","0","0","0","2102","0","0","0","N","0","0","0","3","02102","1","","1.0","","1","N","N","","0","","0","0","1","","2","N","","2","3","0","0","0","2","0","2","0","2","","","","N","","","","","","","","","",""
"2016082616","0725","1","0","0","0","0","0","0","0","0","7","0","","02","8","2016","7","40.478611","-79.784111","0713","11","0","0","0","0","0","0","0","0","1","0","0","0","","","0","","0","","40 28:43.000","2","0","79 47:02.800","0","0","0","0","2113","0","0","0","N","0","0","0","1","02113","0","","2.0","","1","N","N","","0","","0","0","0","","0","N","","1","0","0","0","0","0","0","2","0","1","","","","N","","","","","","","","","",""
"2016098547","1018","0","0","0","0","0","0","0","0","0","4","0","","02","9","2016","5","40.394542","-79.970058","1011","11","0","0","0","0","0","1","0","0","2","0","0","0","","","0","","1","","40 23:40.352","2","0","79 58:12.208","0","0","0","0","2403","0","0","0","N","0","0","0","3","02403","0","","1.0","","1","N","N","","1","","0","0","1","","3","N","","2","0","0","0","0","0","0","2","0","2","","","","N","","","","","","","","","",""
"2016050434","1555","2","0","0","0","0","0","0","0","0","4","0","","02","5","2016","4","40.494801","-80.065197","1551","11","0","0","0","0","0","1","0","0","","0","0","0","","","4","","0","","40 29:41.282","","7","80 03:54.709","4","0","0","0","2402","0","0","0","N","0","0","0","4","02402","4","","1.0","","1","N","N","","0","","0","0","0","","0","","","2","4","0","0","0","0","0","2","0","2","","","","N","","","","","","","","","",""
"2016048974","1328","4","0","0","0","0","0","0","0","0","1","0","","02","5","2016","7","40.455905","-79.938602","1328","11","0","0","0","0","0","1","2","1","","0","0","0","","","1","","1","","40 27:21.258","","0","79 56:18.967","4","0","0","0","2301","0","0","0","N","0","0","0","7","02301","1","","1.0","","9","N","N","","0","","0","0","1","","0","","","5","1","1","0","0","0","0","2","0","5","","","","N","","","","","","","","","",""
"2016049746","1519","0","0","0","0","0","0","0","0","0","4","1","","02","5","2016","2","40.286378","-80.023","1515","11","0","0","0","0","0","0","0","0","","0","1","0","","","1","","2","","40 17:10.961","","0","80 01:22.801","4","0","0","0","2219","0","0","0","N","0","0","0","2","02219","1","","1.0","","1","N","N","","1","","0","0","0","","2","","","2","1","0","0","0","0","0","2","0","2","","","","N","","","","","","","","","",""
"2016050422","1130","2","0","0","0","0","0","0","0","0","6","0","","02","5","2016","4","40.443256","-79.97006","1127","11","0","0","0","0","0","0","0","0","","0","0","0","","","1","","2","","40 26:35.720","","0","79 58:12.216","4","0","0","0","2301","0","0","0","N","0","0","0","2","02301","1","","1.0","","1","N","N","","0","","0","0","0","","3","","","2","1","0","0","0","0","0","2","0","2","","","","N","","","","","","","","","",""
"2016048907","0637","1","0","0","0","0","0","0","0","0","6","0","","02","5","2016","7","40.473782","-79.844771","0634","11","0","0","0","0","0","0","0","0","2","0","0","0","","","2","","0","","40 28:25.616","6","0","79 50:41.175","3","0","0","0","2113","0","0","0","N","0","0","0","2","02113","0","","1.0","","1","N","N","","1","","2","0","1","","0","Y","","3","2","2","0","0","0","0","2","0","3","","","","N","","","","","","","","","",""
"2016049748","1736","1","0","0","0","0","0","0","0","0","7","0","","02","5","2016","7","40.286528","-79.997951","1732","11","0","0","0","0","0","0","0","0","1","0","0","0","","","0","","0","","40 17:11.501","2","0","79 59:52.625","0","0","0","0","2219","0","0","0","N","0","0","0","1","02219","0","","5.0","","9","N","N","","0","","0","0","0","","0","N","","1","0","0","0","0","0","0","2","0","1","","","","N","","","","","","","","","",""
"2016089830","1155","2","0","0","0","0","0","0","0","0","4","0","","02","8","2016","6","40.331228","-79.945574","1155","11","0","0","0","0","0","1","1","0","","0","0","0","","","0","","0","","40 19:52.421","","0","79 56:44.065","0","0","0","0","2454","0","0","0","N","0","0","0","2","02454","0","","1.0","","1","N","N","","0","","0","0","0","","2","","","2","0","0","0","0","0","0","2","0","2","","","","N","","","","","","","","","",""
"2016105775","0901","1","0","0","0","0","0","0","0","0","1","1","","02","9","2016","3","40.323721","-80.143772","0854","11","0","0","0","0","0","1","0","0","2","0","1","0","","","1","","0","","40 19:25.395","1","0","80 08:37.580","8","0","0","0","2119","0","0","0","","0","0","0","2","68B01","0","","1.0","","1","N","N","","0","","0","0","0","","0","N","","2","1","0","0","0","1","0","2","0","2","","","","N","","","","","","","","","",""
"2016048817","1649","1","0","0","0","0","0","0","0","0","4","0","","02","5","2016","6","40.616147","-80.092901","1640","11","0","0","0","0","0","1","0","0","1","0","0","0","","","1","","0","","40 36:58.129","4","7","80 05:34.444","3","0","0","0","2212","0","0","0","N","0","0","0","3","02505","0","","1.0","","1","N","N","","0","","1","0","1","","8","Y","","2","1","0","0","0","0","0","2","0","2","","","","N","","","","","","","","","",""
"2016083041","1840","2","0","0","0","0","0","0","0","0","1","0","","02","8","2016","1","40.45623","-79.964545","1833","11","0","0","0","0","0","0","0","0","2","0","0","0","","","2","","0","","40 27:22.427","1","0","79 57:52.362","8","0","0","0","2301","0","0","0","N","0","0","0","2","02301","0","","1.0","","1","N","N","","0","","0","0","0","","0","N","","2","2","0","0","0","2","0","2","0","2","","","","N","","","","","","","","","",""