"CRN","ARRIVAL_TM","AUTOMOBILE_COUNT","BELTED_DEATH_COUNT","BELTED_SUSP_SERIOUS_INJ_COUNT","BICYCLE_COUNT","BICYCLE_DEATH_COUNT","BICYCLE_SUSP_SERIOUS_INJ_COUNT","BUS_COUNT","CHLDPAS_DEATH_COUNT","CHLDPAS_SUSP_SERIOUS_INJ_COUNT","COLLISION_TYPE","COMM_VEH_COUNT","CONS_ZONE_SPD_LIM","COUNTY","CRASH_MONTH","CRASH_YEAR","DAY_OF_WEEK","DEC_LATITUDE","DEC_LONGITUDE","DISPATCH_TM","DISTRICT","DRIVER_COUNT_16YR","DRIVER_COUNT_17YR","DRIVER_COUNT_18YR","DRIVER_COUNT_19YR","DRIVER_COUNT_20YR","DRIVER_COUNT_50_64YR","DRIVER_COUNT_65_74YR","DRIVER_COUNT_75PLUS","EST_HRS_CLOSED","FATAL_COUNT","HEAVY_TRUCK_COUNT","HORSE_BUGGY_COUNT","HOUR_OF_DAY","ILLUMINATION","INJURY_COUNT","INTERSECTION_RELATED","INTERSECT_TYPE","LANE_CLOSED","LATITUDE","LN_CLOSE_DIR","LOCATION_TYPE","LONGITUDE","MAX_SEVERITY_LEVEL","MCYCLE_DEATH_COUNT","MCYCLE_SUSP_SERIOUS_INJ_COUNT","MOTORCYCLE_COUNT","MUNICIPALITY","NONMOTR_COUNT","NONMOTR_DEATH_COUNT","NONMOTR_SUSP_SERIOUS_INJ_COUNT","NTFY_HIWY_MAINT","PED_COUNT","PED_DEATH_COUNT","PED_SUSP_SERIOUS_INJ_COUNT","PERSON_COUNT","POLICE_AGCY","POSSIBLE_INJ_COUNT","RDWY_SURF_TYPE_CD","RELATION_TO_ROAD","ROADWAY_CLEARED","ROAD_CONDITION","SCH_BUS_IND","SCH_ZONE_IND","SECONDARY_CRASH","SMALL_TRUCK_COUNT","SPEC_JURIS_CD","SUSP_MINOR_INJ_COUNT","SUSP_SERIOUS_INJ_COUNT","SUV_COUNT","TCD_FUNC_CD","TCD_TYPE","TFC_DETOUR_IND","TIME_OF_DAY","TOTAL_UNITS","TOT_INJ_COUNT","UNBELTED_OCC_COUNT","UNB_DEATH_COUNT","UNB_SUSP_SERIOUS_INJ_COUNT","UNK_INJ_DEG_COUNT","UNK_INJ_PER_COUNT","URBAN_RURAL","VAN_COUNT","VEHICLE_COUNT","WEATHER1","WEATHER2","WORKERS_PRES","WORK_ZONE_IND","WORK_ZONE_LOC","WORK_ZONE_TYPE","WZ_CLOSE_DETOUR","WZ_FLAGGER","WZ_LAW_OFFCR_IND","WZ_LN_CLOSURE","WZ_MOVING","WZ_OTHER","WZ_SHLDER_MDN","WZ_WORKERS_INJ_KILLED"
"2016104163","1832","2","0","0","0","0","0","0","0","0","1","0","","02","10","2016","5","40.572019","-80.016386","1829","11","0","0","0","0","0","2","0","0","","0","0","0","","","2","","1","","40 34:19.267","","0","80 00:58.989","4","0","0","0","2108","0","0","0","","0","0","0","3","02108","1","","1.0","","1","N","N","","0","","0","0","1","","2","","","3","2","0","0","0","1","0","2","0","3","","","","N","","","","","","","","","",""
"2016085825","0821","1","0","0","0","0","0","0","0","0","1","0","","02","8","2016","2","40.437367","-80.012458","0818","11","0","0","0","0","0","1","0","0","2","0","0","0","","","1","","0","","40 26:14.520","2","0","80 00:44.847","8","0","0","1","2301","0","0","0","N","0","0","0","2","02301","0","","1.0","","1","N","N","","0","","0","0","0","","0","N","","2","1","0","0","0","1","0","2","0","2","","","","N","","","","","","","","","",""
"2016087591","1502","1","0","0","0","0","0","0","0","0","4","0","","02","8","2016","6","40.535882","-80.183119","1455","11","0","0","0","0","0","1","0","0","1","0","0","0","","","1","","1","","40 32:09.175","2","0","80 10:59.227","8","0","0","0","2458","0","0","0","N","0","0","0","4","02458","0","","1.0","","1","N","N","","1","","0","0","0","","2","N","","2","1","0","0","0","1","0","2","0","2","","","","N","","","","","","","","","",""
"2016081976","1751","1","0","0","0","0","0","0","0","0","4","0","","02","8","2016","5","40.366459","-79.828583","1748","11","0","0","0","0","0","1","0","0","1","0","0","0","","","0","","0","","40 21:59.253","1","7","79 49:42.898","0","0","0","0","2111","0","0","0","N","0","0","0","3","02111","0","","1.0","","1","N","N","","0","","0","0","1","","0","N","","2","0","0","0","0","0","0","2","0","2","","","","N","","","","","","","","","",""
"2016084971","2103","2","0","0","0","0","0","0","0","0","2","0","","02","8","2016","4","40.568606","-80.023786","2100","11","1","0","0","1","0","0","0","0","2","0","0","0","","","2","","1","","40 34:06.981","1","0","80 01:25.629","8","0","0","0","2108","0","0","0","","0","0","0","4","02108","0","","1.0","","1","N","N","","0","","0","0","0","","2","N","","2","2","0","0","0","2","0","2","0","2","","","","N","","","","","","","","","",""
"2016088729","2242","1","0","0","0","0","0","0","0","0","7","0","","02","8","2016","7","40.379974","-80.106688","2238","11","0","0","0","0","0","0","0","0","2","0","0","0","","","0","","0","","40 22:47.906","3","0","80 06:24.075","0","0","0","0","2102","0","0","0","N","0","0","0","1","02102","0","","2.0","","1","N","N","","0","","0","0","0","","0","N","","1","0","0","0","0","0","0","2","0","1","","","","N","","","","","","","","","",""
"2016079920","0249","0","0","0","0","0","0","0","0","0","7","0","","02","8","2016","2","40.432613","-80.02999","0244","11","0","0","0","0","0","0","0","0","","0","0","0","","","0","","0","","40 25:57.406","","0","80 01:47.964","0","0","0","0","2301","0","0","0","N","0","0","0","1","02301","0","","4.0","","1","N","N","","0","","0","0","0","","0","","","1","0","0","0","0","0","0","2","1","1","","","","N","","","","","","","","","",""
"2016102056","2007","1","0","0","0","0","0","0","0","0","7","0","","02","6","2016","5","40.584369","-80.099612","2005","11","0","0","0","0","0","0","0","0","1","0","0","0","","","1","","0","","40 35:03.730","2","0","80 05:58.603","4","0","0","0","2481","0","0","0","","0","0","0","1","68B03","1","","4.0","","1","N","N","","0","","0","0","0","","0","N","","1","1","0","0","0","0","0","2","0","1","","","","N","","","","","","","","","",""
"2016100780","1755","2","0","0","0","0","0","0","0","0","1","0","","02","9","2016","6","40.389813","-80.058347","1753","11","0","0","0","0","0","1","0","0","","0","0","0","","","0","","2","","40 23:23.325","","0","80 03:30.048","0","0","0","0","2109","0","0","0","","0","0","0","2","02109","0","","1.0","","9","N","N","","0","","0","0","0","","0","","","2","0","0","0","0","0","0","2","0","2","","","","N","","","","","","","","","",""
"2016087892","1222","0","0","0","0","0","0","0","0","0","7","0","","02","8","2016","6","40.432976","-80.051326","1218","11","0","0","0","0","0","0","0","0","","0","0","0","","","0","","0","","40 25:58.715","","0","80 03:04.772","0","0","0","0","2301","0","0","0","N","0","0","0","1","02301","0","","2.0","","1","N","N","","1","","0","0","0","","0","","","1","0","1","0","0","0","0","2","0","1","","","","N","","","","","","","","","",""
"2016079448","1550","1","0","0","0","0","0","0","0","0","4","0","","02","8","2016","1","40.405361","-79.990917","1542","11","0","0","0","0","0","0","0","1","","0","0","0","","","2","","0","","40 24:19.300","","7","79 59:27.300","4","0","0","0","2301","0","0","0","N","0","0","0","3","02301","2","","1.0","","1","N","N","","0","","0","0","1","","0","","","2","2","0","0","0","0","0","2","0","2","","","","N","","","","","","","","","",""
"2016087582","1241","1","0","0","0","0","0","0","0","0","8","0","","02","8","2016","6","40.453489","-80.00059","1241","11","0","0","0","0","0","0","0","0","1","0","0","0","","","1","","2","","40 27:12.560","1","0","80 00:02.124","2","0","0","0","2301","1","0","1","N","1","0","1","2","02301","0","","1.0","","1","N","N","","0","","0","1","0","","0","Y","","2","1","0","0","0","0","0","2","0","1","","","","N","","","","","","","","","",""
"2016107135","1650","1","0","0","0","0","0","0","0","0","4","0","","02","10","2016","5","40.552116","-80.023354","1640","11","0","0","0","0","0","0","0","0","","0","0","0","","","0","","1","","40 33:07.617","","0","80 01:24.074","0","0","0","0","2116","0","0","0","N","0","0","0","4","02116","0","","1.0","","1","N","N","","0","","0","0","1","","2","","","2","0","0","0","0","0","0","2","0","2","","","","N","","","","","","","","","",""
"2016085743","0225","0","0","0","0","0","0","0","0","0","7","0","","02","8","2016","2","40.398545","-80.022074","0223","11","0","0","1","0","0","0","0","0","","0","0","0","","","0","","2","","40 23:54.762","","0","80 01:19.466","0","0","0","0","2301","0","0","0","N","0","0","0","2","02301","0","","5.0","","1","N","N","","1","","0","0","0","","0","","","1","0","0","0","0","0","0","2","0","1","","","","N","","","","","","","","","",""
"2016107273","1704","3","0","0","0","0","0","0","0","0","1","0","","02","10","2016","2","40.330054","-79.987351","1702","11","0","0","0","0","0","1","0","0","","0","0","0","","","0","","0","","40 19:48.194","","0","79 59:14.462","0","0","0","0","2219","0","0","0","N","0","0","0","3","02219","0","","1.0","","1","N","N","","0","","0","0","0","","0","","","3","0","0","0","0","0","0","2","0","3","","","","N","","","","","","","","","",""
"2016086720","0930","1","0","0","0","0","0","0","0","0","1","0","","02","8","2016","4","40.468639","-79.97675","0920","11","0","0","0","0","0","0","0","1","","0","0","0","","","0","","0","","40 28:07.100","","0","79 58:36.300","0","0","0","0","2118","0","0","0","N","0","0","0","2","02118","0","","1.0","","1","N","N","","0","","0","0","1","","0","","","2","0","0","0","0","0","0","2","0","2","","","","N","","","","","","","","","",""
"2016101061","1843","2","0","0","0","0","0","0","0","0","1","0","55","02","8","2016","4","40.497915","-80.281068","1831","11","0","0","0","0","0","1","0","0","1","0","0","0","","","1","","6","","40 29:52.493","3","2","80 16:51.843","3","0","0","0","2203","0","0","0","","0","0","0","2","68B03","0","","7.0","","1","N","N","","0","","1","0","0","","3","N","","2","1","0","0","0","0","0","1","0","2","","","N","Y","8","1","N","N","N","Y","N","N","Y",""
"2016089588","1854","0","0","0","0","0","0","0","0","0","4","0","","02","8","2016","3","40.570501","-79.790632","1850","11","0","0","0","0","0","2","0","0","1","0","0","0","","","0","","1","","40 34:13.805","7","0","79 47:26.275","0","0","0","0","2206","0","0","0","N","0","0","0","2","02206","0","","1.0","","1","N","N","","1","","0","0","0","","3","Y","","2","0","0","0","0","0","0","1","1","2","","","","N","","","","","","","","","",""
"2016081848","1145","0","0","0","0","0","0","0","0","0","1","0","","02","8","2016","5","40.414114","-80.00951","1140","11","0","0","0","0","0","0","1","0","","0","0","0","","","0","","1","","40 24:50.811","","2","80 00:34.237","0","0","0","0","2301","0","0","0","N","0","0","0","4","02301","0","","1.0","","1","N","N","","1","","0","0","1","","2","","","2","0","0","0","0","0","0","2","0","2","","","","N","","","","","","","","","",""
"2016102295","1354","1","0","0","1","0","0","0","0","0","8","0","","02","10","2016","3","40.443996","-79.925059","1349","11","0","0","0","0","0","0","1","0","1","0","0","0","","","1","","0","","40 26:38.387","6","0","79 55:30.211","8","0","0","0","2301","1","0","0","N","0","0","0","2","02301","0","","1.0","","1","N","N","","0","","0","0","0","","0","Y","","2","1","0","0","0","1","0","2","0","1","","","","N","","","","","","","","","",""
"2016106952","2010","1","0","0","0","0","0","0","0","0","99","0","","02","10","2016","7","40.613467","-79.962916","2003","11","0","0","0","0","0","0","1","0","","0","0","0","","","0","","0","","40 36:48.480","","0","79 57:46.498","0","0","0","0","2207","0","0","0","","0","0","0","2","68T02","0","","1.0","","1","N","N","","0","","0","0","0","","0","","","1","0","0","0","0","0","0","2","0","1","","","","N","","","","","","","","","",""
"2016084303","0517","0","0","1","0","0","0","0","0","0","7","0","","02","8","2016","4","40.488688","-80.338054","0514","11","0","0","0","0","0","0","0","0","2","0","0","0","","","2","","0","","40 29:19.278","6","0","80 20:16.995","2","0","0","0","2203","0","0","0","N","0","0","0","2","02203","0","","5.0","","9","N","N","","0","","0","2","1","","0","N","","1","2","1","0","1","0","0","1","0","1","","","","N","","","","","","","","","",""
"2016105469","1746","0","0","0","0","0","0","0","0","0","4","0","","02","10","2016","4","40.275545","-79.967081","1740","11","0","0","0","0","0","1","1","0","1","0","0","0","","","0","","2","","40 16:31.961","4","0","79 58:01.491","0","0","0","0","2219","0","0","0","N","0","0","0","2","02219","0","","1.0","","1","N","N","","0","","0","0","2","","3","N","","2","0","0","0","0","0","0","2","0","2","","","","N","","","","","","","","","",""
"2016102987","1649","0","0","0","0","0","0","0","0","0","6","0","","02","10","2016","4","40.546472","-80.218932","1649","11","1","0","0","0","0","1","0","0","2","0","0","0","","","1","","2","","40 32:47.300","4","0","80 13:08.155","8","0","0","0","2103","0","0","0","","0","0","0","3","02103","0","","1.0","","1","","","","1","","0","0","1","","0","Y","","2","1","0","0","0","1","0","2","0","2","","","","N","","","","","","","","","",""
"2016084927","1324","1","0","0","0","0","0","0","0","0","4","0","","02","8","2016","4","40.453376","-79.980689","1310","11","0","0","0","0","0","0","0","0","","0","0","0","","","0","","1","","40 27:12.153","","0","79 58:50.480","0","0","0","0","2301","0","0","0","N","0","0","0","2","02301","0","","1.0","","9","N","N","","0","","0","0","1","","0","","","2","0","0","0","0","0","0","2","0","2","","","","N","","","","","","","","","",""
"2016105262","0332","1","0","0","0","0","0","0","0","0","7","1","","02","10","2016","5","40.43528","-80.033919","0323","11","0","0","0","0","0","0","0","0","1","0","0","0","","","0","","0","","40 26:07.008","4","0","80 02:02.107","0","0","0","0","2301","0","0","0","N","0","0","0","1","02301","0","","5.0","","1","N","N","","0","","0","0","0","","0","N","","1","0","0","0","0","0","0","2","0","1","","","","N","","","","","","","","","",""
"2016102343","1335","2","0","1","0","0","0","0","0","0","2","0","","02","10","2016","3","40.447643","-79.896609","1327","11","0","0","0","0","0","1","0","0","2","0","0","0","","","4","","0","","40 26:51.515","4","0","79 53:47.791","2","0","0","0","2301","0","0","0","N","0","0","0","6","02301","1","","1.0","","1","N","N","","0","","1","2","0","","0","Y","","2","4","0","0","0","0","0","2","0","2","","","","N","","","","","","","","","",""
"2016104783","0051","1","0","0","0","0","0","0","0","0","7","0","","02","10","2016","3","40.478463","-79.967476","0050","11","0","0","0","0","0","0","0","0","1","0","0","0","","","1","","0","","40 28:42.468","1","0","79 58:02.914","4","0","0","0","2118","0","0","0","N","0","0","0","1","02118","1","","3.0","","1","N","N","","0","","0","0","0","","0","N","","1","1","1","0","0","0","0","2","0","1","","","","N","","","","","","","","","",""
"2016088407","2007","1","0","0","0","0","0","0","0","0","8","0","","02","8","2016","6","40.597528","-79.997278","2004","11","0","0","0","0","0","0","0","0","2","0","0","0","","","1","N","0","","40 35:51.100","1","0","79 59:50.200","8","0","0","0","2108","1","0","0","N","1","0","0","3","02501","0","","1.0","","1","N","N","","0","","0","0","0","","0","N","","2","1","0","0","0","1","0","1","0","1","","","","N","","","","","","","","","",""
"2016086500","1648","2","0","0","0","0","0","0","0","0","1","0","","02","8","2016","6","40.44317","-79.961635","1648","11","0","0","0","0","0","0","1","0","","0","0","0","","","2","","0","","40 26:35.411","","0","79 57:41.886","4","0","0","0","2301","0","0","0","N","0","0","0","3","02506","2","","1.0","","1","N","N","","0","","0","0","0","","0","","","2","2","0","0","0","0","0","2","0","2","","","","N","","","","","","","","","",""
"2016086818","1729","0","0","0","0","0","0","0","0","0","8","0","","02","8","2016","4","40.437566","-79.982692","1722","11","0","0","0","0","0","0","0","1","","0","0","0","","","1","","1","","40 26:15.237","","0","79 58:57.691","4","0","0","0","2301","1","0","0","N","1","0","0","2","02301","1","","1.0","","1","N","N","","0","","0","0","1","","3","","","2","1","0","0","0","0","0","2","0","1","","","","N","","","","","","","","","",""
"2016104154","0943","1","0","0","0","0","0","0","0","0","4","0","","02","10","2016","2","40.477566","-80.102659","0943","11","0","0","0","0","0","0","0","1","","0","0","0","","","0","","0","","40 28:39.237","","0","80 06:09.572","0","0","0","0","2126","0","0","0","N","0","0","0","2","02126","0","","1.0","","1","N","N","","0","","0","0","1","","0","","","2","0","0","0","0","0","0","2","0","2","","","","N","","","","","","","","","",""
"2016087019","1932","1","0","0","0","0","0","0","0","0","1","0","","02","8","2016","3","40.44866","-80.006623","1910","11","0","0","0","0","0","1","0","0","","0","0","0","","","0","","6","","40 26:55.176","","2","80 00:23.843","0","0","0","0","2301","0","0","0","","0","0","0","2","68B03","0","","1.0","","1","N","N","","1","","0","0","0","","4","","","2","0","0","0","0","0","0","2","0","2","","","","N","","","","","","","","","",""
"2016105137","1705","3","0","0","0","0","0","0","0","0","1","0","","02","10","2016","3","40.49141","-79.890292","1650","11","0","0","0","0","1","2","0","0","2","0","0","0","","","0","","0","","40 29:29.076","1","0","79 53:25.052","0","0","0","0","2112","0","0","0","","0","0","0","5","68D02","0","","1.0","","1","N","N","","0","","0","0","1","","0","N","","4","0","0","0","0","0","0","2","0","4","","","","N","","","","","","","","","",""
"2016096923","0609","0","0","0","0","0","0","0","0","0","7","1","","02","9","2016","4","40.374722","-80.094722","0605","11","0","0","0","0","0","1","0","0","2","0","1","0","","","0","","0","","40 22:29.000","6","1","80 05:41.000","0","0","0","0","2117","0","0","0","N","0","0","0","1","02117","0","","1.0","","1","N","N","","0","","0","0","0","","0","Y","","1","0","0","0","0","0","0","2","0","1","","","","N","","","","","","","","","",""
"2016078826","1254","3","0","0","0","0","0","0","0","0","1","0","","02","8","2016","5","40.461556","-80.264696","1246","11","0","0","0","0","0","0","2","1","1","0","0","0","","","2","","0","","40 27:41.600","3","0","80 15:52.906","3","0","0","0","2203","0","0","0","N","0","0","0","6","02203","0","","1.0","","1","N","N","","1","","2","0","0","","0","N","","4","2","0","0","0","0","0","1","0","4","","","","N","","","","","","","","","",""
"2016101276","0928","1","0","0","0","0","0","1","0","0","1","2","","02","9","2016","4","","-79.982278","0918","11","0","0","0","0","0","1","0","1","2","0","1","0","","","3","","1","","40 22:14.02","3","0","79 58:56.200","8","0","0","0","2476","0","0","0","N","0","0","0","8","02503","0","","1.0","","1","N","N","","0","","0","0","0","","2","N","","3","3","0","0","0","3","0","2","0","3","","","","N","","","","","","","","","",""
"2016106996","2105","2","0","0","0","0","0","0","0","0","6","0","","02","10","2016","1","40.383723","-79.992818","2059","11","0","0","0","0","0","1","0","0","","0","0","0","","","1","","0","","40 23:01.402","","0","79 59:34.144","4","0","0","0","2301","0","0","0","N","0","0","0","3","02301","1","","1.0","","1","N","N","","0","","0","0","0","","0","","","2","1","0","0","0","0","0","2","0","2","","","","N","","","","","","","","","",""
"2016104162","0905","1","0","0","0","0","0","0","0","0","1","0","","02","10","2016","2","40.455783","-79.96586","0850","11","0","0","0","0","0","1","0","0","1","0","0","0","","","1","","5","","40 27:20.818","4","0","79 57:57.097","8","0","0","0","2301","0","0","0","N","0","0","0","2","02301","0","","1.0","","1","N","N","","0","","0","0","1","","2","N","","2","1","1","0","0","1","0","2","0","2","","","","N","","","","","","","","","",""
"2016082645","0944","1","0","0","0","0","0","0","0","0","1","0","","02","8","2016","7","40.421887","-80.191887","0941","11","0","0","0","0","1","1","0","0","","0","0","0","","","1","","0","","40 25:18.792","","7","80 11:30.794","4","0","0","0","2214","0","0","0","N","0","0","0","2","02214","1","","1.0","","9","N","N","","0","","0","0","1","","0","","","2","1","0","0","0","0","0","2","0","2","","","","N","","","","","","","","","",""
"2016103225","1759","1","0","0","0","0","0","0","0","0","8","0","","02","10","2016","5","40.438568","-79.985087","1755","11","0","0","0","0","1","0","0","0","","0","0","0","","","1","","1","","40 26:18.844","","0","79 59:06.313","8","0","0","0","2301","1","0","0","N","1","0","0","2","02301","0","","1.0","","1","N","N","","0","","0","0","0","","2","","","2","1","0","0","0","1","0","2","0","1","","","","N","","","","","","","","","",""
"2016107058","1101","2","0","0","0","0","0","0","0","0","5","0","","02","9","2016","6","40.424763","-80.11332","1053","11","0","0","0","0","0","1","0","0","","0","0","0","","","0","","0","","40 25:29.148","","0","80 06:47.951","9","0","0","0","2115","0","0","0","","0","0","0","3","68B03","0","","1.0","","1","N","N","","0","","0","0","0","","0","","","2","0","0","0","0","0","1","2","0","2","","","","N","","","","","","","","","",""
"2016100736","1355","1","0","0","0","0","0","0","0","0","7","0","","02","9","2016","5","40.540957","-80.121952","1338","11","0","0","0","0","0","1","0","0","","0","0","0","","","1","","0","","40 32:27.445","","0","80 07:19.026","3","0","0","0","2215","0","0","0","","0","0","0","1","68B03","0","","4.0","","1","N","N","","0","","1","0","0","","0","","","1","1","0","0","0","0","0","2","0","1","","","","N","","","","","","","","","",""
"2016086892","2138","0","0","0","0","0","0","0","0","0","0","0","","02","8","2016","3","40.64729","-80.104426","2135","11","0","0","0","0","0","0","0","0","3","0","0","0","","","1","","2","","40 38:50.245","6","0","80 06:15.933","2","0","1","1","2212","0","0","0","N","0","0","0","1","02505","0","","1.0","","1","N","N","","0","","0","1","0","","0","Y","","1","1","0","0","0","0","0","2","0","1","","","","N","","","","","","","","","",""
"2016077881","1220","1","0","0","0","0","0","0","0","0","2","0","","02","8","2016","3","40.484233","-79.940578","1205","11","0","0","0","0","0","0","0","0","","0","0","0","","","0","","0","","40 29:03.238","","0","79 56:26.080","0","0","0","0","2301","0","0","0","N","0","0","0","2","02301","0","","1.0","","1","N","N","","0","","0","0","1","","0","","","2","0","0","0","0","0","0","2","0","2","","","","N","","","","","","","","","",""
"2016087977","1245","1","0","0","0","0","0","0","0","0","7","0","","02","8","2016","6","40.406569","-80.020435","1245","11","0","0","0","0","0","0","0","0","","0","0","0","","","0","","0","","40 24:23.648","","0","80 01:13.566","0","0","0","0","2301","0","0","0","N","0","0","0","2","02301","0","","5.0","","1","N","N","","0","","0","0","0","","3","","","1","0","0","0","0","0","0","2","0","1","","","","N","","","","","","","","","",""
"2016081635","1713","0","0","0","0","0","0","0","0","0","7","0","","02","8","2016","4","40.399999","-80.248597","1704","11","0","0","0","0","0","1","0","0","","0","0","0","","","0","","0","","40 23:59.995","","0","80 14:54.948","0","0","0","0","2214","0","0","0","N","0","0","0","1","02214","0","","5.0","","9","N","N","","1","","0","0","0","","0","","","1","0","1","0","0","0","0","1","0","1","","","","N","","","","","","","","","",""
"2016081268","1629","1","0","0","0","0","0","0","0","0","1","0","55","02","8","2016","5","40.503355","-80.282556","1617","11","0","0","1","0","0","0","0","0","","0","0","0","","","1","","6","","40 30:12.078","","2","80 16:57.203","3","0","0","1","2203","0","0","0","","0","0","0","2","68B03","0","","1.0","","1","N","N","","0","","1","0","0","","0","","","2","1","0","0","0","0","0","1","0","2","","","Y","Y","4","1","N","N","N","N","N","Y","N",""
"2016085367","2128","1","0","0","0","0","0","0","0","0","4","0","","02","8","2016","6","40.650458","-79.936751","2126","11","1","0","0","0","0","0","0","1","1","0","0","0","","","1","","6","","40 39:01.648","2","2","79 56:12.303","4","0","0","0","2217","0","0","0","N","0","0","0","3","02505","1","","1.0","","1","N","N","","0","","0","0","1","","3","Y","","2","1","0","0","0","0","0","2","0","2","","","","N","","","","","","","","","",""
"2016078704","2310","1","0","0","0","0","0","0","0","0","0","0","","02","8","2016","5","40.489402","-79.874304","2308","11","0","0","0","0","1","0","0","0","","0","0","0","","","1","","0","","40 29:21.846","","7","79 52:27.496","3","0","0","1","2112","0","0","0","N","0","0","0","2","02112","0","","1.0","","1","N","N","","0","","1","0","0","","0","","","2","1","0","0","0","0","0","2","0","2","","","","N","","","","","","","","","",""
"2016086129","0625","1","0","0","0","0","0","0","0","0","4","0","","02","8","2016","2","40.444202","-80.028173","0621","11","0","0","0","0","1","1","0","0","1","0","0","0","","","0","","5","","40 26:39.126","2","0","80 01:41.424","0","0","0","0","2301","0","0","0","N","0","0","0","2","02301","0","","1.0","","1","N","N","","0","","0","0","1","","2","Y","","2","0","0","0","0","0","0","2","0","2","","","","N","","","","","","","","","",""
"2016093274","1409","0","0","0","0","0","0","0","0","0","4","0","","02","9","2016","1","40.485316","-79.820269","1406","11","0","0","0","0","0","0","0","0","4","1","0","0","","","0","","1","","40 29:07.139","7","0","79 49:12.968","1","1","0","1","2113","0","0","0","N","0","0","0","2","02113","0","2","1.0","","1","N","N","","0","0","0","0","1","","3","Y","","2","0","0","0","0","0","0","2","0","2","","","","N","","","","","","","","","",""
"2016083698","1205","2","0","0","0","0","0","0","0","0","4","0","","02","8","2016","3","40.457473","-80.192768","1158","11","0","0","0","0","0","0","1","0","","0","0","0","","","0","","1","","40 27:26.902","","7","80 11:33.964","0","0","0","0","2203","0","0","0","N","0","0","0","2","02203","0","","1.0","","1","N","N","","0","","0","0","0","","3","","","2","0","0","0","0","0","0","2","0","2","","","","N","","","","","","","","","",""
"2016081499","1329","2","0","0","0","0","0","0","0","0","5","0","","02","7","2016","6","40.426167","-79.894339","1321","11","0","0","0","0","0","2","0","0","","0","0","0","","","0","","7","","40 25:34.202","","2","79 53:39.622","0","0","0","0","2301","0","0","0","","0","0","0","2","68B03","0","","1.0","","1","N","N","","0","","0","0","0","","0","","","2","0","0","0","0","0","0","2","0","2","","","","N","","","","","","","","","",""
"2016082577","0145","1","0","1","0","0","0","0","0","0","4","0","","02","8","2016","7","40.455815","-79.994826","0140","11","0","0","0","0","0","0","0","0","","0","0","0","","","2","","1","","40 27:20.934","","0","79 59:41.373","2","0","0","0","2301","0","0","0","N","0","0","0","3","02301","0","","1.0","","1","N","N","","0","","1","1","1","","3","","","2","2","0","0","0","0","0","2","0","2","","","","N","","","","","","","","","",""
"2016082581","2057","2","0","0","0","0","0","0","0","0","2","0","","02","8","2016","4","40.40731","-80.076446","2055","11","0","0","0","0","0","2","0","0","","0","0","0","","","0","","2","","40 24:26.317","","0","80 04:35.207","9","0","0","0","2415","0","0","0","N","0","0","0","3","02415","0","","1.0","","1","N","N","","0","","0","0","1","","3","","","3","0","0","0","0","0","1","2","0","3","","","","N","","","","","","","","","",""
"2016079706","1120","1","0","0","0","0","0","0","0","0","4","0","","02","8","2016","2","40.457513","-79.917394","1120","11","0","0","0","0","0","1","0","0","","0","0","0","","","0","","2","","40 27:27.045","","7","79 55:02.618","0","0","0","0","2301","0","0","0","N","0","0","0","2","02301","0","","1.0","","1","N","N","","0","","0","0","1","","0","","","2","0","0","0","0","0","0","2","0","2","","","","N","","","","","","","","","",""
"2016088908","1231","1","0","0","0","0","0","0","0","0","4","0","","02","8","2016","5","40.461313","-79.934164","1226","11","0","0","0","0","0","1","1","0","","0","0","0","","","0","","1","","40 27:40.726","","0","79 56:02.990","0","0","0","0","2301","0","0","0","N","0","0","0","2","02301","0","","1.0","","1","N","N","","1","","0","0","0","","0","","","2","0","0","0","0","0","0","2","0","2","","","","N","","","","","","","","","",""
"2016081820","1319","2","0","0","0","0","0","0","0","0","4","0","","02","8","2016","4","40.551249","-79.777973","1317","11","0","0","0","0","0","1","0","0","1","0","0","0","","","1","","0","","40 33:04.497","6","0","79 46:40.702","4","0","0","0","2121","0","0","0","N","0","0","0","2","02121","1","","1.0","","1","N","N","","0","","0","0","0","","0","N","","2","1","1","0","0","0","0","1","0","2","","","","N","","","","","","","","","",""
"2016103945","0202","1","0","0","0","0","0","0","0","0","99","0","","02","10","2016","1","40.639973","-80.00522","0055","11","0","0","0","0","0","1","0","0","","0","0","0","","","0","","0","","40 38:23.903","","0","80 00:18.791","0","0","0","0","2216","0","0","0","","0","0","0","1","68T02","0","","1.0","","1","N","N","","0","","0","0","0","","0","","","1","0","0","0","0","0","0","2","0","1","","","","N","","","","","","","","","",""
"2016081322","1202","2","0","0","0","0","0","0","0","0","1","0","","02","8","2016","3","40.390684","-80.074177","1200","11","0","0","0","0","0","1","0","0","1","0","0","0","","","1","","0","","40 23:26.463","3","0","80 04:27.037","3","0","0","0","2117","0","0","0","N","0","0","0","3","02117","0","","1.0","","1","N","N","","0","","1","0","1","","0","N","","3","1","0","0","0","0","0","2","0","3","","","","N","","","","","","","","","",""
"2016083748","2029","2","0","0","0","0","0","0","0","0","4","0","","02","8","2016","3","40.413472","-80.042753","2008","11","1","0","0","0","0","0","0","0","","0","0","0","","","0","","1","","40 24:48.499","","0","80 02:33.910","0","0","0","0","2301","0","0","0","N","0","0","0","2","02301","0","","1.0","","1","N","N","","0","","0","0","0","","3","","","2","0","0","0","0","0","0","2","0","2","","","","N","","","","","","","","","",""