"CRN","ARRIVAL_TM","AUTOMOBILE_COUNT","BELTED_DEATH_COUNT","BELTED_SUSP_SERIOUS_INJ_COUNT","BICYCLE_COUNT","BICYCLE_DEATH_COUNT","BICYCLE_SUSP_SERIOUS_INJ_COUNT","BUS_COUNT","CHLDPAS_DEATH_COUNT","CHLDPAS_SUSP_SERIOUS_INJ_COUNT","COLLISION_TYPE","COMM_VEH_COUNT","CONS_ZONE_SPD_LIM","COUNTY","CRASH_MONTH","CRASH_YEAR","DAY_OF_WEEK","DEC_LATITUDE","DEC_LONGITUDE","DISPATCH_TM","DISTRICT","DRIVER_COUNT_16YR","DRIVER_COUNT_17YR","DRIVER_COUNT_18YR","DRIVER_COUNT_19YR","DRIVER_COUNT_20YR","DRIVER_COUNT_50_64YR","DRIVER_COUNT_65_74YR","DRIVER_COUNT_75PLUS","EST_HRS_CLOSED","FATAL_COUNT","HEAVY_TRUCK_COUNT","HORSE_BUGGY_COUNT","HOUR_OF_DAY","ILLUMINATION","INJURY_COUNT","INTERSECTION_RELATED","INTERSECT_TYPE","LANE_CLOSED","LATITUDE","LN_CLOSE_DIR","LOCATION_TYPE","LONGITUDE","MAX_SEVERITY_LEVEL","MCYCLE_DEATH_COUNT","MCYCLE_SUSP_SERIOUS_INJ_COUNT","MOTORCYCLE_COUNT","MUNICIPALITY","NONMOTR_COUNT","NONMOTR_DEATH_COUNT","NONMOTR_SUSP_SERIOUS_INJ_COUNT","NTFY_HIWY_MAINT","PED_COUNT","PED_DEATH_COUNT","PED_SUSP_SERIOUS_INJ_COUNT","PERSON_COUNT","POLICE_AGCY","POSSIBLE_INJ_COUNT","RDWY_SURF_TYPE_CD","RELATION_TO_ROAD","ROADWAY_CLEARED","ROAD_CONDITION","SCH_BUS_IND","SCH_ZONE_IND","SECONDARY_CRASH","SMALL_TRUCK_COUNT","SPEC_JURIS_CD","SUSP_MINOR_INJ_COUNT","SUSP_SERIOUS_INJ_COUNT","SUV_COUNT","TCD_FUNC_CD","TCD_TYPE","TFC_DETOUR_IND","TIME_OF_DAY","TOTAL_UNITS","TOT_INJ_COUNT","UNBELTED_OCC_COUNT","UNB_DEATH_COUNT","UNB_SUSP_SERIOUS_INJ_COUNT","UNK_INJ_DEG_COUNT","UNK_INJ_PER_COUNT","URBAN_RURAL","VAN_COUNT","VEHICLE_COUNT","WEATHER1","WEATHER2","WORKERS_PRES","WORK_ZONE_IND","WORK_ZONE_LOC","WORK_ZONE_TYPE","WZ_CLOSE_DETOUR","WZ_FLAGGER","WZ_LAW_OFFCR_IND","WZ_LN_CLOSURE","WZ_MOVING","WZ_OTHER","WZ_SHLDER_MDN","WZ_WORKERS_INJ_KILLED"
"2016083010","","1","0","0","0","0","0","0","0","0","7","0","","02","8","2016","1","40.337946","-79.968902","","11","0","0","0","0","0","0","0","0","","0","0","0","","","0","","0","","40 20:16.604","","0","79 58:08.047","0","0","0","0","2403","0","0","0","Y","0","0","0","1","02403","0","","3.0","","1","N","N","","0","","0","0","0","","0","","","1","0","0","0","0","0","0","2","0","1","","","","N","","","","","","","","","",""
"2016081856","","2","0","0","0","0","0","0","0","0","4","1","","02","8","2016","5","40.385871","-79.967129","","11","0","0","0","0","0","0","0","1","","0","1","0","","","0","","1","","40 23:09.136","","0","79 58:01.665","0","0","0","0","2403","0","0","0","N","0","0","0","3","02403","0","","1.0","","1","N","N","","0","","0","0","0","","3","","","3","0","0","0","0","0","0","2","0","3","","","","N","","","","","","","","","",""
"2016080976","","2","0","0","0","0","0","0","0","0","4","0","","02","7","2016","3","40.498358","-80.020306","","11","0","0","0","0","0","0","0","0","1","0","0","0","","","1","","2","","40 29:54.088","5","0","80 01:13.103","8","0","0","0","2116","0","0","0","N","0","0","0","2","02116","0","","1.0","","1","N","N","","0","","0","0","0","","2","Y","","2","1","0","0","0","1","0","2","0","2","","","","N","","","","","","","","","",""
"2016082587","","0","0","0","0","0","0","0","0","0","7","0","","02","8","2016","6","40.614144","-80.125068","","11","0","0","0","0","1","0","0","0","","0","0","0","","","0","","0","","40 36:50.920","","0","80 07:30.243","0","0","0","0","2481","0","0","0","N","0","0","0","1","02481","0","","2.0","","9","N","N","","1","","0","0","0","","0","","","1","0","0","0","0","0","0","1","0","1","","","","N","","","","","","","","","",""
"2016083549","","1","0","0","0","0","0","0","0","0","0","0","","02","1","2016","6","40.494277","-79.870526","","11","0","0","0","0","0","0","0","0","","0","0","0","","","0","","0","","40 29:39.396","","0","79 52:13.892","0","0","0","0","2112","0","0","0","","0","0","0","1","68D02","0","","1.0","","1","N","N","","0","","0","0","0","","0","","","1","0","0","0","0","0","0","2","0","1","","","","N","","","","","","","","","",""
"2016081683","","2","0","0","0","0","0","0","0","0","4","0","","02","8","2016","4","40.427056","-79.723357","","11","0","0","0","0","0","0","0","0","1","0","0","0","","","1","","2","","40 25:37.401","7","0","79 43:24.085","8","0","0","0","2446","0","0","0","N","0","0","0","4","02446","0","","1.0","","1","N","N","","0","","0","0","0","","2","Y","","2","1","0","0","0","1","0","2","0","2","","","","N","","","","","","","","","",""
"2016080979","","1","0","0","0","0","0","0","0","0","4","0","","02","8","2016","4","40.290206","-79.835679","","11","0","0","0","0","0","0","0","0","","0","0","0","","","0","","2","","40 17:24.743","","0","79 50:08.446","0","0","0","0","2443","0","0","0","N","0","0","0","2","02443","0","","1.0","","1","N","N","","1","","0","0","0","","3","","","2","0","0","0","0","0","0","2","0","2","","","","N","","","","","","","","","",""
"2016080986","","0","0","0","1","0","0","0","0","0","8","0","","02","7","2016","4","40.411254","-79.913324","","11","0","0","0","0","0","0","0","0","2","0","0","0","","","1","","1","","40 24:40.514","4","0","79 54:47.966","8","0","0","0","2438","1","0","0","N","0","0","0","2","02438","0","","1.0","","1","N","N","","0","","0","0","1","","2","Y","","2","1","0","0","0","1","0","2","0","1","","","","N","","","","","","","","","",""
"2016083038","","1","0","0","0","0","0","0","0","0","4","0","","02","8","2016","1","40.488514","-79.883106","","11","0","0","1","0","0","0","0","0","2","0","0","0","","","1","","1","","40 29:18.650","1","0","79 52:59.181","4","0","0","0","2301","0","0","0","N","0","0","0","2","02301","1","","1.0","","1","N","N","","0","","0","0","1","","3","Y","","2","1","0","0","0","0","0","2","0","2","","","","N","","","","","","","","","",""
"2016083554","","1","0","0","0","0","0","0","0","0","1","0","","02","6","2016","5","40.575866","-79.786477","","11","0","0","0","0","1","1","0","0","","0","0","0","","","1","","0","","40 34:33.118","","0","79 47:11.316","3","0","0","1","2104","0","0","0","","0","0","0","2","68D02","0","","1.0","","1","N","N","","0","","1","0","0","","0","","","2","1","0","0","0","0","0","2","0","2","","","","N","","","","","","","","","",""
"2016080061","","3","0","0","0","0","0","0","0","0","1","0","","02","8","2016","3","40.483059","-79.719861","","11","0","0","0","0","0","0","0","0","1","0","0","0","","","0","","0","","40 28:59.013","1","0","79 43:11.498","0","0","0","0","2466","0","0","0","Y","0","0","0","4","02466","0","","1.0","","1","N","N","","0","","0","0","0","","0","N","","3","0","0","0","0","0","0","2","0","3","","","","N","","","","","","","","","",""
"2016080048","","1","0","0","0","0","0","0","0","0","99","0","","02","8","2016","2","40.594134","-79.903757","","11","0","0","0","0","0","0","0","0","","0","0","0","","","0","","0","","40 35:38.881","","0","79 54:13.525","0","0","0","0","2209","0","0","0","","0","0","0","2","68T02","0","","1.0","","1","N","N","","0","","0","0","0","","0","","","1","0","0","0","0","0","0","1","0","1","","","","N","","","","","","","","","",""
"2016080068","","1","0","0","0","0","0","0","0","0","7","0","","02","8","2016","3","40.426498","-80.283945","","11","0","0","0","0","0","0","0","0","1","0","0","0","","","1","","0","","40 25:35.391","5","0","80 17:02.202","2","0","0","0","2214","0","0","0","N","0","0","0","1","02214","0","","5.0","","1","N","N","","0","","0","1","0","","0","Y","","1","1","1","0","1","0","0","1","0","1","","","","N","","","","","","","","","",""
"2016081879","","0","0","0","0","0","0","0","0","0","8","0","","02","8","2016","4","40.431601","-80.069545","","11","0","0","0","0","0","1","0","0","1","0","0","0","","","1","","0","","40 25:53.763","6","99","80 04:10.362","8","0","0","0","2421","1","0","0","N","1","0","0","2","02421","0","","1.0","","9","N","N","","1","","0","0","0","","0","Y","","2","1","0","0","0","1","0","2","0","1","","","","N","","","","","","","","","",""
"2016082949","","1","0","0","0","0","0","0","0","0","4","0","","02","8","2016","1","40.338992","-79.960214","","11","0","0","0","0","0","0","0","0","2","0","0","0","","","4","","1","","40 20:20.371","2","0","79 57:36.772","8","0","0","0","2454","0","0","0","Y","0","0","0","6","02454","0","","1.0","","9","N","N","","0","","0","0","1","","2","N","","2","4","0","0","0","4","0","2","0","2","","","","N","","","","","","","","","",""
"2016083050","","1","0","0","0","0","0","0","0","0","4","0","","02","8","2016","4","40.536939","-79.83918","","11","0","0","0","0","0","2","0","0","1","0","0","0","","","0","","2","","40 32:12.979","1","0","79 50:21.047","0","0","0","0","2208","0","0","0","N","0","0","0","2","02208","0","","1.0","","1","N","N","","0","","0","0","1","","2","N","","2","0","0","0","0","0","0","2","0","2","","","","N","","","","","","","","","",""
"2016083647","","2","0","0","0","0","0","0","0","0","4","0","","02","8","2016","1","40.634878","-79.939946","","11","0","0","0","0","0","0","1","0","","0","0","0","","","0","","0","","40 38:05.562","","0","79 56:23.806","0","0","0","0","2217","0","0","0","N","0","0","0","3","02505","0","","1.0","","9","N","N","","0","","0","0","0","","3","","","2","0","0","0","0","0","0","2","0","2","","","","N","","","","","","","","","",""
"2016082743","","1","0","0","0","0","0","0","0","0","4","1","","02","8","2016","2","40.514636","-79.854196","","11","0","0","0","0","0","0","0","0","","0","1","0","","","0","","0","","40 30:52.689","","0","79 51:15.107","0","0","0","0","2112","0","0","0","","0","0","0","2","68D02","0","","1.0","","1","N","N","","0","","0","0","0","","0","","","2","0","1","0","0","0","0","2","0","2","","","","N","","","","","","","","","",""
"2016082913","","0","0","0","0","0","0","0","0","0","7","1","","02","8","2016","7","40.502851","-79.986294","","11","0","0","0","0","0","0","0","0","6","0","1","0","","","0","","0","","40 30:10.264","5","0","79 59:10.660","0","0","0","0","2116","0","0","0","Y","0","0","0","1","02116","0","","2.0","","1","N","N","","0","","0","0","0","","0","Y","","1","0","0","0","0","0","0","2","0","1","","","","N","","","","","","","","","",""
"2016083561","","1","0","0","0","0","0","0","0","0","1","0","","02","7","2016","3","40.416341","-80.058434","","11","0","0","0","0","0","1","0","0","1","0","0","0","","","2","","0","","40 24:58.828","3","0","80 03:30.363","3","0","0","0","2435","0","0","0","","0","0","0","2","68B03","0","","1.0","","1","N","N","","0","","2","0","1","","0","N","","2","2","0","0","0","0","0","2","0","2","","","","N","","","","","","","","","",""
"2016082744","","1","0","0","0","0","0","0","0","0","4","0","","02","8","2016","2","40.588432","-80.099391","","11","0","0","0","0","1","0","0","0","","0","0","0","","","0","","0","","40 35:18.354","","0","80 05:57.808","0","0","0","0","2481","0","0","0","","0","0","0","2","68B03","0","","1.0","","1","N","N","","1","","0","0","0","","0","","","2","0","0","0","0","0","0","2","0","2","","","","N","","","","","","","","","",""
"2016081886","","1","0","0","0","0","0","0","0","0","1","0","","02","8","2016","4","40.430552","-80.062209","","11","0","0","0","0","0","0","0","0","","0","0","0","","","2","","3","","40 25:49.988","","0","80 03:43.951","8","0","0","0","2421","0","0","0","N","0","0","0","3","02421","0","","1.0","","9","N","N","","0","","0","0","1","","0","","","2","2","0","0","0","2","1","2","0","2","","","","N","","","","","","","","","",""
"2016082811","","1","0","0","0","0","0","0","0","0","1","0","","02","8","2016","4","40.425617","-79.906096","","11","0","0","0","0","0","0","0","0","2","0","0","0","","","0","","0","","40 25:32.221","4","0","79 54:21.947","9","0","0","0","2301","0","0","0","","0","0","0","2","68B03","0","","1.0","","1","N","N","","0","","0","0","1","","0","N","","2","0","0","0","0","0","1","2","0","2","","","","N","","","","","","","","","",""
"2016083563","","0","0","0","0","0","0","0","0","0","1","0","","02","7","2016","6","40.494541","-79.904838","","11","0","0","0","0","0","0","0","0","3","0","0","0","","","0","","0","","40 29:40.346","2","0","79 54:17.418","0","0","0","0","2401","0","0","0","","0","0","0","2","68D02","0","","1.0","","1","N","N","","1","","0","0","1","","0","N","","2","0","1","0","0","0","0","2","0","2","","","","N","","","","","","","","","",""
"2016082925","","1","0","0","0","0","0","0","0","0","7","0","","02","8","2016","1","40.362693","-79.931779","","11","0","0","0","0","0","0","0","0","","0","0","0","","","1","","0","","40 21:45.696","","0","79 55:54.404","8","0","0","0","2473","0","0","0","Y","0","0","0","1","02473","0","","4.0","","1","N","N","","0","","0","0","0","","0","","","1","1","0","0","0","1","0","2","0","1","","","","N","","","","","","","","","",""
"2016082813","","1","0","0","0","0","0","0","0","0","7","0","","02","8","2016","4","40.443015","-80.160641","","11","0","0","0","0","0","1","0","0","1","0","0","0","","","0","","0","","40 26:34.853","4","0","80 09:38.306","0","0","0","0","2115","0","0","0","","0","0","0","1","68B03","0","","4.0","","1","N","N","","0","","0","0","0","","0","N","","1","0","0","0","0","0","0","2","0","1","","","","N","","","","","","","","","",""
"2016081004","","0","0","0","0","0","0","0","0","0","5","1","","02","8","2016","3","40.440245","-79.993338","","11","0","0","0","0","0","0","1","0","","0","2","0","","","0","","2","","40 26:24.882","","0","79 59:36.016","0","0","0","0","2301","0","0","0","N","0","0","0","1","02301","0","","1.0","","1","N","N","","0","","0","0","0","","3","","","2","0","0","0","0","0","0","2","0","2","","","","N","","","","","","","","","",""
"2016083566","","3","0","0","0","0","0","0","0","0","1","0","","02","7","2016","7","40.551031","-79.818016","","11","0","0","0","0","0","3","0","0","3","0","0","0","","","2","","0","","40 33:03.711","2","0","79 49:04.859","3","0","0","0","2208","0","0","0","","0","0","0","11","68D02","1","","1.0","","1","N","N","","1","","1","0","2","","0","N","","6","2","0","0","0","0","0","2","0","6","","","","N","","","","","","","","","",""
"2016081994","","1","0","0","0","0","0","0","0","0","1","0","","02","8","2016","5","40.449149","-80.025333","","11","0","0","0","0","0","0","0","0","1","0","0","0","","","0","","0","","40 26:56.935","4","3","80 01:31.198","0","0","0","0","2301","0","0","0","N","0","0","0","2","02301","0","","1.0","","1","N","N","","0","","0","0","0","","0","N","","2","0","0","0","0","0","0","2","1","2","","","","N","","","","","","","","","",""
"2016081901","","1","0","0","0","0","0","0","0","0","1","0","","02","8","2016","4","40.348871","-80.023671","","11","0","0","0","0","0","2","1","0","2","0","0","0","","","1","","0","","40 20:55.937","1","0","80 01:25.215","4","0","0","0","2407","0","0","0","","0","0","0","4","02407","1","","1.0","","1","N","N","","1","","0","0","2","","0","N","","4","1","1","0","0","0","0","2","0","4","","","","N","","","","","","","","","",""
"2016081008","","1","0","0","0","0","0","1","0","0","2","1","","02","8","2016","2","40.462722","-80.013528","","11","0","0","0","0","0","0","0","0","2","0","0","0","","","6","","0","","40 27:45.800","1","0","80 00:48.700","3","0","0","0","2301","0","0","0","N","0","0","0","14","02503","4","","1.0","","1","N","N","","0","","2","0","0","","0","N","","2","6","0","0","0","0","0","2","0","2","","","","N","","","","","","","","","",""
"2016082821","","1","0","0","0","0","0","0","0","0","7","0","","02","8","2016","6","40.352308","-79.909033","","11","0","0","0","0","0","1","0","0","4","0","0","0","","","1","","0","","40 21:08.310","6","0","79 54:32.520","8","0","0","0","2473","0","0","0","Y","0","0","0","1","02473","0","","4.0","","9","N","N","","0","","0","0","0","","0","Y","","1","1","1","0","0","1","0","2","0","1","","","","N","","","","","","","","","",""
"2016083668","","2","0","0","0","0","0","0","0","0","4","0","","02","8","2016","3","40.459542","-79.929815","","11","0","0","0","0","0","0","0","0","","0","0","0","","","0","","0","","40 27:34.350","","0","79 55:47.333","9","0","0","0","2301","0","0","0","N","0","0","0","1","02301","0","","4.0","","1","N","N","","0","","0","0","1","","0","","","3","0","0","0","0","0","1","2","0","3","","","","N","","","","","","","","","",""
"2016082536","","0","0","0","0","0","0","0","0","0","8","0","","02","8","2016","6","40.497774","-80.060188","","11","0","0","0","0","0","0","0","0","","0","0","0","","","1","","0","","40 29:51.986","","7","80 03:36.676","4","0","0","0","2404","1","0","0","N","1","0","0","2","02404","1","","4.0","","1","N","N","","0","","0","0","0","","0","","","2","1","0","0","0","0","0","2","1","1","","","","N","","","","","","","","","",""
"2016081617","","3","0","0","0","0","0","0","0","0","7","0","","02","8","2016","4","40.533535","-80.178078","","11","0","0","0","1","0","1","0","0","2","0","0","0","","","1","","0","","40 32:00.726","1","0","80 10:41.080","4","0","0","0","2458","0","0","0","N","0","0","0","3","02458","1","","4.0","","1","N","N","","0","","0","0","0","","0","Y","","3","1","0","0","0","0","0","2","0","3","","","","N","","","","","","","","","",""
"2016083570","","1","0","0","0","0","0","0","0","0","7","0","","02","7","2016","1","40.59367","-79.771759","","11","0","0","0","0","0","0","0","0","1","0","0","0","","","0","","0","","40 35:37.213","2","0","79 46:18.334","0","0","0","0","2104","0","0","0","","0","0","0","1","68D02","0","","4.0","","1","N","N","","0","","0","0","0","","0","N","","1","0","1","0","0","0","0","1","0","1","","","","N","","","","","","","","","",""
"2016082847","","2","0","0","0","0","0","0","0","0","4","0","","02","8","2016","7","40.327923","-79.840564","","11","0","0","0","1","0","0","0","1","1","0","0","0","","","2","","1","","40 19:40.523","5","0","79 50:26.031","4","0","0","0","2304","0","0","0","N","0","0","0","3","02304","2","","1.0","","1","N","N","","0","","0","0","0","","3","N","","2","2","0","0","0","0","0","2","0","2","","","","N","","","","","","","","","",""
"2016082001","","2","0","0","0","0","0","0","0","0","5","0","","02","8","2016","5","40.439147","-79.962119","","11","0","0","0","0","0","0","0","0","","0","0","0","","","1","","2","","40 26:20.929","","0","79 57:43.628","3","0","0","0","2301","0","0","0","N","0","0","0","3","02301","0","","1.0","","1","N","N","","0","","1","0","0","","0","","","2","1","0","0","0","0","0","2","0","2","","","","N","","","","","","","","","",""
"2016083671","","2","0","0","0","0","0","0","0","0","1","0","","02","8","2016","2","40.529334","-79.994273","","11","0","0","0","0","1","0","0","0","2","0","0","0","","","0","","1","","40 31:45.603","6","0","79 59:39.381","0","0","0","0","2116","0","0","0","N","0","0","0","2","02116","0","","1.0","","1","N","N","","0","","0","0","0","","0","N","","2","0","0","0","0","0","0","2","0","2","","","","N","","","","","","","","","",""
"2016081925","","1","0","0","0","0","0","0","0","0","1","2","","02","7","2016","7","40.506246","-80.137284","","11","0","0","0","0","0","2","0","0","","0","2","0","","","0","","0","","40 30:22.485","","0","80 08:14.222","0","0","0","0","2115","0","0","0","","0","0","0","4","68B03","0","","1.0","","9","N","N","","0","","0","0","0","","0","","","3","0","0","0","0","0","0","2","0","3","","","","N","","","","","","","","","",""
"2016083574","","0","0","0","0","0","0","0","0","0","7","0","","02","7","2016","7","40.495086","-79.908688","","11","0","0","0","0","0","0","0","0","1","0","0","0","","","0","","0","","40 29:42.309","3","2","79 54:31.277","0","0","0","0","2461","0","0","0","","0","0","0","1","68D02","0","","4.0","","9","N","N","","0","","0","0","1","","0","Y","","1","0","0","0","0","0","0","2","0","1","","","","N","","","","","","","","","",""
"2016083074","","0","0","0","0","0","0","0","0","0","7","0","","02","8","2016","5","40.549719","-79.959331","","11","0","0","0","1","0","0","0","0","","0","0","0","","","0","","0","","40 32:58.989","","3","79 57:33.590","0","0","0","0","2118","0","0","0","N","0","0","0","1","02118","0","","5.0","","9","N","N","","0","","0","0","0","","0","","","1","0","0","0","0","0","0","2","1","1","","","","N","","","","","","","","","",""
"2016082856","","1","0","0","0","0","0","0","0","0","7","0","","02","8","2016","7","40.394544","-79.890883","","11","0","0","0","0","0","0","0","0","1","0","0","0","","","0","","0","","40 23:40.360","6","0","79 53:27.180","0","0","0","0","2473","0","0","0","N","0","0","0","0","02473","0","","4.0","","9","N","N","","0","","0","0","0","","0","N","","1","0","0","0","0","0","0","2","0","1","","","","N","","","","","","","","","",""
"2016082545","","0","0","0","1","0","0","0","0","0","8","0","","02","8","2016","6","40.454755","-79.932541","","11","0","0","0","0","0","0","0","0","","0","0","0","","","1","","1","","40 27:17.118","","0","79 55:57.147","8","0","0","0","2301","1","0","0","N","0","0","0","5","02301","0","","1.0","","1","N","N","","0","","0","0","1","","2","","","2","1","0","0","0","1","0","2","0","1","","","","N","","","","","","","","","",""
"2016082687","","1","0","0","0","0","0","0","0","0","7","0","","02","8","2016","7","40.407564","-80.015037","","11","0","0","0","0","0","0","0","0","1","0","0","0","","","1","","0","","40 24:27.230","4","0","80 00:54.133","8","0","0","0","2301","0","0","0","N","0","0","0","1","02301","0","","2.0","","1","N","N","","0","","0","0","0","","0","N","","1","1","0","0","0","1","0","2","0","1","","","","N","","","","","","","","","",""
"2016081798","","1","0","0","0","0","0","0","0","0","7","0","","02","8","2016","4","40.436911","-79.841587","","11","0","0","0","0","0","0","1","0","","0","0","0","","","1","","0","","40 26:12.878","","0","79 50:29.714","8","0","0","0","2419","0","0","0","N","0","0","0","1","02419","0","","5.0","","1","N","N","","0","","0","0","0","","0","","","1","1","1","0","0","1","0","2","0","1","","","","N","","","","","","","","","",""
"2016082858","","1","0","0","0","0","0","0","0","0","7","0","","02","8","2016","7","40.614898","-80.09202","","11","0","0","0","0","0","0","0","0","","0","0","0","","","0","","0","","40 36:53.632","","7","80 05:31.272","0","0","0","0","2481","0","0","0","N","0","0","0","1","02481","0","","4.0","","9","N","N","","0","","0","0","0","","0","","","1","0","0","0","0","0","0","2","0","1","","","","N","","","","","","","","","",""
"2016083677","","1","0","0","0","0","0","0","0","0","1","0","","02","8","2016","3","40.470021","-79.908555","","11","0","0","0","0","0","0","1","0","1","0","0","0","","","1","","0","","40 28:12.077","1","0","79 54:30.797","8","0","0","0","2301","0","0","0","N","0","0","0","5","02301","0","","1.0","","1","N","N","","1","","0","0","0","","0","N","","4","1","0","0","0","1","0","2","2","4","","","","N","","","","","","","","","",""
"2016082693","","1","0","0","0","0","0","0","0","0","1","1","","02","5","2016","4","40.606997","-79.763488","","11","0","0","0","0","0","1","0","0","","0","1","0","","","0","","0","","40 36:25.189","","0","79 45:48.557","0","0","0","0","2464","0","0","0","","0","0","0","2","68D02","0","","1.0","","1","N","N","","0","","0","0","0","","0","","","2","0","0","0","0","0","0","2","0","2","","","","N","","","","","","","","","",""
"2016082760","","2","0","0","0","0","0","0","0","0","1","0","45","02","8","2016","5","40.439128","-80.241359","","11","0","0","0","1","0","0","0","0","","0","0","0","","","0","","0","","40 26:20.862","","0","80 14:28.894","0","0","0","0","2214","0","0","0","","0","0","0","2","68B03","0","","1.0","","1","N","N","","0","","0","0","0","","0","","","2","0","0","0","0","0","0","2","0","2","","","N","Y","8","1","N","N","N","Y","N","N","N",""
"2016082979","","1","0","0","0","0","0","0","0","0","7","0","","02","8","2016","7","40.366371","-80.071868","","11","0","0","0","0","0","0","0","0","1","0","0","0","","","0","","2","","40 21:58.937","2","0","80 04:18.725","0","0","0","0","2109","0","0","0","","0","0","0","1","02109","0","","5.0","","1","N","N","","0","","0","0","0","","0","N","","1","0","1","0","0","0","0","2","0","1","","","","N","","","","","","","","","",""
"2016083679","","1","0","0","0","0","0","0","0","0","1","0","","02","8","2016","2","40.582047","-80.038076","","11","0","0","0","0","0","1","0","0","1","0","0","0","","","0","","1","","40 34:55.369","4","0","80 02:17.073","0","0","0","0","2108","0","0","0","","0","0","0","2","02108","0","","1.0","","1","N","N","","1","","0","0","0","","2","N","","2","0","0","0","0","0","0","2","0","2","","","","N","","","","","","","","","",""
"2016082835","","2","0","0","0","0","0","0","0","0","4","0","","02","8","2016","3","40.411765","-79.910082","","11","0","0","0","0","0","1","0","0","","0","0","0","","","1","","0","","40 24:42.354","","0","79 54:36.295","8","0","0","0","2438","0","0","0","N","0","0","0","2","02438","0","","1.0","","1","N","N","","0","","0","0","0","","3","","","2","1","0","0","0","1","0","2","0","2","","","","N","","","","","","","","","",""
"2016082556","","1","0","0","0","0","0","0","0","0","7","0","","02","8","2016","5","40.392686","-79.870071","","11","0","0","0","0","0","0","0","0","1","0","0","0","","","0","","0","","40 23:33.668","2","0","79 52:12.256","0","0","0","0","2473","0","0","0","Y","0","0","0","1","02473","0","","3.0","","1","N","N","","0","","0","0","0","","0","N","","1","0","1","0","0","0","0","2","0","1","","","","N","","","","","","","","","",""
"2016082670","","1","0","0","0","0","0","0","0","0","4","0","","02","8","2016","6","40.274085","-79.830353","","11","0","0","0","0","0","0","0","0","2","0","0","0","","","1","","1","","40 16:26.706","6","0","79 49:49.270","3","0","0","0","2105","0","0","0","N","0","0","0","2","02105","0","","1.0","","1","N","N","","0","","1","0","0","","3","N","","2","1","0","0","0","0","0","2","1","2","","","","N","","","","","","","","","",""
"2016081826","","1","0","0","0","0","0","0","0","0","8","0","","02","7","2016","6","40.330527","-80.022053","","11","0","0","0","0","0","0","0","0","3","0","0","0","","","1","","5","","40 19:49.897","7","0","80 01:19.389","2","0","0","0","2407","1","0","1","","1","0","1","2","02407","0","","1.0","","1","N","N","","0","","0","1","0","","2","Y","","2","1","0","0","0","0","0","2","0","1","","","","N","","","","","","","","","",""
"2016081027","","1","0","0","0","0","0","0","0","0","1","0","","02","8","2016","3","40.445743","-79.828026","","11","0","0","0","0","0","0","0","0","1","0","0","0","","","2","","0","","40 26:44.673","2","0","79 49:40.895","3","0","0","0","2113","0","0","0","N","0","0","0","4","02113","1","","1.0","","1","N","N","","0","","1","0","1","","0","N","","3","2","0","0","0","0","0","2","1","3","","","","N","","","","","","","","","",""
"2016083512","","0","0","0","0","0","0","0","0","0","7","0","","02","7","2016","6","40.343406","","","11","0","0","0","0","0","0","0","0","1","0","0","0","","","0","","0","","40 20:36.261","2","0","79 53:6.306","0","0","0","0","2433","0","0","0","N","0","0","0","1","02433","0","","4.0","","1","N","N","","1","","0","0","0","","0","N","","1","0","0","0","0","0","0","2","0","1","","","","N","","","","","","","","","",""
"2016081034","","2","0","0","0","0","0","0","0","0","1","0","","02","8","2016","3","40.436017","-79.785232","","11","0","0","0","0","0","0","1","0","1","0","0","0","","","0","","0","","40 26:09.662","3","0","79 47:06.836","0","0","0","0","2446","0","0","0","N","0","0","0","2","02446","0","","1.0","","1","N","N","","0","","0","0","0","","0","N","","2","0","0","0","0","0","0","2","0","2","","","","N","","","","","","","","","",""
"2016082565","","2","0","0","0","0","0","0","0","0","4","0","","02","8","2016","6","40.612971","-79.947444","","11","0","0","0","0","0","1","0","0","1","0","0","0","","","1","","0","","40 36:46.694","2","7","79 56:50.797","8","0","0","0","2207","0","0","0","N","0","0","0","2","02207","0","","1.0","","1","N","N","","0","","0","0","0","","0","N","","2","1","0","0","0","1","0","2","0","2","","","","N","","","","","","","","","",""
"2016082767","","0","0","0","0","0","0","0","0","0","7","0","","02","8","2016","5","40.494515","-79.783205","","11","0","0","0","0","0","0","0","0","","0","0","0","","","0","","0","","40 29:40.255","","3","79 46:59.537","0","0","0","0","2466","0","0","0","","0","0","0","1","68T02","0","","2.0","","9","N","N","","1","","0","0","0","","0","","","1","0","0","0","0","0","0","2","0","1","","","","N","","","","","","","","","",""
"2016082871","","2","0","0","0","0","0","0","0","0","4","0","","02","8","2016","6","40.671848","","","11","0","0","1","0","0","0","0","1","1","0","0","0","","","2","","2","","40 40:18.652","4","0","80 3:38.613","2","0","0","0","2212","0","0","0","N","0","0","0","3","02505","1","","1.0","","9","N","N","","0","","0","1","0","","3","N","","2","2","0","0","0","0","0","1","0","2","","","","N","","","","","","","","","",""
"2016082876","","0","0","0","0","0","0","0","0","0","7","0","","02","8","2016","4","40.541077","-79.802438","","11","0","0","0","0","0","0","0","0","2","0","0","0","","","0","","0","","40 32:27.877","3","0","79 48:08.775","0","0","0","0","2418","0","0","0","N","0","0","0","1","02418","0","","2.0","","1","N","N","","0","","0","0","1","","0","N","","1","0","0","0","0","0","0","2","0","1","","","","N","","","","","","","","","",""