"CRN","ARRIVAL_TM","AUTOMOBILE_COUNT","BELTED_DEATH_COUNT","BELTED_SUSP_SERIOUS_INJ_COUNT","BICYCLE_COUNT","BICYCLE_DEATH_COUNT","BICYCLE_SUSP_SERIOUS_INJ_COUNT","BUS_COUNT","CHLDPAS_DEATH_COUNT","CHLDPAS_SUSP_SERIOUS_INJ_COUNT","COLLISION_TYPE","COMM_VEH_COUNT","CONS_ZONE_SPD_LIM","COUNTY","CRASH_MONTH","CRASH_YEAR","DAY_OF_WEEK","DEC_LATITUDE","DEC_LONGITUDE","DISPATCH_TM","DISTRICT","DRIVER_COUNT_16YR","DRIVER_COUNT_17YR","DRIVER_COUNT_18YR","DRIVER_COUNT_19YR","DRIVER_COUNT_20YR","DRIVER_COUNT_50_64YR","DRIVER_COUNT_65_74YR","DRIVER_COUNT_75PLUS","EST_HRS_CLOSED","FATAL_COUNT","HEAVY_TRUCK_COUNT","HORSE_BUGGY_COUNT","HOUR_OF_DAY","ILLUMINATION","INJURY_COUNT","INTERSECTION_RELATED","INTERSECT_TYPE","LANE_CLOSED","LATITUDE","LN_CLOSE_DIR","LOCATION_TYPE","LONGITUDE","MAX_SEVERITY_LEVEL","MCYCLE_DEATH_COUNT","MCYCLE_SUSP_SERIOUS_INJ_COUNT","MOTORCYCLE_COUNT","MUNICIPALITY","NONMOTR_COUNT","NONMOTR_DEATH_COUNT","NONMOTR_SUSP_SERIOUS_INJ_COUNT","NTFY_HIWY_MAINT","PED_COUNT","PED_DEATH_COUNT","PED_SUSP_SERIOUS_INJ_COUNT","PERSON_COUNT","POLICE_AGCY","POSSIBLE_INJ_COUNT","RDWY_SURF_TYPE_CD","RELATION_TO_ROAD","ROADWAY_CLEARED","ROAD_CONDITION","SCH_BUS_IND","SCH_ZONE_IND","SECONDARY_CRASH","SMALL_TRUCK_COUNT","SPEC_JURIS_CD","SUSP_MINOR_INJ_COUNT","SUSP_SERIOUS_INJ_COUNT","SUV_COUNT","TCD_FUNC_CD","TCD_TYPE","TFC_DETOUR_IND","TIME_OF_DAY","TOTAL_UNITS","TOT_INJ_COUNT","UNBELTED_OCC_COUNT","UNB_DEATH_COUNT","UNB_SUSP_SERIOUS_INJ_COUNT","UNK_INJ_DEG_COUNT","UNK_INJ_PER_COUNT","URBAN_RURAL","VAN_COUNT","VEHICLE_COUNT","WEATHER1","WEATHER2","WORKERS_PRES","WORK_ZONE_IND","WORK_ZONE_LOC","WORK_ZONE_TYPE","WZ_CLOSE_DETOUR","WZ_FLAGGER","WZ_LAW_OFFCR_IND","WZ_LN_CLOSURE","WZ_MOVING","WZ_OTHER","WZ_SHLDER_MDN","WZ_WORKERS_INJ_KILLED"
"2016085683","","1","0","0","0","0","0","0","0","0","4","0","","02","8","2016","1","40.350014","-79.871543","","11","0","0","0","0","0","0","0","0","1","0","0","0","","","0","","3","","40 21:00.051","3","0","79 52:17.553","0","0","0","0","2304","0","0","0","N","0","0","0","2","02304","0","","1.0","","1","N","N","","0","","0","0","1","","2","N","","2","0","1","0","0","0","0","2","0","2","","","","N","","","","","","","","","",""
"2016084677","","2","0","0","0","0","0","0","0","0","4","0","","02","7","2016","4","40.299062","-80.029812","","11","0","0","0","0","0","0","0","1","","0","0","0","","","0","","2","","40 17:56.623","","0","80 01:47.323","0","0","0","0","2407","0","0","0","","0","0","0","2","02407","0","","1.0","","1","N","N","","0","","0","0","0","","0","","","2","0","0","0","0","0","0","2","0","2","","","","N","","","","","","","","","",""
"2016085802","","1","0","0","0","0","0","0","0","0","7","0","","02","8","2016","1","40.592388","-79.891166","","11","0","0","0","0","0","0","0","0","","0","0","0","","","1","","0","","40 35:32.598","","0","79 53:28.196","2","0","0","0","2209","0","0","0","","0","0","0","1","68T02","0","","5.0","","9","Y","N","","0","","0","1","0","","0","","","1","1","0","0","0","0","0","1","0","1","","","","N","","","","","","","","","",""
"2016084493","","1","0","0","0","0","0","0","0","0","1","0","","02","8","2016","5","40.655185","-80.086928","","11","0","0","0","0","0","0","0","0","","0","0","0","","","1","","1","","40 39:18.666","","0","80 05:12.940","4","0","0","0","2212","0","0","0","N","0","0","0","2","02505","1","","1.0","","1","N","N","","0","","0","0","1","","2","","","2","1","0","0","0","0","0","2","0","2","","","","N","","","","","","","","","",""
"2016086901","","2","0","0","0","0","0","0","0","0","1","0","","02","8","2016","4","40.436904","-80.063803","","11","0","0","0","0","0","0","0","0","1","0","0","0","","","1","","0","","40 26:12.855","3","0","80 03:49.691","8","0","0","0","2421","0","0","0","N","0","0","0","4","02421","0","","1.0","","1","N","N","","1","","0","0","0","","2","Y","","3","1","0","0","0","1","0","2","0","3","","","","N","","","","","","","","","",""
"2016084678","","2","0","0","0","0","0","0","0","0","1","0","","02","7","2016","5","40.355718","-80.028176","","11","0","0","0","0","0","1","0","0","","0","0","0","","","1","","0","","40 21:20.585","","0","80 01:41.435","8","0","0","0","2407","0","0","0","","0","0","0","3","02407","0","","1.0","","1","N","N","","0","","0","0","1","","0","","","3","1","0","0","0","1","0","2","0","3","","","","N","","","","","","","","","",""
"2016086343","","2","0","0","0","0","0","0","0","0","4","0","","02","8","2016","3","40.325744","-79.956541","","11","0","0","0","0","0","0","0","2","1","0","0","0","","","0","","0","","40 19:32.680","2","0","79 57:23.546","0","0","0","0","2454","0","0","0","N","0","0","0","3","02454","0","","1.0","","1","N","N","","0","","0","0","0","","0","N","","2","0","0","0","0","0","0","2","0","2","","","","N","","","","","","","","","",""
"2016093518","","0","0","0","0","0","0","0","0","0","4","1","","02","9","2016","4","40.564848","-79.956932","","11","0","0","0","0","0","0","1","0","2","0","0","0","","","1","","2","","40 33:53.452","1","0","79 57:24.954","8","0","0","0","2207","0","0","0","N","0","0","0","5","02207","0","","1.0","","1","Y","N","","0","","0","0","0","","3","N","","2","1","0","0","0","1","0","2","0","2","","","","N","","","","","","","","","",""
"2016076594","","1","0","0","0","0","0","0","0","0","0","0","","02","7","2016","6","40.41566","-80.013719","","11","0","0","0","0","0","0","0","0","2","0","0","0","","","0","","0","","40 24:56.376","2","0","80 00:49.390","0","0","0","0","2301","0","0","0","N","0","0","0","3","02301","0","","1.0","","1","N","N","","0","","0","0","1","","0","N","","2","0","0","0","0","0","0","2","0","2","","","","N","","","","","","","","","",""
"2016076942","","0","0","0","0","0","0","0","0","0","5","0","","02","7","2016","1","40.447978","-80.006038","","11","0","0","0","0","0","1","0","0","2","0","0","0","","","0","","0","","40 26:52.719","3","0","80 00:21.735","0","0","0","0","2301","0","0","0","N","0","0","0","4","02301","0","","1.0","","1","N","N","","0","","0","0","2","","0","N","","2","0","0","0","0","0","0","2","0","2","","","","N","","","","","","","","","",""
"2016076146","","1","0","0","0","0","0","0","0","0","8","0","","02","7","2016","5","40.58036","-80.216537","","11","0","0","0","0","0","0","0","0","","0","0","0","","","1","","0","","40 34:49.295","","0","80 12:59.533","8","0","0","0","2301","1","0","0","N","1","0","0","2","02301","0","","1.0","","9","N","N","","0","","0","0","0","","0","","","2","1","0","0","0","1","0","2","0","1","","","","N","","","","","","","","","",""
"2016099866","","3","0","0","0","0","0","0","0","0","1","0","","02","6","2016","4","40.444077","-80.178471","","11","0","0","0","2","0","2","0","0","","0","0","0","","","1","","0","","40 26:38.677","","0","80 10:42.497","4","0","0","0","2214","0","0","0","","0","0","0","5","68B03","1","","1.0","","1","N","N","","0","","0","0","1","","0","","","4","1","0","0","0","0","0","2","0","4","","","","N","","","","","","","","","",""
"2016095332","","0","0","0","0","0","0","0","0","0","6","0","","02","9","2016","7","40.383549","-79.913083","","11","0","0","0","0","0","0","0","0","1","0","0","0","","","1","","0","","40 23:00.775","1","0","79 54:47.097","8","0","0","0","2448","0","0","0","N","0","0","0","3","02448","0","","1.0","","1","N","N","","0","","0","0","2","","0","N","","2","1","0","0","0","1","0","2","0","2","","","","N","","","","","","","","","",""
"2016086357","","2","0","0","0","0","0","0","0","0","1","0","","02","8","2016","4","40.329102","-80.027415","","11","0","0","0","0","0","0","1","1","1","0","0","0","","","1","","0","","40 19:44.768","4","0","80 01:38.695","8","0","0","0","2407","0","0","0","","0","0","0","2","02407","0","","1.0","","1","N","N","","0","","0","0","0","","0","N","","2","1","0","0","0","1","0","2","0","2","","","","N","","","","","","","","","",""
"2016076140","","0","0","0","0","0","0","0","0","0","4","0","","02","7","2016","5","40.454029","-79.912399","","11","0","0","1","0","0","0","0","0","1","0","0","0","","","0","","1","","40 27:14.504","1","0","79 54:44.638","0","0","0","0","2301","0","0","0","N","0","0","0","3","02301","0","","1.0","","9","N","N","","0","","0","0","2","","2","N","","2","0","0","0","0","0","0","2","0","2","","","","N","","","","","","","","","",""
"2016085103","","0","0","0","0","0","0","0","0","0","6","0","","02","8","2016","4","40.417343","-80.102948","","11","0","0","0","0","0","0","0","0","","0","0","0","","","0","","0","","40 25:02.435","","0","80 06:10.613","0","0","0","0","2115","0","0","0","","0","0","0","3","68B03","0","","1.0","","1","N","N","","0","","0","0","1","","0","","","2","0","0","0","0","0","0","2","1","2","","","","N","","","","","","","","","",""
"2016086358","","2","0","0","0","0","0","0","0","0","4","0","","02","8","2016","6","40.327942","-80.030716","","11","0","0","0","0","0","1","0","0","1","0","0","0","","","1","","2","","40 19:40.590","6","0","80 01:50.578","4","0","0","0","2407","0","0","0","","0","0","0","2","02407","1","","1.0","","1","N","N","","0","","0","0","0","","2","N","","2","1","0","0","0","0","0","2","0","2","","","","N","","","","","","","","","",""
"2016086359","","2","0","0","0","0","0","0","0","0","1","0","","02","8","2016","6","40.343206","-80.052573","","11","0","0","0","0","0","0","2","0","","0","0","0","","","1","","0","","40 20:35.543","","0","80 03:09.264","3","0","0","0","2407","0","0","0","","0","0","0","3","02407","0","","1.0","","1","N","N","","0","","1","0","0","","0","","","2","1","0","0","0","0","0","2","0","2","","","","N","","","","","","","","","",""
"2016094834","","1","0","0","0","0","0","0","0","0","4","0","","02","9","2016","7","40.416924","-80.086433","","11","0","0","0","0","0","0","0","0","1","0","0","0","","","2","","0","","40 25:00.927","4","0","80 05:11.157","8","0","0","0","2415","0","0","0","","0","0","0","2","68B03","0","","1.0","","1","N","N","","0","","0","0","1","","0","N","","2","2","0","0","0","2","0","2","0","2","","","","N","","","","","","","","","",""
"2016095053","","1","0","0","0","0","0","0","0","0","5","1","","02","8","2016","6","40.412419","-80.106096","","11","0","0","0","0","0","1","0","0","","0","1","0","","","0","","0","","40 24:44.709","","0","80 06:21.944","0","0","0","0","2115","0","0","0","","0","0","0","5","68B03","0","","1.0","","1","N","N","","1","","0","0","0","","0","","","3","0","0","0","0","0","0","2","0","3","","","","N","","","","","","","","","",""
"2016077068","","1","0","0","0","0","0","0","0","0","7","0","","02","7","2016","1","40.486097","-80.106563","","11","0","0","0","0","0","0","0","0","","0","0","0","","","0","","0","","40 29:09.948","","0","80 06:23.625","0","0","0","0","2126","0","0","0","N","0","0","0","1","02126","0","","5.0","","1","N","N","","0","","0","0","0","","0","","","1","0","0","0","0","0","0","2","0","1","","","","N","","","","","","","","","",""
"2016087364","","1","0","0","0","0","0","0","0","0","4","0","","02","8","2016","5","40.323255","-79.943085","","11","0","0","1","0","0","1","0","0","","0","0","0","","","0","","0","","40 19:23.717","","0","79 56:35.107","0","0","0","0","2454","0","0","0","N","0","0","0","4","02454","0","","1.0","","9","N","N","","1","","0","0","1","","0","","","3","0","0","0","0","0","0","2","0","3","","","","N","","","","","","","","","",""
"2016084060","","1","0","0","0","0","0","0","0","0","5","0","","02","8","2016","4","40.556789","-79.958578","","11","0","0","0","0","0","0","0","0","","0","0","0","","","1","","0","","40 33:24.442","","0","79 57:30.880","3","0","0","0","2207","0","0","0","N","0","0","0","2","02207","0","","1.0","","1","N","N","","1","","1","0","0","","0","","","2","1","0","0","0","0","0","2","0","2","","","","N","","","","","","","","","",""
"2016085105","","1","0","0","0","0","0","0","0","0","7","0","","02","8","2016","4","40.494196","-80.12393","","11","0","0","0","0","0","0","0","0","","0","0","0","","","0","","0","","40 29:39.107","","0","80 07:26.149","0","0","0","0","2115","0","0","0","","0","0","0","1","68B03","0","","2.0","","1","N","N","","0","","0","0","0","","0","","","1","0","0","0","0","0","0","2","0","1","","","","N","","","","","","","","","",""
"2016077007","","1","0","0","0","0","0","0","0","0","4","0","","02","7","2016","1","40.466838","-80.025079","","11","0","0","0","0","0","0","0","0","","0","0","0","","","0","","0","","40 28:00.617","","0","80 01:30.285","0","0","0","0","2301","0","0","0","N","0","0","0","3","02301","0","","1.0","","1","N","N","","0","","0","0","0","","2","","","2","0","0","0","0","0","0","2","1","2","","","","N","","","","","","","","","",""
"2016086223","","0","0","0","0","0","0","0","0","0","7","0","","02","8","2016","3","40.612829","-79.968463","","11","0","0","0","0","0","0","0","0","2","0","0","0","","","7","","0","","40 36:46.183","4","3","79 58:06.468","3","0","0","0","2207","0","0","0","","0","0","0","7","68T02","0","","3.0","","9","N","N","","0","","7","0","0","","0","N","","1","7","0","0","0","0","0","1","1","1","","","","N","","","","","","","","","",""
"2016087587","","0","0","0","0","0","0","1","0","0","0","1","","02","8","2016","6","40.434912","-80.034056","","11","0","0","0","0","0","0","1","0","2","0","0","0","","","0","","2","","40 26:05.682","5","0","80 02:02.602","0","0","0","0","2301","0","0","0","N","0","0","0","3","02301","0","","5.0","","1","Y","N","","1","","0","0","0","","3","Y","","2","0","0","0","0","0","0","2","0","2","","","","N","","","","","","","","","",""
"2016087346","","1","0","0","0","0","0","0","0","0","4","0","","02","8","2016","5","40.43434","-79.918759","","11","0","1","0","0","1","0","0","0","","0","0","0","","","0","","2","","40 26:03.624","","0","79 55:07.532","0","0","0","0","2301","0","0","0","N","0","0","0","2","02301","0","","1.0","","1","N","N","","0","","0","0","1","","3","","","2","0","0","0","0","0","0","2","0","2","","","","N","","","","","","","","","",""
"2016084066","","1","0","0","0","0","0","0","0","0","4","1","","02","8","2016","4","40.436222","-79.735682","","11","0","0","0","0","0","1","1","0","2","0","1","0","","","0","","0","","40 26:10.400","3","0","79 44:08.454","0","0","0","0","2446","0","0","0","N","0","0","0","2","02446","0","","1.0","","1","N","N","","0","","0","0","0","","0","N","","2","0","0","0","0","0","0","2","0","2","","","","N","","","","","","","","","",""
"2016076884","","1","0","0","0","0","0","0","0","0","3","0","","02","7","2016","6","40.483661","-80.03569","","11","0","0","0","1","0","0","0","0","","0","0","0","","","0","","0","","40 29:01.179","","7","80 02:08.484","0","0","0","0","2301","0","0","0","N","0","0","0","2","02301","0","","1.0","","1","N","N","","0","","0","0","1","","0","","","2","0","0","0","0","0","0","2","0","2","","","","N","","","","","","","","","",""
"2016084076","","1","0","0","0","0","0","0","0","0","5","0","","02","8","2016","4","40.430703","-80.025877","","11","0","0","0","0","0","0","0","0","1","0","0","0","","","1","","5","","40 25:50.529","1","0","80 01:33.157","4","0","0","0","2301","0","0","0","N","0","0","0","4","02301","1","","1.0","","9","N","N","","1","","0","0","0","","2","N","","3","1","1","0","0","0","0","2","0","2","","","","N","","","","","","","","","",""
"2016096999","","1","0","0","0","0","0","0","0","0","4","1","","02","9","2016","5","40.451509","-79.908149","","11","0","0","0","0","0","0","0","0","2","0","1","0","","","1","","1","","40 27:05.432","1","0","79 54:29.335","4","0","0","0","2301","0","0","0","N","0","0","0","2","02301","1","","1.0","","1","N","N","","0","","0","0","0","","2","N","","2","1","0","0","0","0","0","2","0","2","","","","N","","","","","","","","","",""
"2016095162","","1","0","0","0","0","0","0","0","0","7","0","55","02","9","2016","3","40.508662","-80.280546","","11","0","0","0","0","0","0","0","0","2","0","0","0","","","1","","0","","40 30:31.184","3","0","80 16:49.964","8","0","0","0","2203","0","0","0","","0","0","0","3","68B03","0","","4.0","","1","N","N","","0","","0","0","0","","0","N","","1","1","0","0","0","1","2","1","0","1","","","Y","Y","8","1","N","N","N","Y","N","N","N",""
"2016085036","","0","0","0","0","0","0","0","0","0","6","0","","02","8","2016","3","40.600369","-80.078093","","11","0","0","0","0","0","0","1","0","1","0","0","0","","","1","","0","","40 36:01.329","1","0","80 04:41.135","3","0","0","1","2481","0","0","0","N","0","0","0","2","02481","0","","1.0","","1","N","N","","0","","1","0","1","","0","Y","","2","1","0","0","0","0","0","2","0","2","","","","N","","","","","","","","","",""
"2016087602","","2","0","0","0","0","0","0","0","0","4","0","","02","8","2016","6","40.409063","-79.991003","","11","0","0","0","0","0","0","0","0","","0","0","0","","","1","","0","","40 24:32.628","","0","79 59:27.609","2","0","0","0","2301","0","0","0","N","0","0","0","5","02301","0","","4.0","","1","N","N","","1","","0","1","0","","0","","","3","1","3","0","0","0","1","2","0","3","","","","N","","","","","","","","","",""
"2016100014","","1","0","0","0","0","0","0","0","0","7","0","","02","9","2016","5","40.407296","-80.033579","","11","0","0","0","0","0","0","0","0","","0","0","0","","","0","","2","","40 24:26.264","","0","80 02:00.884","0","0","0","0","2301","0","0","0","N","0","0","0","1","02301","0","","2.0","","9","N","N","","0","","0","0","0","","2","","","1","0","0","0","0","0","0","2","0","1","","","","N","","","","","","","","","",""
"2016095075","","1","0","0","0","0","0","0","0","0","7","0","","02","9","2016","7","40.543843","-80.121783","","11","0","0","0","0","0","0","0","0","","0","0","0","","","0","","0","","40 32:37.836","","0","80 07:18.417","0","0","0","0","2215","0","0","0","","0","0","0","1","68B03","0","","3.0","","1","N","N","","0","","0","0","0","","0","","","1","0","0","0","0","0","0","2","0","1","","","","N","","","","","","","","","",""
"2016095163","","1","0","0","0","0","0","0","0","0","1","0","","02","9","2016","3","40.423356","-80.03042","","11","0","0","0","0","1","0","0","0","2","0","0","0","","","1","","0","","40 25:24.082","3","0","80 01:49.511","3","0","0","0","2301","0","0","0","","0","0","0","5","68B03","0","","1.0","","1","N","N","","1","","1","0","0","","0","N","","3","1","0","0","0","0","0","2","1","3","","","","N","","","","","","","","","",""
"2016099884","","1","0","0","0","0","0","0","0","0","7","0","","02","9","2016","1","40.442159","-79.791766","","11","0","0","0","0","0","0","0","0","2","0","0","0","","","1","","0","","40 26:31.772","4","0","79 47:30.359","3","0","0","0","2446","0","0","0","","0","0","0","2","68B03","0","","4.0","","9","N","N","","0","","1","0","0","","0","N","","1","1","0","0","0","0","0","2","0","1","","","","N","","","","","","","","","",""
"2016085041","","0","0","0","0","0","0","0","0","0","2","0","","02","8","2016","6","40.647361","-80.107101","","11","0","0","0","0","0","2","0","0","2","0","0","0","","","2","","2","","40 38:50.501","6","0","80 06:25.564","4","0","0","0","2212","0","0","0","N","0","0","0","4","02505","2","","1.0","","1","N","N","","0","","0","0","2","","0","N","","2","2","0","0","0","0","0","2","0","2","","","","N","","","","","","","","","",""
"2016087608","","1","0","0","0","0","0","0","0","0","1","0","","02","8","2016","5","40.545878","-80.016897","","11","0","0","0","0","0","1","2","0","","0","0","0","","","0","","1","","40 32:45.159","","0","80 01:00.828","0","0","0","0","2116","0","0","0","N","0","0","0","5","02116","0","","1.0","","1","N","N","","0","","0","0","3","","2","","","4","0","0","0","0","0","0","2","0","4","","","","N","","","","","","","","","",""
"2016086391","","3","0","0","0","0","0","0","0","0","1","0","","02","7","2016","4","40.434971","-79.966244","","11","0","0","0","0","0","0","1","0","1","0","0","0","","","0","","0","","40 26:05.895","4","0","79 57:58.479","0","0","0","0","2301","0","0","0","","0","0","0","3","68B03","0","","1.0","","1","N","N","","0","","0","0","0","","0","N","","3","0","0","0","0","0","0","2","0","3","","","","N","","","","","","","","","",""
"2016087387","","1","0","0","0","0","0","0","0","0","4","0","","02","8","2016","3","40.438972","-79.760505","","11","0","0","0","0","0","0","0","0","1","0","0","0","","","0","","7","","40 26:20.298","2","0","79 45:37.818","0","0","0","0","2446","0","0","0","N","0","0","0","1","02446","0","","1.0","","1","N","N","","0","","0","0","0","","2","N","","2","0","0","0","0","0","0","2","0","1","","","","N","","","","","","","","","",""
"2016084083","","1","0","0","0","0","0","0","0","0","1","0","","02","8","2016","7","40.419913","-79.850154","","11","0","0","0","0","0","0","0","0","1","0","0","0","","","0","","1","","40 25:11.688","4","0","79 51:00.553","0","0","0","0","2431","0","0","0","N","0","0","0","5","02431","0","","1.0","","9","N","N","","0","","0","0","1","","2","N","","2","0","1","0","0","0","0","2","0","2","","","","N","","","","","","","","","",""
"2016085115","","2","0","0","0","0","0","0","0","0","1","0","","02","8","2016","5","40.442025","-79.857307","","11","0","0","0","0","0","1","0","0","1","0","0","0","","","0","","0","","40 26:31.289","4","0","79 51:26.306","0","0","0","0","2419","0","0","0","","0","0","0","5","68B03","0","","1.0","","1","N","N","","0","","0","0","1","","0","N","","3","0","0","0","0","0","0","2","0","3","","","","N","","","","","","","","","",""
"2016086242","","1","0","0","0","0","0","0","0","0","6","1","","02","8","2016","2","40.523533","-79.972325","","11","0","0","0","0","0","0","0","1","","0","1","0","","","1","","0","","40 31:24.717","","3","79 58:20.371","8","0","0","0","2118","0","0","0","Y","0","0","0","2","02118","0","","1.0","","1","N","N","","0","","0","0","0","","0","","","2","1","0","0","0","1","0","2","0","2","","","","N","","","","","","","","","",""
"2016087389","","0","0","0","0","0","0","0","0","0","7","0","","02","8","2016","5","40.479435","-79.97227","","11","0","0","0","0","0","1","0","0","4","0","0","0","","","1","","0","","40 28:45.967","6","0","79 58:20.171","8","0","0","0","2445","0","0","0","N","0","0","0","2","02445","0","","4.0","","1","N","N","","0","","0","0","1","","0","Y","","1","1","0","0","0","1","0","2","0","1","","","","N","","","","","","","","","",""
"2016076588","","3","0","0","0","0","0","0","0","0","1","0","","02","7","2016","6","40.487185","-80.00896","","11","0","0","0","0","0","2","0","0","","0","0","0","","","1","","7","","40 29:13.866","","2","80 00:32.256","3","0","0","0","2301","0","0","0","N","0","0","0","6","02301","0","","1.0","","1","N","N","","0","","1","0","2","","0","","","5","1","0","0","0","0","0","2","0","5","","","","N","","","","","","","","","",""
"2016095080","","2","0","0","0","0","0","0","0","0","1","0","","02","9","2016","2","40.437513","-80.150208","","11","0","0","0","0","0","1","0","0","","0","0","0","","","1","","0","","40 26:15.046","","0","80 09:00.750","8","0","0","0","2115","0","0","0","","0","0","0","2","68B03","0","","1.0","","1","N","N","","0","","0","0","0","","0","","","2","1","0","0","0","1","0","2","0","2","","","","N","","","","","","","","","",""
"2016085121","","2","0","0","0","0","0","0","0","0","1","0","","02","8","2016","6","40.315247","-79.917131","","11","0","0","0","0","1","0","0","0","2","0","0","0","","","0","","2","","40 18:54.890","2","4","79 55:01.672","0","0","0","0","2440","0","0","0","N","0","0","0","3","02440","0","","1.0","","1","N","N","","0","","0","0","0","","0","N","","2","0","0","0","0","0","0","2","0","2","","","","N","","","","","","","","","",""
"2016085229","","1","0","0","0","0","0","0","0","0","1","0","","02","8","2016","6","40.502431","-80.135962","","11","0","0","0","0","0","0","0","0","","0","0","0","","","0","","0","","40 30:08.752","","0","80 08:09.463","0","0","0","0","2115","0","0","0","","0","0","0","2","68B03","0","","1.0","","1","N","N","","1","","0","0","0","","0","","","2","0","0","0","0","0","0","2","0","2","","","","N","","","","","","","","","",""
"2016096975","","1","0","0","0","0","0","0","0","0","4","0","","02","9","2016","3","40.580628","-80.037846","","11","0","0","0","0","0","1","0","0","1","0","0","0","","","0","","2","","40 34:50.259","2","0","80 02:16.246","0","0","0","0","2108","0","0","0","","0","0","0","2","02108","0","","1.0","","1","N","N","","0","","0","0","1","","3","N","","2","0","0","0","0","0","0","2","0","2","","","","N","","","","","","","","","",""
"2016086246","","1","0","0","0","0","0","0","0","0","4","0","","02","8","2016","3","40.43835","-79.946792","","11","0","0","0","0","0","0","0","1","","0","0","0","","","1","","3","","40 26:18.060","","0","79 56:48.451","8","0","0","0","2301","0","0","0","N","0","0","0","5","02301","0","","1.0","","1","N","N","","1","","0","0","0","","3","","","2","1","1","0","0","1","0","2","0","2","","","","N","","","","","","","","","",""
"2016076857","","0","0","0","0","0","0","0","0","0","7","0","","02","7","2016","7","40.454696","-79.880679","","11","0","0","0","0","0","1","0","0","4","0","0","0","","","0","","1","","40 27:16.907","7","0","79 52:50.445","0","0","0","0","2301","0","0","0","N","0","0","0","1","02301","0","","5.0","","1","N","N","","1","","0","0","0","","2","Y","","1","0","0","0","0","0","0","2","0","1","","","","N","","","","","","","","","",""
"2016076947","","1","0","0","0","0","0","0","0","0","1","0","","02","7","2016","1","40.430909","-80.027828","","11","0","0","0","0","0","0","0","0","1","0","0","0","","","0","","3","","40 25:51.272","2","2","80 01:40.179","0","0","0","0","2301","0","0","0","N","0","0","0","3","02301","0","","7.0","","1","N","N","","0","","0","0","1","","4","N","","2","0","0","0","0","0","0","2","0","2","","","","N","","","","","","","","","",""
"2016086247","","1","0","0","0","0","0","0","0","0","1","0","","02","8","2016","4","40.408317","-79.89416","","11","0","0","0","0","0","1","0","0","2","0","0","0","","","2","","2","","40 24:29.942","4","0","79 53:38.975","3","0","0","0","2448","0","0","0","N","0","0","0","3","02448","1","","1.0","","9","N","N","","0","","1","0","1","","2","N","","2","2","0","0","0","0","0","2","0","2","","","","N","","","","","","","","","",""
"2016099135","","1","0","0","0","0","0","0","0","0","7","0","","02","6","2016","6","40.437859","-80.198042","","11","0","0","0","0","0","1","0","0","1","0","0","0","","","1","","0","","40 26:16.293","3","0","80 11:52.951","4","0","0","0","2214","0","0","0","","0","0","0","1","68B03","1","","5.0","","8","N","N","","0","","0","0","0","","0","N","","1","1","0","0","0","0","0","2","0","1","","","","N","","","","","","","","","",""
"2016095086","","1","0","0","0","0","0","0","0","0","7","0","55","02","9","2016","4","40.571822","-79.859988","","11","0","0","0","0","0","0","1","0","3","0","0","0","","","2","","0","","40 34:18.559","3","0","79 51:35.957","3","0","0","0","2209","0","0","0","","0","0","0","3","68T02","0","","4.0","","1","N","N","","0","","2","0","1","","0","N","","2","2","0","0","0","0","0","2","0","2","","","N","Y","4","1","N","N","N","Y","N","N","Y",""
"2016098924","","1","0","0","0","0","0","0","0","0","5","0","","02","9","2016","7","40.434703","-79.965948","","11","0","0","0","0","0","0","0","0","2","0","0","0","","","0","","0","","40 26:04.929","3","0","79 57:57.413","0","0","0","0","2301","0","0","0","","0","0","0","2","68B03","0","","1.0","","1","N","N","","1","","0","0","0","","0","N","","2","0","0","0","0","0","0","2","0","2","","","","N","","","","","","","","","",""
"2016076841","","3","0","0","0","0","0","0","0","0","1","0","","02","7","2016","7","40.427089","-79.967117","","11","0","0","0","0","0","2","0","0","1","0","0","0","","","1","","1","","40 25:37.519","4","0","79 58:01.620","3","0","0","0","2301","0","0","0","N","0","0","0","6","02301","0","","1.0","","1","N","N","","0","","1","0","0","","2","N","","4","1","0","0","0","0","0","2","1","4","","","","N","","","","","","","","","",""
"2016095176","","2","0","0","0","0","0","0","0","0","1","0","","02","9","2016","5","40.435841","-79.978581","","11","0","0","0","0","0","1","0","0","2","0","0","0","","","0","","0","","40 26:09.029","4","0","79 58:42.891","9","0","0","0","2301","0","0","0","","0","0","0","2","68B03","0","","1.0","","1","N","N","","0","","0","0","0","","0","N","","2","0","0","0","0","0","1","2","0","2","","","","N","","","","","","","","","",""
"2016085128","","1","0","0","0","0","0","0","0","0","8","0","","02","8","2016","6","40.457988","-79.708385","","11","0","0","0","0","0","1","0","0","1","0","0","0","","","1","","2","","40 27:28.755","2","0","79 42:30.185","2","0","0","0","2466","1","0","1","N","1","0","1","4","02466","0","","1.0","","1","N","N","","0","","0","1","0","","2","N","","2","1","0","0","0","0","0","2","0","1","","","","N","","","","","","","","","",""
"2016099287","","1","0","0","0","0","0","0","0","0","7","0","","02","7","2016","7","40.444811","-79.851844","","11","0","0","0","0","0","0","1","0","2","0","0","0","","","2","","0","","40 26:41.319","4","0","79 51:06.639","3","0","0","0","2419","0","0","0","","0","0","0","2","68B03","0","","4.0","","1","N","N","","0","","2","0","0","","0","N","","1","2","0","0","0","0","0","2","0","1","","","","N","","","","","","","","","",""