"CRN","ARRIVAL_TM","AUTOMOBILE_COUNT","BELTED_DEATH_COUNT","BELTED_SUSP_SERIOUS_INJ_COUNT","BICYCLE_COUNT","BICYCLE_DEATH_COUNT","BICYCLE_SUSP_SERIOUS_INJ_COUNT","BUS_COUNT","CHLDPAS_DEATH_COUNT","CHLDPAS_SUSP_SERIOUS_INJ_COUNT","COLLISION_TYPE","COMM_VEH_COUNT","CONS_ZONE_SPD_LIM","COUNTY","CRASH_MONTH","CRASH_YEAR","DAY_OF_WEEK","DEC_LATITUDE","DEC_LONGITUDE","DISPATCH_TM","DISTRICT","DRIVER_COUNT_16YR","DRIVER_COUNT_17YR","DRIVER_COUNT_18YR","DRIVER_COUNT_19YR","DRIVER_COUNT_20YR","DRIVER_COUNT_50_64YR","DRIVER_COUNT_65_74YR","DRIVER_COUNT_75PLUS","EST_HRS_CLOSED","FATAL_COUNT","HEAVY_TRUCK_COUNT","HORSE_BUGGY_COUNT","HOUR_OF_DAY","ILLUMINATION","INJURY_COUNT","INTERSECTION_RELATED","INTERSECT_TYPE","LANE_CLOSED","LATITUDE","LN_CLOSE_DIR","LOCATION_TYPE","LONGITUDE","MAX_SEVERITY_LEVEL","MCYCLE_DEATH_COUNT","MCYCLE_SUSP_SERIOUS_INJ_COUNT","MOTORCYCLE_COUNT","MUNICIPALITY","NONMOTR_COUNT","NONMOTR_DEATH_COUNT","NONMOTR_SUSP_SERIOUS_INJ_COUNT","NTFY_HIWY_MAINT","PED_COUNT","PED_DEATH_COUNT","PED_SUSP_SERIOUS_INJ_COUNT","PERSON_COUNT","POLICE_AGCY","POSSIBLE_INJ_COUNT","RDWY_SURF_TYPE_CD","RELATION_TO_ROAD","ROADWAY_CLEARED","ROAD_CONDITION","SCH_BUS_IND","SCH_ZONE_IND","SECONDARY_CRASH","SMALL_TRUCK_COUNT","SPEC_JURIS_CD","SUSP_MINOR_INJ_COUNT","SUSP_SERIOUS_INJ_COUNT","SUV_COUNT","TCD_FUNC_CD","TCD_TYPE","TFC_DETOUR_IND","TIME_OF_DAY","TOTAL_UNITS","TOT_INJ_COUNT","UNBELTED_OCC_COUNT","UNB_DEATH_COUNT","UNB_SUSP_SERIOUS_INJ_COUNT","UNK_INJ_DEG_COUNT","UNK_INJ_PER_COUNT","URBAN_RURAL","VAN_COUNT","VEHICLE_COUNT","WEATHER1","WEATHER2","WORKERS_PRES","WORK_ZONE_IND","WORK_ZONE_LOC","WORK_ZONE_TYPE","WZ_CLOSE_DETOUR","WZ_FLAGGER","WZ_LAW_OFFCR_IND","WZ_LN_CLOSURE","WZ_MOVING","WZ_OTHER","WZ_SHLDER_MDN","WZ_WORKERS_INJ_KILLED"
"2016095921","","1","0","0","0","0","0","0","0","0","7","0","","02","9","2016","4","40.490979","-79.876903","","11","0","0","0","0","0","0","0","0","","0","0","0","","","0","","0","","40 29:27.524","","2","79 52:36.852","0","0","0","0","2112","0","0","0","","0","0","0","1","68D02","0","","4.0","","9","N","N","","0","","0","0","0","","0","","","1","0","0","0","0","0","0","2","0","1","","","","N","","","","","","","","","",""
"2016082145","","1","0","0","0","0","0","0","0","0","2","0","","02","7","2016","5","40.545556","-80.009667","","11","0","1","0","1","0","0","0","0","2","0","0","0","","","0","","0","","40 32:44.000","4","0","80 00:34.800","0","0","0","0","2116","0","0","0","N","0","0","0","2","02116","0","","1.0","","9","N","N","","0","","0","0","1","","0","N","","2","0","0","0","0","0","0","2","0","2","","","","N","","","","","","","","","",""
"2016077990","","1","0","0","0","0","0","0","0","0","7","0","","02","7","2016","6","40.421056","-80.001889","","11","0","0","0","0","0","0","0","0","","0","0","0","","","1","","0","","40 25:15.800","","0","80 00:06.800","8","0","0","0","2301","0","0","0","N","0","0","0","2","02301","0","","2.0","","1","N","N","","0","","0","0","0","","0","","","1","1","0","0","0","1","1","2","0","1","","","","N","","","","","","","","","",""
"2016094156","","1","0","0","0","0","0","0","0","0","4","0","","02","9","2016","3","40.429854","-79.751251","","11","0","0","0","0","0","1","0","1","1","0","0","0","","","1","","5","","40 25:47.476","5","0","79 45:04.504","8","0","0","0","2446","0","0","0","N","0","0","0","2","02446","0","","1.0","","1","N","N","","0","","0","0","1","","2","N","","2","1","0","0","0","1","0","2","0","2","","","","N","","","","","","","","","",""
"2016087945","","2","0","0","0","0","0","0","0","0","1","0","","02","8","2016","3","40.425818","-79.900086","","11","0","0","0","0","0","0","0","0","","0","0","0","","","0","","0","","40 25:32.946","","0","79 54:00.308","0","0","0","0","2301","0","0","0","","0","0","0","1","68B03","0","","1.0","","1","N","N","","0","","0","0","0","","0","","","2","0","0","0","0","0","0","2","0","2","","","","N","","","","","","","","","",""
"2016095335","","1","0","0","0","0","0","0","0","0","8","0","","02","9","2016","6","40.474228","-80.078493","","11","0","0","0","0","0","1","0","0","","0","0","0","","","1","","0","","40 28:27.221","","0","80 04:42.573","3","0","0","0","2122","1","0","0","N","1","0","0","2","02122","0","","1.0","","1","N","N","","0","","1","0","0","","0","","","2","1","0","0","0","0","0","2","0","1","","","","N","","","","","","","","","",""
"2016077091","","1","0","0","0","0","0","0","0","0","4","0","","02","7","2016","6","40.496131","-79.976872","","11","0","0","1","0","0","0","0","0","","0","0","0","","","1","","1","","40 29:46.072","","0","79 58:36.740","8","0","0","0","2118","0","0","0","N","0","0","0","3","02118","0","","1.0","","1","N","N","","0","","0","0","1","","3","","","2","1","0","0","0","1","0","2","0","2","","","","N","","","","","","","","","",""
"2016099999","","1","0","0","0","0","0","0","0","0","1","0","","02","9","2016","5","40.334176","-80.002683","","11","0","0","0","1","0","0","0","0","","0","0","0","","","1","","1","","40 20:03.035","","0","80 00:09.657","4","0","0","0","2407","0","0","0","","0","0","0","2","02407","1","","1.0","","9","N","N","","0","","0","0","1","","3","","","2","1","1","0","0","0","0","2","0","2","","","","N","","","","","","","","","",""
"2016076584","","1","0","0","0","0","0","0","0","0","1","0","","02","7","2016","6","40.522269","-80.03653","","11","0","0","0","0","0","0","0","0","1","0","0","0","","","0","","0","","40 31:20.170","1","0","80 02:11.508","0","0","0","0","2301","0","0","0","N","0","0","0","1","02301","0","","4.0","","1","N","N","","0","","0","0","2","","0","N","","3","0","0","0","0","0","0","2","0","3","","","","N","","","","","","","","","",""
"2016096069","","0","0","0","0","0","0","0","0","0","1","0","","02","9","2016","7","40.450858","-80.16875","","11","0","0","0","0","0","0","0","0","1","0","0","0","","","5","","0","","40 27:03.089","4","0","80 10:07.500","3","0","0","0","2115","0","0","0","","0","0","0","9","68B03","0","","1.0","","1","N","N","","0","","5","0","2","","0","N","","2","5","0","0","0","0","0","2","0","2","","","","N","","","","","","","","","",""
"2016099329","","2","0","0","0","0","0","0","0","0","1","0","","02","9","2016","7","40.475502","-80.199801","","11","0","0","0","0","0","1","1","0","2","0","0","0","","","3","","0","","40 28:31.806","4","0","80 11:59.285","2","0","0","0","2213","0","0","0","","0","0","0","3","02213","2","","1.0","","1","N","N","","0","","0","1","0","","4","N","","2","3","0","0","0","0","0","2","0","2","","","","N","","","","","","","","","",""
"2016094127","","2","0","0","0","0","0","0","0","0","4","0","","02","9","2016","4","40.352088","-79.859677","","11","0","0","0","0","0","1","0","0","","0","0","0","","","0","","1","","40 21:07.516","","0","79 51:34.837","0","0","0","0","2304","0","0","0","N","0","0","0","2","02304","0","","1.0","","1","N","N","","0","","0","0","0","","2","","","2","0","0","0","0","0","0","2","0","2","","","","N","","","","","","","","","",""
"2016098748","","0","0","0","0","0","0","0","0","0","7","0","","02","9","2016","7","40.435665","-79.968344","","11","0","0","0","0","0","0","0","0","","0","0","0","","","1","","0","","40 26:08.394","","0","79 58:06.037","4","0","0","0","2301","0","0","0","","0","0","0","2","68B03","1","","2.0","","1","N","N","","0","","0","0","1","","0","","","1","1","0","0","0","0","0","2","0","1","","","","N","","","","","","","","","",""
"2016095926","","1","0","0","0","0","0","0","0","0","4","0","","02","9","2016","5","40.537946","-80.079096","","11","0","0","0","0","0","2","0","0","2","0","0","0","","","1","","0","","40 32:16.605","2","0","80 04:44.746","3","0","0","0","2215","0","0","0","","0","0","0","2","68B03","0","","1.0","","1","N","N","","1","","1","0","0","","0","N","","2","1","0","0","0","0","0","2","0","2","","","","N","","","","","","","","","",""
"2016094177","","1","0","0","0","0","0","0","0","0","4","0","","02","9","2016","2","40.538573","-80.050237","","11","0","0","0","0","0","0","0","0","1","0","0","0","","","1","","1","","40 32:18.863","1","0","80 03:00.854","4","0","0","0","2116","0","0","0","N","0","0","0","2","02116","1","","1.0","","1","N","N","","1","","0","0","0","","2","Y","","2","1","0","0","0","0","0","2","0","2","","","","N","","","","","","","","","",""
"2016075887","","2","0","0","0","0","0","0","0","0","4","0","","02","7","2016","4","40.467751","-79.928092","","11","0","0","0","0","0","0","0","0","2","0","0","0","","","0","","1","","40 28:03.903","1","0","79 55:41.131","0","0","0","0","2301","0","0","0","N","0","0","0","2","02301","0","","1.0","","1","N","N","","0","","0","0","0","","2","N","","2","0","0","0","0","0","0","2","0","2","","","","N","","","","","","","","","",""
"2016094130","","1","0","0","0","0","0","0","0","0","7","0","","02","9","2016","2","40.345689","-79.84822","","11","0","0","0","0","0","0","0","0","2","0","0","0","","","1","","0","","40 20:44.480","6","0","79 50:53.591","2","0","0","0","2304","0","0","0","N","0","0","0","1","02304","0","","4.0","","1","N","Y","","0","","0","1","0","","0","Y","","1","1","0","0","0","0","0","2","0","1","","","","N","","","","","","","","","",""
"2016094146","","0","0","0","0","0","0","0","0","0","7","0","","02","9","2016","3","40.460608","-79.954586","","11","0","0","0","0","0","1","0","0","","0","0","0","","","0","","0","","40 27:38.188","","0","79 57:16.509","0","0","0","0","2301","0","0","0","N","0","0","0","2","02301","0","","5.0","","1","N","N","","1","","0","0","0","","0","","","1","0","0","0","0","0","0","2","0","1","","","","N","","","","","","","","","",""
"2016083111","","0","0","0","0","0","0","0","0","0","1","0","","02","8","2016","3","40.442201","-80.008929","","11","0","0","0","0","0","1","0","0","","0","0","0","","","0","","3","","40 26:31.925","","0","80 00:32.144","0","0","0","0","2301","0","0","0","","0","0","0","2","68B03","0","","1.0","","1","N","N","","1","","0","0","1","","0","","","2","0","0","0","0","0","0","2","0","2","","","","N","","","","","","","","","",""
"2016099248","","1","0","0","0","0","0","0","0","0","4","0","","02","9","2016","2","40.583242","-79.987631","","11","0","1","0","0","0","0","0","0","","0","0","0","","","2","","0","","40 34:59.670","","0","79 59:15.470","3","0","0","0","2207","0","0","0","N","0","0","0","2","02501","0","","1.0","","1","N","N","","0","","2","0","1","","0","","","2","2","0","0","0","0","0","1","0","2","","","","N","","","","","","","","","",""
"2016098562","","0","0","0","0","0","0","0","0","0","7","0","","02","9","2016","1","40.444174","-80.147117","","11","0","0","0","0","0","0","0","0","2","0","0","0","","","0","","0","","40 26:39.028","3","0","80 08:49.622","0","0","0","0","2115","0","0","0","","0","0","0","1","02115","0","","2.0","","1","N","N","","0","","0","0","1","","0","N","","1","0","0","0","0","0","0","2","0","1","","","","N","","","","","","","","","",""
"2016097448","","3","0","0","0","0","0","0","0","0","1","0","","02","9","2016","4","40.420629","-80.039458","","11","0","0","0","0","0","0","0","0","1","0","0","0","","","3","","0","","40 25:14.265","4","0","80 02:22.047","4","0","0","0","2435","0","0","0","","0","0","0","4","68B03","1","","1.0","","1","N","N","","0","","0","0","1","","0","N","","4","3","0","0","0","2","0","2","0","4","","","","N","","","","","","","","","",""
"2016100814","","1","0","0","0","0","0","0","0","0","1","1","","02","9","2016","6","40.45141","-79.82907","","11","0","0","1","0","0","0","0","0","","0","1","0","","","1","","0","","40 27:05.076","","0","79 49:44.652","4","0","0","0","2113","0","0","0","N","0","0","0","1","02113","1","","4.0","","9","N","N","","0","","0","0","0","","0","","","2","1","0","0","0","0","0","2","0","2","","","","N","","","","","","","","","",""
"2016094134","","0","0","0","0","0","0","0","0","0","7","0","","02","9","2016","3","40.43464","-80.268454","","11","0","0","0","0","0","0","0","0","","0","0","0","","","0","","2","","40 26:04.704","","0","80 16:06.434","0","0","0","0","2214","0","0","0","N","0","0","0","1","02214","0","","5.0","","1","N","N","","0","","0","0","1","","0","","","1","0","0","0","0","0","0","2","0","1","","","","N","","","","","","","","","",""
"2016096079","","1","0","0","0","0","0","0","0","0","1","0","","02","9","2016","2","40.327132","-80.124743","","11","0","0","0","0","0","0","1","0","","0","0","0","","","0","","1","","40 19:37.674","","0","80 07:29.074","0","0","0","0","2119","0","0","0","N","0","0","0","2","02119","0","","1.0","","1","N","N","","0","","0","0","1","","0","","","2","0","0","0","0","0","0","2","0","2","","","","N","","","","","","","","","",""
"2016096081","","2","0","0","0","0","0","0","0","0","4","0","","02","9","2016","2","40.356584","-80.053296","","11","0","0","0","0","0","2","0","0","2","0","0","0","","","0","","2","","40 21:23.701","3","0","80 03:11.864","0","0","0","0","2109","0","0","0","","0","0","0","2","02109","0","","1.0","","1","N","N","","0","","0","0","0","","2","N","","2","0","0","0","0","0","0","2","0","2","","","","N","","","","","","","","","",""
"2016096204","","2","0","0","0","0","0","0","0","0","5","0","","02","9","2016","3","40.450358","-79.986803","","11","0","0","0","0","0","0","0","0","","0","0","0","","","0","","2","","40 27:01.288","","0","79 59:12.490","0","0","0","0","2301","0","0","0","N","0","0","0","2","02301","0","","1.0","","1","N","N","","0","","0","0","1","","0","","","3","0","0","0","0","0","0","2","0","3","","","","N","","","","","","","","","",""
"2016088228","","1","0","0","0","0","0","0","0","0","2","1","","02","8","2016","3","40.396693","-80.084939","","11","0","0","0","0","0","0","0","0","","0","0","0","","","0","","2","","40 23:48.095","","0","80 05:05.782","0","0","0","0","2117","0","0","0","N","0","0","0","2","02117","0","","1.0","","1","N","N","","1","","0","0","0","","0","","","2","0","0","0","0","0","0","2","0","2","","","","N","","","","","","","","","",""
"2016077214","","1","0","0","0","0","0","0","0","0","5","0","","02","8","2016","2","40.437875","-79.952002","","11","0","0","0","0","0","0","0","0","","0","0","0","","","0","","0","","40 26:16.350","","0","79 57:07.207","9","0","0","0","2301","0","0","0","N","0","0","0","3","02301","0","","1.0","","1","N","N","","1","","0","0","0","","0","","","2","0","0","0","0","0","1","2","0","2","","","","N","","","","","","","","","",""
"2016096083","","3","0","3","0","0","0","0","0","0","1","0","","02","9","2016","7","40.526514","-80.208703","","11","0","0","0","0","0","1","0","0","3","0","0","0","","","5","","2","","40 31:35.452","5","0","80 12:31.329","2","0","0","0","2213","0","0","0","","0","0","0","5","02213","2","","1.0","","9","N","N","","0","","0","3","1","","0","Y","","4","5","0","0","0","0","0","2","0","4","","","","N","","","","","","","","","",""
"2016094894","","0","0","0","0","0","0","0","0","0","7","0","","02","9","2016","2","40.429953","-79.957778","","11","0","0","0","0","0","0","0","0","","0","0","0","","","1","","2","","40 25:47.831","","3","79 57:27.999","8","0","0","1","2301","0","0","0","N","0","0","0","1","02301","0","","2.0","","1","N","N","","0","","0","0","0","","2","","","1","1","0","0","0","1","0","2","0","1","","","","N","","","","","","","","","",""
"2016095506","","2","0","0","0","0","0","0","0","0","4","0","","02","9","2016","2","40.358241","-79.831798","","11","0","0","0","0","0","1","0","0","2","0","0","0","","","1","","2","","40 21:29.668","5","0","79 49:54.472","8","0","0","0","2304","0","0","0","N","0","0","0","2","02477","0","","1.0","","1","N","N","","0","","0","0","0","","3","N","","2","1","0","0","0","1","0","2","0","2","","","","N","","","","","","","","","",""
"2016088472","","3","0","0","0","0","0","0","0","0","1","0","","02","8","2016","2","40.403628","-80.057729","","11","0","0","0","0","0","0","1","1","1","0","0","0","","","1","","2","","40 24:13.061","2","0","80 03:27.824","3","0","0","0","2117","0","0","0","N","0","0","0","5","02117","0","","1.0","","1","N","N","","0","","1","0","0","","2","N","","3","1","0","0","0","0","0","2","0","3","","","","N","","","","","","","","","",""
"2016096084","","2","0","0","0","0","0","0","0","0","1","0","","02","9","2016","7","40.358455","-80.028706","","11","0","0","0","0","1","0","0","0","","0","0","0","","","2","","0","","40 21:30.437","","0","80 01:43.342","4","0","0","0","2416","0","0","0","","0","0","0","5","02416","2","","1.0","","1","N","N","","1","","0","0","0","","0","","","3","2","0","0","0","0","0","2","0","3","","","","N","","","","","","","","","",""
"2016098820","","0","0","0","0","0","0","0","0","0","8","0","","02","9","2016","2","40.436669","-80.000931","","11","0","0","0","0","0","0","0","0","","0","0","0","","","1","","1","","40 26:12.009","","0","80 00:03.353","4","0","0","0","2301","1","0","0","N","1","0","0","2","02301","1","","1.0","","1","N","N","","0","","0","0","1","","2","","","2","1","0","0","0","0","0","2","0","1","","","","N","","","","","","","","","",""
"2016077212","","1","0","0","0","0","0","0","0","0","5","0","","02","8","2016","2","40.387335","-79.983867","","11","0","0","0","0","0","0","0","0","","0","0","0","","","0","","1","","40 23:14.406","","0","79 59:01.921","0","0","0","0","2301","0","0","0","N","0","0","0","2","02301","0","","1.0","","1","N","N","","1","","0","0","0","","2","","","2","0","0","0","0","0","0","2","0","2","","","","N","","","","","","","","","",""
"2016094365","","0","0","0","0","0","0","0","0","0","4","0","","02","9","2016","1","40.547273","-79.818972","","11","0","0","0","0","1","0","0","0","1","0","0","0","","","0","","1","","40 32:50.183","3","0","79 49:08.300","0","0","0","0","2208","0","0","0","N","0","0","0","2","02208","0","","1.0","","1","N","N","","0","","0","0","2","","0","N","","2","0","0","0","0","0","0","2","0","2","","","","N","","","","","","","","","",""
"2016098491","","0","0","0","0","0","0","0","0","0","1","0","","02","9","2016","6","40.494764","-80.012906","","11","0","0","0","0","0","0","0","0","","0","0","0","","","0","","0","","40 29:41.150","","0","80 00:46.463","0","0","0","0","2301","0","0","0","","0","0","0","2","68B03","0","","1.0","","1","N","N","","1","","0","0","1","","0","","","2","0","0","0","0","0","0","2","0","2","","","","N","","","","","","","","","",""
"2016095851","","1","0","0","0","0","0","0","0","0","7","0","","02","9","2016","5","40.458876","-80.17216","","11","0","0","0","0","0","0","0","0","","0","0","0","","","0","","1","","40 27:31.955","","0","80 10:19.776","0","0","0","0","2213","0","0","0","","0","0","0","1","02213","0","","1.0","","1","N","N","","0","","0","0","0","","2","","","1","0","0","0","0","0","0","2","0","1","","","","N","","","","","","","","","",""
"2016098760","","1","0","0","0","0","0","0","0","0","7","0","","02","9","2016","1","40.494653","-79.783266","","11","0","0","0","0","0","0","0","0","","0","0","0","","","1","","0","","40 29:40.751","","3","79 46:59.758","3","0","0","0","2466","0","0","0","","0","0","0","2","68T02","0","","3.0","","9","N","N","","0","","1","0","0","","0","","","1","1","0","0","0","0","0","2","0","1","","","","N","","","","","","","","","",""
"2016097564","","1","0","0","0","0","0","0","0","0","3","1","","02","8","2016","2","40.45799","-79.984978","","11","0","0","0","0","0","1","0","0","1","0","1","0","","","0","","0","","40 27:28.764","1","0","79 59:05.920","0","0","0","0","2301","0","0","0","N","0","0","0","3","02301","0","","1.0","","1","N","N","","0","","0","0","0","","0","N","","2","0","0","0","0","0","0","2","0","2","","","","N","","","","","","","","","",""
"2016095852","","1","0","0","0","0","0","0","0","0","7","0","","02","9","2016","3","40.525503","-80.224471","","11","0","0","0","0","0","0","0","0","1","0","0","0","","","0","","10","","40 31:31.812","4","0","80 13:28.094","0","0","0","0","2213","0","0","0","","0","0","0","1","02213","0","","2.0","","1","N","N","","0","","0","0","0","","0","N","","1","0","0","0","0","0","0","2","0","1","","","","N","","","","","","","","","",""
"2016076503","","0","0","0","0","0","0","0","0","0","4","0","99","02","7","2016","6","40.404262","-79.976225","","11","0","0","0","0","0","1","0","0","","0","0","0","","","1","","0","","40 24:15.343","","7","79 58:34.410","4","0","0","0","2301","0","0","0","N","0","0","0","2","02301","1","","1.0","","1","N","N","","0","","0","0","2","","2","","","2","1","0","0","0","0","0","2","0","2","","","N","Y","8","8","","","N","","","","",""
"2016097770","","0","0","0","0","0","0","0","0","0","4","0","","02","9","2016","3","40.334176","-80.002683","","11","0","0","0","0","0","0","0","0","","0","0","0","","","0","","1","","40 20:03.035","","0","80 00:09.657","0","0","0","0","2407","0","0","0","","0","0","0","2","02407","0","","1.0","","1","N","N","","1","","0","0","0","","3","","","2","0","0","0","0","0","0","2","1","2","","","","N","","","","","","","","","",""
"2016095854","","1","0","0","0","0","0","0","0","0","4","0","","02","9","2016","5","40.471985","-80.221119","","11","0","0","0","0","0","1","1","0","3","0","0","0","","","2","","1","","40 28:19.145","3","0","80 13:16.030","3","0","0","0","2213","0","0","0","","0","0","0","2","02213","0","","1.0","","1","N","N","","0","","1","0","0","","2","Y","","2","2","0","0","0","1","0","2","1","2","","","","N","","","","","","","","","",""
"2016099406","","0","0","0","0","0","0","0","0","0","7","0","","02","9","2016","2","40.574457","-80.016461","","11","0","0","0","0","0","0","1","0","2","0","0","0","","","1","","1","","40 34:28.046","5","0","80 00:59.258","4","0","0","0","2108","0","0","0","","0","0","0","1","02108","1","","5.0","","1","N","N","","0","","0","0","1","","3","N","","1","1","0","0","0","0","0","2","0","1","","","","N","","","","","","","","","",""
"2016098764","","2","0","0","0","0","0","0","0","0","1","0","","02","9","2016","1","40.43598","-79.866251","","11","0","0","0","0","0","1","1","0","","0","0","0","","","1","","0","","40 26:09.527","","0","79 51:58.505","8","0","0","0","2478","0","0","0","","0","0","0","3","68B03","0","","1.0","","1","N","N","","0","","0","0","0","","0","","","2","1","0","0","0","1","2","2","0","2","","","","N","","","","","","","","","",""
"2016095474","","2","0","0","0","0","0","0","0","0","1","0","","02","9","2016","1","40.435421","-79.984437","","11","0","0","0","0","0","0","0","0","","0","0","0","","","0","","2","","40 26:07.514","","0","79 59:03.974","0","0","0","0","2301","0","0","0","N","0","0","0","3","02301","0","","1.0","","9","N","N","","1","","0","0","0","","0","","","3","0","0","0","0","0","0","2","0","3","","","","N","","","","","","","","","",""
"2016075435","","1","0","0","0","0","0","0","0","0","7","0","","02","7","2016","2","40.587081","-80.009536","","11","0","0","1","0","0","0","0","0","","0","0","0","","","0","","0","","40 35:13.490","","0","80 00:34.330","0","0","0","0","2108","0","0","0","N","0","0","0","1","02501","0","","2.0","","1","N","N","","0","","0","0","0","","0","","","1","0","0","0","0","0","0","1","0","1","","","","N","","","","","","","","","",""
"2016095484","","1","0","0","0","0","0","0","0","0","4","0","","02","9","2016","2","40.664155","-79.93431","","11","0","0","0","0","0","1","0","0","2","0","0","0","","","1","","1","","40 39:50.957","1","0","79 56:03.516","3","0","0","0","2217","0","0","0","Y","0","0","0","2","02505","0","","1.0","","1","N","N","","1","","1","0","0","","2","N","","2","1","0","0","0","0","0","1","0","2","","","","N","","","","","","","","","",""
"2016075277","","0","0","0","0","0","0","0","0","0","0","0","","02","7","2016","2","40.448451","-79.887764","","11","0","0","0","0","0","0","0","0","","0","0","0","","","1","","1","","40 26:54.423","","0","79 53:15.950","3","0","0","1","2301","0","0","0","N","0","0","0","1","02301","0","","1.0","","1","N","N","","0","","1","0","0","","0","","","1","1","0","0","0","0","0","2","0","1","","","","N","","","","","","","","","",""
"2016098003","","1","0","0","0","0","0","0","0","0","7","0","","02","9","2016","6","40.415242","-79.801196","","11","0","0","0","0","0","1","0","0","2","0","0","0","","","1","","0","","40 24:54.871","3","0","79 48:04.305","8","0","0","0","2446","0","0","0","N","0","0","0","1","02446","0","","5.0","","1","N","N","","0","","0","0","0","","0","N","","1","1","1","0","0","1","0","2","0","1","","","","N","","","","","","","","","",""
"2016094204","","0","0","0","0","0","0","0","0","0","7","0","","02","5","2016","2","40.429441","-79.876333","","11","0","0","1","0","0","0","0","0","2","0","0","0","","","3","","0","","40 25:45.986","4","0","79 52:34.798","3","0","0","0","2426","0","0","0","","0","0","0","3","68B03","0","","2.0","","1","N","N","","0","","3","0","1","","0","N","","1","3","3","0","0","0","0","2","0","1","","","","N","","","","","","","","","",""
"2016098141","","2","0","0","0","0","0","0","0","0","1","0","","02","9","2016","7","40.421866","-79.804608","","11","0","0","0","0","0","0","0","0","2","0","0","0","","","0","","2","","40 25:18.717","3","0","79 48:16.588","0","0","0","0","2446","0","0","0","N","0","0","0","4","02446","0","","1.0","","1","N","N","","0","","0","0","0","","3","N","","2","0","0","0","0","0","0","2","0","2","","","","N","","","","","","","","","",""
"2016095572","","1","0","0","0","0","0","0","0","0","1","0","","02","9","2016","2","40.405705","-79.942869","","11","0","0","0","0","0","0","0","0","1","0","0","0","","","1","","0","","40 24:20.537","3","0","79 56:34.330","3","0","0","0","2301","0","0","0","N","0","0","0","5","02301","0","","1.0","","1","Y","N","","0","","1","0","0","","0","N","","2","1","0","0","0","0","0","2","1","2","","","","N","","","","","","","","","",""
"2016076575","","1","0","0","0","0","0","0","0","0","5","0","","02","7","2016","6","40.419692","-79.995776","","11","0","0","0","0","0","0","0","0","","0","0","0","","","1","","0","","40 25:10.891","","0","79 59:44.792","8","0","0","0","2301","1","0","0","N","1","0","0","2","02301","0","","6.0","","1","N","N","","0","","0","0","1","","0","","","3","1","0","0","0","1","1","2","0","2","","","","N","","","","","","","","","",""
"2016075014","","0","0","0","0","0","0","0","0","0","4","0","","02","7","2016","2","40.404336","-79.975872","","11","0","0","0","1","0","0","0","0","1","0","0","0","","","1","","2","","40 24:15.609","1","0","79 58:33.139","3","0","0","1","2301","0","0","0","N","0","0","0","2","02301","0","","1.0","","1","N","N","","0","","1","0","1","","2","N","","2","1","0","0","0","0","0","2","0","2","","","","N","","","","","","","","","",""
"2016075442","","3","0","0","0","0","0","0","0","0","5","0","","02","7","2016","3","40.416176","-79.997277","","11","0","0","0","0","0","0","0","0","","0","0","0","","","0","","0","","40 24:58.233","","0","79 59:50.197","0","0","0","0","2301","0","0","0","N","0","0","0","2","02301","0","","1.0","","1","N","N","","0","","0","0","0","","0","","","3","0","0","0","0","0","0","2","0","3","","","","N","","","","","","","","","",""
"2016077685","","0","0","0","0","0","0","0","0","0","0","0","","02","7","2016","7","40.500035","-80.012548","","11","0","0","0","0","0","0","0","0","","0","0","0","","","1","","3","","40 30:00.125","","0","80 00:45.171","8","0","0","1","2116","0","0","0","N","0","0","0","1","02116","0","","1.0","","9","N","N","","0","","0","0","0","","0","","","1","1","0","0","0","1","0","2","0","1","","","","N","","","","","","","","","",""
"2016086503","","1","0","0","0","0","0","0","0","0","4","0","","02","7","2016","6","40.401441","-80.060943","","11","0","1","0","0","0","0","0","0","","0","0","0","","","0","","0","","40 24:05.187","","0","80 03:39.394","0","0","0","0","2117","0","0","0","N","0","0","0","2","02117","0","","1.0","","1","N","N","","0","","0","0","0","","0","","","2","0","0","0","0","0","0","2","1","2","","","","N","","","","","","","","","",""
"2016076617","","2","0","0","0","0","0","0","0","0","1","0","","02","7","2016","7","40.412962","-80.007923","","11","0","0","0","0","0","0","0","0","","0","0","0","","","0","","6","","40 24:46.663","","2","80 00:28.523","9","0","0","0","2301","0","0","0","N","0","0","0","2","02301","0","","1.0","","1","N","N","","0","","0","0","0","","0","","","2","0","0","0","0","0","1","2","0","2","","","","N","","","","","","","","","",""
"2016075187","","2","0","0","0","0","0","0","0","0","1","0","","02","7","2016","3","40.448506","-79.899263","","11","0","0","0","0","0","0","0","0","","0","0","0","","","0","","0","","40 26:54.622","","0","79 53:57.348","0","0","0","0","2301","0","0","0","N","0","0","0","5","02301","0","","1.0","","1","N","N","","0","","0","0","1","","0","","","3","0","0","0","0","0","0","2","0","3","","","","N","","","","","","","","","",""
"2016098591","","0","0","0","0","0","0","0","0","0","5","1","","02","9","2016","2","40.448933","-80.000739","","11","0","0","0","0","0","1","0","0","","0","1","0","","","0","","1","","40 26:56.157","","0","80 00:02.660","0","0","0","0","2301","0","0","0","","0","0","0","2","02301","0","","1.0","","1","N","N","","0","","0","0","1","","2","","","2","0","0","0","0","0","0","2","0","2","","","","N","","","","","","","","","",""
"2016076635","","0","0","0","0","0","0","0","0","0","7","0","","02","7","2016","7","40.446707","-80.060935","","11","0","0","0","0","0","1","0","0","2","0","0","0","","","0","","1","","40 26:48.145","6","0","80 03:39.366","0","0","0","0","2301","0","0","0","N","0","0","0","1","02301","0","","5.0","","1","N","N","","0","","0","0","1","","0","Y","","1","0","0","0","0","0","0","2","0","1","","","","N","","","","","","","","","",""