"CRN","ARRIVAL_TM","AUTOMOBILE_COUNT","BELTED_DEATH_COUNT","BELTED_SUSP_SERIOUS_INJ_COUNT","BICYCLE_COUNT","BICYCLE_DEATH_COUNT","BICYCLE_SUSP_SERIOUS_INJ_COUNT","BUS_COUNT","CHLDPAS_DEATH_COUNT","CHLDPAS_SUSP_SERIOUS_INJ_COUNT","COLLISION_TYPE","COMM_VEH_COUNT","CONS_ZONE_SPD_LIM","COUNTY","CRASH_MONTH","CRASH_YEAR","DAY_OF_WEEK","DEC_LATITUDE","DEC_LONGITUDE","DISPATCH_TM","DISTRICT","DRIVER_COUNT_16YR","DRIVER_COUNT_17YR","DRIVER_COUNT_18YR","DRIVER_COUNT_19YR","DRIVER_COUNT_20YR","DRIVER_COUNT_50_64YR","DRIVER_COUNT_65_74YR","DRIVER_COUNT_75PLUS","EST_HRS_CLOSED","FATAL_COUNT","HEAVY_TRUCK_COUNT","HORSE_BUGGY_COUNT","HOUR_OF_DAY","ILLUMINATION","INJURY_COUNT","INTERSECTION_RELATED","INTERSECT_TYPE","LANE_CLOSED","LATITUDE","LN_CLOSE_DIR","LOCATION_TYPE","LONGITUDE","MAX_SEVERITY_LEVEL","MCYCLE_DEATH_COUNT","MCYCLE_SUSP_SERIOUS_INJ_COUNT","MOTORCYCLE_COUNT","MUNICIPALITY","NONMOTR_COUNT","NONMOTR_DEATH_COUNT","NONMOTR_SUSP_SERIOUS_INJ_COUNT","NTFY_HIWY_MAINT","PED_COUNT","PED_DEATH_COUNT","PED_SUSP_SERIOUS_INJ_COUNT","PERSON_COUNT","POLICE_AGCY","POSSIBLE_INJ_COUNT","RDWY_SURF_TYPE_CD","RELATION_TO_ROAD","ROADWAY_CLEARED","ROAD_CONDITION","SCH_BUS_IND","SCH_ZONE_IND","SECONDARY_CRASH","SMALL_TRUCK_COUNT","SPEC_JURIS_CD","SUSP_MINOR_INJ_COUNT","SUSP_SERIOUS_INJ_COUNT","SUV_COUNT","TCD_FUNC_CD","TCD_TYPE","TFC_DETOUR_IND","TIME_OF_DAY","TOTAL_UNITS","TOT_INJ_COUNT","UNBELTED_OCC_COUNT","UNB_DEATH_COUNT","UNB_SUSP_SERIOUS_INJ_COUNT","UNK_INJ_DEG_COUNT","UNK_INJ_PER_COUNT","URBAN_RURAL","VAN_COUNT","VEHICLE_COUNT","WEATHER1","WEATHER2","WORKERS_PRES","WORK_ZONE_IND","WORK_ZONE_LOC","WORK_ZONE_TYPE","WZ_CLOSE_DETOUR","WZ_FLAGGER","WZ_LAW_OFFCR_IND","WZ_LN_CLOSURE","WZ_MOVING","WZ_OTHER","WZ_SHLDER_MDN","WZ_WORKERS_INJ_KILLED"
"2016099118","","1","0","0","0","0","0","0","0","0","7","0","","02","9","2016","2","40.502602","-80.22204","","11","0","0","0","0","0","1","0","0","2","0","0","0","","","1","","0","","40 30:09.366","1","0","80 13:19.345","8","0","0","0","2213","0","0","0","","0","0","0","1","02213","0","","4.0","","1","N","N","","0","","0","0","0","","0","N","","1","1","0","0","0","1","0","2","0","1","","","","N","","","","","","","","","",""
"2016076753","","0","0","0","0","0","0","0","0","0","7","0","","02","7","2016","7","40.420851","-79.993184","","11","0","0","0","0","0","0","0","0","","0","1","0","","","0","","0","","40 25:15.065","","0","79 59:35.463","0","0","0","0","2301","0","0","0","N","0","0","0","1","02301","0","","5.0","","9","N","N","","0","","0","0","0","","0","","","1","0","0","0","0","0","0","2","0","1","","","","N","","","","","","","","","",""
"2016093333","","0","0","0","0","0","0","1","0","0","1","1","","02","9","2016","1","40.442831","-80.042428","","11","0","0","0","0","0","1","0","0","","0","0","0","","","0","","2","","40 26:34.191","","0","80 02:32.740","0","0","0","0","2301","0","0","0","N","0","0","0","6","02503","0","","1.0","","1","N","N","","1","","0","0","0","","2","","","2","0","0","0","0","0","0","2","0","2","","","","N","","","","","","","","","",""
"2016099119","","1","0","0","0","0","0","0","0","0","7","0","","02","9","2016","2","40.501053","-80.182488","","11","0","0","0","0","0","0","0","0","3","0","0","0","","","3","","0","","40 30:03.791","6","0","80 10:56.957","4","0","0","0","2213","0","0","0","","0","0","0","3","02213","1","","4.0","","9","N","N","","0","","0","0","0","","0","Y","","1","3","0","0","0","2","0","2","0","1","","","","N","","","","","","","","","",""
"2016081314","","1","0","0","0","0","0","0","0","0","1","0","","02","8","2016","4","40.361278","-79.832639","","11","0","0","0","0","0","0","0","0","","0","0","0","","","0","","0","","40 21:40.600","","0","79 49:57.500","9","0","0","0","2304","0","0","0","N","0","0","0","1","02304","0","","1.0","","1","N","N","","1","","0","0","0","","0","","","2","0","0","0","0","0","1","2","0","2","","","","N","","","","","","","","","",""
"2016101908","","1","0","0","0","0","0","0","0","0","8","0","","02","10","2016","3","40.535882","-80.183119","","11","0","0","0","0","0","0","0","0","1","0","0","0","","","1","","1","","40 32:09.175","2","4","80 10:59.227","3","0","0","0","2458","1","0","0","N","1","0","0","2","02458","0","","1.0","","1","N","N","","0","","1","0","0","","2","N","","2","1","0","0","0","0","0","2","0","1","","","","N","","","","","","","","","",""
"2016077950","","1","0","0","0","0","0","0","0","0","7","0","","02","8","2016","3","40.435056","-79.993222","","11","0","0","0","0","0","1","0","0","","0","0","0","","","1","","0","","40 26:06.200","","1","79 59:35.600","3","0","0","0","2301","0","0","0","N","0","0","0","1","02301","0","","2.0","","1","N","N","","0","","1","0","0","","0","","","1","1","0","0","0","0","0","2","0","1","","","","N","","","","","","","","","",""
"2016082890","","1","0","0","0","0","0","0","0","0","5","0","","02","8","2016","7","40.373306","-79.846417","","11","0","0","0","0","0","0","0","1","","0","0","0","","","0","","0","","40 22:23.900","","0","79 50:47.100","9","0","0","0","2303","0","0","0","N","0","0","0","1","02303","0","","1.0","","1","N","N","","0","","0","0","1","","0","","","2","0","0","0","0","0","1","2","0","2","","","","N","","","","","","","","","",""
"2016086395","","1","0","0","0","0","0","0","0","0","4","0","","02","7","2016","6","40.430656","-80.136399","","11","0","0","0","0","0","0","2","0","2","0","0","0","","","0","","0","","40 25:50.361","3","0","80 08:11.037","0","0","0","0","2115","0","0","0","","0","0","0","3","68B03","0","","1.0","","1","N","N","","0","","0","0","1","","0","N","","2","0","0","0","0","0","0","2","0","2","","","","N","","","","","","","","","",""
"2016094617","","1","0","0","0","0","0","0","0","0","7","0","","02","7","2016","7","40.425965","-79.899425","","11","0","0","0","0","0","0","0","0","","0","0","0","","","1","","0","","40 25:33.475","","0","79 53:57.931","3","0","0","0","2301","0","0","0","","0","0","0","1","68B03","0","","3.0","","1","N","N","","0","","1","0","0","","0","","","1","1","0","0","0","0","0","2","0","1","","","","N","","","","","","","","","",""
"2016095968","","1","0","0","0","0","0","0","0","0","8","0","","02","9","2016","2","40.3504","-79.849592","","11","0","0","0","0","0","0","0","1","1","0","0","0","","","2","","0","","40 21:01.440","1","0","79 50:58.531","4","0","0","0","2304","2","0","0","N","2","0","0","3","02304","2","","1.0","","1","N","N","","0","","0","0","0","","0","N","","3","2","0","0","0","0","0","2","0","1","","","","N","","","","","","","","","",""
"2016098636","","1","0","0","0","0","0","1","0","0","1","1","","02","9","2016","4","40.387219","-79.902307","","11","0","0","0","0","1","0","0","0","","0","0","0","","","2","","1","","40 23:13.988","","0","79 54:08.305","4","0","0","0","2448","0","0","0","N","0","0","0","3","02503","2","","1.0","","1","N","N","","0","","0","0","0","","3","","","2","2","0","0","0","0","0","2","0","2","","","","N","","","","","","","","","",""
"2016076941","","0","0","0","0","0","0","0","0","0","6","0","","02","7","2016","1","40.461057","-79.869699","","11","0","0","0","0","0","0","0","0","","0","0","0","","","0","","0","","40 27:39.804","","0","79 52:10.916","0","0","0","0","2113","0","0","0","N","0","0","0","1","02113","0","","4.0","","1","N","N","","0","","0","0","2","","0","","","2","0","0","0","0","0","0","2","0","2","","","","N","","","","","","","","","",""
"2016096706","","2","0","0","0","0","0","0","0","0","4","0","","02","9","2016","6","40.512896","-80.224356","","11","0","0","0","0","0","0","1","0","","0","0","0","","","0","","0","","40 30:46.426","","0","80 13:27.682","0","0","0","0","2213","0","0","0","","0","0","0","2","02213","0","","1.0","","1","N","N","","0","","0","0","0","","0","","","2","0","0","0","0","0","0","2","0","2","","","","N","","","","","","","","","",""
"2016081550","","0","0","0","0","0","0","0","0","0","1","0","","02","8","2016","3","40.355091","-80.050168","","11","0","0","0","0","0","2","0","0","","0","0","0","","","1","","0","","40 21:18.327","","0","80 03:00.603","8","0","0","0","2109","0","0","0","","0","0","0","3","02109","0","","1.0","","1","N","N","","1","","0","0","1","","0","","","2","1","0","0","0","1","0","2","0","2","","","","N","","","","","","","","","",""
"2016094736","","1","0","0","0","0","0","0","0","0","8","0","","02","9","2016","5","40.326013","-79.891963","","11","0","0","0","0","0","0","1","0","","0","0","0","","","1","","1","","40 19:33.646","","0","79 53:31.066","4","0","0","0","2433","1","0","0","N","1","0","0","2","02433","1","","1.0","","1","N","N","","0","","0","0","0","","0","","","2","1","0","0","0","0","0","2","0","1","","","","N","","","","","","","","","",""
"2016102925","","0","0","0","0","0","0","0","0","0","99","0","","02","10","2016","4","40.560604","-79.800843","","11","0","0","0","0","0","0","0","0","","0","0","0","","","0","","0","","40 33:38.173","","0","79 48:03.034","0","0","0","0","2121","0","0","0","","0","0","0","1","68D02","0","","1.0","","1","N","N","","0","","0","0","1","","0","","","1","0","0","0","0","0","0","2","0","1","","","","N","","","","","","","","","",""
"2016096494","","1","0","0","0","0","0","0","0","0","7","0","","02","9","2016","2","40.523498","-79.819008","","11","0","0","0","0","0","0","0","0","2","0","0","0","","","0","","0","","40 31:24.592","4","0","79 49:08.430","0","0","0","0","2466","0","0","0","","0","0","0","1","68T02","0","","3.0","","9","N","N","","0","","0","0","0","","0","N","","1","0","0","0","0","0","0","2","0","1","","","","N","","","","","","","","","",""
"2016096116","","1","0","0","0","0","0","0","0","0","7","0","","02","9","2016","1","40.372411","-80.107917","","11","0","0","0","0","0","0","0","0","2","0","0","0","","","0","","0","","40 22:20.681","1","0","80 06:28.501","0","0","0","0","2102","0","0","0","","0","0","0","2","68B03","0","","3.0","","9","N","N","","0","","0","0","0","","0","N","","1","0","0","0","0","0","0","2","0","1","","","","N","","","","","","","","","",""
"2016100443","","0","0","0","0","0","0","0","0","0","7","0","","02","9","2016","5","40.567319","-80.011015","","11","0","0","0","0","0","1","0","0","","0","0","0","","","1","","0","","40 34:02.347","","0","80 00:39.655","4","0","0","0","2108","0","0","0","","0","0","0","1","02108","1","","4.0","","9","N","N","","0","","0","0","1","","0","","","1","1","0","0","0","0","0","2","0","1","","","","N","","","","","","","","","",""
"2016100444","","1","0","0","0","0","0","0","0","0","1","0","","02","9","2016","2","40.439997","-80.083949","","11","0","0","0","0","0","0","0","0","","0","0","0","","","1","","0","","40 26:23.990","","0","80 05:02.217","8","0","0","0","2115","0","0","0","","0","0","0","2","02115","0","","1.0","","1","N","N","","0","","0","0","1","","0","","","2","1","0","0","0","1","1","2","0","2","","","","N","","","","","","","","","",""
"2016075177","","1","0","0","0","0","0","1","0","0","1","1","","02","7","2016","3","40.440594","-80.018596","","11","0","0","0","0","0","0","0","0","1","0","0","0","","","0","","0","","40 26:26.139","3","0","80 01:06.946","0","0","0","0","2301","0","0","0","N","0","0","0","2","02503","0","","1.0","","1","N","N","","0","","0","0","0","","0","N","","2","0","0","0","0","0","0","2","0","2","","","","N","","","","","","","","","",""
"2016096475","","2","0","0","0","0","0","0","0","0","7","1","","02","9","2016","3","40.410567","-80.071477","","11","0","0","0","0","0","1","0","0","1","0","1","0","","","0","","0","","40 24:38.041","4","0","80 04:17.316","0","0","0","0","2117","0","0","0","","0","0","0","3","68B03","0","","4.0","","1","N","N","","0","","0","0","0","","0","Y","","3","0","0","0","0","0","0","2","0","3","","","","N","","","","","","","","","",""
"2016094765","","2","0","0","0","0","0","0","0","0","4","0","","02","2","2016","1","40.386139","-79.822472","","11","0","0","0","0","0","1","1","0","","0","0","0","","","1","","0","","40 23:10.100","","0","79 49:20.900","4","0","0","0","2111","0","0","0","N","0","0","0","4","02111","1","","1.0","","1","N","N","","0","","0","0","0","","0","","","2","1","0","0","0","0","0","2","0","2","","","","N","","","","","","","","","",""
"2016100445","","2","0","0","0","0","0","0","0","0","1","0","","02","9","2016","3","40.444174","-80.147117","","11","0","0","0","0","0","0","0","0","2","0","0","0","","","0","","0","","40 26:39.028","3","0","80 08:49.622","0","0","0","0","2115","0","0","0","","0","0","0","3","02115","0","","1.0","","1","N","N","","0","","0","0","1","","0","N","","3","0","0","0","0","0","0","2","0","3","","","","N","","","","","","","","","",""
"2016100446","","1","0","0","0","0","0","0","0","0","4","0","","02","9","2016","5","40.449468","-80.107379","","11","0","0","0","0","0","1","0","0","1","0","0","0","","","0","","1","","40 26:58.083","7","0","80 06:26.566","0","0","0","0","2115","0","0","0","","0","0","0","5","02115","0","","1.0","","1","N","N","","0","","0","0","0","","2","N","","2","0","0","0","0","0","0","2","1","2","","","","N","","","","","","","","","",""
"2016096165","","1","0","0","0","0","0","0","0","0","4","1","","02","9","2016","4","40.470295","-80.220373","","11","0","0","0","0","0","1","1","0","","0","1","0","","","1","","1","","40 28:13.061","","2","80 13:13.344","4","0","0","0","2203","0","0","0","N","0","0","0","2","02203","1","","1.0","","1","Y","N","","0","","0","0","0","","2","","","2","1","0","0","0","0","0","2","0","2","","","","N","","","","","","","","","",""
"2016096173","","2","0","0","0","0","0","0","0","0","1","0","","02","9","2016","1","40.521934","-80.005364","","11","0","0","0","0","0","0","0","0","","0","0","0","","","1","","1","","40 31:18.962","","0","80 00:19.311","8","0","0","0","2116","0","0","0","N","0","0","0","10","02116","0","","1.0","","9","N","N","","0","","0","0","1","","2","","","3","1","0","0","0","1","0","2","0","3","","","","N","","","","","","","","","",""
"2016096508","","1","0","0","0","0","0","0","0","0","5","1","","02","9","2016","2","40.519796","-80.17032","","11","0","0","0","0","0","1","0","0","","0","1","0","","","0","","1","","40 31:11.267","","0","80 10:13.153","0","0","0","0","2420","0","0","0","","0","0","0","2","02420","0","","1.0","","1","N","N","","0","","0","0","0","","2","","","2","0","0","0","0","0","0","2","0","2","","","","N","","","","","","","","","",""
"2016097482","","1","0","1","0","0","0","0","0","0","7","0","","02","9","2016","4","40.379518","-79.812714","","11","0","0","0","0","0","1","0","0","3","0","0","0","","","1","","2","","40 22:46.263","2","0","79 48:45.771","2","0","0","0","2424","0","0","0","N","0","0","0","1","02424","0","","5.0","","1","N","N","","0","","0","1","0","","3","Y","","1","1","0","0","0","0","0","2","0","1","","","","N","","","","","","","","","",""
"2016083487","","3","0","0","0","0","0","0","0","0","1","0","","02","8","2016","2","40.487278","-79.895543","","11","0","0","0","0","0","0","0","0","1","0","0","0","","","0","","2","","40 29:14.200","4","0","79 53:43.955","0","0","0","0","2301","0","0","0","N","0","0","0","3","02301","0","","1.0","","1","N","N","","0","","0","0","0","","0","Y","","3","0","0","0","0","0","0","2","0","3","","","","N","","","","","","","","","",""
"2016102267","","1","0","0","0","0","0","0","0","0","7","0","55","02","10","2016","1","40.526884","-80.272231","","11","0","0","0","0","0","0","0","0","1","0","0","0","","","0","","0","","40 31:36.784","4","0","80 16:20.030","0","0","0","0","2203","0","0","0","","0","0","0","1","68B03","0","","3.0","","9","N","N","","0","","0","0","0","","0","N","","1","0","1","0","0","0","0","2","0","1","","","N","Y","4","1","N","N","N","Y","Y","N","Y",""
"2016094658","","2","0","0","0","0","0","0","0","0","4","0","","02","9","2016","5","40.438871","-79.760628","","11","0","0","0","1","0","0","0","0","","0","0","0","","","0","","1","","40 26:19.934","","0","79 45:38.259","0","0","0","0","2446","0","0","0","N","0","0","0","2","02446","0","","1.0","","1","N","N","","0","","0","0","0","","2","","","2","0","0","0","0","0","0","2","0","2","","","","N","","","","","","","","","",""
"2016096726","","1","0","0","0","0","0","0","0","0","1","0","55","02","8","2016","5","40.427615","-79.924143","","11","0","0","0","0","1","0","0","0","","0","0","0","","","0","","0","","40 25:39.414","","4","79 55:26.916","0","0","0","1","2301","0","0","0","","0","0","0","2","68B03","0","","1.0","","1","N","N","","0","","0","0","0","","0","","","2","0","0","0","0","0","0","2","0","2","","","Y","Y","2","2","N","N","N","N","Y","N","Y",""
"2016083217","","1","0","0","0","0","0","0","0","0","1","0","","02","8","2016","6","40.487804","-79.897347","","11","0","0","0","0","0","0","0","0","","0","0","0","","","1","","0","","40 29:16.094","","0","79 53:50.448","3","0","0","0","2301","0","0","0","N","0","0","0","4","02301","0","","1.0","","1","N","N","","0","","1","0","1","","2","","","2","1","0","0","0","0","0","2","0","2","","","","N","","","","","","","","","",""
"2016076513","","1","0","0","0","0","0","0","0","0","7","0","","02","7","2016","6","40.450335","-79.928314","","11","0","0","0","0","0","1","0","0","2","0","0","0","","","0","","0","","40 27:01.206","3","0","79 55:41.930","0","0","0","0","2301","0","0","0","N","0","0","0","1","02301","0","","5.0","","1","N","N","","0","","0","0","0","","0","N","","1","0","0","0","0","0","0","2","0","1","","","","N","","","","","","","","","",""
"2016075676","","2","0","0","0","0","0","0","0","0","1","0","","02","7","2016","4","40.443056","-79.814746","","11","0","0","0","0","0","0","0","0","2","0","0","0","","","0","","0","","40 26:35.000","3","0","79 48:53.087","9","0","0","0","2113","0","0","0","N","0","0","0","2","02113","0","","1.0","","1","N","N","","0","","0","0","0","","0","N","","2","0","0","0","0","0","1","2","0","2","","","","N","","","","","","","","","",""
"2016097510","","2","0","0","0","0","0","0","0","0","1","0","","02","9","2016","5","40.508333","-80.004988","","11","0","0","0","0","0","0","0","0","1","0","0","0","","","1","","0","","40 30:29.997","2","0","80 00:17.956","4","0","0","0","2116","0","0","0","N","0","0","0","2","02116","1","","1.0","","1","N","N","","0","","0","0","0","","0","N","","2","1","0","0","0","0","0","2","0","2","","","","N","","","","","","","","","",""
"2016081044","","1","0","0","0","0","0","0","0","0","1","0","","02","8","2016","3","40.404093","-79.990274","","11","0","0","0","0","0","0","0","0","","0","0","0","","","0","","2","","40 24:14.734","","0","79 59:24.986","0","0","0","0","2301","0","0","0","N","0","0","0","2","02301","0","","1.0","","1","N","N","","0","","0","0","1","","2","","","2","0","0","0","0","0","0","2","0","2","","","","N","","","","","","","","","",""
"2016096200","","1","0","0","0","0","0","0","0","0","1","0","","02","9","2016","3","40.361064","-79.932827","","11","0","0","0","0","0","0","0","1","2","0","0","0","","","1","","0","","40 21:39.830","1","0","79 55:58.176","4","0","0","0","2473","0","0","0","N","0","0","0","2","02473","1","","1.0","","1","N","N","","0","","0","0","0","","0","Y","","2","1","0","0","0","0","0","2","1","2","","","","N","","","","","","","","","",""
"2016077524","","1","0","0","0","0","0","0","0","0","4","0","","02","8","2016","2","40.454792","-79.945781","","11","0","0","0","0","0","0","0","0","2","0","0","0","","","0","","0","","40 27:17.251","3","0","79 56:44.810","0","0","0","0","2301","0","0","0","N","0","0","0","2","02301","0","","1.0","","1","N","N","","0","","0","0","1","","0","N","","3","0","0","0","0","0","0","2","0","2","","","","N","","","","","","","","","",""
"2016098234","","1","0","0","0","0","0","0","0","0","4","0","","02","9","2016","7","40.544488","-80.035345","","11","0","0","0","0","0","1","0","0","","0","0","0","","","2","","0","","40 32:40.156","","0","80 02:07.242","3","0","0","0","2116","0","0","0","N","0","0","0","7","02116","0","","1.0","","1","N","N","","0","","2","0","1","","0","","","2","2","0","0","0","0","0","2","0","2","","","","N","","","","","","","","","",""
"2016077117","","2","0","0","0","0","0","0","0","0","4","0","","02","7","2016","6","40.447013","-80.158405","","11","0","0","0","0","0","0","0","0","1","0","0","0","","","0","","0","","40 26:49.246","1","0","80 09:30.257","0","0","0","0","2115","0","0","0","","0","0","0","3","02115","0","","1.0","","1","N","N","","0","","0","0","0","","8","N","","2","0","0","0","0","0","0","2","0","2","","","","N","","","","","","","","","",""
"2016098514","","1","0","0","0","0","0","0","0","0","4","0","","02","9","2016","5","40.458064","-79.851872","","11","0","0","0","0","0","0","0","0","","0","0","0","","","0","","0","","40 27:29.030","","0","79 51:06.739","0","0","0","0","2113","0","0","0","N","0","0","0","2","02113","0","","1.0","","1","N","N","","1","","0","0","0","","0","","","2","0","0","0","0","0","0","2","0","2","","","","N","","","","","","","","","",""
"2016081812","","1","0","0","0","0","0","0","0","0","4","0","","02","8","2016","4","40.526632","-79.949896","","11","0","0","0","0","0","1","1","0","2","0","0","0","","","3","","0","","40 31:35.876","1","7","79 56:59.626","8","0","0","0","2118","0","0","0","N","0","0","0","3","02118","0","","1.0","","1","N","N","","0","","0","0","1","","0","N","","2","3","0","0","0","3","0","2","0","2","","","","N","","","","","","","","","",""
"2016079288","","2","0","0","0","0","0","0","0","0","5","0","","02","8","2016","7","40.437042","-79.996725","","11","1","0","0","0","0","0","0","0","1","0","0","0","","","0","","0","","40 26:13.351","3","0","79 59:48.210","9","0","0","0","2301","0","0","0","N","0","0","0","1","02301","0","","6.0","","1","N","N","","0","","0","0","0","","0","Y","","2","0","0","0","0","0","1","2","0","2","","","","N","","","","","","","","","",""
"2016094504","","1","0","0","0","0","0","0","0","0","5","1","","02","9","2016","5","40.457728","-80.198892","","11","0","0","0","0","0","1","0","0","2","0","1","0","","","0","","2","","40 27:27.820","1","0","80 11:56.011","0","0","0","0","2203","0","0","0","N","0","0","0","2","02203","0","","1.0","","1","N","N","","0","","0","0","0","","3","N","","2","0","0","0","0","0","0","2","0","2","","","","N","","","","","","","","","",""
"2016099721","","0","0","0","0","0","0","0","0","0","0","0","","02","9","2016","7","40.503634","-80.222451","","11","0","0","0","0","0","1","0","0","1","0","0","0","","","1","","1","","40 30:13.083","2","0","80 13:20.825","8","0","0","1","2213","0","0","0","","0","0","0","1","02213","0","","1.0","","1","N","N","","0","","0","0","0","","2","N","","1","1","0","0","0","1","0","2","0","1","","","","N","","","","","","","","","",""
"2016098075","","1","0","0","0","0","0","0","0","0","4","0","","02","9","2016","7","40.434132","-79.752117","","11","0","0","0","0","0","0","0","0","2","0","0","0","","","1","","0","","40 26:02.876","4","0","79 45:07.620","8","0","0","0","2446","0","0","0","N","0","0","0","2","02446","0","","1.0","","1","N","N","","0","","0","0","1","","0","N","","2","1","0","0","0","1","0","2","0","2","","","","N","","","","","","","","","",""
"2016094505","","1","0","0","0","0","0","0","0","0","7","0","","02","9","2016","5","40.430111","-80.036686","","11","0","0","0","0","0","0","0","0","","0","0","0","","","0","","2","","40 25:48.399","","0","80 02:12.069","0","0","0","0","2301","0","0","0","N","0","0","0","1","02301","0","","1.0","","1","N","N","","0","","0","0","0","","0","","","1","0","0","0","0","0","0","2","0","1","","","","N","","","","","","","","","",""
"2016101180","","0","0","0","0","0","0","0","0","0","0","0","","02","10","2016","1","40.526932","-79.988275","","11","0","0","0","0","0","0","0","0","1","0","0","0","","","1","","2","","40 31:36.955","2","0","79 59:17.790","3","0","0","0","2116","0","0","0","N","0","0","0","3","02116","0","","1.0","","1","N","N","","0","","1","0","0","","0","N","","1","1","0","0","0","0","0","2","1","1","","","","N","","","","","","","","","",""
"2016098243","","1","0","0","0","0","0","0","0","0","1","0","","02","9","2016","7","40.535744","-80.035961","","11","0","0","1","0","0","0","1","0","","0","0","0","","","1","","0","","40 32:08.680","","0","80 02:09.460","3","0","0","0","2116","0","0","0","N","0","0","0","2","02116","0","","1.0","","1","N","N","","1","","1","0","0","","0","","","2","1","0","0","0","0","0","2","0","2","","","","N","","","","","","","","","",""
"2016078870","","1","0","0","0","0","0","0","0","0","7","0","","02","8","2016","5","40.501595","-80.044931","","11","0","0","0","0","0","0","1","0","4","0","0","0","","","0","","0","","40 30:05.742","7","7","80 02:41.751","0","0","0","0","2116","0","0","0","N","0","0","0","2","02116","0","","5.0","","1","N","N","","0","","0","0","0","","0","N","","1","0","0","0","0","0","0","2","0","1","","","","N","","","","","","","","","",""
"2016094523","","1","0","0","0","0","0","1","0","0","6","1","","02","9","2016","4","40.383736","-79.993152","","11","0","0","0","0","0","0","1","1","","0","0","0","","","0","","0","","40 23:01.449","","0","79 59:35.347","0","0","0","0","2301","0","0","0","N","0","0","0","4","02301","0","","1.0","","1","N","N","","0","","0","0","0","","0","","","2","0","1","0","0","0","0","2","0","2","","","","N","","","","","","","","","",""
"2016098650","","0","0","0","0","0","0","0","0","0","1","0","","02","5","2016","3","40.411902","-80.067767","","11","0","0","0","0","0","0","1","0","","0","0","0","","","1","","0","","40 24:42.846","","0","80 04:03.961","4","0","0","0","2435","0","0","0","","0","0","0","3","68B03","1","","1.0","","1","N","N","","1","","0","0","0","","0","","","2","1","0","0","0","0","0","2","1","2","","","","N","","","","","","","","","",""
"2016094524","","2","0","0","0","0","0","0","0","0","1","0","","02","9","2016","5","40.336518","-79.810032","","11","0","0","0","0","0","1","0","0","1","0","0","0","","","2","","0","","40 20:11.465","1","0","79 48:36.114","8","0","0","0","2477","0","0","0","N","0","0","0","2","02477","0","","1.0","","1","N","N","","0","","0","0","0","","0","Y","","2","2","0","0","0","2","0","2","0","2","","","","N","","","","","","","","","",""
"2016094815","","1","0","0","0","0","0","0","0","0","1","0","","02","8","2016","2","40.429946","-80.027722","","11","0","0","0","0","1","0","0","0","","0","0","0","","","0","","0","","40 25:47.804","","0","80 01:39.798","0","0","0","0","2301","0","0","0","","0","0","0","2","68B03","0","","1.0","","1","N","N","","0","","0","0","1","","0","","","2","0","0","0","0","0","0","2","0","2","","","","N","","","","","","","","","",""
"2016082918","","1","0","0","0","0","0","0","0","0","7","0","","02","8","2016","1","40.462167","-79.888861","","11","0","1","0","0","0","0","0","0","","0","0","0","","","0","","0","","40 27:43.800","","0","79 53:19.900","0","0","0","0","2113","0","0","0","Y","0","0","0","3","02113","0","","5.0","","1","N","N","","0","","0","0","0","","0","","","1","0","0","0","0","0","0","2","0","1","","","","N","","","","","","","","","",""
"2016101290","","2","0","0","0","0","0","0","0","0","5","0","","02","9","2016","4","40.386134","-79.821206","","11","0","0","0","0","0","1","1","0","2","0","0","0","","","3","","2","","40 23:10.082","5","0","79 49:16.341","4","0","0","0","2111","0","0","0","N","0","0","0","3","02111","3","","1.0","","1","N","N","","0","","0","0","1","","2","Y","","3","3","0","0","0","0","0","2","0","3","","","","N","","","","","","","","","",""
"2016094525","","1","0","0","0","0","0","0","0","0","4","0","","02","9","2016","5","40.460455","-79.760271","","11","0","0","0","0","0","0","1","0","1","0","0","0","","","0","","2","","40 27:37.638","3","0","79 45:36.977","0","0","0","0","2446","0","0","0","N","0","0","0","2","02446","0","","1.0","","1","N","N","","0","","0","0","1","","3","N","","2","0","0","0","0","0","0","2","0","2","","","","N","","","","","","","","","",""
"2016096154","","1","0","0","0","0","0","0","0","0","8","0","","02","9","2016","3","40.456934","-79.998833","","11","0","0","0","0","0","0","0","0","1","0","0","0","","","1","","2","","40 27:24.964","3","0","79 59:55.797","4","0","0","0","2301","1","0","0","N","1","0","0","2","02301","1","","1.0","","1","N","N","","0","","0","0","0","","2","N","","2","1","0","0","0","0","0","2","0","1","","","","N","","","","","","","","","",""
"2016094532","","2","0","0","0","0","0","0","0","0","4","0","","02","9","2016","3","40.325868","-80.049323","","11","0","0","0","0","0","1","1","0","","0","0","0","","","0","","1","","40 19:33.124","","0","80 02:57.561","0","0","0","0","2407","0","0","0","","0","0","0","2","02407","0","","1.0","","1","N","N","","0","","0","0","0","","2","","","2","0","0","0","0","0","0","2","0","2","","","","N","","","","","","","","","",""
"2016098145","","2","0","0","0","0","0","0","0","0","1","0","","02","9","2016","7","40.480212","-79.965499","","11","0","0","0","0","0","2","0","0","1","0","0","0","","","1","","6","","40 28:48.764","1","0","79 57:55.795","8","0","0","0","2118","0","0","0","N","0","0","0","6","02118","0","","1.0","","1","N","N","","0","","0","0","1","","3","N","","3","1","0","0","0","1","0","2","0","3","","","","N","","","","","","","","","",""