"CRN","ARRIVAL_TM","AUTOMOBILE_COUNT","BELTED_DEATH_COUNT","BELTED_SUSP_SERIOUS_INJ_COUNT","BICYCLE_COUNT","BICYCLE_DEATH_COUNT","BICYCLE_SUSP_SERIOUS_INJ_COUNT","BUS_COUNT","CHLDPAS_DEATH_COUNT","CHLDPAS_SUSP_SERIOUS_INJ_COUNT","COLLISION_TYPE","COMM_VEH_COUNT","CONS_ZONE_SPD_LIM","COUNTY","CRASH_MONTH","CRASH_YEAR","DAY_OF_WEEK","DEC_LATITUDE","DEC_LONGITUDE","DISPATCH_TM","DISTRICT","DRIVER_COUNT_16YR","DRIVER_COUNT_17YR","DRIVER_COUNT_18YR","DRIVER_COUNT_19YR","DRIVER_COUNT_20YR","DRIVER_COUNT_50_64YR","DRIVER_COUNT_65_74YR","DRIVER_COUNT_75PLUS","EST_HRS_CLOSED","FATAL_COUNT","HEAVY_TRUCK_COUNT","HORSE_BUGGY_COUNT","HOUR_OF_DAY","ILLUMINATION","INJURY_COUNT","INTERSECTION_RELATED","INTERSECT_TYPE","LANE_CLOSED","LATITUDE","LN_CLOSE_DIR","LOCATION_TYPE","LONGITUDE","MAX_SEVERITY_LEVEL","MCYCLE_DEATH_COUNT","MCYCLE_SUSP_SERIOUS_INJ_COUNT","MOTORCYCLE_COUNT","MUNICIPALITY","NONMOTR_COUNT","NONMOTR_DEATH_COUNT","NONMOTR_SUSP_SERIOUS_INJ_COUNT","NTFY_HIWY_MAINT","PED_COUNT","PED_DEATH_COUNT","PED_SUSP_SERIOUS_INJ_COUNT","PERSON_COUNT","POLICE_AGCY","POSSIBLE_INJ_COUNT","RDWY_SURF_TYPE_CD","RELATION_TO_ROAD","ROADWAY_CLEARED","ROAD_CONDITION","SCH_BUS_IND","SCH_ZONE_IND","SECONDARY_CRASH","SMALL_TRUCK_COUNT","SPEC_JURIS_CD","SUSP_MINOR_INJ_COUNT","SUSP_SERIOUS_INJ_COUNT","SUV_COUNT","TCD_FUNC_CD","TCD_TYPE","TFC_DETOUR_IND","TIME_OF_DAY","TOTAL_UNITS","TOT_INJ_COUNT","UNBELTED_OCC_COUNT","UNB_DEATH_COUNT","UNB_SUSP_SERIOUS_INJ_COUNT","UNK_INJ_DEG_COUNT","UNK_INJ_PER_COUNT","URBAN_RURAL","VAN_COUNT","VEHICLE_COUNT","WEATHER1","WEATHER2","WORKERS_PRES","WORK_ZONE_IND","WORK_ZONE_LOC","WORK_ZONE_TYPE","WZ_CLOSE_DETOUR","WZ_FLAGGER","WZ_LAW_OFFCR_IND","WZ_LN_CLOSURE","WZ_MOVING","WZ_OTHER","WZ_SHLDER_MDN","WZ_WORKERS_INJ_KILLED"
"2016081310","","3","0","0","0","0","0","0","0","0","1","0","","02","8","2016","4","","","","11","0","0","0","0","0","1","0","0","","0","0","0","","","1","","1","","40 27:40.2","","0","79 52:12.9","4","0","0","0","2301","0","0","0","N","0","0","0","4","02301","1","","1.0","","1","N","N","","0","","0","0","0","","2","","","3","1","0","0","0","0","0","2","0","3","","","","N","","","","","","","","","",""
"2016082688","","0","0","0","0","0","0","0","0","0","1","0","","02","8","2016","7","40.4687","-79.985432","","11","0","0","0","0","0","0","0","0","2","0","0","0","","","1","","2","","40 28:07.320","1","0","79 59:07.555","4","0","0","0","2301","0","0","0","N","0","0","0","2","02301","1","","1.0","","1","N","N","","1","","0","0","1","","0","N","","2","1","0","0","0","0","1","2","0","2","","","","N","","","","","","","","","",""
"2016081317","","2","0","0","0","0","0","0","0","0","1","0","","02","8","2016","4","40.363812","-79.842856","","11","0","0","0","0","0","0","0","0","1","0","0","0","","","0","","1","","40 21:49.724","1","0","79 50:34.282","9","0","0","0","2303","0","0","0","N","0","0","0","3","02303","0","","1.0","","1","N","N","","0","","0","0","1","","2","N","","3","0","0","0","0","0","1","2","0","3","","","","N","","","","","","","","","",""
"2016075885","","3","0","0","0","0","0","0","0","0","1","0","","02","7","2016","4","40.450859","-80.022464","","11","0","0","0","0","0","0","0","0","","0","0","0","","","0","","0","","40 27:03.093","","0","80 01:20.870","0","0","0","0","2301","0","0","0","N","0","0","0","5","02301","0","","1.0","","1","N","N","","0","","0","0","0","","0","","","3","0","0","0","0","0","0","2","0","3","","","","N","","","","","","","","","",""
"2016099230","","2","0","0","0","0","0","0","0","0","4","0","","02","9","2016","7","40.541049","-79.784119","","11","0","0","0","0","0","1","0","0","","0","0","0","","","1","","1","","40 32:27.776","","0","79 47:02.829","8","0","0","0","2462","0","0","0","N","0","0","0","4","02462","0","","1.0","","1","N","N","","0","","0","0","0","","2","","","2","1","0","0","0","1","0","2","0","2","","","","N","","","","","","","","","",""
"2016077520","","2","0","0","0","0","0","0","0","0","1","0","","02","8","2016","2","40.455755","-79.942755","","11","0","0","0","0","0","2","0","0","1","0","0","0","","","0","","2","","40 27:20.718","3","0","79 56:33.917","0","0","0","0","2301","0","0","0","N","0","0","0","3","02301","0","","1.0","","1","N","N","","0","","0","0","1","","2","Y","","3","0","0","0","0","0","0","2","0","3","","","","N","","","","","","","","","",""
"2016083478","","2","0","0","0","0","0","0","0","0","4","0","","02","8","2016","2","40.391952","-80.015198","","11","0","0","0","0","0","0","0","0","","0","0","0","","","0","","2","","40 23:31.027","","0","80 00:54.712","0","0","0","0","2301","0","0","0","N","0","0","0","2","02301","0","","1.0","","1","N","N","","0","","0","0","0","","3","","","2","0","0","0","0","0","0","2","0","2","","","","N","","","","","","","","","",""
"2016101943","","2","0","0","0","0","0","0","0","0","1","0","","02","9","2016","6","40.430636","-79.785617","","11","0","0","0","0","0","1","0","0","","0","0","0","","","1","","0","","40 25:50.290","","0","79 47:08.220","8","0","0","0","2446","0","0","0","N","0","0","0","8","02446","0","","1.0","","1","N","N","","0","","0","0","1","","2","","","3","1","0","0","0","1","0","2","0","3","","","","N","","","","","","","","","",""
"2016077087","","1","0","0","1","0","0","0","0","0","8","0","","02","8","2016","2","40.453759","-79.99917","","11","0","0","0","0","0","0","0","0","","0","0","0","","","1","","2","","40 27:13.532","","0","79 59:57.013","3","0","0","0","2301","1","0","0","N","0","0","0","2","02301","0","","1.0","","1","N","N","","0","","1","0","0","","0","","","2","1","0","0","0","0","0","2","0","1","","","","N","","","","","","","","","",""
"2016102230","","1","0","0","0","0","0","0","0","0","7","0","","02","9","2016","2","40.425523","-79.910011","","11","0","0","0","0","0","0","0","0","1","0","0","0","","","0","","0","","40 25:31.884","3","0","79 54:36.040","0","0","0","0","2301","0","0","0","","0","0","0","1","68B03","0","","2.0","","1","N","N","","0","","0","0","0","","0","N","","1","0","0","0","0","0","0","2","0","1","","","","N","","","","","","","","","",""
"2016081206","","0","0","0","0","0","0","0","0","0","7","0","","02","8","2016","4","40.446689","-80.007376","","11","0","0","0","0","0","0","0","0","3","0","0","0","","","1","","1","","40 26:48.080","3","0","80 00:26.553","4","0","0","0","2301","0","0","0","N","0","0","0","2","02301","1","","5.0","","1","N","N","","0","","0","0","1","","2","N","","1","1","0","0","0","0","0","2","0","1","","","","N","","","","","","","","","",""
"2016100261","","1","0","0","0","0","0","0","0","0","1","0","","02","9","2016","7","40.36036","-79.99085","","11","1","0","0","0","0","0","1","0","1","0","0","0","","","0","","0","","40 21:37.296","1","0","79 59:27.060","0","0","0","0","2476","0","0","0","N","0","0","0","2","02476","0","","1.0","","1","N","N","","1","","0","0","0","","0","N","","2","0","0","0","0","0","0","2","0","2","","","","N","","","","","","","","","",""
"2016103128","","1","0","0","0","0","0","0","0","0","4","0","","02","10","2016","5","40.396268","-80.046366","","11","0","0","0","0","0","0","0","0","2","0","0","0","","","1","","2","","40 23:46.564","5","0","80 02:46.917","4","0","0","0","2109","0","0","0","","0","0","0","2","02109","1","","1.0","","1","N","N","","0","","0","0","1","","3","N","","2","1","0","0","0","0","0","2","0","2","","","","N","","","","","","","","","",""
"2016081825","","1","0","0","0","0","0","0","0","0","4","0","","02","8","2016","2","40.568006","-80.049508","","11","0","0","0","0","0","0","0","0","","0","0","0","","","0","","1","","40 34:04.821","","0","80 02:58.228","0","0","0","0","2108","0","0","0","","0","0","0","3","02108","0","","1.0","","1","N","N","","0","","0","0","0","","3","","","2","0","0","0","0","0","0","2","1","2","","","","N","","","","","","","","","",""
"2016075882","","0","0","0","0","0","0","0","0","0","1","0","","02","7","2016","4","40.618779","-79.908108","","11","0","0","0","0","0","0","0","0","","0","0","0","","","0","","2","","40 37:07.606","","0","79 54:29.188","0","0","0","0","2220","0","0","0","N","0","0","0","3","02220","0","","1.0","","1","N","N","","0","","0","0","1","","0","","","2","0","0","0","0","0","0","2","1","2","","","","N","","","","","","","","","",""
"2016081657","","0","0","0","0","0","0","0","0","0","7","0","","02","8","2016","4","40.429374","-80.219425","","11","0","0","0","1","0","0","0","0","2","0","0","0","","","0","","0","","40 25:45.747","5","0","80 13:09.929","0","0","0","0","2214","0","0","0","Y","0","0","0","1","02214","0","","4.0","","1","N","N","","1","","0","0","0","","0","N","","1","0","1","0","0","0","0","2","0","1","","","","N","","","","","","","","","",""
"2016075880","","2","0","0","0","0","0","0","0","0","4","0","","02","7","2016","4","40.432152","-80.003897","","11","0","0","0","0","0","1","0","0","","0","0","0","","","1","","0","","40 25:55.746","","0","80 00:14.029","8","0","0","0","2301","0","0","0","N","0","0","0","2","02301","0","","1.0","","1","N","N","","0","","0","0","0","","0","","","2","1","0","0","0","1","0","2","0","2","","","","N","","","","","","","","","",""
"2016081859","","1","0","0","0","0","0","0","0","0","7","0","","02","8","2016","4","40.405544","-80.054178","","11","0","0","0","0","0","0","0","0","1","0","0","0","","","0","","2","","40 24:19.957","2","0","80 03:15.039","0","0","0","0","2435","0","0","0","N","0","0","0","1","02435","0","","4.0","","1","N","N","","0","","0","0","0","","0","N","","1","0","0","0","0","0","0","2","0","1","","","","N","","","","","","","","","",""
"2016081050","","1","0","0","0","0","0","0","0","0","8","0","","02","8","2016","3","40.428815","-79.983885","","11","0","0","0","0","0","1","0","0","1","0","0","0","","","1","","0","","40 25:43.733","3","0","79 59:01.986","2","0","0","0","2301","1","0","1","N","1","0","1","4","02301","0","","1.0","","1","N","N","","0","","0","1","0","","0","Y","","2","1","0","0","0","0","0","2","0","1","","","","N","","","","","","","","","",""
"2016082141","","1","0","0","0","0","0","0","0","0","4","0","","02","8","2016","6","40.450478","-80.045233","","11","0","0","0","0","0","1","1","0","","0","1","0","","","0","","1","","40 27:01.720","","0","80 02:42.838","0","0","0","0","2301","0","0","0","N","0","0","0","3","02301","0","","1.0","","1","N","N","","0","","0","0","0","","2","","","2","0","0","0","0","0","0","2","0","2","","","","N","","","","","","","","","",""
"2016077094","","3","0","0","0","0","0","0","0","0","1","0","","02","8","2016","2","40.462064","-80.030826","","11","0","0","0","0","0","0","0","0","2","0","0","0","","","1","","10","","40 27:43.429","2","0","80 01:50.974","8","0","0","0","2301","0","0","0","N","0","0","0","3","02301","0","","1.0","","1","N","N","","0","","0","0","0","","2","Y","","3","1","0","0","0","1","0","2","0","3","","","","N","","","","","","","","","",""
"2016079252","","3","0","0","0","0","0","0","0","0","1","0","","02","8","2016","7","40.463278","-79.930833","","11","0","0","0","0","0","0","0","0","2","0","0","0","","","0","","0","","40 27:47.800","1","0","79 55:51.000","0","0","0","0","2301","0","0","0","N","0","0","0","3","02301","0","","1.0","","1","N","N","","0","","0","0","0","","0","N","","3","0","0","0","0","0","0","2","0","3","","","","N","","","","","","","","","",""
"2016081546","","3","0","0","0","0","0","0","0","0","4","0","","02","8","2016","4","40.465072","-79.946499","","11","0","0","0","0","0","1","0","0","","0","0","0","","","0","","1","","40 27:54.259","","0","79 56:47.396","0","0","0","0","2301","0","0","0","N","0","0","0","2","02301","0","","1.0","","1","N","N","","0","","0","0","0","","3","","","3","0","0","0","0","0","0","2","0","3","","","","N","","","","","","","","","",""
"2016101602","","1","0","0","0","0","0","0","0","0","1","0","","02","10","2016","7","40.567374","-80.009305","","11","0","0","0","0","0","0","0","0","","0","0","0","","","0","","0","","40 34:02.545","","0","80 00:33.498","0","0","0","0","2108","0","0","0","","0","0","0","3","02108","0","","1.0","","9","N","N","","0","","0","0","1","","0","","","2","0","0","0","0","0","0","2","0","2","","","","N","","","","","","","","","",""
"2016083310","","2","0","0","0","0","0","0","0","0","1","0","","02","8","2016","2","40.468595","-79.824445","","11","0","0","0","0","0","1","0","0","","0","0","0","","","1","","0","","40 28:06.941","","0","79 49:28.001","8","0","0","0","2113","0","0","0","N","0","0","0","4","02113","0","","1.0","","9","N","N","","0","","0","0","1","","0","","","3","1","0","0","0","1","0","2","0","3","","","","N","","","","","","","","","",""
"2016076407","","1","0","0","0","0","0","0","0","0","1","0","","02","7","2016","5","40.428998","-79.995804","","11","0","0","0","0","0","0","0","0","","0","0","0","","","0","","0","","40 25:44.392","","0","79 59:44.893","0","0","0","0","2301","0","0","0","N","0","0","0","2","02301","0","","1.0","","1","N","N","","1","","0","0","0","","0","","","2","0","0","0","0","0","0","2","0","2","","","","N","","","","","","","","","",""
"2016083477","","1","0","0","0","0","0","0","0","0","1","0","","02","8","2016","2","40.405385","-79.970332","","11","0","0","0","0","0","0","0","0","1","0","0","0","","","1","","0","","40 24:19.386","2","0","79 58:13.195","4","0","0","0","2301","0","0","0","N","0","0","0","3","02301","1","","1.0","","1","N","N","","0","","0","0","1","","0","N","","2","1","0","0","0","0","0","2","0","2","","","","N","","","","","","","","","",""
"2016082407","","1","0","0","0","0","0","0","0","0","6","0","","02","8","2016","5","40.575722","-80.054583","","11","0","0","1","0","0","0","0","0","1","0","0","0","","","0","","0","","40 34:32.600","2","0","80 03:16.500","0","0","0","0","2108","0","0","0","","0","0","0","4","02108","0","","1.0","","1","N","N","","0","","0","0","1","","0","N","","2","0","0","0","0","0","0","2","0","2","","","","N","","","","","","","","","",""
"2016085407","","1","0","0","0","0","0","0","0","0","1","0","","02","8","2016","6","40.435869","-79.969004","","11","0","0","0","0","0","0","0","1","","0","0","0","","","0","","0","","40 26:09.129","","2","79 58:08.416","0","0","0","0","2301","0","0","0","","0","0","0","3","68B03","0","","1.0","","1","N","N","","2","","0","0","0","","0","","","3","0","0","0","0","0","0","2","0","3","","","","N","","","","","","","","","",""
"2016081003","","2","0","0","0","0","0","0","0","0","1","0","","02","8","2016","3","40.435827","-79.971494","","11","0","0","0","0","0","0","0","0","","0","0","0","","","1","","0","","40 26:08.978","","3","79 58:17.380","8","0","0","0","2301","0","0","0","N","0","0","0","2","02301","0","","1.0","","1","N","N","","0","","0","0","0","","0","","","2","1","0","0","0","1","0","2","0","2","","","","N","","","","","","","","","",""
"2016101299","","1","0","0","0","0","0","0","0","0","7","0","","02","10","2016","1","40.535678","-79.968752","","11","0","0","0","0","0","0","1","0","2","0","0","0","","","1","","0","","40 32:08.440","6","0","79 58:07.507","8","0","0","0","2118","0","0","0","N","0","0","0","1","02118","0","","2.0","","9","N","N","","0","","0","0","0","","0","Y","","1","1","0","0","0","1","0","2","0","1","","","","N","","","","","","","","","",""
"2016100015","","1","0","0","0","0","0","1","0","0","4","1","","02","9","2016","5","40.434165","-79.927595","","11","0","0","1","0","0","0","0","0","1","0","0","0","","","0","","1","","40 26:02.994","1","0","79 55:39.342","0","0","0","0","2301","0","0","0","N","0","0","0","27","02301","0","","1.0","","9","Y","N","","0","","0","0","0","","2","N","","2","0","0","0","0","0","0","2","0","2","","","","N","","","","","","","","","",""
"2016075695","","1","0","0","0","0","0","0","0","0","1","0","","02","7","2016","4","40.403797","-80.040379","","11","0","0","0","0","0","0","0","0","","0","0","0","","","1","","0","","40 24:13.670","","0","80 02:25.365","8","0","0","0","2301","0","0","0","N","0","0","0","1","02301","0","","1.0","","1","N","N","","0","","0","0","1","","2","","","2","1","0","0","0","1","0","2","0","2","","","","N","","","","","","","","","",""
"2016078328","","1","0","0","0","0","0","0","0","0","1","0","","02","7","2016","5","40.439147","-79.962119","","11","0","0","0","0","0","0","0","0","1","0","0","0","","","0","","2","","40 26:20.929","4","0","79 57:43.628","0","0","0","0","2301","0","0","0","N","0","0","0","2","02506","0","","1.0","","1","N","N","","0","","0","0","1","","2","Y","","2","0","0","0","0","0","0","2","0","2","","","","N","","","","","","","","","",""
"2016062990","","1","0","0","0","0","0","0","0","0","4","1","","02","6","2016","3","40.389199","-80.011602","","11","0","0","0","0","0","0","0","0","3","0","1","0","","","0","","1","","40 23:21.116","5","0","80 00:41.767","9","0","0","0","2301","0","0","0","N","0","0","0","3","02301","0","","1.0","","1","N","N","","0","","0","0","0","","0","Y","","2","0","2","0","0","0","1","2","0","2","","","","N","","","","","","","","","",""
"2016102467","","0","0","0","0","0","0","0","0","0","1","1","","02","10","2016","2","40.555938","-79.813647","","11","0","0","0","0","0","0","0","0","","0","1","0","","","0","","7","","40 33:21.376","","2","79 48:49.129","0","0","0","0","2208","0","0","0","","0","0","0","2","68D02","0","","1.0","","1","N","N","","0","","0","0","1","","3","","","2","0","0","0","0","0","0","2","0","2","","","","N","","","","","","","","","",""
"2016102455","","1","0","0","0","0","0","0","0","0","7","0","","02","10","2016","7","40.429011","-79.944821","","11","0","0","0","0","0","0","0","0","3","0","0","0","","","0","","0","","40 25:44.439","4","0","79 56:41.357","0","0","0","0","2301","0","0","0","","0","0","0","3","68B03","0","","2.0","","9","N","N","","0","","0","0","0","","0","N","","1","0","0","0","0","0","0","2","0","1","","","","N","","","","","","","","","",""
"2016081143","","0","0","0","0","0","0","0","0","0","7","0","","02","8","2016","2","40.377709","-80.040697","","11","0","0","0","1","0","0","0","0","2","0","0","0","","","0","","3","","40 22:39.753","5","0","80 02:26.509","0","0","0","0","2109","0","0","0","","0","0","0","1","02109","0","","5.0","","1","N","N","","1","","0","0","0","","3","Y","","1","0","0","0","0","0","0","2","0","1","","","","N","","","","","","","","","",""
"2016081374","","0","0","0","1","0","0","0","0","0","8","0","","02","8","2016","4","40.461578","-79.967126","","11","0","0","0","0","0","0","0","0","","0","0","0","","","1","","3","","40 27:41.680","","0","79 58:01.653","8","0","0","0","2301","1","0","0","N","0","0","0","8","02301","0","","1.0","","1","N","N","","1","","0","0","0","","2","","","2","1","0","0","0","1","0","2","0","1","","","","N","","","","","","","","","",""
"2016083293","","0","0","0","0","0","0","0","0","0","7","0","","02","8","2016","2","40.396389","-80.087583","","11","0","0","0","0","0","0","0","0","1","0","0","0","","","2","","0","","40 23:47.000","2","0","80 05:15.300","4","0","0","0","2117","0","0","0","N","0","0","0","2","02117","2","","2.0","","9","N","N","","0","","0","0","1","","0","N","","1","2","0","0","0","0","0","2","0","1","","","","N","","","","","","","","","",""
"2016078811","","1","0","0","0","0","0","0","0","0","7","0","","02","8","2016","6","40.449884","-79.987398","","11","0","0","0","0","0","0","0","0","1","0","0","0","","","0","","0","","40 26:59.582","3","0","79 59:14.632","0","0","0","0","2301","0","0","0","N","0","0","0","2","02301","0","","2.0","","1","N","N","","0","","0","0","0","","0","N","","1","0","0","0","0","0","0","2","0","1","","","","N","","","","","","","","","",""
"2016079382","","3","0","0","0","0","0","0","0","0","1","0","","02","8","2016","3","40.484242","-79.907891","","11","0","0","0","0","0","1","0","0","1","0","0","0","","","0","","2","","40 29:03.272","4","0","79 54:28.407","0","0","0","0","2301","0","0","0","N","0","0","0","4","02301","0","","1.0","","1","N","N","","0","","0","0","0","","2","N","","3","0","0","0","0","0","0","2","0","3","","","","N","","","","","","","","","",""
"2016095340","","0","0","0","0","0","0","0","0","0","7","0","","02","9","2016","6","40.477269","-79.743872","","11","0","0","0","0","0","0","0","0","2","0","0","0","","","0","","2","","40 28:38.168","6","0","79 44:37.940","9","0","0","0","2466","0","0","0","N","0","0","0","1","02466","0","","4.0","","1","N","N","","0","","0","0","1","","3","N","","1","0","0","0","0","0","1","2","0","1","","","","N","","","","","","","","","",""
"2016100402","","1","0","0","0","0","0","0","0","0","5","1","","02","9","2016","6","40.442896","-80.028777","","11","0","0","0","0","0","2","0","0","1","0","1","0","","","0","","1","","40 26:34.427","1","0","80 01:43.598","0","0","0","0","2301","0","0","0","N","0","0","0","3","02301","0","","1.0","","1","N","N","","0","","0","0","1","","2","N","","3","0","0","0","0","0","0","2","0","3","","","","N","","","","","","","","","",""
"2016098059","","2","0","0","0","0","0","0","0","0","2","0","","02","9","2016","7","40.452821","-79.825989","","11","0","0","0","0","0","0","1","0","","0","0","0","","","2","","2","","40 27:10.157","","0","79 49:33.562","4","0","0","0","2113","0","0","0","N","0","0","0","3","02113","2","","1.0","","1","N","N","","0","","0","0","0","","3","","","2","2","1","0","0","0","0","2","0","2","","","","N","","","","","","","","","",""
"2016083366","","0","0","0","0","0","0","0","0","0","1","0","","02","8","2016","2","40.435858","-79.961652","","11","0","0","0","0","0","0","0","0","","0","0","0","","","0","","0","","40 26:09.090","","0","79 57:41.946","0","0","0","0","2301","0","0","0","N","0","0","0","4","02301","0","","1.0","","1","N","N","","0","","0","0","2","","0","","","2","0","0","0","0","0","0","2","0","2","","","","N","","","","","","","","","",""
"2016098549","","1","0","0","0","0","0","0","0","0","2","0","","02","9","2016","2","40.452313","-79.796467","","11","0","0","0","0","0","0","0","0","2","0","0","0","","","0","","0","","40 27:08.326","5","0","79 47:47.282","0","0","0","0","2113","0","0","0","N","0","0","0","2","02113","0","","1.0","","1","N","N","","1","","0","0","0","","0","N","","2","0","0","0","0","0","0","2","0","2","","","","N","","","","","","","","","",""
"2016081465","","1","0","0","0","0","0","0","0","0","3","0","","02","8","2016","4","40.453611","-79.951639","","11","0","0","0","0","1","0","0","0","1","0","0","0","","","0","","0","","40 27:13.000","4","0","79 57:05.900","0","0","0","0","2301","0","0","0","N","0","0","0","3","02301","0","","1.0","","9","N","N","","0","","0","0","1","","0","N","","2","0","0","0","0","0","0","2","0","2","","","","N","","","","","","","","","",""
"2016079347","","1","0","0","0","0","0","0","0","0","8","0","","02","8","2016","1","40.34675","-79.880639","","11","0","0","0","0","0","0","0","0","","0","0","0","","","1","","2","","40 20:48.300","","0","79 52:50.300","3","0","0","0","2304","1","0","0","N","1","0","0","5","02304","0","","1.0","","1","N","N","","0","","1","0","0","","2","","","2","1","0","0","0","0","0","2","0","1","","","","N","","","","","","","","","",""
"2016077951","","2","0","0","0","0","0","0","0","0","4","0","","02","8","2016","3","40.529667","-79.95256","","11","0","0","0","0","0","1","0","1","2","0","0","0","","","0","","1","","40 31:46.801","2","0","79 57:09.216","0","0","0","0","2118","0","0","0","N","0","0","0","2","02118","0","","1.0","","1","N","N","","0","","0","0","0","","2","N","","2","0","0","0","0","0","0","2","0","2","","","","N","","","","","","","","","",""
"2016075663","","1","0","0","0","0","0","0","0","0","7","0","","02","7","2016","4","40.390745","-80.021505","","11","0","0","0","0","0","0","0","1","1","0","0","0","","","0","","0","","40 23:26.683","2","0","80 01:17.419","0","0","0","0","2301","0","0","0","N","0","0","0","1","02301","0","","5.0","","1","N","N","","0","","0","0","0","","0","N","","1","0","0","0","0","0","0","2","0","1","","","","N","","","","","","","","","",""
"2016079036","","2","0","0","0","0","0","0","0","0","4","0","","02","8","2016","6","40.454448","-79.947495","","11","0","0","0","0","0","1","0","0","1","0","0","0","","","1","","1","","40 27:16.014","7","0","79 56:50.982","3","0","0","0","2301","0","0","0","N","0","0","0","3","02301","0","","1.0","","1","N","N","","0","","1","0","0","","2","Y","","2","1","0","0","0","0","0","2","0","2","","","","N","","","","","","","","","",""
"2016082690","","1","0","0","0","0","0","0","0","0","7","0","","02","8","2016","7","40.461601","-79.993941","","11","0","0","0","0","0","1","0","0","","0","0","0","","","0","","0","","40 27:41.763","","0","79 59:38.187","0","0","0","0","2301","0","0","0","N","0","0","0","2","02301","0","","5.0","","1","N","N","","0","","0","0","0","","0","","","1","0","0","0","0","0","0","2","0","1","","","","N","","","","","","","","","",""
"2016100729","","1","0","0","0","0","0","0","0","0","7","0","","02","7","2016","6","40.485763","-80.265878","","11","0","0","0","0","0","0","0","0","","0","0","0","","","1","","6","","40 29:08.747","","2","80 15:57.159","3","0","0","0","2203","0","0","0","","0","0","0","2","68B03","0","","2.0","","1","N","N","","0","","1","0","0","","0","","","1","1","0","0","0","0","0","2","0","1","","","","N","","","","","","","","","",""
"2016102160","","0","0","0","0","0","0","0","0","0","4","0","","02","10","2016","3","40.32104","-79.89239","","11","0","0","0","0","0","0","1","0","1","0","0","0","","","1","","1","","40 19:15.744","7","0","79 53:32.604","8","0","0","0","2433","0","0","0","N","0","0","0","3","02433","0","","1.0","","1","N","N","","2","","0","0","0","","0","Y","","2","1","1","0","0","1","0","2","0","2","","","","N","","","","","","","","","",""
"2016079567","","1","0","0","0","0","0","0","0","0","5","0","","02","8","2016","7","40.426192","-79.891698","","11","0","0","0","0","0","0","0","0","1","0","0","0","","","0","","0","","40 25:34.291","2","0","79 53:30.112","0","0","0","0","2463","0","0","0","N","0","0","0","3","02463","0","","1.0","","1","N","N","","0","","0","0","1","","0","N","","2","0","0","0","0","0","0","2","0","2","","","","N","","","","","","","","","",""
"2016077740","","1","0","0","0","0","0","0","0","0","4","2","","02","8","2016","3","40.451509","-79.908149","","11","0","0","0","0","0","2","0","0","2","0","2","0","","","2","","1","","40 27:05.432","5","0","79 54:29.335","8","0","0","0","2301","0","0","0","N","0","0","0","5","02301","0","","1.0","","1","N","N","","0","","0","0","1","","2","Y","","4","2","0","0","0","2","0","2","0","4","","","","N","","","","","","","","","",""
"2016078774","","1","0","0","0","0","0","0","0","0","7","0","","02","7","2016","7","40.49248","-79.910119","","11","0","0","0","0","0","0","0","0","1","0","0","0","","","0","","0","","40 29:32.929","1","8","79 54:36.430","0","0","0","0","2112","0","0","0","","0","0","0","1","68D02","0","","4.0","","9","N","N","","0","","0","0","0","","0","Y","","1","0","0","0","0","0","0","2","0","1","","","","N","","","","","","","","","",""
"2016076694","","0","0","0","0","0","0","0","0","0","4","0","","02","7","2016","5","40.4374","-79.7761","","11","0","0","0","0","0","0","1","0","","0","0","0","","","0","","0","","40 26:14.640","","0","79 46:33.960","0","0","0","0","2446","0","0","0","N","0","0","0","2","02446","0","","1.0","","9","N","N","","1","","0","0","1","","0","","","2","0","0","0","0","0","0","2","0","2","","","","N","","","","","","","","","",""
"2016076618","","1","0","0","0","0","0","0","0","0","7","0","","02","7","2016","5","40.447749","-79.849379","","11","0","0","0","0","0","0","0","0","","0","0","0","","","0","","0","","40 26:51.895","","0","79 50:57.765","0","0","0","0","2419","0","0","0","Y","0","0","0","1","02419","0","","2.0","","1","N","N","","0","","0","0","0","","0","","","1","0","0","0","0","0","0","2","0","1","","","","N","","","","","","","","","",""
"2016076791","","1","0","0","0","0","0","0","0","0","1","0","","02","7","2016","7","40.336226","-79.980581","","11","0","0","0","1","0","0","0","0","","0","0","0","","","0","","2","","40 20:10.415","","0","79 58:50.090","0","0","0","0","2403","0","0","0","N","0","0","0","3","02403","0","","1.0","","9","N","N","","0","","0","0","2","","0","","","3","0","0","0","0","0","0","2","0","3","","","","N","","","","","","","","","",""
"2016079068","","2","0","0","0","0","0","0","0","0","1","0","","02","8","2016","7","40.421056","-79.985222","","11","0","0","0","0","0","0","0","0","","0","0","0","","","0","","0","","40 25:15.800","","0","79 59:06.800","0","0","0","0","2301","0","0","0","N","0","0","0","2","02301","0","","4.0","","1","N","N","","0","","0","0","0","","0","","","2","0","0","0","0","0","0","2","0","2","","","","N","","","","","","","","","",""
"2016077095","","2","0","0","0","0","0","0","0","0","4","0","","02","8","2016","2","40.426292","-79.963576","","11","0","0","0","0","0","0","0","0","1","0","0","0","","","1","","1","","40 25:34.651","1","0","79 57:48.873","4","0","0","0","2301","0","0","0","N","0","0","0","3","02301","1","","1.0","","1","N","N","","0","","0","0","0","","2","N","","2","1","3","0","0","0","0","2","0","2","","","","N","","","","","","","","","",""
"2016083731","","0","0","0","0","0","0","0","0","0","4","0","","02","8","2016","2","40.436579","-79.955532","","11","0","0","0","0","0","0","0","0","2","0","0","0","","","1","","1","","40 26:11.684","1","0","79 57:19.915","4","0","0","1","2301","0","0","0","N","0","0","0","2","02301","1","","1.0","","1","N","N","","0","","0","0","1","","0","Y","","2","1","0","0","0","0","0","2","0","2","","","","N","","","","","","","","","",""