"CRN","ARRIVAL_TM","AUTOMOBILE_COUNT","BELTED_DEATH_COUNT","BELTED_SUSP_SERIOUS_INJ_COUNT","BICYCLE_COUNT","BICYCLE_DEATH_COUNT","BICYCLE_SUSP_SERIOUS_INJ_COUNT","BUS_COUNT","CHLDPAS_DEATH_COUNT","CHLDPAS_SUSP_SERIOUS_INJ_COUNT","COLLISION_TYPE","COMM_VEH_COUNT","CONS_ZONE_SPD_LIM","COUNTY","CRASH_MONTH","CRASH_YEAR","DAY_OF_WEEK","DEC_LATITUDE","DEC_LONGITUDE","DISPATCH_TM","DISTRICT","DRIVER_COUNT_16YR","DRIVER_COUNT_17YR","DRIVER_COUNT_18YR","DRIVER_COUNT_19YR","DRIVER_COUNT_20YR","DRIVER_COUNT_50_64YR","DRIVER_COUNT_65_74YR","DRIVER_COUNT_75PLUS","EST_HRS_CLOSED","FATAL_COUNT","HEAVY_TRUCK_COUNT","HORSE_BUGGY_COUNT","HOUR_OF_DAY","ILLUMINATION","INJURY_COUNT","INTERSECTION_RELATED","INTERSECT_TYPE","LANE_CLOSED","LATITUDE","LN_CLOSE_DIR","LOCATION_TYPE","LONGITUDE","MAX_SEVERITY_LEVEL","MCYCLE_DEATH_COUNT","MCYCLE_SUSP_SERIOUS_INJ_COUNT","MOTORCYCLE_COUNT","MUNICIPALITY","NONMOTR_COUNT","NONMOTR_DEATH_COUNT","NONMOTR_SUSP_SERIOUS_INJ_COUNT","NTFY_HIWY_MAINT","PED_COUNT","PED_DEATH_COUNT","PED_SUSP_SERIOUS_INJ_COUNT","PERSON_COUNT","POLICE_AGCY","POSSIBLE_INJ_COUNT","RDWY_SURF_TYPE_CD","RELATION_TO_ROAD","ROADWAY_CLEARED","ROAD_CONDITION","SCH_BUS_IND","SCH_ZONE_IND","SECONDARY_CRASH","SMALL_TRUCK_COUNT","SPEC_JURIS_CD","SUSP_MINOR_INJ_COUNT","SUSP_SERIOUS_INJ_COUNT","SUV_COUNT","TCD_FUNC_CD","TCD_TYPE","TFC_DETOUR_IND","TIME_OF_DAY","TOTAL_UNITS","TOT_INJ_COUNT","UNBELTED_OCC_COUNT","UNB_DEATH_COUNT","UNB_SUSP_SERIOUS_INJ_COUNT","UNK_INJ_DEG_COUNT","UNK_INJ_PER_COUNT","URBAN_RURAL","VAN_COUNT","VEHICLE_COUNT","WEATHER1","WEATHER2","WORKERS_PRES","WORK_ZONE_IND","WORK_ZONE_LOC","WORK_ZONE_TYPE","WZ_CLOSE_DETOUR","WZ_FLAGGER","WZ_LAW_OFFCR_IND","WZ_LN_CLOSURE","WZ_MOVING","WZ_OTHER","WZ_SHLDER_MDN","WZ_WORKERS_INJ_KILLED"
"2016078572","","1","0","0","0","0","0","0","0","0","2","0","","02","6","2016","7","40.350104","-80.106823","","11","0","0","0","0","0","1","0","0","1","0","0","0","","","0","","2","","40 21:00.374","3","0","80 06:24.562","0","0","0","0","2414","0","0","0","","0","0","0","2","02414","0","","1.0","","1","N","N","","0","","0","0","1","","0","N","","2","0","1","0","0","0","0","2","0","2","","","","N","","","","","","","","","",""
"2016079535","","2","0","0","0","0","0","0","0","0","4","0","","02","8","2016","1","40.424587","-79.790367","","11","0","0","0","0","0","1","0","0","1","0","0","0","","","0","","5","","40 25:28.513","4","0","79 47:25.321","0","0","0","0","2446","0","0","0","N","0","0","0","4","02446","0","","1.0","","1","N","N","","0","","0","0","0","","2","N","","2","0","0","0","0","0","0","2","0","2","","","","N","","","","","","","","","",""
"2016079018","","1","0","0","0","0","0","0","0","0","5","0","","02","8","2016","6","40.467572","-79.960934","","11","0","0","0","1","0","0","0","0","2","0","0","0","","","0","","2","","40 28:03.259","2","0","79 57:39.362","0","0","0","0","2301","0","0","0","N","0","0","0","3","02301","0","","1.0","","1","N","N","","1","","0","0","0","","3","N","","2","0","2","0","0","0","0","2","0","2","","","","N","","","","","","","","","",""
"2016077525","","2","0","0","0","0","0","0","0","0","4","0","","02","8","2016","2","40.396536","-80.031287","","11","0","0","0","0","0","0","0","0","2","0","0","0","","","1","","0","","40 23:47.528","3","0","80 01:52.633","3","0","0","0","2301","0","0","0","N","0","0","0","2","02301","0","","1.0","","1","N","N","","0","","1","0","0","","3","N","","2","1","1","0","0","0","0","2","0","2","","","","N","","","","","","","","","",""
"2016078573","","1","0","0","0","0","0","0","0","0","4","0","","02","7","2016","3","40.357612","-80.105163","","11","0","0","0","0","0","1","0","0","","0","0","0","","","0","","1","","40 21:27.402","","0","80 06:18.588","0","0","0","0","2414","0","0","0","","0","0","0","3","02414","0","","1.0","","1","N","N","","0","","0","0","1","","2","","","2","0","0","0","0","0","0","2","0","2","","","","N","","","","","","","","","",""
"2016100642","","1","0","0","0","0","0","0","0","0","1","0","","02","9","2016","6","40.358828","-79.995809","","11","0","1","0","0","0","0","0","0","","0","0","0","","","0","","2","","40 21:31.780","","0","79 59:44.911","0","0","0","0","2476","0","0","0","N","0","0","0","3","02476","0","","1.0","","9","N","N","","0","","0","0","1","","0","","","2","0","0","0","0","0","0","2","0","2","","","","N","","","","","","","","","",""
"2016098253","","2","0","0","0","0","0","0","0","0","3","0","","02","9","2016","7","40.47882","-79.824832","","11","0","0","0","0","0","1","0","0","","0","0","0","","","1","","0","","40 28:43.752","","0","79 49:29.395","8","0","0","0","2113","0","0","0","N","0","0","0","3","02113","0","","1.0","","1","N","N","","0","","0","0","0","","0","","","2","1","0","0","0","1","0","2","0","2","","","","N","","","","","","","","","",""
"2016081984","","2","0","0","0","0","0","0","0","0","4","0","","02","8","2016","5","","","","11","0","0","0","0","0","1","0","0","","0","0","0","","","0","","2","","40 28:20.9","","0","80 03:42.2","0","0","0","0","2444","0","0","0","N","0","0","0","2","02444","0","","1.0","","1","N","N","","0","","0","0","0","","3","","","2","0","0","0","0","0","0","2","0","2","","","","N","","","","","","","","","",""
"2016078574","","1","0","0","0","0","0","0","0","0","7","0","","02","8","2016","2","40.359745","-80.111667","","11","0","0","0","1","0","0","0","0","1","0","0","0","","","1","","0","","40 21:35.083","2","0","80 06:42.002","4","0","0","0","2414","0","0","0","","0","0","0","1","02414","1","","5.0","","1","N","N","","0","","0","0","0","","0","N","","1","1","0","0","0","0","0","2","0","1","","","","N","","","","","","","","","",""
"2016082534","","1","0","0","0","0","0","0","0","0","1","0","","02","8","2016","6","40.486989","-79.886761","","11","0","0","0","1","0","2","0","0","","0","0","0","","","1","","0","","40 29:13.159","","0","79 53:12.340","8","0","0","0","2301","0","0","0","N","0","0","0","5","02301","0","","1.0","","1","N","N","","0","","0","0","2","","2","","","3","1","0","0","0","1","0","2","0","3","","","","N","","","","","","","","","",""
"2016082635","","0","0","0","0","0","0","0","0","0","1","0","","02","8","2016","7","40.457055","-79.997773","","11","0","0","0","0","1","1","0","0","","0","0","0","","","0","","0","","40 27:25.398","","0","79 59:51.981","0","0","0","0","2301","0","0","0","N","0","0","0","3","02301","0","","1.0","","1","N","N","","0","","0","0","1","","0","","","3","0","0","0","0","0","0","2","2","3","","","","N","","","","","","","","","",""
"2016079146","","0","0","0","0","0","0","0","0","0","7","0","","02","8","2016","5","40.288306","-80.004694","","11","0","0","0","0","0","0","0","0","2","0","0","0","","","0","","0","","40 17:17.900","1","0","80 00:16.900","0","0","0","0","2219","0","0","0","N","0","0","0","1","02219","0","","2.0","","1","N","N","","0","","0","0","1","","0","N","","1","0","0","0","0","0","0","2","0","1","","","","N","","","","","","","","","",""
"2016077633","","1","0","0","0","0","0","0","0","0","1","0","","02","7","2016","6","40.419362","-80.052318","","11","0","0","0","0","0","0","1","0","1","0","0","0","","","0","","0","","40 25:09.704","4","0","80 03:08.345","0","0","0","0","2435","0","0","0","","0","0","0","2","68B03","0","","1.0","","1","N","N","","0","","0","0","1","","0","N","","2","0","0","0","0","0","0","2","0","2","","","","N","","","","","","","","","",""
"2016076760","","1","0","0","0","0","0","0","0","0","5","0","","02","7","2016","7","40.427102","-80.002117","","11","0","0","0","0","0","1","0","0","","0","0","0","","","1","","0","","40 25:37.568","","0","80 00:07.620","8","0","0","0","2301","0","0","0","N","0","0","0","1","02301","0","","1.0","","1","N","N","","0","","0","0","0","","0","","","2","1","0","0","0","1","0","2","1","2","","","","N","","","","","","","","","",""
"2016101803","","0","0","0","0","0","0","0","0","0","7","0","","02","7","2016","7","40.550942","-80.086772","","11","0","0","0","0","0","0","0","0","3","0","0","0","","","2","","0","","40 33:03.390","2","3","80 05:12.380","2","0","0","0","2215","0","0","0","","0","0","0","4","68B03","0","","2.0","","1","N","N","","0","","0","2","1","","0","N","","1","2","2","0","1","0","0","2","0","1","","","","N","","","","","","","","","",""
"2016081389","","1","0","0","0","0","0","0","0","0","4","0","","02","8","2016","4","40.435639","-79.982842","","11","0","0","0","0","0","1","0","0","","0","0","0","","","0","","2","","40 26:08.301","","0","79 58:58.232","0","0","0","0","2301","0","0","0","N","0","0","0","2","02301","0","","1.0","","1","N","N","","0","","0","0","1","","3","","","2","0","0","0","0","0","0","2","0","2","","","","N","","","","","","","","","",""
"2016046267","","0","0","0","0","0","0","0","0","0","7","0","","02","5","2016","6","40.376232","-79.827463","","11","0","0","0","0","0","0","0","0","","0","0","0","","","0","","0","","40 22:34.436","","0","79 49:38.868","0","0","0","0","2111","0","0","0","N","0","0","0","3","02111","0","","5.0","","9","N","N","","0","","0","0","1","","0","","","1","0","0","0","0","0","0","2","0","1","","","","N","","","","","","","","","",""
"2016078661","","1","0","0","0","0","0","0","0","0","4","0","","02","8","2016","5","40.527186","-79.950308","","11","0","0","1","0","0","1","0","0","","0","0","0","","","1","","2","","40 31:37.870","","0","79 57:01.108","8","0","0","0","2118","0","0","0","N","0","0","0","2","02118","0","","1.0","","1","N","N","","0","","0","0","1","","2","","","2","1","0","0","0","1","0","2","0","2","","","","N","","","","","","","","","",""
"2016077624","","1","0","0","0","0","0","0","0","0","7","1","","02","7","2016","5","40.372323","-80.109198","","11","0","0","0","0","0","0","0","0","","0","1","0","","","0","","0","","40 22:20.361","","0","80 06:33.112","0","0","0","0","2102","0","0","0","","0","0","0","2","68B03","0","","4.0","","9","N","N","","0","","0","0","0","","0","","","2","0","0","0","0","0","0","2","0","2","","","","N","","","","","","","","","",""
"2016076765","","1","0","0","0","0","0","0","0","0","7","0","","02","7","2016","7","40.352581","-79.839379","","11","0","0","0","0","0","0","0","0","2","0","0","0","","","1","","0","","40 21:09.293","4","0","79 50:21.766","3","0","0","0","2304","0","0","0","N","0","0","0","1","02304","0","","4.0","","8","N","N","","0","","1","0","0","","0","N","","1","1","0","0","0","0","0","2","0","1","","","","N","","","","","","","","","",""
"2016102274","","1","0","0","0","0","0","0","0","0","7","0","","02","10","2016","1","40.427405","-79.952375","","11","0","0","0","0","0","0","1","0","1","0","0","0","","","0","","0","","40 25:38.659","4","0","79 57:08.549","9","0","0","0","2301","0","0","0","","0","0","0","1","68B03","0","","4.0","","9","N","N","","0","","0","0","0","","0","N","","1","0","0","0","0","0","1","2","0","1","","","","N","","","","","","","","","",""
"2016101742","","1","0","0","0","0","0","0","0","0","7","0","","02","9","2016","6","40.480992","-79.772376","","11","0","0","0","0","0","0","0","0","3","0","0","0","","","0","","0","","40 28:51.571","7","0","79 46:20.553","0","0","0","0","2466","0","0","0","N","0","0","0","1","02466","0","","4.0","","1","N","N","","0","","0","0","0","","0","Y","","1","0","0","0","0","0","0","2","0","1","","","","N","","","","","","","","","",""
"2016074415","","0","0","0","0","0","0","0","0","0","0","0","","02","7","2016","7","40.300792","-79.865978","","11","0","0","0","0","0","0","0","0","1","0","0","0","","","1","","2","","40 18:02.850","1","0","79 51:57.519","4","0","0","1","2443","0","0","0","N","0","0","0","1","02443","1","","2.0","","1","N","N","","0","","0","0","0","","0","N","","1","1","0","0","0","0","0","1","0","1","","","","N","","","","","","","","","",""
"2016079574","","2","0","0","0","0","0","0","0","0","5","0","","02","8","2016","1","40.486408","-80.054298","","11","0","0","0","0","0","0","0","0","1","0","0","0","","","0","","0","","40 29:11.067","2","0","80 03:15.473","0","0","0","0","2404","0","0","0","N","0","0","0","2","02404","0","","1.0","","1","N","N","","0","","0","0","0","","2","N","","2","0","0","0","0","0","0","2","0","2","","","","N","","","","","","","","","",""
"2016076684","","1","0","0","0","0","0","0","0","0","4","0","","02","7","2016","6","40.387788","-80.05219","","11","0","0","0","0","0","0","1","0","1","0","0","0","","","0","","1","","40 23:16.037","2","0","80 03:07.885","0","0","0","0","2109","0","0","0","","0","0","0","3","02109","0","","1.0","","1","N","N","","0","","0","0","1","","3","N","","2","0","0","0","0","0","0","2","0","2","","","","N","","","","","","","","","",""
"2016076988","","2","0","0","0","0","0","0","0","0","4","0","","02","7","2016","2","40.396106","-79.804609","","11","0","0","0","0","0","0","0","0","1","0","0","0","","","1","","2","","40 23:45.980","2","0","79 48:16.594","3","0","0","0","2111","0","0","0","N","0","0","0","2","02111","0","","1.0","","1","N","N","","0","","1","0","0","","3","Y","","2","1","0","0","0","0","1","2","0","2","","","","N","","","","","","","","","",""
"2016077640","","2","0","0","0","0","0","0","0","0","5","0","","02","7","2016","6","40.648097","-80.095507","","11","0","0","0","0","0","0","1","0","","0","0","0","","","0","","0","","40 38:53.150","","0","80 05:43.825","0","0","0","0","2212","0","0","0","","0","0","0","2","68B03","0","","1.0","","1","N","N","","0","","0","0","0","","0","","","2","0","0","0","0","0","0","2","0","2","","","","N","","","","","","","","","",""
"2016079664","","1","0","0","0","0","0","0","0","0","7","0","55","02","8","2016","6","40.551807","-79.830664","","11","0","0","0","0","0","1","0","0","","0","0","0","","","0","","0","","40 33:06.506","","0","79 49:50.390","0","0","0","0","2208","0","0","0","","0","0","0","2","68T02","0","","1.0","","1","N","N","","0","","0","0","0","","0","","","1","0","0","0","0","0","0","2","0","1","","","Y","Y","4","1","N","N","N","N","N","N","Y",""
"2016074993","","1","0","0","0","0","0","0","0","0","4","0","","02","7","2016","2","40.566278","-79.795637","","11","0","0","0","0","0","1","0","0","","0","0","0","","","0","","2","","40 33:58.601","","0","79 47:44.293","0","0","0","0","2206","0","0","0","N","0","0","0","2","02206","0","","1.0","","1","N","N","","0","","0","0","1","","0","","","2","0","0","0","0","0","0","2","0","2","","","","N","","","","","","","","","",""
"2016077749","","1","0","0","0","0","0","0","0","0","7","0","","02","8","2016","3","40.445965","-79.97805","","11","0","0","0","0","0","0","0","0","","0","0","0","","","1","","0","","40 26:45.474","","0","79 58:40.980","3","0","0","0","2301","0","0","0","N","0","0","0","1","02301","0","","4.0","","1","N","N","","0","","1","0","0","","0","","","1","1","0","0","0","0","0","2","0","1","","","","N","","","","","","","","","",""
"2016078668","","1","0","0","0","0","0","0","0","0","2","0","","02","7","2016","5","40.343851","-79.861203","","11","0","0","0","0","0","0","0","0","1","0","0","0","","","2","","2","","40 20:37.863","1","0","79 51:40.330","3","0","0","0","2304","0","0","0","N","0","0","0","3","02304","1","","1.0","","1","N","N","","1","","1","0","0","","3","N","","2","2","1","0","0","0","0","2","0","2","","","","N","","","","","","","","","",""
"2016085294","","0","0","0","0","0","0","0","0","0","6","0","","02","7","2016","3","40.419121","-79.933932","","11","0","0","0","0","0","1","0","0","","0","0","0","","","0","","2","","40 25:08.835","","0","79 56:02.155","0","0","0","0","2301","0","0","0","N","0","0","0","2","02301","0","","1.0","","1","N","N","","1","","0","0","1","","3","","","2","0","0","0","0","0","0","2","0","2","","","","N","","","","","","","","","",""
"2016076688","","1","0","0","0","0","0","0","0","0","7","0","","02","7","2016","6","40.318183","-79.921134","","11","0","0","0","0","0","0","0","0","2","0","0","0","","","0","","0","","40 19:05.458","5","0","79 55:16.081","9","0","0","0","2440","0","0","0","N","0","0","0","1","02440","0","","5.0","","1","N","N","","0","","0","0","0","","0","N","","1","0","0","0","0","0","1","2","0","1","","","","N","","","","","","","","","",""
"2016078670","","3","0","0","0","0","0","0","0","0","1","0","","02","7","2016","1","40.434395","-79.793176","","11","0","0","0","0","0","1","0","0","1","0","0","0","","","0","","1","","40 26:03.821","3","0","79 47:35.433","0","0","0","0","2446","0","0","0","N","0","0","0","3","02446","0","","1.0","","1","N","N","","0","","0","0","0","","2","N","","3","0","0","0","0","0","0","2","0","3","","","","N","","","","","","","","","",""
"2016086067","","1","0","0","0","0","0","0","0","0","4","0","","02","7","2016","5","40.519726","-80.217799","","11","0","0","0","0","0","1","0","0","1","0","0","0","","","2","","0","","40 31:11.012","1","7","80 13:04.075","4","0","0","0","2213","0","0","0","","0","0","0","2","02213","2","","1.0","","1","N","N","","0","","0","0","1","","2","Y","","2","2","0","0","0","0","0","2","0","2","","","","N","","","","","","","","","",""
"2016081466","","2","0","0","0","0","0","0","0","0","1","0","","02","8","2016","4","40.4345","-79.989806","","11","0","0","0","0","0","1","0","0","1","0","0","0","","","0","","10","","40 26:04.200","1","3","79 59:23.300","0","0","0","0","2301","0","0","0","N","0","0","0","2","02301","0","","1.0","","9","N","N","","0","","0","0","0","","0","Y","","2","0","0","0","0","0","0","2","0","2","","","","N","","","","","","","","","",""
"2016102191","","2","0","0","0","0","0","0","0","0","4","0","","02","10","2016","2","40.363788","-79.984067","","11","0","0","0","0","0","1","0","0","1","0","0","0","","","0","","1","","40 21:49.637","3","0","79 59:02.640","0","0","0","0","2413","0","0","0","N","0","0","0","2","02413","0","","1.0","","1","N","N","","0","","0","0","0","","2","N","","2","0","0","0","0","0","0","2","0","2","","","","N","","","","","","","","","",""
"2016093224","","2","0","0","0","0","0","0","0","0","1","0","","02","8","2016","2","40.434643","-79.997031","","11","0","0","0","0","0","0","0","0","1","0","0","0","","","3","","0","","40 26:04.714","4","0","79 59:49.311","4","0","0","0","2301","0","0","0","","0","0","0","6","68B03","3","","1.0","","9","N","N","","0","","0","0","0","","0","N","","3","3","0","0","0","0","3","2","1","3","","","","N","","","","","","","","","",""
"2016078677","","1","0","0","0","0","0","1","0","0","4","1","","02","8","2016","5","40.379623","-79.925521","","11","0","0","0","0","0","1","0","0","","0","0","0","","","0","","2","","40 22:46.644","","0","79 55:31.877","0","0","0","0","2301","0","0","0","N","0","0","0","2","02503","0","","1.0","","1","N","N","","0","","0","0","0","","2","","","2","0","0","0","0","0","0","2","0","2","","","","N","","","","","","","","","",""
"2016098490","","2","0","0","0","0","0","0","0","0","2","0","","02","9","2016","5","40.512656","-79.854506","","11","0","0","0","0","0","1","0","2","1","0","0","0","","","1","","0","","40 30:45.561","2","0","79 51:16.222","3","0","0","0","2112","0","0","0","","0","0","0","4","68D02","0","","1.0","","1","N","N","","0","","1","0","2","","0","N","","4","1","0","0","0","0","0","2","0","4","","","","N","","","","","","","","","",""
"2016078793","","1","0","0","0","0","0","0","0","0","1","0","","02","8","2016","4","40.425671","-79.905099","","11","0","0","0","0","0","1","0","0","","0","0","0","","","2","","0","","40 25:32.414","","0","79 54:18.358","3","0","0","0","2301","0","0","0","","0","0","0","2","68B03","0","","1.0","","1","N","N","","0","","2","0","1","","0","","","2","2","0","0","0","0","0","2","0","2","","","","N","","","","","","","","","",""
"2016079583","","1","0","0","0","0","0","0","0","0","4","0","","02","8","2016","1","40.32353","-79.943205","","11","1","0","1","0","0","0","0","0","","0","0","0","","","1","","0","","40 19:24.709","","0","79 56:35.539","8","0","0","0","2454","0","0","0","N","0","0","0","3","02454","0","","1.0","","1","N","N","","0","","0","0","1","","0","","","2","1","1","0","0","1","0","2","0","2","","","","N","","","","","","","","","",""
"2016079925","","2","0","0","0","0","0","0","0","0","4","0","","02","8","2016","2","40.482134","-79.952459","","11","0","0","0","0","0","0","0","0","1","0","0","0","","","0","","2","","40 28:55.681","3","0","79 57:08.853","0","0","0","0","2301","0","0","0","N","0","0","0","2","02301","0","","1.0","","1","N","N","","0","","0","0","0","","3","N","","2","0","1","0","0","0","0","2","0","2","","","","N","","","","","","","","","",""
"2016076974","","0","0","0","0","0","0","0","0","0","7","0","","02","7","2016","6","40.475184","-79.767321","","11","0","0","0","0","0","0","0","0","2","0","0","0","","","3","","0","","40 28:30.663","6","7","79 46:02.356","3","0","0","0","2466","0","0","0","N","0","0","0","3","02466","2","","2.0","","1","N","N","","0","","1","0","0","","0","N","","2","3","0","0","0","0","0","2","1","1","","","","N","","","","","","","","","",""
"2016078951","","2","0","0","0","0","0","0","0","0","1","0","","02","7","2016","3","40.611683","-79.759985","","11","0","0","0","0","0","1","2","0","","0","0","0","","","0","","6","","40 36:42.057","","2","79 45:35.946","0","0","0","0","2464","0","0","0","","0","0","0","4","68D02","0","","1.0","","1","N","N","","0","","0","0","1","","0","","","3","0","0","0","0","0","0","2","0","3","","","","N","","","","","","","","","",""
"2016078090","","0","0","0","0","0","0","0","0","0","4","0","","02","8","2016","4","40.346397","-79.973407","","11","0","0","0","0","0","0","1","0","","0","0","0","","","0","","1","","40 20:47.028","","0","79 58:24.265","0","0","0","0","2403","0","0","0","N","0","0","0","3","02403","0","","1.0","","1","N","N","","1","","0","0","1","","0","","","2","0","0","0","0","0","0","2","0","2","","","","N","","","","","","","","","",""
"2016078263","","2","0","0","0","0","0","0","0","0","1","0","45","02","7","2016","4","40.439364","-80.234669","","11","0","0","0","1","0","0","0","0","","0","0","0","","","0","","0","","40 26:21.709","","0","80 14:04.810","0","0","0","0","2214","0","0","0","","0","0","0","4","68B03","0","","1.0","","1","N","N","","0","","0","0","0","","0","","","2","0","0","0","0","0","0","2","0","2","","","N","Y","4","1","N","N","N","Y","N","N","N",""
"2016078071","","0","0","0","0","0","0","0","0","0","4","0","","02","7","2016","6","40.552689","-80.022789","","11","0","0","0","0","0","0","1","0","2","0","0","0","","","0","","0","","40 33:09.680","2","0","80 01:22.040","0","0","0","0","2116","0","0","0","N","0","0","0","5","02116","0","","1.0","","1","N","N","","0","","0","0","1","","0","N","","2","0","0","0","0","0","0","2","1","2","","","","N","","","","","","","","","",""
"2016077096","","2","0","0","0","0","0","0","0","0","4","0","","02","8","2016","2","40.406379","-79.826847","","11","0","0","0","0","0","0","1","0","","0","0","0","","","0","","1","","40 24:22.965","","0","79 49:36.649","0","0","0","0","2467","0","0","0","N","0","0","0","2","02467","0","","1.0","","1","N","N","","0","","0","0","0","","2","","","2","0","0","0","0","0","0","2","0","2","","","","N","","","","","","","","","",""
"2016078874","","2","0","0","0","0","0","0","0","0","4","0","","02","8","2016","5","40.545878","-80.016897","","11","0","0","0","1","1","0","0","1","2","0","0","0","","","3","","1","","40 32:45.159","5","0","80 01:00.828","8","0","0","0","2116","0","0","0","N","0","0","0","6","02116","0","","1.0","","1","N","N","","0","","0","0","2","","2","N","","4","3","0","0","0","3","0","2","0","4","","","","N","","","","","","","","","",""
"2016079064","","1","0","0","0","0","0","0","0","0","7","0","","02","8","2016","7","40.378974","-79.77694","","11","0","0","0","0","0","0","0","0","3","0","0","0","","","1","","0","","40 22:44.305","5","0","79 46:36.983","3","0","0","0","2111","0","0","0","Y","0","0","0","1","02111","0","","2.0","","1","N","N","","0","","1","0","0","","0","Y","","1","1","1","0","0","0","0","2","0","1","","","","N","","","","","","","","","",""
"2016079709","","1","0","0","0","0","0","0","0","0","4","0","","02","7","2016","6","40.579594","-79.994832","","11","0","0","0","0","0","0","1","0","","0","0","0","","","0","","2","","40 34:46.539","","0","79 59:41.394","0","0","0","0","2108","0","0","0","","0","0","0","3","02108","0","","1.0","","1","N","N","","0","","0","0","1","","3","","","2","0","0","0","0","0","0","2","0","2","","","","N","","","","","","","","","",""
"2016077768","","1","0","0","0","0","0","0","0","0","5","0","","02","7","2016","6","40.456922","-79.894133","","11","0","0","0","0","0","0","0","1","2","0","0","0","","","1","","2","","40 27:24.919","7","0","79 53:38.878","3","0","0","1","2301","0","0","0","N","0","0","0","2","02301","0","","1.0","","1","N","N","","0","","1","0","0","","3","Y","","2","1","0","0","0","0","1","2","0","2","","","","N","","","","","","","","","",""
"2016076901","","0","0","0","0","0","0","0","0","0","8","0","","02","7","2016","7","40.631159","-79.966007","","11","0","0","0","0","0","0","0","0","","0","0","0","","","1","","0","","40 37:52.174","","0","79 57:57.624","8","0","0","0","2217","1","0","0","N","1","0","0","2","02505","0","","1.0","","9","N","N","","0","","0","0","1","","0","","","2","1","0","0","0","1","0","2","0","1","","","","N","","","","","","","","","",""
"2016076982","","2","0","0","0","0","0","0","0","0","4","0","","02","7","2016","6","40.43793","-79.776032","","11","0","0","0","0","0","0","0","1","1","0","0","0","","","1","","0","","40 26:16.549","4","0","79 46:33.716","3","0","0","0","2446","0","0","0","N","0","0","0","5","02446","0","","1.0","","1","N","N","","0","","1","0","0","","0","Y","","2","1","0","0","0","0","0","2","0","2","","","","N","","","","","","","","","",""
"2016077752","","0","0","0","0","0","0","0","0","0","7","0","","02","8","2016","3","40.448001","-79.849192","","11","0","0","0","0","0","0","0","0","1","0","0","0","","","2","","0","","40 26:52.804","1","0","79 50:57.091","3","0","0","0","2419","0","0","0","N","0","0","0","2","02419","1","","2.0","","1","N","N","","1","","1","0","0","","0","N","","1","2","1","0","0","0","0","2","0","1","","","","N","","","","","","","","","",""
"2016079164","","1","0","0","0","0","0","0","0","0","7","0","","02","8","2016","5","40.628207","-79.941866","","11","0","0","0","0","0","0","0","1","2","0","0","0","","","0","","0","","40 37:41.546","2","0","79 56:30.716","0","0","0","0","2217","0","0","0","N","0","0","0","1","02505","0","","5.0","","1","N","N","","0","","0","0","0","","0","N","","1","0","0","0","0","0","0","2","0","1","","","","N","","","","","","","","","",""
"2016076815","","1","0","0","0","0","0","0","0","0","7","0","","02","7","2016","5","40.49088","-79.881461","","11","0","0","1","0","0","0","0","0","2","0","0","0","","","1","","0","","40 29:27.169","2","0","79 52:53.261","3","0","0","0","2112","0","0","0","","0","0","0","4","68D02","0","","4.0","","9","N","N","","0","","1","0","1","","0","N","","2","1","1","0","0","0","0","2","0","2","","","","N","","","","","","","","","",""
"2016076903","","2","0","0","0","0","0","0","0","0","4","0","","02","7","2016","7","40.442533","-80.071827","","11","0","0","0","0","0","0","1","0","","0","0","0","","","1","","1","","40 26:33.118","","0","80 04:18.577","4","0","0","0","2439","0","0","0","N","0","0","0","2","02439","1","","1.0","","9","N","N","","0","","0","0","0","","3","","","2","1","0","0","0","0","0","2","0","2","","","","N","","","","","","","","","",""
"2016076984","","1","0","0","0","0","0","0","0","0","7","0","","02","7","2016","1","40.427988","-79.925575","","11","0","0","0","0","0","0","0","0","","0","0","0","","","0","","2","","40 25:40.755","","0","79 55:32.070","0","0","0","0","2301","0","0","0","N","0","0","0","1","02301","0","","5.0","","1","N","N","","0","","0","0","0","","3","","","1","0","0","0","0","0","0","2","0","1","","","","N","","","","","","","","","",""
"2016079962","","1","0","0","0","0","0","0","0","0","7","0","","02","8","2016","2","40.499981","-80.209028","","11","0","0","0","0","0","1","0","0","2","0","0","0","","","0","","2","","40 29:59.931","3","0","80 12:32.500","0","0","0","0","2213","0","0","0","","0","0","0","1","02213","0","","4.0","","1","N","N","","0","","0","0","0","","0","N","","1","0","0","0","0","0","0","2","0","1","","","","N","","","","","","","","","",""
"2016078104","","2","0","0","0","0","0","0","0","0","4","0","","02","8","2016","4","40.347688","-79.815706","","11","0","0","0","0","0","0","1","0","","0","0","0","","","0","","1","","40 20:51.676","","0","79 48:56.541","0","0","0","0","2477","0","0","0","N","0","0","0","2","02477","0","","1.0","","1","N","N","","0","","0","0","0","","3","","","2","0","0","0","0","0","0","2","0","2","","","","N","","","","","","","","","",""
"2016077774","","1","0","0","0","0","0","0","0","0","1","0","","02","8","2016","2","40.328611","-79.945","","11","0","0","0","0","0","1","0","0","","0","0","0","","","1","","1","","40 19:43.000","","0","79 56:42.000","8","0","0","1","2454","0","0","0","N","0","0","0","2","02454","0","","1.0","","9","N","N","","0","","0","0","0","","2","","","2","1","0","0","0","1","0","2","0","2","","","","N","","","","","","","","","",""