"CRN","ARRIVAL_TM","AUTOMOBILE_COUNT","BELTED_DEATH_COUNT","BELTED_SUSP_SERIOUS_INJ_COUNT","BICYCLE_COUNT","BICYCLE_DEATH_COUNT","BICYCLE_SUSP_SERIOUS_INJ_COUNT","BUS_COUNT","CHLDPAS_DEATH_COUNT","CHLDPAS_SUSP_SERIOUS_INJ_COUNT","COLLISION_TYPE","COMM_VEH_COUNT","CONS_ZONE_SPD_LIM","COUNTY","CRASH_MONTH","CRASH_YEAR","DAY_OF_WEEK","DEC_LATITUDE","DEC_LONGITUDE","DISPATCH_TM","DISTRICT","DRIVER_COUNT_16YR","DRIVER_COUNT_17YR","DRIVER_COUNT_18YR","DRIVER_COUNT_19YR","DRIVER_COUNT_20YR","DRIVER_COUNT_50_64YR","DRIVER_COUNT_65_74YR","DRIVER_COUNT_75PLUS","EST_HRS_CLOSED","FATAL_COUNT","HEAVY_TRUCK_COUNT","HORSE_BUGGY_COUNT","HOUR_OF_DAY","ILLUMINATION","INJURY_COUNT","INTERSECTION_RELATED","INTERSECT_TYPE","LANE_CLOSED","LATITUDE","LN_CLOSE_DIR","LOCATION_TYPE","LONGITUDE","MAX_SEVERITY_LEVEL","MCYCLE_DEATH_COUNT","MCYCLE_SUSP_SERIOUS_INJ_COUNT","MOTORCYCLE_COUNT","MUNICIPALITY","NONMOTR_COUNT","NONMOTR_DEATH_COUNT","NONMOTR_SUSP_SERIOUS_INJ_COUNT","NTFY_HIWY_MAINT","PED_COUNT","PED_DEATH_COUNT","PED_SUSP_SERIOUS_INJ_COUNT","PERSON_COUNT","POLICE_AGCY","POSSIBLE_INJ_COUNT","RDWY_SURF_TYPE_CD","RELATION_TO_ROAD","ROADWAY_CLEARED","ROAD_CONDITION","SCH_BUS_IND","SCH_ZONE_IND","SECONDARY_CRASH","SMALL_TRUCK_COUNT","SPEC_JURIS_CD","SUSP_MINOR_INJ_COUNT","SUSP_SERIOUS_INJ_COUNT","SUV_COUNT","TCD_FUNC_CD","TCD_TYPE","TFC_DETOUR_IND","TIME_OF_DAY","TOTAL_UNITS","TOT_INJ_COUNT","UNBELTED_OCC_COUNT","UNB_DEATH_COUNT","UNB_SUSP_SERIOUS_INJ_COUNT","UNK_INJ_DEG_COUNT","UNK_INJ_PER_COUNT","URBAN_RURAL","VAN_COUNT","VEHICLE_COUNT","WEATHER1","WEATHER2","WORKERS_PRES","WORK_ZONE_IND","WORK_ZONE_LOC","WORK_ZONE_TYPE","WZ_CLOSE_DETOUR","WZ_FLAGGER","WZ_LAW_OFFCR_IND","WZ_LN_CLOSURE","WZ_MOVING","WZ_OTHER","WZ_SHLDER_MDN","WZ_WORKERS_INJ_KILLED"
"2016076985","","0","0","0","0","0","0","0","0","0","1","0","","02","7","2016","1","40.435642","-79.787046","","11","0","0","0","0","0","0","2","0","1","0","0","0","","","2","","0","","40 26:08.312","3","0","79 47:13.367","3","0","0","0","2446","0","0","0","N","0","0","0","4","02446","0","","1.0","","1","N","N","","0","","2","0","3","","0","N","","3","2","0","0","0","0","0","2","0","3","","","","N","","","","","","","","","",""
"2016077929","","1","0","0","0","0","0","0","0","0","7","0","","02","7","2016","7","40.48378","-79.772913","","11","0","0","0","0","0","0","0","0","","0","0","0","","","0","","0","","40 29:01.608","","0","79 46:22.487","0","0","0","0","2466","0","0","0","","0","0","0","1","68T02","0","","2.0","","9","N","N","","0","","0","0","0","","0","","","1","0","0","0","0","0","0","2","0","1","","","","N","","","","","","","","","",""
"2016078907","","1","0","0","0","0","0","1","0","0","1","1","","02","8","2016","6","40.414184","-80.009857","","11","0","0","0","0","0","0","0","0","1","0","0","0","","","0","","0","","40 24:51.062","1","0","80 00:35.486","0","0","0","0","2301","0","0","0","N","0","0","0","17","02301","0","","1.0","","1","Y","N","","0","","0","0","0","","0","N","","2","0","0","0","0","0","0","2","0","2","","","","N","","","","","","","","","",""
"2016077931","","2","0","0","0","0","0","0","0","0","1","0","","02","7","2016","1","40.428227","-79.927059","","11","0","0","0","0","0","0","0","0","1","0","0","0","","","1","","0","","40 25:41.616","4","0","79 55:37.411","3","0","0","0","2301","0","0","0","","0","0","0","10","68B03","0","","1.0","","1","N","N","","0","","1","0","0","","0","N","","5","1","0","0","0","0","0","2","2","5","","","","N","","","","","","","","","",""
"2016078715","","0","0","0","0","0","0","0","0","0","7","0","","02","8","2016","5","40.355007","-79.878708","","11","0","0","0","0","0","1","0","0","","0","0","0","","","0","","9","","40 21:18.025","","0","79 52:43.348","0","0","0","0","2423","0","0","0","N","0","0","0","1","02304","0","","2.0","","1","N","N","","0","","0","0","1","","0","","","1","0","0","0","0","0","0","2","0","1","","","","N","","","","","","","","","",""
"2016077009","","4","0","0","0","0","0","0","0","0","2","0","","02","7","2016","1","40.417277","-79.974532","","11","0","1","0","0","0","0","0","0","","0","0","0","","","0","","1","","40 25:02.197","","0","79 58:28.315","0","0","0","0","2301","0","0","0","N","0","0","0","3","02301","0","","1.0","","1","N","N","","0","","0","0","0","","0","","","4","0","0","0","0","0","0","2","0","4","","","","N","","","","","","","","","",""
"2016078910","","1","0","0","0","0","0","1","0","0","2","1","","02","8","2016","4","40.564323","-80.009394","","11","0","0","0","0","0","1","0","0","5","1","0","0","","","3","","0","","40 33:51.563","5","0","80 00:33.818","1","0","0","0","2108","0","0","0","","0","0","0","4","02108","0","2","1.0","","1","N","N","","0","0","0","0","0","","0","Y","","2","3","1","1","0","3","0","2","0","2","","","","N","","","","","","","","","",""
"2016077682","","0","0","0","0","0","0","0","0","0","0","0","","02","8","2016","2","40.598086","-80.077544","","11","0","0","0","0","0","1","0","0","","0","0","0","","","1","","2","","40 35:53.109","","0","80 04:39.158","8","0","0","1","2481","0","0","0","N","0","0","0","1","02481","0","","1.0","","1","N","N","","0","","0","0","0","","0","","","1","1","0","0","0","1","0","2","0","1","","","","N","","","","","","","","","",""
"2016077779","","2","0","0","0","0","0","0","0","0","1","0","","02","8","2016","3","40.358389","-80.007791","","11","0","0","0","0","0","0","0","1","1","0","0","0","","","1","","2","","40 21:30.200","2","0","80 00:28.047","4","0","0","0","2476","0","0","0","","0","0","0","3","02476","1","","1.0","","1","","","","0","","0","0","0","","3","N","","2","1","0","0","0","0","0","2","0","2","","","","N","","","","","","","","","",""
"2016076909","","0","0","0","0","0","0","0","0","0","7","0","","02","7","2016","1","40.344311","-79.940539","","11","0","0","0","0","0","0","0","0","1","0","0","0","","","0","","0","","40 20:39.520","3","7","79 56:25.940","0","0","0","0","2473","0","0","0","N","0","0","0","1","02473","0","","1.0","","1","N","N","","0","","0","0","1","","2","N","","1","0","0","0","0","0","0","2","0","1","","","","N","","","","","","","","","",""
"2016079095","","1","0","0","0","0","0","0","0","0","1","1","","02","7","2016","5","40.426764","-79.918407","","11","0","0","0","0","0","0","0","0","1","0","1","0","","","0","","0","","40 25:36.351","3","4","79 55:06.264","0","0","0","0","2301","0","0","0","","0","0","0","2","68B03","0","","1.0","","1","N","N","","0","","0","0","0","","0","N","","2","0","0","0","0","0","0","2","0","2","","","","N","","","","","","","","","",""
"2016078898","","1","0","0","0","0","0","0","0","0","4","0","","02","8","2016","5","40.530222","-80.017342","","11","0","1","0","0","0","1","0","0","","0","0","0","","","0","","2","","40 31:48.800","","0","80 01:02.432","0","0","0","0","2116","0","0","0","N","0","0","0","3","02116","0","","1.0","","1","N","N","","0","","0","0","1","","3","","","2","0","0","0","0","0","0","2","0","2","","","","N","","","","","","","","","",""
"2016076928","","2","0","0","0","0","0","0","0","0","4","0","","02","7","2016","6","40.436107","-79.780524","","11","0","0","0","1","0","0","0","0","","0","0","0","","","0","","2","","40 26:09.985","","0","79 46:49.885","0","0","0","0","2446","0","0","0","N","0","0","0","2","02446","0","","1.0","","1","N","N","","0","","0","0","0","","2","","","2","0","0","0","0","0","0","2","0","2","","","","N","","","","","","","","","",""
"2016077942","","1","0","0","0","0","0","0","0","0","1","0","","02","8","2016","3","40.3413","-79.965403","","11","0","0","0","0","0","1","0","0","","0","0","0","","","1","","0","","40 20:28.679","","0","79 57:55.449","8","0","0","0","2454","0","0","0","N","0","0","0","2","02454","0","","1.0","","1","N","N","","1","","0","0","0","","0","","","2","1","0","0","0","1","0","2","0","2","","","","N","","","","","","","","","",""
"2016078991","","0","0","0","0","0","0","0","0","0","7","0","","02","8","2016","6","40.476639","-79.703401","","11","0","0","0","0","0","0","0","0","","0","0","0","","","0","","0","","40 28:35.900","","0","79 42:12.243","0","0","0","0","2466","0","0","0","N","0","0","0","1","02466","0","","4.0","","1","N","N","","0","","0","0","1","","0","","","1","0","0","0","0","0","0","2","0","1","","","","N","","","","","","","","","",""
"2016079098","","0","0","0","0","0","0","0","0","0","1","0","","02","7","2016","6","40.425728","-79.901815","","11","0","0","0","0","0","0","0","0","1","0","0","0","","","1","","0","","40 25:32.621","3","0","79 54:06.535","3","0","0","0","2301","0","0","0","","0","0","0","2","68B03","0","","1.0","","1","N","N","","0","","1","0","2","","0","N","","2","1","0","0","0","0","0","2","0","2","","","","N","","","","","","","","","",""
"2016078038","","1","0","0","0","0","0","0","0","0","1","0","","02","7","2016","6","40.411651","-80.076291","","11","0","0","0","0","1","0","0","0","2","0","0","0","","","0","","0","","40 24:41.945","3","0","80 04:34.647","0","0","0","0","2117","0","0","0","","0","0","0","3","68B03","0","","1.0","","1","N","N","","0","","0","0","0","","0","Y","","2","0","0","0","0","0","0","2","1","2","","","","N","","","","","","","","","",""
"2016079099","","0","0","0","0","0","0","0","0","0","7","0","","02","7","2016","7","40.442365","-79.808683","","11","0","0","0","0","0","0","0","0","2","0","0","0","","","1","","0","","40 26:32.515","3","0","79 48:31.260","4","0","0","0","2113","0","0","0","","0","0","0","1","68B03","1","","2.0","","8","N","N","","0","","0","0","1","","0","Y","","1","1","0","0","0","0","0","2","0","1","","","","N","","","","","","","","","",""
"2016077946","","2","0","0","0","0","0","0","0","0","4","0","","02","8","2016","3","40.332464","-79.843691","","11","0","0","0","0","0","1","0","0","2","0","0","0","","","0","","1","","40 19:56.870","6","0","79 50:37.287","0","0","0","0","2304","0","0","0","N","0","0","0","2","02304","0","","1.0","","1","N","N","","0","","0","0","0","","3","N","","3","0","0","0","0","0","0","2","1","3","","","","N","","","","","","","","","",""
"2016078995","","3","0","0","0","0","0","0","0","0","1","0","","02","8","2016","5","40.531948","-80.188986","","11","0","0","0","0","0","1","0","0","1","0","0","0","","","0","","0","","40 31:55.013","2","3","80 11:20.348","0","0","0","0","2213","0","0","0","","0","0","0","3","02213","0","","1.0","","1","N","N","","0","","0","0","0","","2","N","","3","0","0","0","0","0","0","2","0","3","","","","N","","","","","","","","","",""
"2016076152","","3","0","0","0","0","0","0","0","0","1","0","","02","7","2016","4","40.572019","-80.016386","","11","0","0","0","0","0","1","0","0","","0","0","0","","","1","","1","","40 34:19.267","","0","80 00:58.989","8","0","0","0","2108","0","0","0","","0","0","0","4","02108","0","","1.0","","1","N","N","","0","","0","0","0","","2","","","3","1","0","0","0","1","0","2","0","3","","","","N","","","","","","","","","",""
"2016079102","","0","0","0","0","0","0","0","0","0","1","0","","02","8","2016","4","40.449069","-80.004266","","11","0","0","0","0","0","0","0","0","","0","0","0","","","2","","0","","40 26:56.649","","0","80 00:15.359","3","0","0","0","2301","0","0","0","","0","0","0","2","68B03","1","","1.0","","1","N","N","","0","","1","0","2","","0","","","2","2","0","0","0","0","0","2","0","2","","","","N","","","","","","","","","",""
"2016077223","","0","0","0","0","0","0","0","0","0","4","0","","02","8","2016","2","40.486953","-80.055027","","11","0","0","0","0","1","0","0","0","2","0","0","0","","","1","","2","","40 29:13.030","1","0","80 03:18.096","4","0","0","0","2404","0","0","0","N","0","0","0","2","02404","1","","1.0","","1","N","N","","1","","0","0","1","","8","Y","","2","1","0","0","0","0","0","2","0","2","","","","N","","","","","","","","","",""
"2016077699","","1","0","0","0","0","0","0","0","0","5","0","","02","8","2016","3","40.541289","-79.778856","","11","0","0","0","0","0","0","0","0","1","0","0","0","","","1","","0","","40 32:28.639","4","0","79 46:43.881","8","0","0","0","2462","0","0","0","N","0","0","0","1","02462","0","","6.0","","1","N","N","","1","","0","0","0","","0","N","","2","1","1","0","0","1","0","2","0","2","","","","N","","","","","","","","","",""
"2016076922","","1","0","0","0","0","0","0","0","0","8","0","","02","7","2016","6","","","","11","0","0","0","0","0","0","0","0","2","0","0","0","","","1","","1","","40 26:42.5","3","0","79 59:56.4","8","0","0","0","2301","1","0","0","N","1","0","0","2","02301","0","","1.0","","1","N","N","","0","","0","0","0","","2","N","","2","1","0","0","0","1","0","2","0","1","","","","N","","","","","","","","","",""
"2016079735","","0","0","0","0","0","0","0","0","0","4","1","","02","8","2016","2","40.45637","-79.998628","","11","0","0","0","0","0","0","1","0","2","0","1","0","","","0","","1","","40 27:22.932","4","0","79 59:55.061","0","0","0","0","2301","0","0","0","N","0","0","0","2","02301","0","","1.0","","1","N","N","","0","","0","0","1","","2","Y","","2","0","0","0","0","0","0","2","0","2","","","","N","","","","","","","","","",""
"2016077035","","1","0","0","1","0","0","0","0","0","8","0","","02","7","2016","1","40.455905","-79.938602","","11","0","0","0","0","0","1","0","0","","0","0","0","","","1","","1","","40 27:21.258","","0","79 56:18.967","8","0","0","0","2301","1","0","0","N","0","0","0","2","02301","0","","1.0","","1","N","N","","0","","0","0","0","","2","","","2","1","0","0","0","1","0","2","0","1","","","","N","","","","","","","","","",""
"2016078836","","3","0","0","0","0","0","0","0","0","5","0","","02","7","2016","6","40.425356","-79.888569","","11","0","0","0","0","0","0","1","0","","0","0","0","","","0","","0","","40 25:31.280","","7","79 53:18.850","0","0","0","0","2426","0","0","0","N","0","0","0","3","02426","0","","1.0","","1","N","N","","0","","0","0","0","","2","","","3","0","1","0","0","0","0","2","0","3","","","","N","","","","","","","","","",""
"2016077798","","2","0","0","0","0","0","0","0","0","4","0","","02","8","2016","3","40.442324","-79.820243","","11","0","0","0","0","0","0","0","0","","0","0","0","","","4","","2","","40 26:32.366","","0","79 49:12.875","8","0","0","0","2113","0","0","0","N","0","0","0","4","02113","0","","1.0","","1","N","N","","0","","0","0","0","","3","","","2","4","0","0","0","4","0","2","0","2","","","","N","","","","","","","","","",""
"2016078838","","0","0","0","0","0","0","1","0","0","5","2","","02","8","2016","5","40.34837","-79.944808","","11","0","0","0","0","0","1","0","0","1","0","1","0","","","0","","2","","40 20:54.133","2","7","79 56:41.310","0","0","0","0","2473","0","0","0","N","0","0","0","2","02503","0","","1.0","","1","N","N","","0","","0","0","0","","2","N","","2","0","0","0","0","0","0","2","0","2","","","","N","","","","","","","","","",""
"2016076840","","1","0","0","0","0","0","0","0","0","7","0","","02","7","2016","6","40.499874","-80.012651","","11","0","0","0","1","0","0","0","0","","0","0","0","","","1","","0","","40 29:59.545","","0","80 00:45.543","8","0","0","0","2116","0","0","0","N","0","0","0","1","02116","0","","5.0","","1","N","N","","0","","0","0","0","","0","","","1","1","1","0","0","1","0","2","0","1","","","","N","","","","","","","","","",""
"2016077801","","0","0","0","0","0","0","0","0","0","7","0","","02","7","2016","1","40.530695","-80.000297","","11","0","0","0","0","0","0","0","0","1","0","0","0","","","1","","0","","40 31:50.502","2","0","80 00:01.069","8","0","0","0","2116","0","0","0","N","0","0","0","1","02116","0","","5.0","","1","N","N","","0","","0","0","1","","0","N","","1","1","0","0","0","1","0","2","0","1","","","","N","","","","","","","","","",""
"2016079891","","3","0","0","0","0","0","0","0","0","2","0","","02","8","2016","2","40.434997","-79.790745","","11","0","0","0","0","1","1","0","1","","0","0","0","","","2","","1","","40 26:05.990","","0","79 47:26.682","3","0","0","0","2446","0","0","0","N","0","0","0","4","02446","1","","1.0","","1","N","N","","0","","1","0","0","","2","","","3","2","0","0","0","0","0","2","0","3","","","","N","","","","","","","","","",""
"2016077958","","1","0","0","0","0","0","0","0","0","4","0","","02","8","2016","3","40.591264","-79.948095","","11","0","1","0","0","0","0","0","1","","0","0","0","","","0","","1","","40 35:28.551","","0","79 56:53.143","0","0","0","0","2207","0","0","0","N","0","0","0","2","02207","0","","1.0","","1","N","N","","0","","0","0","1","","2","","","2","0","0","0","0","0","0","2","0","2","","","","N","","","","","","","","","",""
"2016078739","","0","0","0","0","0","0","0","0","0","7","0","","02","7","2016","3","40.421853","-80.104915","","11","0","0","0","0","1","0","0","0","","0","0","0","","","0","","7","","40 25:18.671","","2","80 06:17.694","0","0","0","0","2115","0","0","0","","0","0","0","1","68B03","0","","7.0","","1","N","N","","0","","0","0","1","","0","","","1","0","0","0","0","0","0","2","0","1","","","","N","","","","","","","","","",""
"2016077045","","2","0","0","0","0","0","0","0","0","7","0","","02","7","2016","1","40.375807","-79.994048","","11","0","0","0","1","0","0","0","0","","0","0","0","","","2","","0","","40 22:32.905","","0","79 59:38.573","3","0","0","0","2476","0","0","0","N","0","0","0","3","02476","0","","5.0","","1","N","N","","0","","1","0","0","","0","","","2","2","1","0","0","1","0","2","0","2","","","","N","","","","","","","","","",""
"2016078842","","2","0","0","0","0","0","0","0","0","1","0","","02","8","2016","6","40.354614","-79.842474","","11","0","0","0","0","0","0","0","0","","0","0","0","","","0","","0","","40 21:16.609","","3","79 50:32.907","0","0","0","0","2304","0","0","0","N","0","0","0","4","02304","0","","1.0","","1","N","N","","0","","0","0","0","","0","","","2","0","0","0","0","0","0","2","0","2","","","","N","","","","","","","","","",""
"2016077979","","1","0","0","0","0","0","0","0","0","7","0","","02","7","2016","7","40.546312","-79.950056","","11","0","0","0","0","0","0","1","0","","0","0","0","","","2","","0","","40 32:46.723","","0","79 57:00.202","3","0","0","0","2118","0","0","0","N","0","0","0","2","02118","0","","5.0","","9","N","N","","0","","2","0","0","","0","","","1","2","0","0","0","0","0","2","0","1","","","","N","","","","","","","","","",""
"2016077712","","1","0","0","0","0","0","0","0","0","3","1","","02","8","2016","2","40.548861","-80.037401","","11","0","0","0","0","0","0","1","0","","0","1","0","","","0","","2","","40 32:55.899","","7","80 02:14.643","0","0","0","0","2116","0","0","0","N","0","0","0","3","02116","0","","1.0","","1","N","N","","0","","0","0","0","","0","","","2","0","0","0","0","0","0","2","0","2","","","","N","","","","","","","","","",""
"2016079751","","1","0","0","0","0","0","0","0","0","5","0","","02","6","2016","4","40.370347","-80.100763","","11","0","0","1","0","0","0","0","1","","0","0","0","","","0","","2","","40 22:13.250","","0","80 06:02.748","0","0","0","0","2102","0","0","0","N","0","0","0","2","02102","0","","1.0","","1","N","N","","0","","0","0","1","","2","","","2","0","0","0","0","0","0","2","0","2","","","","N","","","","","","","","","",""
"2016079752","","1","0","0","0","0","0","0","0","0","1","0","","02","8","2016","2","40.34024","-80.121832","","11","0","0","0","0","0","1","0","0","1","0","0","0","","","0","","0","","40 20:24.863","2","0","80 07:18.595","0","0","0","0","2119","0","0","0","N","0","0","0","3","02119","0","","1.0","","1","N","N","","0","","0","0","1","","0","N","","2","0","0","0","0","0","0","2","0","2","","","","N","","","","","","","","","",""
"2016076955","","1","0","0","0","0","0","0","0","0","1","0","","02","7","2016","5","40.510313","-80.094573","","11","0","0","0","0","0","0","0","0","","0","0","0","","","0","","1","","40 30:37.125","","0","80 05:40.463","0","0","0","0","2429","0","0","0","N","0","0","0","2","02215","0","","1.0","","1","N","N","","0","","0","0","0","","2","","","2","0","0","0","0","0","0","2","1","2","","","","N","","","","","","","","","",""
"2016078746","","1","0","0","0","0","0","0","0","0","7","0","","02","7","2016","1","40.44324","-79.839271","","11","0","0","0","0","1","0","0","0","1","0","0","0","","","1","","0","","40 26:35.663","4","0","79 50:21.375","3","0","0","0","2419","0","0","0","","0","0","0","1","68B03","0","","4.0","","1","N","N","","0","","1","0","0","","0","N","","1","1","1","0","0","0","0","2","0","1","","","","N","","","","","","","","","",""
"2016079903","","2","0","0","0","0","0","0","0","0","1","1","","02","8","2016","2","40.605528","-79.947192","","11","0","0","0","0","0","2","1","0","","0","1","0","","","0","","2","","40 36:19.901","","0","79 56:49.892","0","0","0","0","2207","0","0","0","N","0","0","0","3","02207","0","","1.0","","1","N","N","","0","","0","0","0","","2","","","3","0","0","0","0","0","0","2","0","3","","","","N","","","","","","","","","",""
"2016078937","","1","0","0","0","0","0","0","0","0","1","0","","02","7","2016","7","40.442848","-80.160315","","11","0","0","0","0","0","1","0","0","","0","0","0","","","0","","0","","40 26:34.253","","0","80 09:37.135","0","0","0","0","2115","0","0","0","","0","0","0","3","68B03","0","","1.0","","1","N","N","","0","","0","0","1","","0","","","2","0","0","0","0","0","0","2","0","2","","","","N","","","","","","","","","",""
"2016079757","","1","0","0","0","0","0","0","0","0","1","0","","02","8","2016","2","40.541062","-79.783956","","11","0","0","0","0","1","1","0","0","1","0","0","0","","","1","","0","","40 32:27.823","2","0","79 47:02.241","8","0","0","0","2462","0","0","0","N","0","0","0","2","02462","0","","1.0","","1","N","N","","0","","0","0","0","","0","N","","2","1","0","0","0","1","0","2","1","2","","","","N","","","","","","","","","",""
"2016078849","","0","0","0","0","0","0","0","0","0","1","0","","02","8","2016","3","40.572154","-80.016418","","11","0","0","0","0","0","1","0","0","","0","0","0","","","3","","0","","40 34:19.753","","0","80 00:59.105","8","0","0","0","2108","0","0","0","","0","0","0","6","02108","0","","1.0","","1","N","N","","1","","0","0","0","","2","","","2","3","0","0","0","3","0","2","1","2","","","","N","","","","","","","","","",""
"2016079041","","1","0","0","0","0","0","0","0","0","4","0","","02","8","2016","3","40.358929","-79.908297","","11","0","0","0","0","0","0","1","1","","0","0","0","","","1","","2","","40 21:32.146","","0","79 54:29.870","8","0","0","0","2473","0","0","0","N","0","0","0","2","02473","0","","1.0","","1","N","N","","1","","0","0","0","","0","","","2","1","0","0","0","1","0","2","0","2","","","","N","","","","","","","","","",""
"2016078850","","0","0","0","0","0","0","0","0","0","4","0","","02","8","2016","4","40.567176","-80.016471","","11","0","0","0","0","0","0","0","0","1","0","0","0","","","2","","1","","40 34:01.833","3","0","80 00:59.294","8","0","0","0","2108","0","0","0","","0","0","0","3","02108","0","","1.0","","1","N","N","","1","","0","0","0","","2","N","","2","2","0","0","0","2","0","2","1","2","","","","N","","","","","","","","","",""
"2016076878","","0","0","0","0","0","0","0","0","0","4","0","","02","7","2016","5","40.553459","-79.971254","","11","0","0","0","0","0","1","0","0","","0","0","0","","","0","","2","","40 33:12.454","","0","79 58:16.516","0","0","0","0","2118","0","0","0","N","0","0","0","2","02118","0","","1.0","","1","N","N","","0","","0","0","2","","3","","","2","0","0","0","0","0","0","2","0","2","","","","N","","","","","","","","","",""
"2016078851","","2","0","0","0","0","0","0","0","0","1","0","","02","8","2016","4","40.55978","-80.014511","","11","0","0","0","0","0","2","0","0","","0","0","0","","","0","","0","","40 33:35.207","","0","80 00:52.240","0","0","0","0","2108","0","0","0","","0","0","0","3","02108","0","","1.0","","1","N","N","","0","","0","0","1","","0","","","3","0","0","0","0","0","0","2","0","3","","","","N","","","","","","","","","",""
"2016079908","","0","0","0","0","0","0","0","0","0","5","0","","02","8","2016","2","40.396079","-79.983665","","11","0","0","0","0","0","0","0","0","","0","0","0","","","0","","0","","40 23:45.884","","0","79 59:01.194","0","0","0","0","2301","0","0","0","N","0","0","0","1","02301","0","","4.0","","1","N","N","","0","","0","0","3","","0","","","3","0","1","0","0","0","0","2","0","3","","","","N","","","","","","","","","",""
"2016078161","","1","0","0","0","0","0","0","0","0","1","0","","02","8","2016","4","40.439486","-80.07588","","11","0","0","0","0","0","1","0","1","","0","0","0","","","0","","1","","40 26:22.150","","0","80 04:33.168","9","0","0","0","2421","0","0","0","N","0","0","0","2","02421","0","","1.0","","1","N","N","","0","","0","0","1","","0","","","2","0","0","0","0","0","1","2","0","2","","","","N","","","","","","","","","",""
"2016076769","","2","0","0","0","0","0","0","0","0","1","0","","02","7","2016","7","40.340254","-79.967351","","11","0","0","0","0","0","0","0","0","","0","0","0","","","1","","2","","40 20:24.915","","0","79 58:02.465","8","0","0","0","2454","0","0","0","N","0","0","0","2","02454","0","","1.0","","9","N","N","","0","","0","0","0","","2","","","2","1","0","0","0","1","0","2","0","2","","","","N","","","","","","","","","",""
"2016076863","","1","0","0","0","0","0","0","0","0","2","0","","02","7","2016","7","40.35634","-80.118969","","11","0","0","0","0","0","0","0","0","","0","0","0","","","1","","6","","40 21:22.825","","2","80 07:08.290","8","0","0","0","2119","0","0","0","N","0","0","0","4","02119","0","","1.0","","9","N","N","","1","","0","0","0","","0","","","2","1","0","0","0","1","0","2","0","2","","","","N","","","","","","","","","",""
"2016076864","","1","0","0","0","0","0","0","0","0","4","0","","02","7","2016","7","40.535917","-80.183034","","11","0","0","0","0","0","1","0","0","","0","0","0","","","0","","5","","40 32:09.302","","0","80 10:58.924","0","0","0","0","2458","0","0","0","N","0","0","0","3","02458","0","","1.0","","9","N","N","","0","","0","0","1","","2","","","2","0","0","0","0","0","0","2","0","2","","","","N","","","","","","","","","",""
"2016078753","","1","0","0","0","0","0","0","0","0","1","1","","02","7","2016","4","40.461697","-79.999408","","11","0","0","0","0","0","0","1","0","","0","1","0","","","0","","6","","40 27:42.109","","2","79 59:57.868","0","0","0","0","2301","0","0","0","","0","0","0","3","68B03","0","","1.0","","1","N","N","","0","","0","0","0","","4","","","2","0","0","0","0","0","0","2","0","2","","","","N","","","","","","","","","",""
"2016078754","","2","0","0","0","0","0","0","0","0","1","0","","02","7","2016","5","40.470643","-80.003478","","11","0","0","0","0","0","0","0","0","","0","0","0","","","0","","0","","40 28:14.313","","0","80 00:12.522","0","0","0","0","2301","0","0","0","","0","0","0","2","68B03","0","","1.0","","1","N","N","","0","","0","0","0","","0","","","2","0","0","0","0","0","0","2","0","2","","","","N","","","","","","","","","",""
"2016079766","","2","0","0","0","0","0","0","0","0","1","0","","02","8","2016","2","40.588236","-80.097064","","11","0","0","1","1","0","0","0","0","1","0","0","0","","","0","","2","","40 35:17.649","6","0","80 05:49.429","0","0","0","0","2481","0","0","0","N","0","0","0","2","02481","0","","1.0","","1","N","N","","0","","0","0","0","","0","N","","2","0","0","0","0","0","0","2","0","2","","","","N","","","","","","","","","",""
"2016077085","","1","0","0","0","0","0","0","0","0","1","0","","02","7","2016","1","40.371897","-79.897465","","11","0","0","0","0","0","0","0","0","","0","0","0","","","1","","0","","40 22:18.829","","0","79 53:50.873","3","0","0","0","2473","0","0","0","N","0","0","0","1","02473","0","","6.0","","1","N","N","","1","","1","0","1","","0","","","3","1","0","0","0","0","0","2","0","3","","","","N","","","","","","","","","",""
"2016079050","","2","0","0","0","0","0","0","0","0","1","0","","02","8","2016","6","40.238904","-79.865624","","11","0","0","0","0","0","0","0","0","3","0","0","0","","","0","","1","","40 14:20.055","1","6","79 51:56.248","0","0","0","0","2204","0","0","0","N","0","0","0","3","02204","0","","1.0","","1","N","N","","0","","0","0","0","","0","N","","2","0","0","0","0","0","0","1","0","2","","","","N","","","","","","","","","",""
"2016078064","","2","0","0","0","0","0","0","0","0","2","0","","02","7","2016","4","40.373768","-80.006355","","11","0","0","0","1","0","0","1","0","","0","0","0","","","1","","1","","40 22:25.565","","0","80 00:22.879","3","0","0","0","2416","0","0","0","","0","0","0","3","02416","0","","1.0","","1","N","N","","0","","1","0","0","","0","","","2","1","0","0","0","0","0","2","0","2","","","","N","","","","","","","","","",""
"2016079771","","3","0","0","0","0","0","0","0","0","1","0","","02","8","2016","2","40.455272","-79.717443","","11","0","0","0","0","0","0","0","0","","0","0","0","","","0","","3","","40 27:18.978","","0","79 43:02.794","0","0","0","0","2466","0","0","0","N","0","0","0","4","02466","0","","1.0","","1","N","N","","0","","0","0","0","","0","","","3","0","0","0","0","0","0","2","0","3","","","","N","","","","","","","","","",""