"CRN","ARRIVAL_TM","AUTOMOBILE_COUNT","BELTED_DEATH_COUNT","BELTED_SUSP_SERIOUS_INJ_COUNT","BICYCLE_COUNT","BICYCLE_DEATH_COUNT","BICYCLE_SUSP_SERIOUS_INJ_COUNT","BUS_COUNT","CHLDPAS_DEATH_COUNT","CHLDPAS_SUSP_SERIOUS_INJ_COUNT","COLLISION_TYPE","COMM_VEH_COUNT","CONS_ZONE_SPD_LIM","COUNTY","CRASH_MONTH","CRASH_YEAR","DAY_OF_WEEK","DEC_LATITUDE","DEC_LONGITUDE","DISPATCH_TM","DISTRICT","DRIVER_COUNT_16YR","DRIVER_COUNT_17YR","DRIVER_COUNT_18YR","DRIVER_COUNT_19YR","DRIVER_COUNT_20YR","DRIVER_COUNT_50_64YR","DRIVER_COUNT_65_74YR","DRIVER_COUNT_75PLUS","EST_HRS_CLOSED","FATAL_COUNT","HEAVY_TRUCK_COUNT","HORSE_BUGGY_COUNT","HOUR_OF_DAY","ILLUMINATION","INJURY_COUNT","INTERSECTION_RELATED","INTERSECT_TYPE","LANE_CLOSED","LATITUDE","LN_CLOSE_DIR","LOCATION_TYPE","LONGITUDE","MAX_SEVERITY_LEVEL","MCYCLE_DEATH_COUNT","MCYCLE_SUSP_SERIOUS_INJ_COUNT","MOTORCYCLE_COUNT","MUNICIPALITY","NONMOTR_COUNT","NONMOTR_DEATH_COUNT","NONMOTR_SUSP_SERIOUS_INJ_COUNT","NTFY_HIWY_MAINT","PED_COUNT","PED_DEATH_COUNT","PED_SUSP_SERIOUS_INJ_COUNT","PERSON_COUNT","POLICE_AGCY","POSSIBLE_INJ_COUNT","RDWY_SURF_TYPE_CD","RELATION_TO_ROAD","ROADWAY_CLEARED","ROAD_CONDITION","SCH_BUS_IND","SCH_ZONE_IND","SECONDARY_CRASH","SMALL_TRUCK_COUNT","SPEC_JURIS_CD","SUSP_MINOR_INJ_COUNT","SUSP_SERIOUS_INJ_COUNT","SUV_COUNT","TCD_FUNC_CD","TCD_TYPE","TFC_DETOUR_IND","TIME_OF_DAY","TOTAL_UNITS","TOT_INJ_COUNT","UNBELTED_OCC_COUNT","UNB_DEATH_COUNT","UNB_SUSP_SERIOUS_INJ_COUNT","UNK_INJ_DEG_COUNT","UNK_INJ_PER_COUNT","URBAN_RURAL","VAN_COUNT","VEHICLE_COUNT","WEATHER1","WEATHER2","WORKERS_PRES","WORK_ZONE_IND","WORK_ZONE_LOC","WORK_ZONE_TYPE","WZ_CLOSE_DETOUR","WZ_FLAGGER","WZ_LAW_OFFCR_IND","WZ_LN_CLOSURE","WZ_MOVING","WZ_OTHER","WZ_SHLDER_MDN","WZ_WORKERS_INJ_KILLED"
"2016079921","","0","0","0","0","0","0","0","0","0","7","0","","02","8","2016","1","40.599492","-79.935264","","11","0","0","0","0","1","0","0","0","","0","0","0","","","1","","0","","40 35:58.170","","0","79 56:06.950","8","0","0","0","2207","0","0","0","N","0","0","0","1","02207","0","","4.0","","1","N","N","","1","","0","0","0","","0","","","1","1","0","0","0","1","0","2","0","1","","","","N","","","","","","","","","",""
"2016076184","","2","0","0","0","0","0","0","0","0","1","0","","02","6","2016","5","40.36982","-79.784406","","11","0","0","0","0","0","1","0","0","1","0","0","0","","","0","","2","","40 22:11.353","3","0","79 47:03.863","0","0","0","0","2111","0","0","0","N","0","0","0","4","02111","0","","1.0","","9","N","N","","1","","0","0","0","","0","N","","4","0","0","0","0","0","0","2","1","4","","","","N","","","","","","","","","",""
"2016078065","","2","0","0","0","0","0","0","0","0","1","1","","02","7","2016","4","40.364741","-80.020012","","11","0","1","0","0","0","1","1","0","2","0","1","0","","","0","","0","","40 21:53.069","2","0","80 01:12.043","0","0","0","0","2416","0","0","0","","0","0","0","9","02416","0","","1.0","","1","N","N","","0","","0","0","4","","0","N","","7","0","0","0","0","0","0","2","0","7","","","","N","","","","","","","","","",""
"2016076251","","2","0","0","0","0","0","0","0","0","1","0","","02","7","2016","3","40.494426","-79.904441","","11","0","0","0","0","0","0","0","0","","0","0","0","","","0","","0","","40 29:39.934","","0","79 54:15.986","9","0","0","0","2401","0","0","0","","0","0","0","2","68D02","0","","1.0","","1","N","N","","0","","0","0","0","","0","","","2","0","0","0","0","0","1","2","0","2","","","","N","","","","","","","","","",""
"2016078066","","0","0","0","0","0","0","0","0","0","4","0","","02","7","2016","7","40.365217","-80.017939","","11","1","0","0","0","0","0","0","0","","0","0","0","","","0","","0","","40 21:54.781","","0","80 01:04.580","0","0","0","0","2416","0","0","0","","0","0","0","6","02416","0","","1.0","","9","N","N","","0","","0","0","2","","0","","","2","0","0","0","0","0","0","2","0","2","","","","N","","","","","","","","","",""
"2016076972","","1","0","0","0","0","0","0","0","0","7","0","","02","7","2016","7","40.321476","-79.858041","","11","0","0","0","0","0","0","0","0","","0","0","0","","","0","","0","","40 19:17.313","","0","79 51:28.948","0","0","0","0","2442","0","0","0","N","0","0","0","1","02442","0","","5.0","","9","N","N","","0","","0","0","0","","0","","","1","0","1","0","0","0","0","2","0","1","","","","N","","","","","","","","","",""
"2016079054","","2","0","0","0","0","0","0","0","0","4","0","","02","8","2016","7","40.486204","-80.053804","","11","0","0","0","0","1","0","0","0","2","0","0","0","","","0","","0","","40 29:10.336","2","0","80 03:13.696","9","0","0","0","2404","0","0","0","N","0","0","0","3","02404","0","","1.0","","9","N","N","","0","","0","0","0","","2","N","","2","0","0","0","0","0","1","2","0","2","","","","N","","","","","","","","","",""
"2016076255","","1","0","0","0","0","0","0","0","0","7","0","","02","7","2016","5","40.327064","-79.944491","","11","0","0","0","0","0","0","0","0","1","0","0","0","","","0","","0","","40 19:37.430","2","0","79 56:40.168","0","0","0","0","2454","0","0","0","N","0","0","0","2","02454","0","","5.0","","9","N","N","","0","","0","0","0","","0","N","","1","0","0","0","0","0","0","2","0","1","","","","N","","","","","","","","","",""
"2016079338","","2","0","0","0","0","0","0","0","0","4","0","","02","8","2016","1","40.65038","-80.078957","","11","0","0","0","0","0","1","1","0","1","0","0","0","","","2","","1","","40 39:01.368","2","0","80 04:44.244","4","0","0","0","2212","0","0","0","N","0","0","0","4","02505","2","","1.0","","1","N","N","","0","","0","0","0","","2","N","","2","2","0","0","0","0","0","2","0","2","","","","N","","","","","","","","","",""
"2016073965","","1","0","0","0","0","0","0","0","0","7","0","","02","7","2016","5","40.332135","-80.069712","","11","0","0","1","0","0","0","0","0","","0","0","0","","","0","","7","","40 19:55.687","","2","80 04:10.964","0","0","0","0","2123","0","0","0","N","0","0","0","2","02123","0","","7.0","","1","N","N","","0","","0","0","0","","0","","","1","0","0","0","0","0","0","2","0","1","","","","N","","","","","","","","","",""
"2016078455","","2","0","0","0","0","0","0","0","0","1","0","","02","7","2016","4","40.383462","-79.89688","","11","0","0","0","0","0","0","0","0","","0","0","0","","","0","","0","","40 23:00.463","","0","79 53:48.768","0","0","0","0","2448","0","0","0","N","0","0","0","2","02448","0","","1.0","","1","N","N","","0","","0","0","0","","0","","","2","0","0","0","0","0","0","2","0","2","","","","N","","","","","","","","","",""
"2016075936","","0","0","0","0","0","0","0","0","0","4","0","","02","7","2016","1","40.629237","-79.933239","","11","0","0","0","1","0","0","0","0","1","0","0","0","","","0","","2","","40 37:45.252","4","0","79 55:59.662","0","0","0","0","2217","0","0","0","N","0","0","0","3","02505","0","","1.0","","9","N","N","","1","","0","0","1","","3","N","","2","0","0","0","0","0","0","2","0","2","","","","N","","","","","","","","","",""
"2016074130","","1","0","0","0","0","0","0","0","0","7","0","","02","7","2016","6","40.417861","-79.937028","","11","0","0","0","0","0","0","0","0","2","0","0","0","","","1","","0","","40 25:04.300","5","0","79 56:13.300","8","0","0","0","2301","0","0","0","N","0","0","0","1","02301","0","","5.0","","1","N","N","","0","","0","0","0","","0","Y","","1","1","0","0","0","1","0","2","0","1","","","","N","","","","","","","","","",""
"2016079342","","2","0","0","0","0","0","0","0","0","1","0","","02","8","2016","1","40.341603","-79.985099","","11","0","0","0","0","0","1","0","0","","0","0","0","","","0","","2","","40 20:29.770","","0","79 59:06.356","0","0","0","0","2403","0","0","0","N","0","0","0","2","02403","0","","1.0","","1","N","N","","0","","0","0","0","","0","","","2","0","1","0","0","0","0","2","0","2","","","","N","","","","","","","","","",""
"2016074779","","0","0","0","0","0","0","0","0","0","99","0","","02","7","2016","5","40.594368","-79.900153","","11","0","0","0","0","0","0","0","0","","0","0","0","","","0","","0","","40 35:39.724","","0","79 54:00.549","0","0","0","0","2209","0","0","0","","0","0","0","1","68T02","0","","1.0","","1","N","N","","0","","0","0","1","","0","","","1","0","0","0","0","0","0","1","0","1","","","","N","","","","","","","","","",""
"2016078479","","1","0","0","0","0","0","0","0","0","7","0","","02","7","2016","1","40.363204","-79.874385","","11","0","0","0","0","0","0","0","0","3","0","0","0","","","4","","0","","40 21:47.536","5","0","79 52:27.786","2","0","0","0","2473","0","0","0","N","0","0","0","4","02473","0","","5.0","","1","N","N","","0","","0","4","0","","0","Y","","1","4","4","0","4","0","0","2","0","1","","","","N","","","","","","","","","",""
"2016078284","","1","0","0","0","0","0","0","0","0","7","0","","02","7","2016","7","40.284126","-79.911185","","11","0","0","0","0","0","0","0","0","","0","0","0","","","0","","3","","40 17:02.852","","0","79 54:40.267","0","0","0","0","2440","0","0","0","N","0","0","0","2","02440","0","","5.0","","1","N","N","","0","","0","0","0","","3","","","1","0","1","0","0","0","0","2","0","1","","","","N","","","","","","","","","",""
"2016077521","","2","0","0","0","0","0","0","0","0","1","0","","02","7","2016","4","40.619203","-80.08396","","11","1","0","0","0","0","1","0","0","2","0","0","0","","","0","","0","","40 37:09.131","3","0","80 05:02.255","0","0","0","0","2212","0","0","0","N","0","0","0","4","02505","0","","1.0","","1","N","N","","0","","0","0","1","","0","N","","3","0","0","0","0","0","0","2","0","3","","","","N","","","","","","","","","",""
"2016073886","","1","0","0","0","0","0","0","0","0","5","0","55","02","7","2016","5","40.557493","-79.848496","","11","0","0","0","0","0","0","0","0","2","0","0","0","","","2","","0","","40 33:26.975","3","0","79 50:54.587","3","0","0","0","2208","0","0","0","","0","0","0","6","68T02","0","","1.0","","1","N","N","","0","","1","0","1","","0","N","","2","2","0","0","0","1","0","2","0","2","","","Y","Y","4","1","N","N","N","N","N","N","Y",""
"2016074873","","0","0","0","0","0","0","0","0","0","7","0","","02","7","2016","1","40.408278","-80.085459","","11","0","0","0","0","0","0","0","0","2","0","0","0","","","1","","1","","40 24:29.800","4","0","80 05:07.652","3","0","0","0","2415","0","0","0","N","0","0","0","1","02415","0","","4.0","","1","N","N","","0","","1","0","1","","3","Y","","1","1","0","0","0","0","0","2","0","1","","","","N","","","","","","","","","",""
"2016076283","","1","0","0","1","0","0","0","0","0","8","0","","02","7","2016","5","40.287157","-79.885671","","11","0","0","0","0","0","1","0","0","1","0","0","0","","","1","","1","","40 17:13.765","1","0","79 53:08.415","8","0","0","0","2302","1","0","0","N","0","0","0","2","02302","0","","1.0","","9","N","N","","0","","0","0","0","","3","N","","2","1","0","0","0","1","0","2","0","1","","","","N","","","","","","","","","",""
"2016076284","","2","0","0","0","0","0","0","0","0","5","0","","02","5","2016","1","40.398441","-79.812748","","11","0","0","0","0","0","0","0","0","2","0","0","0","","","0","","0","","40 23:54.387","4","0","79 48:45.892","9","0","0","0","2479","0","0","0","N","0","0","0","1","02111","0","","1.0","","9","N","N","","0","","0","0","1","","0","Y","","3","0","0","0","0","0","1","2","0","3","","","","N","","","","","","","","","",""
"2016074785","","0","0","0","0","0","0","0","0","0","7","0","","02","7","2016","7","40.393163","-80.050345","","11","0","0","0","0","0","0","0","0","2","0","0","0","","","0","","1","","40 23:35.386","6","0","80 03:01.242","0","0","0","0","2109","0","0","0","","0","0","0","1","02109","0","","4.0","","1","N","N","","0","","0","0","1","","3","N","","1","0","0","0","0","0","0","2","0","1","","","","N","","","","","","","","","",""
"2016078196","","1","0","0","0","0","0","0","0","0","1","0","","02","7","2016","4","40.440487","-79.832582","","11","0","0","0","0","0","1","0","0","1","0","0","0","","","3","","0","","40 26:25.752","4","0","79 49:57.295","3","0","0","0","2419","0","0","0","","0","0","0","4","68B03","2","","1.0","","1","N","N","","1","","1","0","0","","0","N","","2","3","0","0","0","0","0","2","0","2","","","","N","","","","","","","","","",""
"2016079242","","0","0","0","0","0","0","0","0","0","1","0","","02","8","2016","6","40.447394","-80.165786","","11","0","0","0","0","0","0","0","0","1","0","2","0","","","0","","7","","40 26:50.617","4","2","80 09:56.828","0","0","0","0","2115","0","0","0","","0","0","0","2","68B03","0","","1.0","","1","N","N","","0","","0","0","0","","0","N","","2","0","0","0","0","0","0","2","0","2","","","","N","","","","","","","","","",""
"2016079449","","1","0","0","0","0","0","0","0","0","7","0","","02","7","2016","2","40.525516","-80.0846","","11","0","1","0","0","0","0","0","0","4","0","0","0","","","0","","0","","40 31:31.857","5","0","80 05:04.561","0","0","0","0","2215","0","0","0","N","0","0","0","1","02215","0","","4.0","","1","N","N","","0","","0","0","0","","0","Y","","1","0","0","0","0","0","0","2","0","1","","","","N","","","","","","","","","",""
"2016074786","","1","0","0","0","0","0","0","0","0","1","0","","02","7","2016","1","40.371172","-80.049536","","11","0","0","0","0","0","0","0","0","1","0","0","0","","","1","","2","","40 22:16.219","2","0","80 02:58.329","4","0","0","0","2109","0","0","0","","0","0","0","2","02109","1","","1.0","","1","N","N","","0","","0","0","1","","2","N","","2","1","0","0","0","0","0","2","0","2","","","","N","","","","","","","","","",""
"2016072990","","1","0","0","0","0","0","1","0","0","1","1","","02","7","2016","3","40.377271","-80.004187","","11","0","0","0","0","0","0","1","0","","0","0","0","","","1","","0","","40 22:38.174","","0","80 00:15.074","8","0","0","0","2301","0","0","0","N","0","0","0","33","02301","0","","1.0","","1","N","N","","0","","0","0","0","","0","","","2","1","0","0","0","1","0","2","0","2","","","","N","","","","","","","","","",""
"2016076287","","1","0","0","0","0","0","0","0","0","8","0","","02","7","2016","5","40.440711","-80.00043","","11","0","0","1","0","0","0","0","0","1","0","0","0","","","1","","1","","40 26:26.559","6","0","80 00:01.548","3","0","0","0","2301","1","0","0","N","1","0","0","2","02301","0","","1.0","","1","N","N","","0","","1","0","0","","2","N","","2","1","0","0","0","0","0","2","0","1","","","","N","","","","","","","","","",""
"2016077435","","1","0","0","0","0","0","0","0","0","7","0","","02","7","2016","4","40.433541","-79.962933","","11","0","0","0","0","0","0","0","0","3","0","0","0","","","1","","0","","40 26:00.747","4","0","79 57:46.557","3","0","0","0","2301","0","0","0","","0","0","0","1","68B03","0","","4.0","","1","N","N","","0","","1","0","0","","0","N","","1","1","0","0","0","0","0","2","0","1","","","","N","","","","","","","","","",""
"2016075697","","2","0","0","0","0","0","0","0","0","4","0","","02","7","2016","4","40.461868","-79.842436","","11","0","0","0","0","0","1","0","0","1","0","0","0","","","1","","0","","40 27:42.724","1","0","79 50:32.770","3","0","0","0","2113","0","0","0","N","0","0","0","4","02113","0","","1.0","","1","N","N","","1","","1","0","1","","0","N","","4","1","0","0","0","0","0","2","0","4","","","","N","","","","","","","","","",""
"2016072991","","1","0","0","0","0","0","0","0","0","4","0","","02","6","2016","2","","","","11","0","0","0","0","0","0","0","0","","0","0","0","","","0","","2","","40 26:09.7","","99","79 58:46.6","0","0","0","0","2301","0","0","0","N","0","0","0","2","02301","0","","1.0","","1","N","N","","0","","0","0","0","","3","","","2","0","0","0","0","0","0","2","1","2","","","","N","","","","","","","","","",""
"2016079352","","2","0","0","0","0","0","0","0","0","4","0","","02","8","2016","1","40.352092","-80.01087","","11","0","0","0","0","0","1","1","0","1","0","0","0","","","0","","2","","40 21:07.532","6","0","80 00:39.133","0","0","0","0","2476","0","0","0","N","0","0","0","2","02476","0","","1.0","","1","N","N","","0","","0","0","0","","0","N","","2","0","0","0","0","0","0","2","0","2","","","","N","","","","","","","","","",""
"2016077508","","1","0","0","0","0","0","0","0","0","7","0","","02","7","2016","7","40.485352","-80.202281","","11","0","0","1","0","0","0","0","0","","0","0","0","","","0","","0","","40 29:07.267","","0","80 12:08.211","0","0","0","0","2213","0","0","0","","0","0","0","2","02213","0","","4.0","","9","N","N","","0","","0","0","0","","0","","","1","0","0","0","0","0","0","2","0","1","","","","N","","","","","","","","","",""
"2016079452","","0","0","0","0","0","0","0","0","0","7","0","","02","7","2016","1","40.375208","-80.036403","","11","0","0","0","0","0","0","0","0","5","0","0","0","","","0","","0","","40 22:30.749","7","0","80 02:11.051","9","0","0","0","2109","0","0","0","","0","0","0","1","02109","0","","4.0","","1","N","N","","0","","0","0","1","","0","Y","","1","0","0","0","0","0","1","2","0","1","","","","N","","","","","","","","","",""
"2016074878","","1","0","0","0","0","0","0","0","0","1","0","","02","7","2016","2","40.612826","-80.101776","","11","0","0","0","1","0","1","0","0","1","0","0","0","","","0","","0","","40 36:46.173","3","3","80 06:06.392","0","0","0","0","2481","0","0","0","N","0","0","0","4","02481","0","","1.0","","1","N","N","","1","","0","0","2","","0","N","","4","0","1","0","0","0","0","1","0","4","","","","N","","","","","","","","","",""
"2016079453","","0","0","0","0","0","0","0","0","0","7","0","","02","8","2016","1","40.386037","-80.043881","","11","0","0","0","0","0","0","0","0","","0","0","0","","","0","","0","","40 23:09.733","","0","80 02:37.972","0","0","0","0","2109","0","0","0","","0","0","0","2","02109","0","","5.0","","1","N","N","","0","","0","0","1","","0","","","1","0","0","0","0","0","0","2","0","1","","","","N","","","","","","","","","",""
"2016079454","","1","0","0","0","0","0","0","0","0","2","0","","02","8","2016","5","40.36805","-80.03415","","11","0","0","0","0","0","0","0","0","","0","0","0","","","0","","0","","40 22:04.980","","0","80 02:02.940","0","0","0","0","2416","0","0","0","","0","0","0","2","02416","0","","1.0","","1","N","N","","0","","0","0","1","","0","","","2","0","0","0","0","0","0","2","0","2","","","","N","","","","","","","","","",""
"2016074792","","3","0","0","0","0","0","0","0","0","1","0","","02","7","2016","1","40.391952","-80.015198","","11","0","0","0","0","0","1","0","0","","0","0","0","","","0","","2","","40 23:31.027","","0","80 00:54.712","0","0","0","0","2301","0","0","0","N","0","0","0","1","02301","0","","2.0","","1","N","N","","0","","0","0","0","","3","","","3","0","0","0","0","0","0","2","0","3","","","","N","","","","","","","","","",""
"2016075705","","0","0","0","0","0","0","0","0","0","1","0","","02","7","2016","6","40.532745","-80.069357","","11","0","0","0","0","0","2","0","0","1","0","0","0","","","0","","2","","40 31:57.882","1","0","80 04:09.685","0","0","0","0","2215","0","0","0","N","0","0","0","2","02215","0","","1.0","","1","N","N","","0","","0","0","2","","3","Y","","2","0","0","0","0","0","0","2","0","2","","","","N","","","","","","","","","",""
"2016073915","","1","0","0","0","0","0","0","0","0","1","0","","02","7","2016","6","40.624488","-80.053906","","11","0","0","0","0","0","0","0","0","1","0","0","0","","","1","","3","","40 37:28.157","2","0","80 03:14.062","3","0","0","0","2216","0","0","0","N","0","0","0","2","02505","0","","1.0","","1","N","N","","0","","1","0","1","","3","N","","2","1","0","0","0","0","0","1","0","2","","","","N","","","","","","","","","",""
"2016078307","","1","0","0","0","0","0","0","0","0","1","0","","02","8","2016","4","40.594875","-79.947813","","11","0","0","0","1","0","2","0","0","2","0","0","0","","","2","","0","","40 35:41.551","5","0","79 56:52.127","4","0","0","0","2207","0","0","0","N","0","0","0","6","02207","1","","1.0","","1","N","N","","0","","0","0","3","","0","N","","4","2","0","0","0","1","0","2","0","4","","","","N","","","","","","","","","",""
"2016079441","","1","0","0","0","0","0","0","0","0","1","0","","02","8","2016","6","40.428343","-79.927546","","11","0","0","1","0","0","0","0","0","1","0","0","0","","","0","","0","","40 25:42.034","4","0","79 55:39.167","0","0","0","0","2301","0","0","0","","0","0","0","4","68B03","0","","1.0","","1","N","N","","0","","0","0","1","","0","N","","2","0","0","0","0","0","0","2","0","2","","","","N","","","","","","","","","",""
"2016077531","","2","0","0","0","0","0","0","0","0","1","0","","02","7","2016","5","40.547631","-80.017944","","11","0","1","0","0","0","1","0","0","","0","0","0","","","2","","0","","40 32:51.470","","0","80 01:04.600","8","0","0","0","2116","0","0","0","N","0","0","0","6","02116","0","","1.0","","1","N","N","","0","","0","0","2","","0","","","4","2","0","0","0","2","0","2","0","4","","","","N","","","","","","","","","",""
"2016074883","","2","0","0","0","0","0","0","0","0","1","0","","02","7","2016","2","40.475102","-80.095863","","11","0","0","0","0","0","0","0","1","","0","0","0","","","1","","2","","40 28:30.367","","0","80 05:45.106","3","0","0","0","2126","0","0","0","N","0","0","0","5","02126","0","","1.0","","1","N","N","","0","","1","0","1","","0","","","3","1","0","0","0","0","0","2","0","3","","","","N","","","","","","","","","",""
"2016079251","","2","0","1","0","0","0","0","0","0","4","0","","02","8","2016","7","40.3001","-79.816728","","11","0","0","0","0","0","0","0","0","2","0","0","0","","","3","","2","","40 18:00.360","7","0","79 49:00.222","2","0","0","0","2105","0","0","0","N","0","0","0","3","02105","0","","1.0","","1","N","N","","0","","2","1","0","","3","Y","","2","3","0","0","0","0","0","1","0","2","","","","N","","","","","","","","","",""
"2016076470","","0","0","0","0","0","0","0","0","0","5","2","","02","7","2016","6","40.478829","-80.04312","","11","0","0","0","0","0","1","0","0","","0","2","0","","","0","","1","","40 28:43.784","","0","80 02:35.231","0","0","0","0","2301","0","0","0","N","0","0","0","2","02301","0","","1.0","","1","N","N","","0","","0","0","0","","2","","","2","0","0","0","0","0","0","2","0","2","","","","N","","","","","","","","","",""
"2016079443","","5","0","0","0","0","0","0","0","0","1","0","","02","8","2016","6","40.642808","-80.096901","","11","0","0","1","0","0","1","0","0","2","0","0","0","","","0","","0","","40 38:34.110","1","0","80 05:48.845","0","0","0","0","2212","0","0","0","","0","0","0","5","68B03","0","","1.0","","1","N","N","","0","","0","0","0","","0","N","","5","0","0","0","0","0","0","2","0","5","","","","N","","","","","","","","","",""
"2016072997","","0","0","0","0","0","0","0","0","0","4","0","","02","7","2016","3","40.353946","-79.914901","","11","0","0","0","0","0","0","0","0","2","0","0","0","","","3","","2","","40 21:14.207","3","0","79 54:53.644","4","0","0","0","2473","0","0","0","N","0","0","0","3","02473","3","","1.0","","1","N","N","","0","","0","0","1","","2","N","","2","3","0","0","0","0","0","2","1","2","","","","N","","","","","","","","","",""
"2016076564","","1","0","0","0","0","0","0","0","0","1","0","","02","7","2016","2","40.369401","-80.030768","","11","0","1","0","0","0","1","0","1","1","0","0","0","","","0","","0","","40 22:09.844","4","0","80 01:50.764","0","0","0","0","2416","0","0","0","","0","0","0","3","02416","0","","1.0","","1","N","N","","0","","0","0","2","","0","N","","3","0","0","0","0","0","0","2","0","3","","","","N","","","","","","","","","",""
"2016077536","","2","0","0","0","0","0","0","0","0","1","0","","02","8","2016","2","40.327332","-79.840229","","11","0","0","0","0","0","1","0","0","1","0","0","0","","","1","","1","","40 19:38.395","1","0","79 50:24.825","8","0","0","0","2304","0","0","0","N","0","0","0","2","02304","0","","1.0","","1","N","N","","0","","0","0","0","","2","N","","2","1","0","0","0","1","0","2","0","2","","","","N","","","","","","","","","",""
"2016073014","","1","0","0","0","0","0","0","0","0","7","0","","02","5","2016","4","40.31153","-79.899351","","11","0","0","0","0","0","0","0","0","","0","0","0","","","0","","2","","40 18:41.508","","0","79 53:57.663","0","0","0","0","2302","0","0","0","N","0","0","0","1","02302","0","","2.0","","1","N","N","","0","","0","0","0","","3","","","1","0","0","0","0","0","0","2","0","1","","","","N","","","","","","","","","",""
"2016073919","","2","0","0","0","0","0","0","0","0","1","0","","02","7","2016","4","40.561831","-80.225243","","11","0","0","0","0","0","1","0","1","","0","0","0","","","0","","0","","40 33:42.592","","0","80 13:30.874","0","0","0","0","2103","0","0","0","N","0","0","0","4","02103","0","","1.0","","1","N","N","","0","","0","0","0","","0","","","2","0","0","0","0","0","0","2","0","2","","","","N","","","","","","","","","",""
"2016079368","","0","0","0","0","0","0","0","0","0","8","0","","02","8","2016","1","40.512184","-80.103885","","11","0","0","0","0","0","0","0","0","1","0","0","0","","","1","","2","","40 30:43.861","2","0","80 06:13.986","8","0","0","0","2429","1","0","0","N","1","0","0","2","02215","0","","1.0","","1","N","N","","1","","0","0","0","","2","N","","2","1","0","0","0","1","0","2","0","1","","","","N","","","","","","","","","",""
"2016076301","","1","0","0","0","0","0","0","0","0","7","0","","02","7","2016","3","40.368747","-79.845139","","11","0","0","1","0","0","0","0","0","","0","0","0","","","1","","2","","40 22:07.489","","0","79 50:42.500","2","0","0","0","2303","0","0","0","N","0","0","0","1","02501","0","","9.0","","1","N","N","","0","","0","1","0","","0","","","1","1","1","0","1","0","0","2","0","1","","","","N","","","","","","","","","",""
"2016078209","","0","0","0","0","0","0","0","0","0","1","1","","02","7","2016","5","40.582033","-80.108725","","11","0","0","0","0","0","0","0","0","","0","1","0","","","1","","0","","40 34:55.317","","0","80 06:31.411","4","0","0","0","2481","0","0","0","","0","0","0","2","68B03","1","","1.0","","1","N","N","","0","","0","0","0","","0","","","2","1","0","0","0","0","0","2","1","2","","","","N","","","","","","","","","",""
"2016077540","","2","0","0","0","0","0","0","0","0","4","0","","02","8","2016","2","40.287443","-79.884703","","11","0","0","0","0","0","0","1","0","","0","0","0","","","1","","1","","40 17:14.794","","0","79 53:04.930","4","0","0","0","2302","0","0","0","N","0","0","0","4","02302","1","","1.0","","1","N","N","","0","","0","0","0","","0","","","2","1","0","0","0","0","0","2","0","2","","","","N","","","","","","","","","",""
"2016077461","","1","0","0","0","0","0","0","0","0","7","0","","02","7","2016","6","40.463606","-79.999888","","11","0","0","0","0","0","0","0","0","2","0","0","0","","","0","","0","","40 27:48.981","2","0","79 59:59.596","0","0","0","0","2301","0","0","0","","0","0","0","1","68B03","0","","4.0","","1","N","N","","0","","0","0","0","","0","N","","1","0","0","0","0","0","0","2","0","1","","","","N","","","","","","","","","",""
"2016073924","","0","0","0","0","0","0","0","0","0","8","0","","02","7","2016","6","40.469766","-79.92705","","11","0","0","0","0","0","1","0","0","1","0","0","0","","","1","","1","","40 28:11.157","1","0","79 55:37.380","3","0","0","0","2301","1","0","0","N","1","0","0","3","02301","0","","1.0","","1","N","N","","0","","1","0","0","","0","N","","2","1","0","0","0","0","0","2","1","1","","","","N","","","","","","","","","",""
"2016077379","","1","0","0","0","0","0","0","0","0","1","0","","02","7","2016","6","40.451957","-80.172173","","11","0","0","0","0","0","0","0","0","1","0","0","0","","","1","","0","","40 27:07.046","3","0","80 10:19.821","3","0","0","0","2115","0","0","0","","0","0","0","5","68B03","0","","1.0","","1","N","N","","1","","1","0","1","","0","N","","3","1","0","0","0","0","0","2","0","3","","","","N","","","","","","","","","",""
"2016079378","","0","0","0","0","0","0","0","0","0","7","0","","02","7","2016","1","40.557077","-80.140704","","11","0","0","0","0","0","0","0","0","","0","0","0","","","0","","0","","40 33:25.477","","0","80 08:26.535","0","0","0","0","2459","0","0","0","","0","0","0","1","02459","0","","4.0","","9","N","N","","0","","0","0","1","","0","","","1","0","0","0","0","0","0","1","0","1","","","","N","","","","","","","","","",""
"2016076483","","2","0","0","0","0","0","0","0","0","2","0","","02","7","2016","5","40.495776","-80.066914","","11","0","1","0","0","0","1","0","1","","0","0","0","","","2","","2","","40 29:44.793","","0","80 04:00.889","4","0","0","0","2402","0","0","0","N","0","0","0","4","02402","2","","1.0","","1","N","N","","0","","0","0","1","","2","","","3","2","0","0","0","0","0","2","0","3","","","","N","","","","","","","","","",""
"2016078323","","0","0","0","0","0","0","0","0","0","7","0","","02","8","2016","3","40.28212","-79.848793","","11","0","0","0","0","0","0","0","0","1","0","0","0","","","1","","0","","40 16:55.631","6","0","79 50:55.653","4","0","0","0","2443","0","0","0","N","0","0","0","1","02443","1","","5.0","","1","N","N","","0","","0","0","1","","0","Y","","1","1","0","0","0","0","0","1","0","1","","","","N","","","","","","","","","",""
"2016079379","","2","0","0","0","0","0","0","0","0","2","0","","02","8","2016","6","40.512184","-80.103885","","11","0","0","0","0","0","0","0","1","1","0","0","0","","","1","","2","","40 30:43.861","5","0","80 06:13.986","8","0","0","0","2429","0","0","0","N","0","0","0","4","02215","0","","1.0","","1","N","N","","0","","0","0","1","","2","N","","3","1","1","0","0","1","0","2","0","3","","","","N","","","","","","","","","",""