"CRN","ARRIVAL_TM","AUTOMOBILE_COUNT","BELTED_DEATH_COUNT","BELTED_SUSP_SERIOUS_INJ_COUNT","BICYCLE_COUNT","BICYCLE_DEATH_COUNT","BICYCLE_SUSP_SERIOUS_INJ_COUNT","BUS_COUNT","CHLDPAS_DEATH_COUNT","CHLDPAS_SUSP_SERIOUS_INJ_COUNT","COLLISION_TYPE","COMM_VEH_COUNT","CONS_ZONE_SPD_LIM","COUNTY","CRASH_MONTH","CRASH_YEAR","DAY_OF_WEEK","DEC_LATITUDE","DEC_LONGITUDE","DISPATCH_TM","DISTRICT","DRIVER_COUNT_16YR","DRIVER_COUNT_17YR","DRIVER_COUNT_18YR","DRIVER_COUNT_19YR","DRIVER_COUNT_20YR","DRIVER_COUNT_50_64YR","DRIVER_COUNT_65_74YR","DRIVER_COUNT_75PLUS","EST_HRS_CLOSED","FATAL_COUNT","HEAVY_TRUCK_COUNT","HORSE_BUGGY_COUNT","HOUR_OF_DAY","ILLUMINATION","INJURY_COUNT","INTERSECTION_RELATED","INTERSECT_TYPE","LANE_CLOSED","LATITUDE","LN_CLOSE_DIR","LOCATION_TYPE","LONGITUDE","MAX_SEVERITY_LEVEL","MCYCLE_DEATH_COUNT","MCYCLE_SUSP_SERIOUS_INJ_COUNT","MOTORCYCLE_COUNT","MUNICIPALITY","NONMOTR_COUNT","NONMOTR_DEATH_COUNT","NONMOTR_SUSP_SERIOUS_INJ_COUNT","NTFY_HIWY_MAINT","PED_COUNT","PED_DEATH_COUNT","PED_SUSP_SERIOUS_INJ_COUNT","PERSON_COUNT","POLICE_AGCY","POSSIBLE_INJ_COUNT","RDWY_SURF_TYPE_CD","RELATION_TO_ROAD","ROADWAY_CLEARED","ROAD_CONDITION","SCH_BUS_IND","SCH_ZONE_IND","SECONDARY_CRASH","SMALL_TRUCK_COUNT","SPEC_JURIS_CD","SUSP_MINOR_INJ_COUNT","SUSP_SERIOUS_INJ_COUNT","SUV_COUNT","TCD_FUNC_CD","TCD_TYPE","TFC_DETOUR_IND","TIME_OF_DAY","TOTAL_UNITS","TOT_INJ_COUNT","UNBELTED_OCC_COUNT","UNB_DEATH_COUNT","UNB_SUSP_SERIOUS_INJ_COUNT","UNK_INJ_DEG_COUNT","UNK_INJ_PER_COUNT","URBAN_RURAL","VAN_COUNT","VEHICLE_COUNT","WEATHER1","WEATHER2","WORKERS_PRES","WORK_ZONE_IND","WORK_ZONE_LOC","WORK_ZONE_TYPE","WZ_CLOSE_DETOUR","WZ_FLAGGER","WZ_LAW_OFFCR_IND","WZ_LN_CLOSURE","WZ_MOVING","WZ_OTHER","WZ_SHLDER_MDN","WZ_WORKERS_INJ_KILLED"
"2016073511","","0","0","0","0","0","0","0","0","0","4","0","","02","7","2016","4","40.436588","-79.966302","","11","0","0","0","0","1","1","0","0","1","0","0","0","","","2","","0","","40 26:11.717","6","0","79 57:58.686","3","0","0","0","2301","0","0","0","N","0","0","0","2","02301","1","","1.0","","1","","N","","0","","1","0","2","","0","N","","2","2","0","0","0","0","0","2","0","2","","","","N","","","","","","","","","",""
"2016074407","","1","0","0","0","0","0","0","0","0","7","0","","02","7","2016","7","40.465545","-79.842701","","11","0","0","0","0","0","0","0","0","2","0","0","0","","","0","","0","","40 27:55.962","5","0","79 50:33.723","0","0","0","0","2113","0","0","0","N","0","0","0","1","02113","0","","5.0","","1","N","N","","0","","0","0","0","","0","N","","1","0","0","0","0","0","0","2","0","1","","","","N","","","","","","","","","",""
"2016072713","","2","0","0","0","0","0","0","0","0","1","0","","02","7","2016","3","40.363848","-79.842953","","11","0","0","1","0","0","1","0","0","1","0","0","0","","","1","","1","","40 21:49.853","2","0","79 50:34.629","3","0","0","0","2303","0","0","0","N","0","0","0","2","02303","0","","1.0","","1","N","N","","0","","1","0","0","","2","N","","2","1","0","0","0","0","0","2","0","2","","","","N","","","","","","","","","",""
"2016075562","","1","0","0","0","0","0","0","0","0","4","0","","02","7","2016","3","40.630063","-79.995387","","11","0","1","0","0","0","0","0","0","1","0","0","0","","","0","","2","","40 37:48.226","3","0","79 59:43.393","0","0","0","0","2216","0","0","0","N","0","0","0","2","02505","0","","1.0","","1","N","N","","1","","0","0","0","","0","N","","2","0","0","0","0","0","0","2","0","2","","","","N","","","","","","","","","",""
"2016074687","","1","0","0","0","0","0","0","0","0","7","0","","02","7","2016","7","40.43531","-79.91899","","11","0","0","0","0","0","0","0","0","","0","0","0","","","0","","1","","40 26:07.116","","0","79 55:08.364","0","0","0","0","2301","0","0","0","N","0","0","0","1","02301","0","","5.0","","1","N","N","","0","","0","0","0","","0","","","1","0","0","0","0","0","0","2","0","1","","","","N","","","","","","","","","",""
"2016072796","","2","0","0","0","0","0","0","0","0","6","0","","02","7","2016","3","40.453367","-79.979186","","11","0","0","0","0","0","1","0","0","","0","0","0","","","0","","1","","40 27:12.121","","0","79 58:45.069","0","0","0","0","2301","0","0","0","N","0","0","0","2","02301","0","","1.0","","1","N","N","","0","","0","0","0","","2","","","2","0","0","0","0","0","0","2","0","2","","","","N","","","","","","","","","",""
"2016074689","","1","0","0","0","0","0","0","0","0","1","0","","02","7","2016","7","40.4289","-79.932028","","11","0","0","0","0","0","1","0","0","","0","0","0","","","1","","6","","40 25:44.039","","2","79 55:55.300","4","0","0","0","2301","0","0","0","N","0","0","0","3","02301","1","","1.0","","1","N","N","","0","","0","0","1","","3","","","2","1","0","0","0","0","0","2","0","2","","","","N","","","","","","","","","",""
"2016094381","","2","0","0","0","0","0","0","0","0","1","0","","02","9","2016","1","40.412912","-80.030587","","11","0","0","0","0","0","0","0","0","","0","0","0","","","0","","0","","40 24:46.483","","0","80 01:50.114","0","0","0","0","2301","0","0","0","N","0","0","0","8","02301","0","","1.0","","1","N","N","","0","","0","0","0","","0","","","3","0","0","0","0","0","0","2","1","3","","","","N","","","","","","","","","",""
"2016091780","","2","0","0","0","0","0","0","0","0","1","0","","02","9","2016","4","","","","11","0","0","0","0","0","0","0","0","","0","0","0","","","0","","0","","","","0","","0","0","0","0","2301","0","0","0","N","0","0","0","2","02301","0","","1.0","","1","N","N","","0","","0","0","0","","0","","","2","0","0","0","0","0","0","1","0","2","","","","N","","","","","","","","","",""
"2016075649","","1","0","0","0","0","0","0","0","0","1","0","","02","7","2016","4","40.43289","-79.799462","","11","0","0","0","0","0","2","1","0","1","0","0","0","","","0","","0","","40 25:58.403","4","0","79 47:58.063","0","0","0","0","2446","0","0","0","N","0","0","0","4","02446","0","","1.0","","1","N","N","","0","","0","0","1","","0","N","","3","0","0","0","0","0","0","2","1","3","","","","N","","","","","","","","","",""
"2016073530","","0","0","0","0","0","0","0","0","0","5","0","","02","7","2016","5","40.437418","-79.981326","","11","0","0","0","0","0","0","0","0","1","0","0","0","","","0","","0","","40 26:14.704","3","0","79 58:52.773","0","0","0","0","2301","0","0","0","N","0","0","0","2","02301","0","","1.0","","1","N","N","","0","","0","0","0","","0","N","","2","0","0","0","0","0","0","2","2","2","","","","N","","","","","","","","","",""
"2016072719","","1","0","0","0","0","0","0","0","0","7","0","","02","7","2016","3","40.460918","-80.073271","","11","0","0","0","0","0","1","0","0","2","0","0","0","","","1","","10","","40 27:39.304","7","0","80 04:23.775","3","0","0","0","2301","0","0","0","N","0","0","0","1","02301","0","","2.0","","1","N","N","","0","","1","0","0","","0","Y","","1","1","0","0","0","0","0","2","0","1","","","","N","","","","","","","","","",""
"2016073688","","1","0","0","0","0","0","0","0","0","1","0","","02","7","2016","5","40.575838","-79.975655","","11","0","1","0","0","0","0","0","0","","0","0","0","","","0","","0","","40 34:33.018","","0","79 58:32.359","0","0","0","0","2207","0","0","0","N","0","0","0","4","02207","0","","1.0","","1","N","N","","1","","0","0","0","","0","","","2","0","0","0","0","0","0","2","0","2","","","","N","","","","","","","","","",""
"2016073765","","0","0","0","0","0","0","0","0","0","1","1","","02","7","2016","5","40.296989","-79.919601","","11","0","0","0","0","0","0","0","0","1","0","1","0","","","1","","2","","40 17:49.162","2","0","79 55:10.562","4","0","0","0","2440","0","0","0","N","0","0","0","4","02440","1","","1.0","","1","N","N","","0","","0","0","2","","2","N","","3","1","0","0","0","0","0","2","0","3","","","","N","","","","","","","","","",""
"2016091495","","1","0","0","0","0","0","0","0","0","4","0","","02","9","2016","3","40.551939","-80.18782","","11","0","0","1","0","0","0","1","0","1","0","0","0","","","0","","1","","40 33:06.980","6","0","80 11:16.152","0","0","0","0","2427","0","0","0","N","0","0","0","2","02427","0","","1.0","","1","N","N","","0","","0","0","1","","3","Y","","2","0","0","0","0","0","0","2","0","2","","","","N","","","","","","","","","",""
"2016092962","","1","0","0","0","0","0","0","0","0","1","0","","02","9","2016","1","40.422871","-79.960749","","11","0","0","0","0","0","0","0","0","2","0","0","0","","","0","","0","","40 25:22.335","3","7","79 57:38.697","0","0","0","0","2301","0","0","0","N","0","0","0","2","02301","0","","1.0","","1","N","N","","0","","0","0","1","","2","N","","2","0","0","0","0","0","0","2","0","2","","","","N","","","","","","","","","",""
"2016106974","","2","0","0","0","0","0","0","0","0","1","0","","02","10","2016","7","40.359732","-79.905625","","11","0","0","0","0","0","0","0","0","1","0","0","0","","","1","","0","","40 21:35.034","4","0","79 54:20.251","3","0","0","0","2473","0","0","0","N","0","0","0","1","02473","0","","2.0","","1","N","N","","0","","1","0","0","","0","N","","2","1","1","0","0","0","0","2","0","2","","","","N","","","","","","","","","",""
"2016074434","","1","0","0","0","0","0","0","0","0","7","0","","02","7","2016","1","40.460968","-79.868874","","11","0","0","0","0","0","0","0","0","","0","0","0","","","0","","0","","40 27:39.483","","0","79 52:07.945","0","0","0","0","2113","0","0","0","N","0","0","0","1","02113","0","","4.0","","1","N","N","","0","","0","0","0","","0","","","1","0","0","0","0","0","0","2","0","1","","","","N","","","","","","","","","",""
"2016073689","","1","0","0","0","0","0","0","0","0","1","0","","02","7","2016","5","40.421821","-80.004246","","11","0","0","0","0","0","0","0","0","1","0","0","0","","","0","","0","","40 25:18.554","1","4","80 00:15.285","0","0","0","0","2301","0","0","0","N","0","0","0","2","02301","0","","1.0","","1","N","N","","1","","0","0","1","","0","Y","","3","0","0","0","0","0","0","2","0","3","","","","N","","","","","","","","","",""
"2016072956","","2","0","0","0","0","0","0","0","0","7","0","","02","7","2016","1","40.411388","-80.075568","","11","0","0","0","0","0","0","0","1","1","0","0","0","","","0","","0","","40 24:40.996","3","0","80 04:32.046","0","0","0","0","2117","0","0","0","","0","0","0","2","68B03","0","","3.0","","1","N","N","","0","","0","0","0","","0","N","","2","0","0","0","0","0","0","2","0","2","","","","N","","","","","","","","","",""
"2016073767","","2","0","0","0","0","0","0","0","0","1","0","","02","7","2016","5","40.358929","-79.908297","","11","0","0","0","0","0","0","0","1","1","0","0","0","","","1","","3","","40 21:32.146","4","0","79 54:29.870","3","0","0","0","2473","0","0","0","N","0","0","0","2","02473","0","","1.0","","1","N","N","","0","","1","0","0","","2","N","","2","1","0","0","0","0","0","2","0","2","","","","N","","","","","","","","","",""
"2016075655","","1","0","0","0","0","0","1","0","0","4","1","","02","7","2016","4","40.469669","-79.921032","","11","0","0","0","0","0","2","0","0","","0","0","0","","","1","","2","","40 28:10.808","","0","79 55:15.715","8","0","0","0","2301","0","0","0","N","0","0","0","3","02503","0","","1.0","","1","N","N","","0","","0","0","0","","2","","","2","1","2","0","0","1","0","2","0","2","","","","N","","","","","","","","","",""
"2016073536","","0","0","0","0","0","0","0","0","0","7","0","","02","7","2016","1","40.294939","-79.840469","","11","0","0","0","0","0","0","0","0","","0","0","0","","","1","","0","","40 17:41.780","","0","79 50:25.690","2","0","0","0","2443","0","0","0","N","0","0","0","1","02443","0","","5.0","","1","N","N","","0","","0","1","0","","0","","","1","1","0","0","0","0","0","1","0","1","","","","N","","","","","","","","","",""
"2016074532","","1","0","0","0","0","0","0","0","0","1","0","","02","7","2016","7","40.387984","-80.042586","","11","0","0","0","1","0","0","1","0","","0","0","0","","","0","","0","","40 23:16.744","","0","80 02:33.310","0","0","0","0","2109","0","0","0","","0","0","0","2","02109","0","","1.0","","1","N","N","","0","","0","0","1","","0","","","2","0","0","0","0","0","0","2","0","2","","","","N","","","","","","","","","",""
"2016075487","","0","0","0","0","0","0","0","0","0","7","0","","02","7","2016","4","40.395728","-79.894868","","11","0","0","0","0","0","0","0","0","1","0","0","0","","","0","","0","","40 23:44.620","5","0","79 53:41.524","9","0","0","0","2448","0","0","0","N","0","0","0","1","02448","0","","4.0","","1","N","N","","0","","0","0","1","","0","N","","1","0","0","0","0","0","1","2","0","1","","","","N","","","","","","","","","",""
"2016075656","","3","0","0","0","0","0","0","0","0","2","0","","02","7","2016","3","40.423446","-80.066765","","11","1","0","0","0","0","1","0","0","1","0","0","0","","","1","","2","","40 25:24.407","6","0","80 04:00.354","8","0","0","0","2301","0","0","0","N","0","0","0","3","02301","0","","1.0","","1","N","N","","0","","0","0","0","","3","N","","3","1","0","0","0","1","0","2","0","3","","","","N","","","","","","","","","",""
"2016091080","","2","0","0","0","0","0","0","0","0","4","0","","02","9","2016","3","40.438004","-79.98265","","11","0","0","0","0","0","0","1","0","","0","0","0","","","0","","1","","40 26:16.814","","0","79 58:57.540","0","0","0","0","2301","0","0","0","N","0","0","0","3","02301","0","","1.0","","1","N","N","","0","","0","0","0","","3","","","2","0","0","0","0","0","0","2","0","2","","","","N","","","","","","","","","",""
"2016093966","","2","0","0","0","0","0","0","0","0","6","0","","02","9","2016","1","40.535667","-79.990778","","11","0","0","0","0","0","0","0","1","","0","0","0","","","1","","0","","40 32:08.400","","0","79 59:26.800","8","0","0","0","2116","0","0","0","N","0","0","0","2","02116","0","","1.0","","1","N","N","","0","","0","0","0","","0","","","2","1","0","0","0","1","0","2","0","2","","","","N","","","","","","","","","",""
"2016072806","","1","0","0","0","0","0","0","0","0","0","0","","02","7","2016","3","40.449706","-80.025099","","11","0","0","0","0","0","0","0","1","","0","0","0","","","0","","1","","40 26:58.940","","8","80 01:30.356","0","0","0","0","2301","0","0","0","N","0","0","0","2","02301","0","","1.0","","1","N","N","","0","","0","0","0","","2","","","1","0","0","0","0","0","0","2","0","1","","","","N","","","","","","","","","",""
"2016072824","","1","0","0","0","0","0","0","0","0","4","0","","02","7","2016","2","40.345134","-80.027362","","11","0","0","1","0","0","0","0","1","","0","0","0","","","0","","1","","40 20:42.483","","0","80 01:38.503","0","0","0","0","2407","0","0","0","","0","0","0","2","02407","0","","1.0","","1","N","N","","1","","0","0","0","","2","","","2","0","0","0","0","0","0","2","0","2","","","","N","","","","","","","","","",""
"2016073770","","3","0","0","0","0","0","0","0","0","4","0","","02","7","2016","5","","","","11","0","0","0","0","1","0","0","0","3","0","0","0","","","1","","1","","40 26:49.7","4","0","79 53:42.6","3","0","0","0","2301","0","0","0","N","0","0","0","3","02301","0","","1.0","","1","N","N","","0","","1","0","0","","2","Y","","3","1","0","0","0","0","0","2","0","3","","","","N","","","","","","","","","",""
"2016103449","","1","0","0","0","0","0","0","0","0","7","0","","02","10","2016","7","40.447776","-79.849374","","11","0","0","0","0","0","0","0","0","","0","0","0","","","0","","2","","40 26:51.992","","0","79 50:57.747","0","0","0","0","2419","0","0","0","Y","0","0","0","1","02419","0","","5.0","","9","N","N","","0","","0","0","0","","0","","","1","0","0","0","0","0","0","2","0","1","","","","N","","","","","","","","","",""
"2016073539","","2","0","0","0","0","0","0","0","0","1","0","","02","7","2016","4","40.351819","-79.97735","","11","0","0","0","0","0","2","0","0","","0","0","0","","","1","","0","","40 21:06.550","","0","79 58:38.461","8","0","0","0","2476","0","0","0","N","0","0","0","5","02403","0","","1.0","","1","N","N","","0","","0","0","1","","2","","","3","1","0","0","0","1","0","2","0","3","","","","N","","","","","","","","","",""
"2016072731","","1","0","0","0","0","0","0","0","0","4","0","","02","7","2016","3","40.440939","-80.034758","","11","0","0","1","0","0","0","0","0","","0","0","0","","","1","","1","","40 26:27.381","","0","80 02:05.127","8","0","0","0","2301","0","0","0","N","0","0","0","2","02301","0","","1.0","","1","N","N","","1","","0","0","0","","2","","","2","1","1","0","0","1","0","2","0","2","","","","N","","","","","","","","","",""
"2016074703","","1","0","0","0","0","0","0","0","0","7","0","","02","7","2016","1","40.649919","-79.895703","","11","0","0","0","0","0","1","0","0","2","0","0","0","","","0","","0","","40 38:59.708","1","0","79 53:44.530","0","0","0","0","2220","0","0","0","N","0","0","0","1","02220","0","","4.0","","3","N","N","","0","","0","0","0","","0","Y","","1","0","0","0","0","0","0","1","0","1","","","","N","","","","","","","","","",""
"2016073630","","2","0","0","0","0","0","0","0","0","1","0","","02","7","2016","5","40.472587","-80.015525","","11","0","0","0","0","0","1","0","0","1","0","0","0","","","0","","1","","40 28:21.313","1","0","80 00:55.889","0","0","0","0","2301","0","0","0","N","0","0","0","2","02301","0","","1.0","","1","N","N","","0","","0","0","0","","0","N","","2","0","0","0","0","0","0","2","0","2","","","","N","","","","","","","","","",""
"2016091477","","1","0","0","0","0","0","0","0","0","1","0","25","02","9","2016","3","40.358319","-79.831775","","11","0","0","0","0","0","1","0","0","","0","0","0","","","1","","2","","40 21:29.949","","0","79 49:54.391","4","0","0","0","2304","0","0","0","N","0","0","0","3","02304","1","","1.0","","1","N","N","","1","","0","0","0","","0","","","3","1","0","0","0","0","0","2","1","3","","","Y","Y","4","2","","","N","Y","","Y","",""
"2016075506","","0","0","0","0","0","0","0","0","0","1","1","","02","5","2016","6","40.592364","-80.096666","","11","0","0","0","0","0","1","0","0","4","0","1","0","","","1","","0","","40 35:32.509","5","0","80 05:47.998","2","0","0","0","2481","0","0","0","","0","0","0","2","68B03","0","","1.0","","1","N","N","","0","","0","1","1","","0","Y","","2","1","1","0","1","0","0","2","0","2","","","","N","","","","","","","","","",""
"2016073775","","1","0","0","0","0","0","0","0","0","7","0","","02","7","2016","5","40.409725","-79.856272","","11","0","0","0","0","1","0","0","0","","0","0","0","","","0","","0","","40 24:35.010","","0","79 51:22.579","0","0","0","0","2411","0","0","0","N","0","0","0","1","02411","0","","4.0","","1","N","N","","0","","0","0","0","","0","","","1","0","0","0","0","0","0","2","0","1","","","","N","","","","","","","","","",""
"2016074720","","2","0","0","0","0","0","0","0","0","4","0","","02","7","2016","6","40.386963","-79.799662","","11","0","0","0","0","0","0","1","0","","0","0","0","","","0","","0","","40 23:13.066","","7","79 47:58.783","0","0","0","0","2424","0","0","0","N","0","0","0","2","02424","0","","1.0","","1","N","N","","0","","0","0","0","","0","","","2","0","2","0","0","0","0","2","0","2","","","","N","","","","","","","","","",""
"2016110881","","0","0","0","0","0","0","0","0","0","1","0","","02","10","2016","4","40.448741","-80.006243","","11","0","0","0","0","0","1","0","0","","0","0","0","","","1","","0","","40 26:55.468","","0","80 00:22.473","8","0","0","0","2301","0","0","0","","0","0","0","3","68B03","0","","1.0","","1","N","N","","0","","0","0","2","","0","","","2","1","0","0","0","1","0","2","0","2","","","","N","","","","","","","","","",""
"2016075495","","1","0","0","0","0","0","0","0","0","7","0","","02","7","2016","4","40.333955","-79.848541","","11","0","0","0","0","0","1","0","0","5","0","0","0","","","0","","1","","40 20:02.239","7","0","79 50:54.747","0","0","0","0","2304","0","0","0","N","0","0","0","1","02304","0","","5.0","","1","N","N","","0","","0","0","0","","2","Y","","1","0","0","0","0","0","0","2","0","1","","","","N","","","","","","","","","",""
"2016075582","","1","0","0","0","0","0","0","0","0","7","0","","02","7","2016","4","40.384998","-79.862954","","11","0","0","0","0","0","0","0","0","3","0","0","0","","","0","","0","","40 23:05.994","2","0","79 51:46.634","9","0","0","0","2473","0","0","0","N","0","0","0","1","02473","0","","4.0","","1","N","N","","0","","0","0","0","","0","Y","","1","0","0","0","0","0","1","2","0","1","","","","N","","","","","","","","","",""
"2016073792","","0","0","0","0","0","0","0","0","0","7","0","","02","7","2016","5","40.378111","-79.910361","","11","0","0","0","0","0","0","0","0","3","1","0","0","","","0","","0","","40 22:41.200","7","0","79 54:37.300","1","0","0","0","2301","0","0","0","N","0","0","0","1","02301","0","2","2.0","","1","N","N","","0","0","0","0","1","","0","Y","","1","0","1","1","0","0","0","2","0","1","","","","N","","","","","","","","","",""
"2016124995","","0","0","0","0","0","0","0","0","0","7","0","","02","11","2016","6","40.528764","-80.240897","","11","0","0","1","0","0","0","0","0","","0","0","0","","","0","","2","","40 31:43.549","","0","80 14:27.229","0","0","0","0","2213","0","0","0","","0","0","0","1","02213","0","","4.0","","9","N","N","","0","","0","0","1","","0","","","1","0","0","0","0","0","0","2","0","1","","","","N","","","","","","","","","",""
"2016074448","","1","0","0","0","0","0","0","0","0","1","0","","02","7","2016","6","40.527707","-79.848048","","11","0","0","0","0","0","1","0","0","1","0","0","0","","","0","","0","","40 31:39.745","4","3","79 50:52.971","0","0","0","0","2208","0","0","0","N","0","0","0","2","02208","0","","1.0","","1","N","N","","0","","0","0","1","","0","N","","2","0","0","0","0","0","0","2","0","2","","","","N","","","","","","","","","",""
"2016072735","","2","0","0","0","0","0","0","0","0","1","0","","02","7","2016","2","40.554231","-80.038519","","11","0","0","0","0","0","1","1","0","1","0","0","0","","","4","","2","","40 33:15.231","2","7","80 02:18.669","8","0","0","0","2108","0","0","0","","0","0","0","4","02108","0","","1.0","","1","N","N","","0","","0","0","0","","0","N","","2","4","0","0","0","4","0","2","0","2","","","","N","","","","","","","","","",""
"2016075664","","1","0","0","0","0","0","0","0","0","1","0","","02","7","2016","6","40.338189","-79.952944","","11","0","0","0","0","0","0","0","0","","0","0","0","","","0","","0","","40 20:17.482","","0","79 57:10.599","0","0","0","0","2454","0","0","0","N","0","0","0","4","02454","0","","1.0","","1","N","N","","0","","0","0","1","","0","","","2","0","0","0","0","0","0","2","0","2","","","","N","","","","","","","","","",""
"2016073545","","1","0","0","0","0","0","0","0","0","7","0","","02","7","2016","5","40.317311","-79.919658","","11","0","0","0","0","0","0","0","0","","0","0","0","","","0","","0","","40 19:02.321","","0","79 55:10.769","0","0","0","0","2440","0","0","0","N","0","0","0","1","02440","0","","5.0","","1","N","N","","0","","0","0","0","","0","","","1","0","0","0","0","0","0","2","0","1","","","","N","","","","","","","","","",""
"2016075585","","0","0","0","0","0","0","0","0","0","1","0","","02","7","2016","4","40.584432","-79.95072","","11","0","0","0","0","0","0","0","0","2","0","0","0","","","1","","2","","40 35:03.954","5","0","79 57:02.591","8","0","0","0","2207","0","0","0","N","0","0","0","2","02207","0","","1.0","","1","N","N","","0","","0","0","1","","2","Y","","2","1","0","0","0","1","0","2","1","2","","","","N","","","","","","","","","",""
"2016073796","","1","0","0","0","0","0","0","0","0","4","0","","02","7","2016","5","40.39182","-80.016755","","11","0","0","0","1","0","0","0","1","","0","0","0","","","1","","1","","40 23:30.552","","0","80 01:00.318","8","0","0","1","2301","0","0","0","N","0","0","0","3","02301","0","","1.0","","1","N","N","","0","","0","0","0","","2","","","2","1","0","0","0","1","0","2","0","2","","","","N","","","","","","","","","",""
"2016074628","","0","0","0","0","0","0","0","0","0","99","0","","02","7","2016","2","40.444299","-79.853346","","11","0","0","0","0","0","0","0","0","","0","0","0","","","0","","0","","40 26:39.477","","0","79 51:12.046","0","0","0","0","2419","0","0","0","","0","0","0","1","68B03","0","","1.0","","1","N","N","","0","","0","0","1","","0","","","1","0","0","0","0","0","0","2","0","1","","","","N","","","","","","","","","",""
"2016073548","","1","0","0","0","0","0","0","0","0","4","0","","02","7","2016","5","40.420244","-79.888765","","11","0","0","0","0","0","1","0","0","2","0","0","0","","","1","","0","","40 25:12.878","7","0","79 53:19.554","4","0","0","0","2463","0","0","0","N","0","0","0","2","02463","1","","1.0","","1","N","N","","0","","0","0","0","","0","Y","","2","1","0","0","0","0","0","2","1","2","","","","N","","","","","","","","","",""
"2016073641","","2","0","1","0","0","0","0","0","0","1","0","","02","7","2016","5","40.526914","-79.845895","","11","0","0","0","0","0","3","1","0","2","0","0","0","","","3","","0","","40 31:36.892","6","3","79 50:45.222","2","0","0","0","2451","0","0","0","N","0","0","0","10","02451","2","","1.0","","1","N","N","","1","","0","1","1","","0","N","","5","3","0","0","0","0","0","2","1","5","","","","N","","","","","","","","","",""
"2016091360","","1","0","0","0","0","0","0","0","0","4","0","","02","9","2016","3","40.459436","-79.844022","","11","0","0","0","0","0","1","0","0","2","0","0","0","","","1","","1","","40 27:33.969","4","0","79 50:38.479","3","0","0","0","2113","0","0","0","N","0","0","0","3","02113","0","","1.0","","1","N","N","","0","","1","0","0","","0","N","","2","1","0","0","0","0","0","2","1","2","","","","N","","","","","","","","","",""
"2016094362","","1","0","0","0","0","0","0","0","0","7","0","","02","9","2016","1","40.539744","-80.089467","","11","0","0","0","0","0","0","0","0","","0","0","0","","","1","","13","","40 32:23.077","","0","80 05:22.082","3","0","0","0","2215","0","0","0","N","0","0","0","1","02215","0","","5.0","","1","N","N","","0","","1","0","0","","0","","","1","1","0","0","0","0","0","2","0","1","","","","N","","","","","","","","","",""
"2016073800","","2","0","0","0","0","0","0","0","0","4","0","","02","7","2016","5","40.474264","-79.908206","","11","0","0","0","0","0","1","0","0","","0","0","0","","","1","","1","","40 28:27.350","","0","79 54:29.543","3","0","0","0","2301","0","0","0","N","0","0","0","2","02301","0","","1.0","","1","N","N","","0","","1","0","0","","2","","","2","1","1","0","0","0","0","2","0","2","","","","N","","","","","","","","","",""
"2016073803","","1","0","0","0","0","0","0","0","0","1","0","","02","7","2016","5","40.474346","-80.005451","","11","0","0","0","0","0","0","0","0","1","0","0","0","","","1","","0","","40 28:27.647","1","2","80 00:19.625","8","0","0","0","2301","0","0","0","N","0","0","0","3","02301","0","","7.0","","1","N","N","","0","","0","0","1","","0","Y","","2","1","0","0","0","1","0","2","0","2","","","","N","","","","","","","","","",""
"2016091342","","0","0","0","0","0","0","0","0","0","7","0","","02","9","2016","3","40.384698","-79.933022","","11","0","0","0","0","0","0","0","0","","0","0","0","","","1","","0","","40 23:04.911","","3","79 55:58.879","8","0","0","0","2301","0","0","0","N","0","0","0","1","02301","0","","2.0","","9","N","N","","0","","0","0","1","","0","","","1","1","0","0","0","1","0","2","0","1","","","","N","","","","","","","","","",""
"2016110803","","2","0","0","0","0","0","0","0","0","2","0","","02","10","2016","3","40.425433","-79.964543","","11","0","0","1","0","0","1","0","0","","0","0","0","","","0","","1","","40 25:31.558","","0","79 57:52.354","0","0","0","0","2301","0","0","0","N","0","0","0","4","02301","0","","1.0","","1","N","N","","0","","0","0","0","","2","","","2","0","0","0","0","0","0","2","0","2","","","","N","","","","","","","","","",""
"2016125861","","1","0","0","0","0","0","0","0","0","99","0","","02","11","2016","3","40.277629","-79.948638","","11","0","0","0","0","0","0","1","0","","0","0","0","","","0","","0","","40 16:39.464","","0","79 56:55.097","0","0","0","0","2440","0","0","0","","0","0","0","1","68T09","0","","1.0","","9","N","N","","0","","0","0","0","","0","","","1","0","0","0","0","0","0","2","0","1","","","","N","","","","","","","","","",""
"2016106920","","2","0","0","0","0","0","0","0","0","4","0","","02","10","2016","1","40.412944","-79.908528","","11","0","0","0","0","0","0","1","0","1","0","0","0","","","1","","0","","40 24:46.600","6","7","79 54:30.700","8","0","0","0","2438","0","0","0","N","0","0","0","3","02438","0","","1.0","","1","N","N","","0","","0","0","0","","3","Y","","2","1","0","0","0","1","2","2","0","2","","","","N","","","","","","","","","",""
"2016073556","","0","0","0","0","0","0","0","0","0","1","0","","02","7","2016","5","40.414817","-80.009296","","11","0","0","0","0","0","1","1","0","1","0","0","0","","","2","","0","","40 24:53.342","2","4","80 00:33.466","8","0","0","0","2301","0","0","0","N","0","0","0","3","02301","0","","1.0","","1","N","N","","1","","0","0","1","","0","N","","3","2","0","0","0","2","0","2","1","3","","","","N","","","","","","","","","",""