"CRN","ARRIVAL_TM","AUTOMOBILE_COUNT","BELTED_DEATH_COUNT","BELTED_SUSP_SERIOUS_INJ_COUNT","BICYCLE_COUNT","BICYCLE_DEATH_COUNT","BICYCLE_SUSP_SERIOUS_INJ_COUNT","BUS_COUNT","CHLDPAS_DEATH_COUNT","CHLDPAS_SUSP_SERIOUS_INJ_COUNT","COLLISION_TYPE","COMM_VEH_COUNT","CONS_ZONE_SPD_LIM","COUNTY","CRASH_MONTH","CRASH_YEAR","DAY_OF_WEEK","DEC_LATITUDE","DEC_LONGITUDE","DISPATCH_TM","DISTRICT","DRIVER_COUNT_16YR","DRIVER_COUNT_17YR","DRIVER_COUNT_18YR","DRIVER_COUNT_19YR","DRIVER_COUNT_20YR","DRIVER_COUNT_50_64YR","DRIVER_COUNT_65_74YR","DRIVER_COUNT_75PLUS","EST_HRS_CLOSED","FATAL_COUNT","HEAVY_TRUCK_COUNT","HORSE_BUGGY_COUNT","HOUR_OF_DAY","ILLUMINATION","INJURY_COUNT","INTERSECTION_RELATED","INTERSECT_TYPE","LANE_CLOSED","LATITUDE","LN_CLOSE_DIR","LOCATION_TYPE","LONGITUDE","MAX_SEVERITY_LEVEL","MCYCLE_DEATH_COUNT","MCYCLE_SUSP_SERIOUS_INJ_COUNT","MOTORCYCLE_COUNT","MUNICIPALITY","NONMOTR_COUNT","NONMOTR_DEATH_COUNT","NONMOTR_SUSP_SERIOUS_INJ_COUNT","NTFY_HIWY_MAINT","PED_COUNT","PED_DEATH_COUNT","PED_SUSP_SERIOUS_INJ_COUNT","PERSON_COUNT","POLICE_AGCY","POSSIBLE_INJ_COUNT","RDWY_SURF_TYPE_CD","RELATION_TO_ROAD","ROADWAY_CLEARED","ROAD_CONDITION","SCH_BUS_IND","SCH_ZONE_IND","SECONDARY_CRASH","SMALL_TRUCK_COUNT","SPEC_JURIS_CD","SUSP_MINOR_INJ_COUNT","SUSP_SERIOUS_INJ_COUNT","SUV_COUNT","TCD_FUNC_CD","TCD_TYPE","TFC_DETOUR_IND","TIME_OF_DAY","TOTAL_UNITS","TOT_INJ_COUNT","UNBELTED_OCC_COUNT","UNB_DEATH_COUNT","UNB_SUSP_SERIOUS_INJ_COUNT","UNK_INJ_DEG_COUNT","UNK_INJ_PER_COUNT","URBAN_RURAL","VAN_COUNT","VEHICLE_COUNT","WEATHER1","WEATHER2","WORKERS_PRES","WORK_ZONE_IND","WORK_ZONE_LOC","WORK_ZONE_TYPE","WZ_CLOSE_DETOUR","WZ_FLAGGER","WZ_LAW_OFFCR_IND","WZ_LN_CLOSURE","WZ_MOVING","WZ_OTHER","WZ_SHLDER_MDN","WZ_WORKERS_INJ_KILLED"
"2016073647","","2","0","0","0","0","0","0","0","0","5","0","","02","7","2016","5","40.385922","-79.989158","","11","0","0","0","0","0","0","0","0","","0","0","0","","","0","","10","","40 23:09.319","","0","79 59:20.968","0","0","0","0","2301","0","0","0","N","0","0","0","1","02301","0","","1.0","","1","N","N","","0","","0","0","0","","0","","","2","0","0","0","0","0","0","2","0","2","","","","N","","","","","","","","","",""
"2016073791","","2","0","0","0","0","0","0","0","0","5","0","","02","7","2016","5","40.411014","-80.005933","","11","0","0","0","0","0","1","0","0","1","0","0","0","","","0","","1","","40 24:39.651","1","0","80 00:21.360","0","0","0","0","2301","0","0","0","N","0","0","0","2","02301","0","","1.0","","1","N","N","","0","","0","0","0","","2","N","","2","0","0","0","0","0","0","2","0","2","","","","N","","","","","","","","","",""
"2016107445","","0","0","0","1","0","0","0","0","0","8","0","","02","10","2016","2","40.529578","-79.96571","","11","0","0","0","0","0","1","0","0","1","0","0","0","","","1","","5","","40 31:46.481","4","0","79 57:56.555","8","0","0","0","2118","1","0","0","N","0","0","0","2","02118","0","","1.0","","9","N","N","","1","","0","0","0","","3","N","","2","1","0","0","0","1","0","2","0","1","","05","","N","","","","","","","","","",""
"2016075438","","2","0","0","0","0","0","0","0","0","4","0","","02","7","2016","6","40.443936","-79.713568","","11","0","0","0","0","0","0","0","1","1","0","0","0","","","1","","0","","40 26:38.169","3","0","79 42:48.843","8","0","0","0","2446","0","0","0","N","0","0","0","3","02446","0","","1.0","","1","N","N","","0","","0","0","0","","0","N","","2","1","0","0","0","1","0","2","0","2","","","","N","","","","","","","","","",""
"2016074651","","1","0","0","0","0","0","0","0","0","7","0","","02","7","2016","7","40.441147","-79.745525","","11","0","0","0","0","0","0","1","0","","0","0","0","","","2","","1","","40 26:28.129","","0","79 44:43.890","8","0","0","0","2446","0","0","0","N","0","0","0","2","02446","0","","5.0","","1","N","N","","0","","0","0","0","","3","","","1","2","0","0","0","2","0","2","0","1","","","","N","","","","","","","","","",""
"2016075620","","0","0","0","0","0","0","0","0","0","7","0","","02","7","2016","2","40.362705","-79.826079","","11","0","0","0","0","0","0","0","0","1","0","0","0","","","0","","0","","40 21:45.738","4","0","79 49:33.884","0","0","0","0","2111","0","0","0","Y","0","0","0","1","02111","0","","2.0","","9","N","N","","1","","0","0","0","","0","N","","1","0","1","0","0","0","0","2","0","1","","","","N","","","","","","","","","",""
"2016074652","","1","0","0","0","0","0","0","0","0","7","0","","02","7","2016","1","40.435139","-80.050523","","11","0","0","0","0","0","0","0","1","","0","0","0","","","0","","3","","40 26:06.499","","0","80 03:01.881","0","0","0","0","2301","0","0","0","N","0","0","0","1","02301","0","","4.0","","9","N","N","","0","","0","0","0","","0","","","1","0","0","0","0","0","0","2","0","1","","","","N","","","","","","","","","",""
"2016111741","","0","0","0","0","0","0","0","0","0","1","0","","02","10","2016","5","40.414163","-80.009994","","11","0","0","0","1","0","0","0","0","","0","0","0","","","0","","1","","40 24:50.986","","4","80 00:35.977","0","0","0","0","2301","0","0","0","N","0","0","0","7","02301","0","","1.0","","1","N","N","","0","","0","0","1","","2","","","2","0","0","0","0","0","0","2","1","2","","","","N","","","","","","","","","",""
"2016075604","","1","0","0","0","0","0","0","0","0","7","0","","02","7","2016","6","40.426144","-79.758419","","11","0","0","0","0","0","0","1","0","2","0","0","0","","","1","","0","","40 25:34.118","4","0","79 45:30.308","8","0","0","0","2446","0","0","0","N","0","0","0","1","02446","0","","2.0","","9","N","N","","0","","0","0","0","","0","Y","","1","1","0","0","0","1","0","2","0","1","","","","N","","","","","","","","","",""
"2016073814","","2","0","0","0","0","0","0","0","0","7","0","","02","7","2016","2","40.438046","-79.919908","","11","0","0","0","0","0","0","0","0","","0","0","0","","","0","","0","","40 26:16.967","","0","79 55:11.669","0","0","0","0","2301","0","0","0","N","0","0","0","1","02301","0","","5.0","","1","N","N","","0","","0","0","0","","0","","","2","0","0","0","0","0","0","2","0","2","","","","N","","","","","","","","","",""
"2016106483","","1","0","0","0","0","0","0","0","0","1","0","","02","10","2016","3","40.368632","-80.102382","","11","0","0","0","0","0","0","0","0","2","0","0","0","","","0","","0","","40 22:07.074","3","7","80 06:08.576","0","0","0","0","2102","0","0","0","N","0","0","0","2","02102","0","","1.0","","1","N","N","","0","","0","0","1","","0","N","","2","0","0","0","0","0","0","2","0","2","","","","N","","","","","","","","","",""
"2016112333","","0","0","0","0","0","0","0","0","0","7","0","","02","10","2016","6","40.500567","-80.124483","","11","0","0","0","0","0","0","0","0","","0","0","0","","","0","","0","","40 30:02.042","","0","80 07:28.139","0","0","0","0","2115","0","0","0","","0","0","0","1","68B03","0","","5.0","","1","N","N","","0","","0","0","1","","0","","","1","0","0","0","0","0","0","2","0","1","","","","N","","","","","","","","","",""
"2016092712","","0","0","0","0","0","0","0","0","0","2","0","","02","9","2016","6","40.375038","-80.095603","","11","0","0","0","0","0","0","0","0","2","0","0","0","","","2","","0","","40 22:30.136","1","0","80 05:44.170","8","0","0","0","2117","0","0","0","N","0","0","0","2","02117","0","","1.0","","9","N","N","","1","","0","0","1","","0","Y","","2","2","0","0","0","2","0","2","0","2","","","","N","","","","","","","","","",""
"2016091783","","2","0","0","0","0","0","0","0","0","1","0","","02","9","2016","4","40.357661","-79.844042","","11","0","0","0","0","0","0","0","0","","0","0","0","","","0","","0","","40 21:27.579","","3","79 50:38.551","0","0","0","0","2304","0","0","0","N","0","0","0","7","02304","0","","1.0","","1","N","N","","1","","0","0","0","","0","","","3","0","0","0","0","0","0","2","0","3","","","","N","","","","","","","","","",""
"2016092453","","0","0","0","0","0","0","0","0","0","0","0","","02","9","2016","5","40.459149","-79.874531","","11","0","0","0","0","0","0","0","0","","0","0","0","","","1","","2","","40 27:32.935","","0","79 52:28.311","3","0","0","1","2301","0","0","0","N","0","0","0","1","02301","0","","1.0","","1","N","N","","0","","1","0","0","","3","","","1","1","0","0","0","0","0","2","0","1","","","","N","","","","","","","","","",""
"2016118046","","0","0","0","0","0","0","0","0","0","7","0","","02","10","2016","5","40.506528","-79.858037","","11","0","0","0","0","0","0","0","0","","0","0","0","","","0","","0","","40 30:23.502","","0","79 51:28.932","0","0","0","0","2112","0","0","0","","0","0","0","1","68D02","0","","4.0","","1","N","N","","1","","0","0","0","","0","","","1","0","0","0","0","0","0","2","0","1","","","","N","","","","","","","","","",""
"2016130832","","0","0","0","0","0","0","0","0","0","1","0","","02","11","2016","7","40.411753","-80.068281","","11","0","0","0","0","0","1","0","0","","0","0","0","","","2","","0","","40 24:42.312","","0","80 04:05.812","3","0","0","0","2435","0","0","0","","0","0","0","7","68B03","0","","1.0","","1","N","N","","0","","2","0","2","","0","","","2","2","0","0","0","0","0","2","0","2","","","","N","","","","","","","","","",""
"2016131868","","0","0","0","0","0","0","0","0","0","7","0","","02","12","2016","2","40.423717","-80.030471","","11","0","0","0","0","0","0","0","0","1","0","0","0","","","0","","0","","40 25:25.381","3","0","80 01:49.696","0","0","0","0","2301","0","0","0","","0","0","0","1","68B03","0","","2.0","","2","N","N","","0","","0","0","1","","8","N","","1","0","0","0","0","0","0","2","0","1","","","","N","","","","","","","","","",""
"2016090842","","2","0","0","0","0","0","0","0","0","1","0","","02","9","2016","2","40.418129","-79.92614","","11","0","0","0","0","0","0","1","0","","0","0","0","","","1","","0","","40 25:05.264","","7","79 55:34.105","8","0","0","0","2301","0","0","0","N","0","0","0","3","02301","0","","1.0","","1","N","N","","0","","0","0","0","","2","","","2","1","0","0","0","1","0","2","0","2","","","","N","","","","","","","","","",""
"2016093920","","1","0","0","0","0","0","0","0","0","7","0","","02","9","2016","7","40.422762","-79.960589","","11","0","0","0","0","0","0","0","0","","0","0","0","","","0","","0","","40 25:21.942","","0","79 57:38.120","0","0","0","0","2301","0","0","0","N","0","0","0","1","02301","0","","5.0","","1","N","N","","0","","0","0","0","","0","","","1","0","1","0","0","0","0","2","0","1","","","","N","","","","","","","","","",""
"2016094581","","1","0","0","0","0","0","0","0","0","7","0","","02","9","2016","2","40.352693","-79.837939","","11","0","0","0","0","0","1","0","0","2","0","0","0","","","0","","0","","40 21:09.696","3","0","79 50:16.579","0","0","0","0","2304","0","0","0","N","0","0","0","1","02304","0","","5.0","","1","N","N","","0","","0","0","0","","0","N","","1","0","1","0","0","0","0","2","0","1","","","","N","","","","","","","","","",""
"2016131975","","2","0","0","0","0","0","0","0","0","2","0","","02","12","2016","4","40.437295","-79.975965","","11","0","0","0","0","0","0","0","0","","0","0","0","","","0","","1","","40 26:14.262","","0","79 58:33.474","0","0","0","0","2301","0","0","0","N","0","0","0","4","02301","0","","1.0","","6","N","N","","0","","0","0","0","","3","","","2","0","0","0","0","0","0","2","0","2","","","","N","","","","","","","","","",""
"2016111875","","1","0","0","0","0","0","0","0","0","99","0","","02","10","2016","4","40.430251","-79.881636","","11","0","0","0","0","0","0","0","0","","0","0","0","","","0","","0","","40 25:48.902","","0","79 52:53.889","0","0","0","0","2426","0","0","0","","0","0","0","1","68B03","0","","1.0","","1","N","N","","0","","0","0","0","","0","","","1","0","0","0","0","0","0","2","0","1","","","","N","","","","","","","","","",""
"2016091038","","1","0","0","0","0","0","0","0","0","1","0","","02","9","2016","3","40.285472","-80.014722","","11","0","2","0","0","0","0","0","0","","0","0","0","","","0","","3","","40 17:07.700","","0","80 00:53.000","0","0","0","0","2219","0","0","0","N","0","0","0","4","02219","0","","1.0","","1","N","N","","1","","0","0","0","","0","","","2","0","0","0","0","0","0","2","0","2","","","","N","","","","","","","","","",""
"2016092695","","0","0","0","0","0","0","0","0","0","7","0","","02","9","2016","6","40.428743","-79.986758","","11","0","0","0","0","0","0","0","0","","0","0","0","","","1","","0","","40 25:43.473","","0","79 59:12.328","2","0","1","1","2301","0","0","0","N","0","0","0","1","02301","0","","5.0","","1","N","N","","0","","0","1","0","","0","","","1","1","0","0","0","0","0","2","0","1","","","","N","","","","","","","","","",""
"2016111685","","1","0","0","0","0","0","0","0","0","1","0","","02","9","2016","6","40.423496","-80.030438","","11","0","0","0","0","0","0","0","0","1","0","0","0","","","0","","0","","40 25:24.584","3","0","80 01:49.577","9","0","0","0","2301","0","0","0","","0","0","0","2","68B03","0","","1.0","","1","N","N","","1","","0","0","0","","0","N","","2","0","0","0","0","0","1","2","0","2","","","","N","","","","","","","","","",""
"2016131382","","1","0","0","0","0","0","0","0","0","7","0","","02","12","2016","1","40.529667","-79.95256","","11","0","0","0","0","0","0","0","0","","0","0","0","","","0","","2","","40 31:46.801","","0","79 57:09.216","0","0","0","0","2118","0","0","0","Y","0","0","0","1","02118","0","","2.0","","2","N","N","","0","","0","0","0","","0","","","1","0","0","0","0","0","0","2","0","1","","","","N","","","","","","","","","",""
"2016124570","","0","0","0","0","0","0","0","0","0","7","0","","02","11","2016","1","40.458529","-80.188859","","11","0","0","0","0","0","0","0","0","","0","0","0","","","0","","0","","40 27:30.704","","2","80 11:19.891","0","0","0","0","2213","0","0","0","","0","0","0","2","68B03","0","","4.0","","1","N","N","","0","","0","0","1","","0","","","1","0","0","0","0","0","0","2","0","1","","","","N","","","","","","","","","",""
"2016111876","","0","0","0","0","0","0","0","0","0","99","0","","02","10","2016","5","40.472162","-80.222133","","11","0","0","0","0","0","0","0","0","","0","0","0","","","0","","0","","40 28:19.784","","0","80 13:19.679","0","0","0","0","2203","0","0","0","","0","0","0","1","68B03","0","","1.0","","1","N","N","","0","","0","0","1","","0","","","1","0","0","0","0","0","0","2","0","1","","","","N","","","","","","","","","",""
"2016118451","","3","0","0","0","0","0","0","0","0","1","0","","02","11","2016","7","40.440228","-80.017888","","11","0","0","0","0","0","1","0","0","1","0","0","0","","","0","","0","","40 26:24.820","4","0","80 01:04.396","0","0","0","0","2301","0","0","0","N","0","0","0","3","02301","0","","1.0","","1","N","N","","0","","0","0","0","","0","N","","3","0","0","0","0","0","0","2","0","3","","","","N","","","","","","","","","",""
"2016090583","","0","0","0","0","0","0","0","0","0","7","0","","02","9","2016","7","40.48174","-79.808042","","11","0","0","0","0","0","0","0","0","2","0","0","0","","","1","","0","","40 28:54.263","6","0","79 48:28.952","2","0","0","0","2113","0","0","0","N","0","0","0","1","02113","0","","5.0","","1","N","N","","1","","0","1","0","","0","Y","","1","1","1","0","1","0","0","2","0","1","","","","N","","","","","","","","","",""
"2016111877","","2","0","0","0","0","0","0","0","0","1","0","","02","10","2016","5","40.523185","-80.131068","","11","0","0","0","0","0","1","0","0","2","0","0","0","","","0","","0","","40 31:23.467","1","0","80 07:51.846","0","0","0","0","2434","0","0","0","","0","0","0","3","68B03","0","","1.0","","9","N","N","","0","","0","0","0","","0","N","","3","0","0","0","0","0","0","2","1","3","","","","N","","","","","","","","","",""
"2016090996","","1","0","0","0","0","0","0","0","0","6","0","","02","9","2016","3","40.47958","-80.006533","","11","0","0","0","0","0","0","0","0","","0","0","0","","","0","","0","","40 28:46.488","","0","80 00:23.518","9","0","0","0","2301","0","0","0","N","0","0","0","2","02301","0","","1.0","","1","N","N","","1","","0","0","0","","0","","","2","0","0","0","0","0","1","2","0","2","","","","N","","","","","","","","","",""
"2016105233","","0","0","0","0","0","0","0","0","0","7","0","","02","10","2016","4","40.466584","-80.034605","","11","0","0","0","0","0","1","0","0","","0","0","0","","","0","","0","","40 27:59.702","","0","80 02:04.577","0","0","0","0","2301","0","0","0","N","0","0","0","1","02301","0","","1.0","","1","N","N","","0","","0","0","1","","0","","","1","0","0","0","0","0","0","2","0","1","","","","N","","","","","","","","","",""
"2016092686","","2","0","0","0","0","0","0","0","0","1","0","","02","9","2016","6","40.331693","-79.996786","","11","0","0","0","1","0","0","0","0","2","0","0","0","","","0","","0","","40 19:54.094","6","0","79 59:48.428","0","0","0","0","2219","0","0","0","N","0","0","0","5","02219","0","","1.0","","1","N","N","","0","","0","0","0","","0","N","","2","0","0","0","0","0","0","2","0","2","","","","N","","","","","","","","","",""
"2016106658","","1","0","0","0","0","0","0","0","0","7","0","","02","10","2016","7","40.387056","-79.995607","","11","0","0","0","0","0","0","0","0","","0","0","0","","","1","","0","","40 23:13.402","","0","79 59:44.186","4","0","0","0","2301","0","0","0","N","0","0","0","1","02301","1","","5.0","","1","N","N","","0","","0","0","0","","0","","","1","1","0","0","0","0","0","2","0","1","","","","N","","","","","","","","","",""
"2016090838","","1","0","0","0","0","0","0","0","0","8","0","","02","9","2016","2","40.457744","-79.99544","","11","0","0","0","0","0","0","1","0","","0","0","0","","","1","","1","","40 27:27.878","","0","79 59:43.584","4","0","0","0","2301","1","0","0","N","1","0","0","2","02301","1","","1.0","","1","N","N","","0","","0","0","0","","3","","","2","1","0","0","0","0","0","2","0","1","","","","N","","","","","","","","","",""
"2016090687","","2","0","0","0","0","0","0","0","0","5","0","","02","9","2016","1","40.349878","-79.885619","","11","0","0","0","0","0","0","0","0","","0","0","0","","","0","","0","","40 20:59.561","","0","79 53:08.229","0","0","0","0","2438","0","0","0","N","0","0","0","1","02438","0","","6.0","","1","N","N","","0","","0","0","0","","0","","","2","0","0","0","0","0","0","2","0","2","","","","N","","","","","","","","","",""
"2016106917","","2","0","0","0","0","0","0","0","0","4","0","","02","10","2016","1","40.461447","-79.863031","","11","0","0","0","0","0","0","0","0","1","0","0","0","","","3","","1","","40 27:41.208","6","0","79 51:46.911","3","0","0","0","2113","0","0","0","N","0","0","0","4","02113","2","","1.0","","1","N","N","","0","","1","0","0","","2","N","","2","3","1","0","0","0","0","2","0","2","","","","N","","","","","","","","","",""
"2016107485","","0","0","0","0","0","0","0","0","0","1","0","","02","10","2016","5","40.497407","-79.930689","","11","0","0","0","0","0","0","0","0","","0","0","0","","","0","","0","","40 29:50.666","","0","79 55:50.479","0","0","0","0","2461","0","0","0","","0","0","0","2","68D02","0","","1.0","","1","N","N","","1","","0","0","1","","0","","","2","0","0","0","0","0","0","2","0","2","","","","N","","","","","","","","","",""
"2016093308","","1","0","0","0","0","0","0","0","0","1","0","","02","9","2016","7","40.46884","-80.126301","","11","0","0","0","0","0","1","1","0","2","0","0","0","","","0","","2","","40 28:07.824","6","0","80 07:34.683","0","0","0","0","2115","0","0","0","","0","0","0","2","02115","0","","1.0","","9","N","N","","1","","0","0","0","","0","N","","2","0","0","0","0","0","0","2","0","2","","","","N","","","","","","","","","",""
"2016092858","","0","0","0","0","0","0","0","0","0","4","0","","02","9","2016","7","40.445933","-79.848432","","11","0","0","0","0","0","0","0","0","1","0","0","0","","","0","","1","","40 26:45.357","4","0","79 50:54.354","0","0","0","0","2419","0","0","0","N","0","0","0","5","02419","0","","1.0","","1","N","N","","0","","0","0","2","","2","N","","2","0","0","0","0","0","0","2","0","2","","","","N","","","","","","","","","",""
"2016110937","","2","0","0","0","0","0","0","0","0","1","0","","02","9","2016","5","40.420077","-80.03616","","11","0","0","0","0","0","0","0","0","1","0","0","0","","","0","","0","","40 25:12.276","3","0","80 02:10.175","9","0","0","0","2301","0","0","0","","0","0","0","2","68B03","0","","1.0","","9","N","N","","0","","0","0","0","","0","N","","2","0","0","0","0","0","1","2","0","2","","","","N","","","","","","","","","",""
"2016090909","","1","0","0","0","0","0","0","0","0","4","0","","02","9","2016","3","40.480023","-79.833611","","11","0","0","0","0","0","2","0","0","2","0","0","0","","","0","","0","","40 28:48.081","3","0","79 50:01.001","0","0","0","0","2113","0","0","0","N","0","0","0","2","02113","0","","1.0","","1","N","N","","0","","0","0","1","","0","Y","","2","0","0","0","0","0","0","2","0","2","","","","N","","","","","","","","","",""
"2016124376","","1","0","0","0","0","0","0","0","0","1","0","","02","11","2016","1","40.437706","-79.86363","","11","0","0","0","0","0","0","0","0","1","0","0","0","","","1","","0","","40 26:15.743","4","0","79 51:49.069","3","0","0","0","2478","0","0","0","","0","0","0","2","68B03","0","","1.0","","1","N","N","","0","","1","0","1","","0","Y","","2","1","0","0","0","0","0","2","0","2","","","","N","","","","","","","","","",""
"2016067796","","1","0","0","0","0","0","0","0","0","7","0","","02","7","2016","2","40.435315","-79.993069","","11","0","0","0","0","0","0","0","0","","0","0","0","","","0","","7","","40 26:07.135","","2","79 59:35.048","0","0","0","0","2301","0","0","0","N","0","0","0","1","02301","0","","1.0","","9","N","N","","0","","0","0","0","","0","","","1","0","0","0","0","0","0","2","0","1","","","","N","","","","","","","","","",""
"2016115082","","1","0","0","0","0","0","0","0","0","4","0","","02","10","2016","5","40.451806","-80.160944","","11","0","0","0","0","0","0","1","0","1","0","0","0","","","1","","1","","40 27:06.500","1","0","80 09:39.400","4","0","0","0","2115","0","0","0","","0","0","0","2","02115","1","","1.0","","1","N","N","","1","","0","0","0","","2","N","","2","1","0","0","0","0","0","2","0","2","","","","N","","","","","","","","","",""
"2016091579","","1","0","0","0","0","0","0","0","0","1","0","","02","9","2016","4","40.429936","-80.028684","","11","0","0","0","0","0","1","0","0","","0","0","0","","","2","","3","","40 25:47.769","","2","80 01:43.261","8","0","0","0","2301","0","0","0","N","0","0","0","2","02301","0","","1.0","","1","N","N","","0","","0","0","1","","0","","","2","2","0","0","0","2","0","2","0","2","","","","N","","","","","","","","","",""
"2016103733","","0","0","0","0","0","0","0","0","0","1","0","","02","10","2016","1","40.425777","-80.019884","","11","0","0","0","0","0","1","0","0","1","0","0","0","","","1","","1","","40 25:32.796","2","1","80 01:11.584","3","0","0","0","2301","0","0","0","N","0","0","0","2","02301","0","","1.0","","1","N","N","","0","","1","0","2","","2","N","","2","1","0","0","0","0","0","2","0","2","","","","N","","","","","","","","","",""
"2016131265","","1","0","0","0","0","0","0","0","0","1","0","","02","12","2016","2","40.354304","-79.841559","","11","0","0","0","0","0","0","0","0","","0","0","0","","","0","","0","","40 21:15.494","","0","79 50:29.613","0","0","0","0","2304","0","0","0","N","0","0","0","1","02304","0","","4.0","","1","N","N","","0","","0","0","0","","0","","","2","0","0","0","0","0","0","2","1","2","","","","N","","","","","","","","","",""
"2016105208","","1","0","0","0","0","0","0","0","0","1","0","","02","10","2016","4","40.351601","-79.896499","","11","0","0","1","0","0","0","0","0","2","0","0","0","","","0","","0","","40 21:05.764","3","0","79 53:47.397","0","0","0","0","2423","0","0","0","N","0","0","0","6","02304","0","","1.0","","1","N","N","","2","","0","0","0","","0","N","","4","0","0","0","0","0","0","2","1","4","","","","N","","","","","","","","","",""
"2016092288","","2","0","0","0","0","0","0","0","0","4","0","","02","9","2016","5","40.367693","-79.78016","","11","0","0","0","0","0","0","1","0","1","0","0","0","","","2","","0","","40 22:03.694","2","7","79 46:48.575","4","0","0","0","2111","0","0","0","N","0","0","0","3","02111","1","","1.0","","1","N","N","","0","","0","0","0","","0","N","","2","2","0","0","0","1","0","2","0","2","","","","N","","","","","","","","","",""
"2016124652","","1","0","0","0","0","0","0","0","0","4","0","","02","11","2016","7","40.572019","-80.016386","","11","0","0","0","0","0","1","0","0","","0","0","0","","","0","","1","","40 34:19.267","","0","80 00:58.989","0","0","0","0","2108","0","0","0","","0","0","0","2","02108","0","","1.0","","9","N","N","","0","","0","0","1","","2","","","2","0","0","0","0","0","0","2","0","2","","","","N","","","","","","","","","",""
"2016095039","","2","0","0","0","0","0","0","0","0","1","0","","02","9","2016","3","40.422427","-79.885898","","11","0","0","0","0","0","0","1","0","","0","0","0","","","1","","1","","40 25:20.737","","0","79 53:09.232","8","0","0","0","2463","0","0","0","N","0","0","0","5","02463","0","","1.0","","1","N","N","","0","","0","0","0","","2","","","2","1","0","0","0","1","0","2","0","2","","","","N","","","","","","","","","",""
"2016114822","","2","0","0","0","0","0","0","0","0","4","0","","02","10","2016","5","40.512564","-80.161289","","11","0","0","1","0","0","0","0","0","","0","0","0","","","0","","0","","40 30:45.230","","0","80 09:40.640","0","0","0","0","2420","0","0","0","","0","0","0","1","02420","0","","6.0","","1","N","N","","0","","0","0","0","","0","","","2","0","0","0","0","0","0","2","0","2","","","","N","","","","","","","","","",""
"2016106891","","1","0","0","0","0","0","0","0","0","2","0","","02","10","2016","1","40.502879","-80.061436","","11","0","0","0","0","0","2","0","0","2","0","0","0","","","0","","0","","40 30:10.363","5","0","80 03:41.168","0","0","0","0","2404","0","0","0","N","0","0","0","3","02404","0","","1.0","","1","N","N","","1","","0","0","1","","0","Y","","3","0","0","0","0","0","0","2","0","3","","","","N","","","","","","","","","",""
"2016124059","","2","0","0","0","0","0","1","0","0","1","1","","02","11","2016","1","40.413806","-79.92275","","11","0","0","0","1","0","1","0","0","","0","0","0","","","0","","2","","40 24:49.700","","0","79 55:21.900","0","0","0","0","2301","0","0","0","N","0","0","0","4","02503","0","","1.0","","1","N","N","","0","","0","0","0","","0","","","3","0","0","0","0","0","0","2","0","3","","","","N","","","","","","","","","",""
"2016111704","","1","0","0","0","0","0","0","0","0","1","0","","02","10","2016","3","40.41179","-80.068205","","11","0","0","0","0","0","1","0","0","","0","0","0","","","0","","0","","40 24:42.444","","0","80 04:05.537","0","0","0","0","2435","0","0","0","","0","0","0","6","68B03","0","","1.0","","1","N","N","","2","","0","0","0","","0","","","3","0","0","0","0","0","0","2","0","3","","","","N","","","","","","","","","",""
"2016109121","","1","0","0","0","0","0","0","0","0","1","0","","02","8","2016","4","40.42056","-80.093244","","11","0","0","0","0","0","0","0","0","1","0","0","0","","","0","","0","","40 25:14.016","4","0","80 05:35.680","0","0","0","0","2457","0","0","0","","0","0","0","2","68B03","0","","1.0","","1","N","N","","0","","0","0","1","","0","N","","2","0","0","0","0","0","0","2","0","2","","","","N","","","","","","","","","",""
"2016092820","","2","0","0","0","0","0","0","0","0","4","0","","02","9","2016","7","40.465193","-80.053754","","11","0","0","0","0","0","1","1","0","2","0","0","0","","","1","","2","","40 27:54.694","7","0","80 03:13.514","3","0","0","0","2444","0","0","0","N","0","0","0","3","02444","0","","1.0","","1","N","N","","0","","1","0","1","","2","Y","","3","1","0","0","0","0","0","2","0","3","","","","N","","","","","","","","","",""
"2016056793","","1","0","0","0","0","0","0","0","0","8","0","","02","6","2016","7","40.427659","-79.905822","","11","0","0","0","1","0","0","0","0","1","0","0","0","","","1","","0","","40 25:39.573","6","0","79 54:20.959","4","0","0","0","2301","1","0","0","N","1","0","0","2","02301","1","","1.0","","1","N","N","","0","","0","0","0","","0","N","","2","1","0","0","0","0","0","2","0","1","","","","N","","","","","","","","","",""
"2016110946","","1","0","0","0","0","0","0","0","0","7","0","","02","10","2016","6","40.471751","-80.004665","","11","0","0","0","0","0","0","0","0","","0","0","0","","","0","","0","","40 28:18.303","","0","80 00:16.795","0","0","0","0","2301","0","0","0","","0","0","0","2","68B03","0","","4.0","","1","N","N","","0","","0","0","0","","0","","","1","0","0","0","0","0","0","2","0","1","","","","N","","","","","","","","","",""
"2016110476","","2","0","0","0","0","0","0","0","0","4","0","","02","10","2016","3","40.45289","-79.920715","","11","0","0","0","0","0","1","0","0","","0","0","0","","","1","","1","","40 27:10.404","","0","79 55:14.574","8","0","0","0","2301","0","0","0","N","0","0","0","3","02301","0","","1.0","","1","N","N","","0","","0","0","0","","2","","","3","1","0","0","0","1","0","2","1","3","","","","N","","","","","","","","","",""
"2016109885","","1","0","0","0","0","0","0","0","0","7","0","","02","10","2016","1","40.422427","-79.885898","","11","0","0","0","0","0","0","0","0","","0","0","0","","","1","","2","","40 25:20.737","","0","79 53:09.232","8","0","0","0","2463","0","0","0","N","0","0","0","2","02463","0","","2.0","","1","N","N","","0","","0","0","0","","2","","","1","1","0","0","0","1","0","2","0","1","","","","N","","","","","","","","","",""