"CRN","ARRIVAL_TM","AUTOMOBILE_COUNT","BELTED_DEATH_COUNT","BELTED_SUSP_SERIOUS_INJ_COUNT","BICYCLE_COUNT","BICYCLE_DEATH_COUNT","BICYCLE_SUSP_SERIOUS_INJ_COUNT","BUS_COUNT","CHLDPAS_DEATH_COUNT","CHLDPAS_SUSP_SERIOUS_INJ_COUNT","COLLISION_TYPE","COMM_VEH_COUNT","CONS_ZONE_SPD_LIM","COUNTY","CRASH_MONTH","CRASH_YEAR","DAY_OF_WEEK","DEC_LATITUDE","DEC_LONGITUDE","DISPATCH_TM","DISTRICT","DRIVER_COUNT_16YR","DRIVER_COUNT_17YR","DRIVER_COUNT_18YR","DRIVER_COUNT_19YR","DRIVER_COUNT_20YR","DRIVER_COUNT_50_64YR","DRIVER_COUNT_65_74YR","DRIVER_COUNT_75PLUS","EST_HRS_CLOSED","FATAL_COUNT","HEAVY_TRUCK_COUNT","HORSE_BUGGY_COUNT","HOUR_OF_DAY","ILLUMINATION","INJURY_COUNT","INTERSECTION_RELATED","INTERSECT_TYPE","LANE_CLOSED","LATITUDE","LN_CLOSE_DIR","LOCATION_TYPE","LONGITUDE","MAX_SEVERITY_LEVEL","MCYCLE_DEATH_COUNT","MCYCLE_SUSP_SERIOUS_INJ_COUNT","MOTORCYCLE_COUNT","MUNICIPALITY","NONMOTR_COUNT","NONMOTR_DEATH_COUNT","NONMOTR_SUSP_SERIOUS_INJ_COUNT","NTFY_HIWY_MAINT","PED_COUNT","PED_DEATH_COUNT","PED_SUSP_SERIOUS_INJ_COUNT","PERSON_COUNT","POLICE_AGCY","POSSIBLE_INJ_COUNT","RDWY_SURF_TYPE_CD","RELATION_TO_ROAD","ROADWAY_CLEARED","ROAD_CONDITION","SCH_BUS_IND","SCH_ZONE_IND","SECONDARY_CRASH","SMALL_TRUCK_COUNT","SPEC_JURIS_CD","SUSP_MINOR_INJ_COUNT","SUSP_SERIOUS_INJ_COUNT","SUV_COUNT","TCD_FUNC_CD","TCD_TYPE","TFC_DETOUR_IND","TIME_OF_DAY","TOTAL_UNITS","TOT_INJ_COUNT","UNBELTED_OCC_COUNT","UNB_DEATH_COUNT","UNB_SUSP_SERIOUS_INJ_COUNT","UNK_INJ_DEG_COUNT","UNK_INJ_PER_COUNT","URBAN_RURAL","VAN_COUNT","VEHICLE_COUNT","WEATHER1","WEATHER2","WORKERS_PRES","WORK_ZONE_IND","WORK_ZONE_LOC","WORK_ZONE_TYPE","WZ_CLOSE_DETOUR","WZ_FLAGGER","WZ_LAW_OFFCR_IND","WZ_LN_CLOSURE","WZ_MOVING","WZ_OTHER","WZ_SHLDER_MDN","WZ_WORKERS_INJ_KILLED"
"2016109711","","1","0","0","0","0","0","0","0","0","8","0","","02","10","2016","7","40.330453","-79.992735","","11","0","0","0","0","0","0","0","0","1","0","0","0","","","1","","0","","40 19:49.631","1","0","79 59:33.846","4","0","0","0","2219","1","0","0","N","1","0","0","2","02219","1","","1.0","","1","N","N","","0","","0","0","0","","0","Y","","2","1","0","0","0","0","0","2","0","1","","","","N","","","","","","","","","",""
"2016104779","","1","0","0","0","0","0","0","0","0","5","0","","02","10","2016","7","40.399991","-80.023875","","11","0","0","0","0","0","0","0","0","","0","0","0","","","0","","0","","40 23:59.968","","0","80 01:25.950","9","0","0","0","2301","0","0","0","N","0","0","0","1","02301","0","","6.0","","1","N","N","","0","","0","0","1","","0","","","2","0","0","0","0","0","1","2","0","2","","","","N","","","","","","","","","",""
"2016124753","","0","0","0","0","0","0","0","0","0","1","0","","02","11","2016","7","40.420399","-80.032568","","11","0","0","0","0","0","1","0","0","","0","0","0","","","2","","0","","40 25:13.437","","0","80 01:57.244","8","0","0","0","2301","0","0","0","","0","0","0","2","68B03","0","","1.0","","1","N","N","","1","","0","0","0","","0","","","2","2","1","0","0","2","0","2","1","2","","","","N","","","","","","","","","",""
"2016092722","","1","0","0","0","0","0","0","0","0","4","0","","02","9","2016","3","40.463972","-79.911393","","11","0","0","0","0","0","0","0","0","","0","0","0","","","2","","1","","40 27:50.299","","0","79 54:41.014","4","0","0","0","2301","0","0","0","N","0","0","0","3","02301","2","","1.0","","1","N","N","","0","","0","0","1","","0","","","2","2","3","0","0","0","0","2","0","2","","","","N","","","","","","","","","",""
"2016109937","","1","0","0","0","0","0","0","0","0","7","0","","02","8","2016","3","40.472564","-80.005234","","11","0","0","0","0","0","0","0","0","2","0","0","0","","","1","","0","","40 28:21.232","2","0","80 00:18.842","2","0","0","0","2301","0","0","0","","0","0","0","1","68B03","0","","3.0","","1","N","N","","0","","0","1","0","","0","N","","1","1","1","0","1","0","0","2","0","1","","","","N","","","","","","","","","",""
"2016103164","","2","0","0","0","0","0","0","0","0","5","0","","02","10","2016","6","","","","11","0","0","0","0","0","0","0","0","","0","0","0","","","0","","0","","40 26:37.5","","0","79 55:13.6","0","0","0","0","2301","0","0","0","N","0","0","0","2","02301","0","","1.0","","1","N","N","","0","","0","0","0","","0","","","2","0","0","0","0","0","0","1","0","2","","","","N","","","","","","","","","",""
"2016106502","","1","0","0","0","0","0","0","0","0","1","0","","02","10","2016","6","40.454254","-79.99466","","11","0","0","0","0","0","0","0","0","","0","0","0","","","0","","6","","40 27:15.315","","2","79 59:40.776","0","0","0","0","2301","0","0","0","N","0","0","0","2","02301","0","","1.0","","1","N","N","","0","","0","0","1","","0","","","2","0","0","0","0","0","0","2","0","2","","","","N","","","","","","","","","",""
"2016092936","","1","0","0","0","0","0","0","0","0","8","0","","02","9","2016","7","40.448205","-80.010992","","11","0","0","0","0","0","0","0","0","","0","0","0","","","1","","0","","40 26:53.537","","0","80 00:39.572","4","0","0","0","2301","1","0","0","N","1","0","0","2","02301","1","","4.0","","1","N","N","","0","","0","0","0","","0","","","2","1","0","0","0","0","0","2","0","1","","","","N","","","","","","","","","",""
"2016091338","","1","0","0","0","0","0","0","0","0","4","0","","02","9","2016","1","40.451972","-80.199056","","11","0","0","0","0","0","1","0","0","2","0","0","0","","","0","","0","","40 27:07.100","2","0","80 11:56.600","0","0","0","0","2203","0","0","0","N","0","0","0","2","02203","0","","1.0","","1","N","N","","0","","0","0","1","","3","N","","2","0","0","0","0","0","0","2","0","2","","","","N","","","","","","","","","",""
"2016091776","","2","0","0","0","0","0","0","0","0","7","0","","02","9","2016","4","40.435825","-79.976259","","11","0","0","0","0","0","0","0","0","","0","0","0","","","0","","7","","40 26:08.971","","2","79 58:34.533","0","0","0","0","2301","0","0","0","Y","0","0","0","2","02301","0","","7.0","","1","N","N","","0","","0","0","0","","0","","","2","0","0","0","0","0","0","2","0","2","","","","N","","","","","","","","","",""
"2016111235","","1","0","0","0","0","0","0","0","0","4","0","","02","10","2016","4","40.435603","-79.770939","","11","0","1","0","0","0","0","0","0","1","0","0","0","","","3","","0","","40 26:08.170","3","0","79 46:15.380","2","0","0","0","2446","0","0","0","N","0","0","0","5","02446","0","","1.0","","1","N","N","","0","","0","1","1","","2","N","","2","3","0","0","0","2","0","2","0","2","","","","N","","","","","","","","","",""
"2016091562","","0","0","1","0","0","0","0","0","0","4","0","","02","9","2016","4","40.554906","-79.861022","","11","0","0","0","0","0","2","0","0","2","0","0","0","","","2","","0","","40 33:17.660","5","0","79 51:39.678","2","0","0","0","2208","0","0","0","Y","0","0","0","2","02208","0","","1.0","","1","N","N","","0","","0","1","2","","0","N","","2","2","0","0","0","1","0","2","0","2","","","","N","","","","","","","","","",""
"2016090497","","1","0","0","0","0","0","0","0","0","1","0","","02","9","2016","6","40.431007","-80.028173","","11","0","0","0","0","0","0","0","0","","0","0","0","","","0","","6","","40 25:51.624","","2","80 01:41.422","0","0","0","0","2301","0","0","0","N","0","0","0","2","02301","0","","1.0","","1","N","N","","0","","0","0","1","","4","","","2","0","0","0","0","0","0","2","0","2","","","","N","","","","","","","","","",""
"2016111360","","2","0","0","0","0","0","0","0","0","1","0","","02","10","2016","3","40.427769","-79.890503","","11","0","0","0","0","0","0","0","0","","0","0","0","","","1","","0","","40 25:39.968","","0","79 53:25.810","8","0","0","0","2426","0","0","0","","0","0","0","2","68B03","0","","1.0","","1","N","N","","0","","0","0","0","","0","","","2","1","0","0","0","1","0","2","0","2","","","","N","","","","","","","","","",""
"2016130654","","0","0","0","0","0","0","0","0","0","7","0","","02","12","2016","1","40.489598","-80.03622","","11","0","0","0","0","0","0","0","0","1","0","0","0","","","0","","0","","40 29:22.552","6","0","80 02:10.392","0","0","0","0","2301","0","0","0","N","0","0","0","2","02301","0","","5.0","","2","N","N","","0","","0","0","1","","0","N","","1","0","0","0","0","0","0","2","0","1","","","","N","","","","","","","","","",""
"2016106578","","0","0","0","0","0","0","0","0","0","4","0","","02","10","2016","3","40.430499","-79.71084","","11","0","0","0","0","0","0","0","0","2","0","0","0","","","1","","1","","40 25:49.795","4","0","79 42:39.024","4","0","0","0","2446","0","0","0","N","0","0","0","2","02446","1","","1.0","","1","N","N","","0","","0","0","2","","2","N","","2","1","0","0","0","0","0","2","0","2","","","","N","","","","","","","","","",""
"2016091341","","0","0","0","0","0","0","0","0","0","8","0","","02","9","2016","3","40.341479","-79.835305","","11","0","0","0","0","0","0","0","0","","0","0","0","","","1","","1","","40 20:29.324","","0","79 50:07.098","8","0","0","0","2304","1","0","0","N","1","0","0","2","02304","0","","1.0","","1","N","N","","1","","0","0","0","","0","","","2","1","0","0","0","1","0","2","0","1","","","","N","","","","","","","","","",""
"2016093191","","5","0","0","0","0","0","0","0","0","6","0","","02","9","2016","7","40.427108","-79.987217","","11","0","0","0","0","0","0","0","0","2","0","0","0","","","0","","0","","40 25:37.588","4","0","79 59:13.981","9","0","0","0","2301","0","0","0","N","0","0","0","2","02301","0","","1.0","","1","N","N","","0","","0","0","0","","0","Y","","5","0","0","0","0","0","1","2","0","5","","","","N","","","","","","","","","",""
"2016092919","","1","0","0","0","0","0","0","0","0","4","0","","02","9","2016","7","40.321148","-79.942158","","11","0","0","0","0","0","0","1","0","1","0","0","0","","","3","","1","","40 19:16.133","3","0","79 56:31.769","8","0","0","0","2454","0","0","0","N","0","0","0","6","02454","0","","1.0","","1","N","N","","0","","0","0","2","","2","Y","","3","3","0","0","0","3","0","2","0","3","","","","N","","","","","","","","","",""
"2016094056","","2","0","0","0","0","0","0","0","0","3","0","","02","9","2016","6","40.401242","-80.04965","","11","0","0","0","0","0","0","1","0","1","0","0","0","","","0","","0","","40 24:04.470","4","0","80 02:58.740","0","0","0","0","2109","0","0","0","","0","0","0","4","02109","0","","1.0","","1","N","N","","0","","0","0","0","","0","N","","2","0","0","0","0","0","0","2","0","2","","","","N","","","","","","","","","",""
"2016130601","","1","0","0","0","0","0","0","0","0","4","0","","02","12","2016","1","40.426223","-79.757735","","11","0","0","0","0","0","0","0","1","","0","0","0","","","0","","1","","40 25:34.402","","0","79 45:27.846","0","0","0","0","2446","0","0","0","N","0","0","0","4","02446","0","","1.0","","1","N","N","","0","","0","0","1","","3","","","2","0","1","0","0","0","0","2","0","2","","","","N","","","","","","","","","",""
"2016093625","","0","0","0","0","0","0","0","0","0","0","0","","02","9","2016","3","40.360767","-80.027956","","11","0","0","0","0","0","0","0","0","2","0","0","0","","","0","","0","","40 21:38.760","6","0","80 01:40.640","0","0","0","0","2416","0","0","0","","0","0","0","1","02416","0","","1.0","","1","N","N","","1","","0","0","0","","0","N","","1","0","0","0","0","0","0","2","0","1","","","","N","","","","","","","","","",""
"2016110962","","3","0","0","0","0","0","0","0","0","1","0","","02","10","2016","3","40.485042","-80.008588","","11","0","0","0","0","0","1","0","0","","0","0","0","","","0","","0","","40 29:06.150","","0","80 00:30.915","0","0","0","0","2301","0","0","0","","0","0","0","3","68B03","0","","1.0","","1","N","N","","0","","0","0","0","","0","","","3","0","0","0","0","0","0","2","0","3","","","","N","","","","","","","","","",""
"2016092744","","2","0","0","0","0","0","0","0","0","1","0","","02","9","2016","6","40.348044","-80.112655","","11","0","0","0","0","0","0","0","1","","0","0","0","","","0","","2","","40 20:52.960","","0","80 06:45.559","0","0","0","0","2119","0","0","0","N","0","0","0","2","02119","0","","1.0","","1","N","N","","0","","0","0","0","","2","","","2","0","0","0","0","0","0","2","0","2","","","","N","","","","","","","","","",""
"2016106575","","2","0","0","0","0","0","0","0","0","4","0","","02","10","2016","5","40.452476","-80.172505","","11","0","0","0","2","0","0","0","0","","0","0","0","","","0","","1","","40 27:08.912","","2","80 10:21.017","0","0","0","0","2214","0","0","0","N","0","0","0","4","02214","0","","1.0","","1","N","N","","0","","0","0","0","","2","","","2","0","0","0","0","0","0","2","0","2","","","","N","","","","","","","","","",""
"2016102171","","2","0","0","0","0","0","0","0","0","1","0","","02","9","2016","6","40.46141","-79.931955","","11","0","0","0","0","0","1","0","0","","0","0","0","","","0","","0","","40 27:41.077","","0","79 55:55.037","0","0","0","0","2301","0","0","0","N","0","0","0","3","02301","0","","1.0","","9","N","N","","0","","0","0","0","","0","","","2","0","0","0","0","0","0","2","0","2","","","","N","","","","","","","","","",""
"2016130248","","1","0","0","0","0","0","0","0","0","4","0","","02","11","2016","7","40.436102","-79.7848","","11","0","0","0","0","1","1","0","0","","0","0","0","","","0","","0","","40 26:09.968","","0","79 47:05.281","0","0","0","0","2446","0","0","0","N","0","0","0","3","02446","0","","1.0","","1","N","N","","0","","0","0","1","","0","","","2","0","0","0","0","0","0","2","0","2","","","","N","","","","","","","","","",""
"2016093146","","1","0","0","0","0","0","0","0","0","4","0","","02","9","2016","7","40.586535","-79.950318","","11","0","0","0","0","0","0","0","0","1","0","0","0","","","0","","2","","40 35:11.526","1","0","79 57:01.144","0","0","0","1","2207","0","0","0","N","0","0","0","3","02207","0","","1.0","","9","N","N","","0","","0","0","0","","0","N","","2","0","0","0","0","0","0","2","0","2","","","","N","","","","","","","","","",""
"2016091331","","0","0","0","0","0","0","0","0","0","8","0","","02","9","2016","3","40.324882","-79.837662","","11","0","0","0","0","0","1","0","0","","0","0","0","","","1","","1","","40 19:29.575","","0","79 50:15.583","8","0","0","0","2304","1","0","0","N","1","0","0","3","02304","0","","1.0","","1","N","N","","0","","0","0","1","","0","","","2","1","0","0","0","1","0","2","0","1","","","","N","","","","","","","","","",""
"2016106119","","1","0","0","0","0","0","0","0","0","1","0","","02","10","2016","5","40.37635","-80.056022","","11","0","0","0","0","0","1","0","0","","0","0","0","","","1","","0","","40 22:34.860","","0","80 03:21.680","3","0","0","0","2109","0","0","0","","0","0","0","2","02109","0","","1.0","","1","N","N","","0","","1","0","1","","0","","","2","1","0","0","0","0","0","2","0","2","","","","N","","","","","","","","","",""
"2016090777","","2","0","0","0","0","0","0","0","0","4","0","","02","9","2016","2","40.451509","-79.908149","","11","0","0","0","0","0","0","0","0","","0","0","0","","","0","","1","","40 27:05.432","","0","79 54:29.335","0","0","0","0","2301","0","0","0","N","0","0","0","3","02301","0","","1.0","","1","N","N","","0","","0","0","0","","2","","","2","0","0","0","0","0","0","2","0","2","","","","N","","","","","","","","","",""
"2016090197","","2","0","0","0","0","0","0","0","0","4","0","","02","9","2016","6","40.361698","-80.088354","","11","0","0","0","0","0","1","0","0","1","0","0","0","","","2","","0","","40 21:42.113","4","0","80 05:18.074","3","0","0","0","2123","0","0","0","N","0","0","0","3","02123","1","","1.0","","1","N","N","","0","","1","0","0","","0","N","","2","2","0","0","0","0","0","2","0","2","","","","N","","","","","","","","","",""
"2016093441","","1","0","0","0","0","0","0","0","0","7","0","55","02","9","2016","6","40.535186","-80.272119","","11","0","0","0","0","0","0","0","0","","0","0","0","","","0","","0","","40 32:06.671","","0","80 16:19.627","0","0","0","0","2203","0","0","0","","0","0","0","1","68B03","0","","4.0","","1","N","N","","0","","0","0","0","","0","","","1","0","0","0","0","0","0","2","0","1","","","N","Y","4","1","N","N","N","Y","N","N","N",""
"2016085715","","1","0","0","0","0","0","0","0","0","4","0","","02","8","2016","6","40.35205","-79.964629","","11","0","0","0","0","0","1","0","0","2","0","0","0","","","0","","1","","40 21:07.381","1","0","79 57:52.663","0","0","0","0","2403","0","0","0","N","0","0","0","2","02403","0","","1.0","","1","N","N","","1","","0","0","0","","3","Y","","2","0","0","0","0","0","0","2","0","2","","","","N","","","","","","","","","",""
"2016123591","","1","0","0","0","0","0","0","0","0","4","0","","02","10","2016","6","40.437253","-80.017233","","11","0","0","0","0","0","1","0","1","2","0","0","0","","","0","","2","","40 26:14.110","7","0","80 01:02.038","0","0","0","0","2301","0","0","0","N","0","0","0","2","02301","0","","1.0","","1","N","N","","1","","0","0","0","","0","N","","2","0","0","0","0","0","0","2","0","2","","","","N","","","","","","","","","",""
"2016090817","","2","0","0","0","0","0","0","0","0","1","0","","02","9","2016","2","40.417886","-80.218361","","11","0","0","0","0","0","0","1","0","","0","0","0","","","0","","0","","40 25:04.391","","0","80 13:06.100","0","0","0","0","2214","0","0","0","N","0","0","0","2","02214","0","","1.0","","1","N","N","","0","","0","0","0","","0","","","2","0","0","0","0","0","0","2","0","2","","","","N","","","","","","","","","",""
"2016091314","","1","0","0","0","0","0","0","0","0","4","0","","02","9","2016","3","40.454175","-79.996854","","11","0","0","0","0","0","1","0","0","3","0","0","0","","","0","","1","","40 27:15.029","1","0","79 59:48.676","0","0","0","0","2301","0","0","0","N","0","0","0","2","02301","0","","1.0","","1","N","N","","0","","0","0","1","","2","N","","2","0","0","0","0","0","0","2","0","2","","","","N","","","","","","","","","",""
"2016093032","","1","0","0","0","0","0","0","0","0","1","0","","02","9","2016","6","40.366","-80.048518","","11","0","0","0","0","0","0","1","0","","0","0","0","","","1","","2","","40 21:57.599","","0","80 02:54.666","4","0","0","0","2109","0","0","0","","0","0","0","2","02109","1","","1.0","","9","N","N","","1","","0","0","0","","0","","","2","1","0","0","0","0","0","2","0","2","","","","N","","","","","","","","","",""
"2016124963","","0","0","0","0","0","0","0","0","0","4","0","","02","11","2016","3","40.500278","-79.865577","","11","0","0","0","0","0","0","0","0","1","0","0","0","","","1","","2","","40 30:01.000","5","0","79 51:56.077","3","0","0","0","2112","0","0","0","N","0","0","0","3","02112","0","","1.0","","1","N","N","","0","","1","0","2","","3","N","","2","1","0","0","0","0","0","2","0","2","","","","N","","","","","","","","","",""
"2016091540","","1","0","0","0","0","0","0","0","0","4","0","","02","9","2016","3","40.582227","-80.062891","","11","0","0","1","0","0","0","0","0","","0","0","0","","","0","","1","","40 34:56.017","","0","80 03:46.409","0","0","0","0","2108","0","0","0","","0","0","0","2","02108","0","","1.0","","9","N","N","","1","","0","0","0","","3","","","2","0","0","0","0","0","0","2","0","2","","","","N","","","","","","","","","",""
"2016093246","","1","0","0","0","0","0","0","0","0","1","0","","02","9","2016","6","40.456319","-80.111351","","11","0","0","0","0","0","1","0","0","","0","0","0","","","0","","0","","40 27:22.750","","0","80 06:40.864","0","0","0","0","2126","0","0","0","","0","0","0","2","68B03","0","","1.0","","1","N","N","","0","","0","0","1","","0","","","2","0","0","0","0","0","0","2","0","2","","","","N","","","","","","","","","",""
"2016092849","","1","0","0","0","0","0","0","0","0","99","0","","02","9","2016","6","40.482075","-79.890378","","11","0","0","0","0","0","0","1","0","2","0","0","0","","","1","","0","","40 28:55.469","6","0","79 53:25.362","8","0","0","0","2301","0","0","0","N","0","0","0","1","02301","0","","1.0","","9","N","N","","0","","0","0","0","","0","N","","1","1","0","0","0","1","0","2","0","1","","","","N","","","","","","","","","",""
"2016106728","","0","0","0","0","0","0","0","0","0","1","0","","02","10","2016","7","40.455756","-79.99733","","11","0","0","0","0","0","1","0","0","","0","0","0","","","0","","1","","40 27:20.723","","0","79 59:50.389","0","0","0","0","2301","0","0","0","N","0","0","0","5","02301","0","","1.0","","1","N","N","","0","","0","0","2","","0","","","3","0","0","0","0","0","0","2","1","3","","","","N","","","","","","","","","",""
"2016118465","","1","0","0","0","0","0","0","0","0","6","0","","02","11","2016","7","40.451","-79.982639","","11","0","0","0","0","0","1","0","0","1","0","0","0","","","1","","0","","40 27:03.600","4","0","79 58:57.500","8","0","0","0","2301","0","0","0","N","0","0","0","2","02301","0","","1.0","","1","N","N","","1","","0","0","0","","0","N","","2","1","0","0","0","1","0","2","0","2","","","","N","","","","","","","","","",""
"2016093247","","3","0","0","0","0","0","0","0","0","1","0","","02","9","2016","6","40.459372","-80.111654","","11","0","0","0","0","0","1","0","0","","0","0","0","","","0","","0","","40 27:33.739","","0","80 06:41.953","0","0","0","0","2126","0","0","0","","0","0","0","7","68B03","0","","1.0","","1","N","N","","0","","0","0","0","","0","","","3","0","0","0","0","0","0","2","0","3","","","","N","","","","","","","","","",""
"2016130761","","1","0","0","0","0","0","0","0","0","7","0","","02","12","2016","1","40.523552","-79.718839","","11","0","0","0","0","0","1","0","0","2","0","0","0","","","0","","0","","40 31:24.786","4","0","79 43:07.819","0","0","0","0","2466","0","0","0","N","0","0","0","1","02466","0","","5.0","","7","N","N","","0","","0","0","0","","0","N","","1","0","0","0","0","0","0","1","0","1","","","","N","","","","","","","","","",""
"2016126441","","1","0","0","0","0","0","0","0","0","4","0","","02","12","2016","5","40.389026","-80.042336","","11","0","0","0","0","0","1","0","0","2","0","0","0","","","1","","1","","40 23:20.493","1","0","80 02:32.411","8","0","0","0","2109","0","0","0","","0","0","0","2","02109","0","","1.0","","1","N","N","","0","","0","0","0","","2","N","","2","1","0","0","0","1","0","2","1","2","","","","N","","","","","","","","","",""
"2016104608","","1","0","0","0","0","0","0","0","0","1","0","","02","10","2016","3","40.411459","-80.075763","","11","0","0","0","0","0","0","0","0","","0","0","0","","","0","","0","","40 24:41.252","","0","80 04:32.747","0","0","0","0","2117","0","0","0","","0","0","0","2","68B03","0","","1.0","","1","N","N","","1","","0","0","0","","0","","","2","0","0","0","0","0","0","2","0","2","","","","N","","","","","","","","","",""
"2016092739","","1","0","0","0","0","0","0","0","0","4","0","","02","9","2016","6","40.37409","-80.066754","","11","1","0","0","0","0","0","1","0","","0","0","0","","","0","","1","","40 22:26.724","","0","80 04:00.314","0","0","0","0","2109","0","0","0","","0","0","0","4","02109","0","","1.0","","1","N","N","","0","","0","0","1","","3","","","2","0","0","0","0","0","0","2","0","2","","","","N","","","","","","","","","",""
"2016114097","","1","0","0","0","0","0","0","0","0","7","0","","02","10","2016","5","40.459803","-80.173453","","11","0","0","0","0","0","0","0","0","2","0","0","0","","","2","","0","","40 27:35.290","4","7","80 10:24.430","4","0","0","0","2213","0","0","0","","0","0","0","2","02213","2","","5.0","","9","N","N","","0","","0","0","0","","0","N","","1","2","0","0","0","0","0","2","0","1","","","","N","","","","","","","","","",""
"2016110913","","0","0","0","0","0","0","0","0","0","7","0","","02","10","2016","7","40.403572","-80.107015","","11","0","0","0","0","0","1","0","0","","0","0","0","","","1","","0","","40 24:12.858","","0","80 06:25.254","3","0","0","0","2102","0","0","0","","0","0","0","2","68B03","0","","3.0","","9","N","N","","0","","1","0","1","","0","","","2","1","0","0","0","0","0","2","0","1","","","","N","","","","","","","","","",""
"2016084935","","1","0","0","0","0","0","0","0","0","1","0","","02","8","2016","3","40.348044","-80.112655","","11","0","0","0","0","0","0","0","0","","0","0","0","","","1","","2","","40 20:52.960","","0","80 06:45.559","4","0","0","0","2119","0","0","0","N","0","0","0","3","02119","1","","1.0","","1","N","N","","1","","0","0","0","","2","","","2","1","0","0","0","0","0","2","0","2","","","","N","","","","","","","","","",""
"2016086113","","1","0","0","0","0","0","0","0","0","7","0","","02","8","2016","2","40.345005","-79.972763","","11","0","0","1","0","0","0","0","0","","0","0","0","","","1","","0","","40 20:42.019","","0","79 58:21.948","3","0","0","0","2403","0","0","0","N","0","0","0","1","02403","0","","5.0","","1","N","N","","0","","1","0","0","","0","","","1","1","0","0","0","0","0","2","0","1","","","","N","","","","","","","","","",""
"2016116479","","1","0","0","0","0","0","0","0","0","7","0","","02","10","2016","7","40.550148","-80.086623","","11","0","0","0","0","1","0","0","0","","0","0","0","","","0","","0","","40 33:00.533","","0","80 05:11.844","0","0","0","0","2215","0","0","0","","0","0","0","1","68B03","0","","4.0","","9","N","N","","0","","0","0","0","","0","","","1","0","0","0","0","0","0","2","0","1","","","","N","","","","","","","","","",""
"2016091886","","2","0","0","0","0","0","0","0","0","1","0","","02","8","2016","2","40.333537","-80.133396","","11","0","0","1","0","0","0","1","0","2","0","0","0","","","1","","2","","40 20:00.732","5","0","80 08:00.226","8","0","0","0","2119","0","0","0","N","0","0","0","2","02119","0","","1.0","","1","N","N","","0","","0","0","0","","0","Y","","2","1","0","0","0","1","1","2","0","2","","","","N","","","","","","","","","",""
"2016091252","","2","0","0","0","0","0","0","0","0","4","0","","02","9","2016","3","40.441229","-79.981519","","11","0","0","0","0","0","0","0","0","","0","0","0","","","0","","0","","40 26:28.424","","0","79 58:53.468","0","0","0","0","2301","0","0","0","N","0","0","0","1","02301","0","","1.0","","1","N","N","","0","","0","0","0","","0","","","2","0","0","0","0","0","0","2","0","2","","","","N","","","","","","","","","",""
"2016093186","","2","0","0","0","0","0","0","0","0","5","0","","02","9","2016","7","40.452627","-79.974253","","11","0","0","0","0","0","1","0","0","2","0","0","0","","","0","","0","","40 27:09.456","4","0","79 58:27.311","0","0","0","0","2301","0","0","0","N","0","0","0","2","02301","0","","1.0","","1","N","N","","0","","0","0","0","","0","N","","2","0","0","0","0","0","0","2","0","2","","","","N","","","","","","","","","",""
"2016111642","","1","0","0","0","0","0","0","0","0","99","0","","02","10","2016","4","40.621398","-79.981946","","11","0","0","0","0","0","0","0","0","","0","0","0","","","0","","0","","40 37:17.031","","0","79 58:55.007","0","0","0","0","2217","0","0","0","","0","0","0","1","68T02","0","","1.0","","1","N","N","","0","","0","0","0","","0","","","1","0","0","0","0","0","0","1","0","1","","","","N","","","","","","","","","",""
"2016091488","","2","0","0","0","0","0","0","0","0","1","0","","02","9","2016","7","40.378535","-80.161328","","11","1","0","0","0","0","0","1","0","","0","0","0","","","1","","2","","40 22:42.727","","0","80 09:40.781","3","0","0","0","2119","0","0","0","N","0","0","0","6","02119","0","","1.0","","1","N","N","","0","","1","0","0","","3","","","2","1","0","0","0","0","0","2","0","2","","","","N","","","","","","","","","",""
"2016111400","","1","0","0","0","0","0","0","0","0","7","0","","02","10","2016","5","40.43676","-79.994639","","11","0","0","1","0","0","0","0","0","","0","0","0","","","1","","0","","40 26:12.335","","2","79 59:40.701","3","0","0","0","2301","0","0","0","N","0","0","0","1","02301","0","","4.0","","9","N","N","","0","","1","0","0","","0","","","1","1","0","0","0","0","0","2","0","1","","","","N","","","","","","","","","",""
"2016123197","","2","0","0","0","0","0","0","0","0","4","0","","02","11","2016","4","40.380571","-79.977068","","11","0","0","0","0","0","0","0","0","","0","0","0","","","0","","2","","40 22:50.055","","0","79 58:37.444","0","0","0","0","2413","0","0","0","N","0","0","0","3","02413","0","","1.0","","1","N","N","","0","","0","0","0","","3","","","2","0","0","0","0","0","0","2","0","2","","","","N","","","","","","","","","",""
"2016095456","","1","0","0","0","0","0","0","0","0","6","0","","02","9","2016","7","40.333537","-80.133396","","11","0","0","0","0","0","0","0","0","","0","0","0","","","0","","2","","40 20:00.732","","0","80 08:00.226","0","0","0","0","2119","0","0","0","N","0","0","0","2","02119","0","","1.0","","1","N","N","","0","","0","0","1","","3","","","2","0","0","0","0","0","0","2","0","2","","","","N","","","","","","","","","",""
"2016093168","","2","0","0","0","0","0","0","0","0","4","0","","02","9","2016","7","40.290658","-79.913337","","11","0","0","0","0","0","1","0","0","","0","0","0","","","0","","2","","40 17:26.370","","0","79 54:48.014","0","0","0","0","2440","0","0","0","N","0","0","0","3","02440","0","","1.0","","1","N","N","","0","","0","0","0","","0","","","2","0","0","0","0","0","0","2","0","2","","","","N","","","","","","","","","",""