"CRN","ARRIVAL_TM","AUTOMOBILE_COUNT","BELTED_DEATH_COUNT","BELTED_SUSP_SERIOUS_INJ_COUNT","BICYCLE_COUNT","BICYCLE_DEATH_COUNT","BICYCLE_SUSP_SERIOUS_INJ_COUNT","BUS_COUNT","CHLDPAS_DEATH_COUNT","CHLDPAS_SUSP_SERIOUS_INJ_COUNT","COLLISION_TYPE","COMM_VEH_COUNT","CONS_ZONE_SPD_LIM","COUNTY","CRASH_MONTH","CRASH_YEAR","DAY_OF_WEEK","DEC_LATITUDE","DEC_LONGITUDE","DISPATCH_TM","DISTRICT","DRIVER_COUNT_16YR","DRIVER_COUNT_17YR","DRIVER_COUNT_18YR","DRIVER_COUNT_19YR","DRIVER_COUNT_20YR","DRIVER_COUNT_50_64YR","DRIVER_COUNT_65_74YR","DRIVER_COUNT_75PLUS","EST_HRS_CLOSED","FATAL_COUNT","HEAVY_TRUCK_COUNT","HORSE_BUGGY_COUNT","HOUR_OF_DAY","ILLUMINATION","INJURY_COUNT","INTERSECTION_RELATED","INTERSECT_TYPE","LANE_CLOSED","LATITUDE","LN_CLOSE_DIR","LOCATION_TYPE","LONGITUDE","MAX_SEVERITY_LEVEL","MCYCLE_DEATH_COUNT","MCYCLE_SUSP_SERIOUS_INJ_COUNT","MOTORCYCLE_COUNT","MUNICIPALITY","NONMOTR_COUNT","NONMOTR_DEATH_COUNT","NONMOTR_SUSP_SERIOUS_INJ_COUNT","NTFY_HIWY_MAINT","PED_COUNT","PED_DEATH_COUNT","PED_SUSP_SERIOUS_INJ_COUNT","PERSON_COUNT","POLICE_AGCY","POSSIBLE_INJ_COUNT","RDWY_SURF_TYPE_CD","RELATION_TO_ROAD","ROADWAY_CLEARED","ROAD_CONDITION","SCH_BUS_IND","SCH_ZONE_IND","SECONDARY_CRASH","SMALL_TRUCK_COUNT","SPEC_JURIS_CD","SUSP_MINOR_INJ_COUNT","SUSP_SERIOUS_INJ_COUNT","SUV_COUNT","TCD_FUNC_CD","TCD_TYPE","TFC_DETOUR_IND","TIME_OF_DAY","TOTAL_UNITS","TOT_INJ_COUNT","UNBELTED_OCC_COUNT","UNB_DEATH_COUNT","UNB_SUSP_SERIOUS_INJ_COUNT","UNK_INJ_DEG_COUNT","UNK_INJ_PER_COUNT","URBAN_RURAL","VAN_COUNT","VEHICLE_COUNT","WEATHER1","WEATHER2","WORKERS_PRES","WORK_ZONE_IND","WORK_ZONE_LOC","WORK_ZONE_TYPE","WZ_CLOSE_DETOUR","WZ_FLAGGER","WZ_LAW_OFFCR_IND","WZ_LN_CLOSURE","WZ_MOVING","WZ_OTHER","WZ_SHLDER_MDN","WZ_WORKERS_INJ_KILLED"
"2016130490","","0","0","0","0","0","0","0","0","0","7","0","","02","12","2016","6","40.523029","-80.149409","","11","0","0","0","0","0","0","0","0","2","0","0","0","","","0","","0","","40 31:22.903","1","0","80 08:57.873","0","0","0","0","2434","0","0","0","","0","0","0","1","68B03","0","","5.0","","1","N","N","","0","","0","0","1","","0","N","","1","0","0","0","0","0","0","2","0","1","","","","N","","","","","","","","","",""
"2016122854","","3","0","0","0","0","0","0","0","0","1","0","","02","11","2016","3","40.478908","-80.043019","","11","0","0","0","0","0","0","0","1","","0","0","0","","","0","","1","","40 28:44.067","","0","80 02:34.868","0","0","0","0","2301","0","0","0","N","0","0","0","3","02301","0","","1.0","","9","N","N","","0","","0","0","0","","0","","","3","0","0","0","0","0","0","2","0","3","","","","N","","","","","","","","","",""
"2016106570","","2","0","0","0","0","0","0","0","0","4","0","","02","10","2016","3","40.288464","-79.827689","","11","1","0","0","0","0","0","0","0","","0","0","0","","","0","","2","","40 17:18.470","","0","79 49:39.680","0","0","0","0","2105","0","0","0","N","0","0","0","4","02105","0","","1.0","","1","N","N","","0","","0","0","0","","3","","","2","0","0","0","0","0","0","2","0","2","","","","N","","","","","","","","","",""
"2016106844","","2","0","0","0","0","0","0","0","0","1","0","","02","10","2016","6","40.396242","-79.998126","","11","0","0","0","0","0","1","0","0","","0","0","0","","","1","","2","","40 23:46.470","","0","79 59:53.254","8","0","0","0","2301","0","0","0","N","0","0","0","3","02301","0","","1.0","","1","N","N","","0","","0","0","1","","2","","","3","1","0","0","0","1","0","2","0","3","","","","N","","","","","","","","","",""
"2016103428","","1","0","0","0","0","0","0","0","0","7","0","","02","10","2016","7","40.419388","-80.029706","","11","0","0","0","0","0","1","0","0","3","0","0","0","","","0","","0","","40 25:09.795","1","0","80 01:46.940","0","0","0","0","2301","0","0","0","N","0","0","0","1","02301","0","","1.0","","9","N","N","","0","","0","0","0","","0","N","","1","0","0","0","0","0","0","2","0","1","","","","N","","","","","","","","","",""
"2016096232","","1","0","1","0","0","0","0","0","0","2","0","","02","9","2016","3","40.642563","-80.067367","","11","0","0","0","0","0","1","1","0","4","1","0","0","","","1","","1","","40 38:33.228","2","0","80 04:02.520","1","0","0","0","2216","0","0","0","N","0","0","0","2","02505","0","2","1.0","","1","N","N","","0","0","0","1","1","","2","Y","","2","1","1","1","0","0","0","2","0","2","","","","N","","","","","","","","","",""
"2016120329","","1","0","0","0","0","0","0","0","0","4","1","","02","11","2016","4","40.336494","-79.948619","","11","0","0","0","0","0","1","0","1","","0","1","0","","","1","","0","","40 20:11.378","","0","79 56:55.030","8","0","0","0","2454","0","0","0","N","0","0","0","2","02454","0","","1.0","","1","N","N","","0","","0","0","0","","0","","","2","1","0","0","0","1","0","2","0","2","","","","N","","","","","","","","","",""
"2016092845","","1","0","0","0","0","0","0","0","0","4","0","","02","9","2016","7","40.360833","-80.028139","","11","0","0","0","0","0","1","0","0","","0","0","0","","","0","","9","","40 21:39.000","","0","80 01:41.300","0","0","0","0","2416","0","0","0","N","0","0","0","5","02503","0","","1.0","","1","N","N","","0","","0","0","0","","5","","","2","0","0","0","0","0","0","2","0","2","","","","N","","","","","","","","","",""
"2016124222","","1","0","0","0","0","0","0","0","0","4","0","","02","11","2016","2","40.322195","-80.056712","","11","0","0","0","0","0","0","0","1","","0","0","0","","","0","","1","","40 19:19.902","","0","80 03:24.163","0","0","0","0","2407","0","0","0","","0","0","0","3","02407","0","","1.0","","1","N","N","","0","","0","0","1","","3","","","2","0","0","0","0","0","0","2","0","2","","","","N","","","","","","","","","",""
"2016102736","","2","0","0","0","0","0","0","0","0","1","0","","02","10","2016","4","40.448271","-80.004288","","11","0","0","0","0","0","1","0","0","","0","0","0","","","0","","1","","40 26:53.775","","0","80 00:15.436","0","0","0","0","2301","0","0","0","N","0","0","0","3","02301","0","","1.0","","1","N","N","","0","","0","0","0","","2","","","2","0","0","0","0","0","0","2","0","2","","","","N","","","","","","","","","",""
"2016125662","","0","0","0","0","0","0","0","0","0","1","0","","02","11","2016","3","40.425909","-79.898518","","11","0","0","0","0","0","0","0","0","","0","0","0","","","0","","0","","40 25:33.271","","0","79 53:54.666","0","0","0","0","2301","0","0","0","","0","0","0","2","68B03","0","","1.0","","1","N","N","","0","","0","0","1","","0","","","2","0","0","0","0","0","0","2","1","2","","","","N","","","","","","","","","",""
"2016104789","","1","0","0","0","0","0","0","0","0","7","0","","02","10","2016","4","40.451376","-80.019646","","11","0","0","0","0","0","0","0","0","","0","0","0","","","1","","0","","40 27:04.952","","0","80 01:10.724","8","0","0","0","2301","0","0","0","N","0","0","0","1","02301","0","","5.0","","1","N","N","","0","","0","0","0","","0","","","1","1","0","0","0","1","0","2","0","1","","","","N","","","","","","","","","",""
"2016102406","","1","0","0","0","0","0","0","0","0","4","0","","02","10","2016","4","40.427506","-80.023266","","11","0","0","0","0","0","0","0","1","","0","0","0","","","0","","2","","40 25:39.023","","0","80 01:23.759","0","0","0","0","2301","0","0","0","N","0","0","0","2","02301","0","","1.0","","1","N","N","","1","","0","0","0","","0","","","2","0","0","0","0","0","0","2","0","2","","","","N","","","","","","","","","",""
"2016104359","","2","0","0","0","0","0","0","0","0","1","0","","02","10","2016","2","40.492024","-80.110098","","11","0","0","0","0","0","0","0","0","2","0","0","0","","","0","","2","","40 29:31.288","1","0","80 06:36.353","0","0","0","0","2126","0","0","0","N","0","0","0","3","02126","0","","1.0","","1","N","N","","0","","0","0","0","","0","N","","2","0","0","0","0","0","0","2","0","2","","","","N","","","","","","","","","",""
"2016092809","","1","0","0","0","0","0","0","0","0","4","0","","02","9","2016","7","40.442277","-79.917177","","11","0","0","0","0","0","0","0","0","","0","0","0","","","0","","1","","40 26:32.197","","0","79 55:01.837","0","0","0","0","2301","0","0","0","N","0","0","0","2","02301","0","","1.0","","1","N","N","","0","","0","0","1","","2","","","2","0","0","0","0","0","0","2","0","2","","","","N","","","","","","","","","",""
"2016123856","","1","0","0","0","0","0","0","0","0","1","0","","02","10","2016","5","40.521184","-80.005324","","11","0","0","0","0","0","0","0","0","1","0","0","0","","","0","","0","","40 31:16.264","1","0","80 00:19.165","0","0","0","0","2116","0","0","0","N","0","0","0","2","02116","0","","1.0","","1","N","N","","0","","0","0","1","","0","N","","2","0","0","0","0","0","0","2","0","2","","","","N","","","","","","","","","",""
"2016081771","","3","0","0","0","0","0","0","0","0","1","0","","02","8","2016","3","40.387119","-80.054728","","11","0","0","0","0","0","0","3","0","","0","0","0","","","1","","0","","40 23:13.630","","0","80 03:17.019","8","0","0","0","2109","0","0","0","","0","0","0","4","02109","0","","1.0","","1","N","N","","0","","0","0","1","","0","","","4","1","0","0","0","1","0","2","0","4","","","","N","","","","","","","","","",""
"2016103612","","3","0","0","0","0","0","0","0","0","5","0","","02","10","2016","6","40.503573","-80.081082","","11","0","0","0","0","0","0","0","0","2","0","0","0","","","1","","2","","40 30:12.861","2","0","80 04:51.896","4","0","0","0","2405","0","0","0","N","0","0","0","6","02215","1","","1.0","","9","N","N","","0","","0","0","0","","0","N","","3","1","0","0","0","0","0","2","0","3","","","","N","","","","","","","","","",""
"2016106460","","2","0","0","0","0","0","0","0","0","5","0","","02","10","2016","6","40.383551","-79.99572","","11","0","0","0","0","0","0","0","0","","0","0","0","","","0","","2","","40 23:00.784","","0","79 59:44.593","0","0","0","0","2301","0","0","0","N","0","0","0","2","02301","0","","1.0","","1","N","N","","0","","0","0","0","","3","","","2","0","0","0","0","0","0","2","0","2","","","","N","","","","","","","","","",""
"2016102481","","0","0","0","0","0","0","0","0","0","1","0","","02","10","2016","4","40.389703","-79.933398","","11","0","0","0","0","0","0","0","0","","0","0","0","","","0","","0","","40 23:22.931","","0","79 56:00.231","0","0","0","0","2301","0","0","0","N","0","0","0","3","02301","0","","1.0","","1","N","N","","0","","0","0","1","","0","","","2","0","0","0","0","0","0","2","1","2","","","","N","","","","","","","","","",""
"2016091699","","2","0","0","0","0","0","0","0","0","5","0","","02","9","2016","4","40.344908","-79.795499","","11","0","0","0","0","0","1","0","0","2","0","0","0","","","1","","0","","40 20:41.669","1","0","79 47:43.796","3","0","0","0","2477","0","0","0","N","0","0","0","4","02477","0","","1.0","","1","N","N","","0","","1","0","1","","0","Y","","3","1","0","0","0","0","0","2","0","3","","","","N","","","","","","","","","",""
"2016131466","","2","0","0","0","0","0","0","0","0","1","0","","02","12","2016","7","40.497263","-79.923913","","11","0","0","0","0","0","0","0","0","2","0","0","0","","","0","","0","","40 29:50.148","1","0","79 55:26.087","0","0","0","0","2112","0","0","0","","0","0","0","2","68D02","0","","1.0","","1","N","N","","0","","0","0","0","","0","Y","","2","0","0","0","0","0","0","2","0","2","","","","N","","","","","","","","","",""
"2016105474","","2","0","0","0","0","0","0","0","0","1","0","","02","10","2016","4","40.485642","-80.052888","","11","0","0","0","0","1","1","0","0","2","0","0","0","","","3","","0","","40 29:08.312","1","0","80 03:10.395","3","0","0","0","2404","0","0","0","N","0","0","0","4","02404","2","","1.0","","1","N","N","","0","","1","0","1","","0","N","","3","3","0","0","0","0","0","2","0","3","","","","N","","","","","","","","","",""
"2016131467","","1","0","0","0","0","0","0","0","0","7","0","","02","12","2016","1","40.439539","-80.00963","","11","0","0","0","0","0","0","0","0","","0","0","0","","","0","","0","","40 26:22.341","","0","80 00:34.669","0","0","0","0","2301","0","0","0","","0","0","0","1","68B03","0","","5.0","","7","N","N","","0","","0","0","0","","0","","","1","0","0","0","0","0","0","2","0","1","","","","N","","","","","","","","","",""
"2016103402","","1","0","0","0","0","0","0","0","0","1","0","","02","10","2016","6","40.463723","-80.028516","","11","0","0","0","0","0","0","0","0","1","0","0","0","","","0","","1","","40 27:49.403","2","4","80 01:42.658","0","0","0","0","2301","0","0","0","N","0","0","0","4","02301","0","","1.0","","9","N","N","","0","","0","0","1","","2","N","","2","0","0","0","0","0","0","2","0","2","","","","N","","","","","","","","","",""
"2016092916","","2","0","0","0","0","0","0","0","0","1","0","","02","9","2016","6","40.426769","-80.021984","","11","0","0","0","0","0","0","0","0","","0","0","0","","","2","","0","","40 25:36.368","","0","80 01:19.143","3","0","0","0","2301","0","0","0","N","0","0","0","3","02301","1","","4.0","","1","N","N","","0","","1","0","1","","0","","","3","2","0","0","0","0","0","2","0","3","","","","N","","","","","","","","","",""
"2016110451","","1","0","0","0","0","0","0","0","0","5","0","","02","10","2016","1","40.652466","-80.055974","","11","0","0","0","0","0","0","1","0","2","0","0","0","","","0","","0","","40 39:08.879","4","0","80 03:21.507","0","0","0","0","2216","0","0","0","","0","0","0","2","68T02","0","","1.0","","1","N","N","","0","","0","0","0","","0","Y","","2","0","0","0","0","0","0","2","1","2","","","","N","","","","","","","","","",""
"2016111909","","3","0","0","0","0","0","0","0","0","1","0","","02","10","2016","5","40.43754","-79.863882","","11","0","0","0","0","0","1","1","0","","0","0","0","","","0","","0","","40 26:15.144","","0","79 51:49.974","0","0","0","0","2478","0","0","0","","0","0","0","3","68B03","0","","1.0","","1","N","N","","0","","0","0","0","","0","","","3","0","0","0","0","0","0","2","0","3","","","","N","","","","","","","","","",""
"2016104678","","2","0","0","0","0","0","0","0","0","1","0","","02","10","2016","4","40.548739","-80.120756","","11","0","0","1","0","1","1","1","0","","0","0","0","","","0","","0","","40 32:55.460","","0","80 07:14.723","0","0","0","0","2460","0","0","0","","0","0","0","4","68B01","0","","1.0","","1","N","N","","1","","0","0","1","","0","","","4","0","0","0","0","0","0","2","0","4","","","","N","","","","","","","","","",""
"2016104000","","2","0","0","0","0","0","0","0","0","1","0","","02","10","2016","1","40.519978","-79.760474","","11","0","0","0","0","0","0","0","1","1","0","0","0","","","1","","0","","40 31:11.922","4","0","79 45:37.705","4","0","0","0","2466","0","0","0","N","0","0","0","4","02466","1","","1.0","","1","N","N","","0","","0","0","0","","0","N","","2","1","0","0","0","0","0","1","0","2","","","","N","","","","","","","","","",""
"2016124114","","1","0","0","0","0","0","0","0","0","1","0","","02","11","2016","7","40.456904","-79.758798","","11","0","0","0","0","0","0","1","0","1","0","0","0","","","1","","2","","40 27:24.855","1","0","79 45:31.673","4","0","0","0","2446","0","0","0","N","0","0","0","2","02446","1","","1.0","","1","N","N","","1","","0","0","0","","0","N","","2","1","0","0","0","0","0","2","0","2","","","","N","","","","","","","","","",""
"2016111627","","0","0","0","0","0","0","0","0","0","1","0","","02","10","2016","2","40.434742","-80.018977","","11","0","0","0","0","0","2","0","0","1","0","0","0","","","3","","0","","40 26:05.070","3","4","80 01:08.318","8","0","0","0","2301","0","0","0","","0","0","0","7","68B03","0","","1.0","","1","N","N","","2","","0","0","2","","0","N","","4","3","0","0","0","3","0","2","0","4","","","","N","","","","","","","","","",""
"2016103512","","0","0","0","0","0","0","0","0","0","2","0","","02","10","2016","6","40.407559","-80.051357","","11","0","0","0","0","0","2","0","0","2","0","0","0","","","4","","0","","40 24:27.212","5","0","80 03:04.885","3","0","0","0","2435","0","0","0","N","0","0","0","4","02435","2","","1.0","","1","N","N","","0","","2","0","2","","0","Y","","3","4","0","0","0","0","0","2","1","3","","","","N","","","","","","","","","",""
"2016124997","","2","0","0","0","0","0","0","0","0","4","0","","02","11","2016","7","40.525503","-80.224471","","11","0","0","0","0","0","0","1","0","","0","0","0","","","0","","2","","40 31:31.812","","0","80 13:28.094","0","0","0","0","2213","0","0","0","","0","0","0","3","02213","0","","1.0","","1","N","N","","0","","0","0","1","","2","","","3","0","0","0","0","0","0","2","0","3","","","","N","","","","","","","","","",""
"2016091344","","1","0","0","0","0","0","0","0","0","1","0","","02","9","2016","3","40.431007","-80.028173","","11","0","0","0","0","0","0","0","0","","0","0","0","","","1","","6","","40 25:51.624","","2","80 01:41.422","3","0","0","0","2301","0","0","0","N","0","0","0","3","02301","0","","1.0","","1","N","N","","0","","1","0","1","","4","","","2","1","0","0","0","0","1","2","0","2","","","","N","","","","","","","","","",""
"2016103393","","1","0","0","0","0","0","0","0","0","8","0","","02","10","2016","6","40.351889","-79.862192","","11","0","0","0","0","0","0","0","0","1","0","0","0","","","1","","1","","40 21:06.799","7","0","79 51:43.890","8","0","0","0","2304","1","0","0","N","1","0","0","3","02304","0","","1.0","","9","N","N","","0","","0","0","0","","2","Y","","2","1","0","0","0","1","0","2","0","1","","","","N","","","","","","","","","",""
"2016104926","","0","0","0","0","0","0","0","0","0","6","0","","02","10","2016","4","40.422631","-79.984984","","11","0","0","0","0","0","0","0","0","","0","0","0","","","0","","2","","40 25:21.471","","0","79 59:05.942","0","0","0","0","2301","0","0","0","N","0","0","0","2","02301","0","","1.0","","1","N","N","","0","","0","0","2","","0","","","2","0","0","0","0","0","0","2","0","2","","","","N","","","","","","","","","",""
"2016120175","","1","0","0","0","0","0","0","0","0","4","0","","02","11","2016","6","40.664155","-79.93431","","11","0","0","0","0","0","0","0","0","1","0","0","0","","","0","","1","","40 39:50.957","1","0","79 56:03.516","0","0","0","0","2217","0","0","0","N","0","0","0","3","02505","0","","1.0","","1","N","N","","0","","0","0","1","","2","Y","","2","0","0","0","0","0","0","1","0","2","","","","N","","","","","","","","","",""
"2016092923","","1","0","0","0","0","0","0","0","0","4","0","","02","9","2016","5","40.591264","-79.948095","","11","0","0","0","0","0","0","0","0","2","0","0","0","","","0","","2","","40 35:28.551","3","7","79 56:53.143","0","0","0","0","2207","0","0","0","N","0","0","0","3","02207","0","","1.0","","9","N","N","","0","","0","0","1","","2","N","","2","0","0","0","0","0","0","2","0","2","","","","N","","","","","","","","","",""
"2016112621","","2","0","0","0","0","0","0","0","0","1","0","","02","10","2016","4","40.369387","-79.910931","","11","0","0","0","0","0","0","0","0","1","0","0","0","","","0","","0","","40 22:09.792","3","0","79 54:39.351","0","0","0","0","2301","0","0","0","N","0","0","0","5","02301","0","","1.0","","1","N","N","","0","","0","0","1","","0","N","","3","0","0","0","0","0","0","2","0","3","","","","N","","","","","","","","","",""
"2016111631","","1","0","0","0","0","0","0","0","0","7","0","","02","10","2016","7","40.431493","-79.958642","","11","0","0","0","0","0","0","0","0","","0","0","0","","","0","","0","","40 25:53.374","","0","79 57:31.110","0","0","0","0","2301","0","0","0","","0","0","0","1","68B03","0","","4.0","","9","N","N","","0","","0","0","0","","0","","","1","0","0","0","0","0","0","2","0","1","","","","N","","","","","","","","","",""
"2016104829","","1","0","0","0","0","0","0","0","0","1","0","","02","10","2016","4","40.375231","-80.102772","","11","0","0","0","0","0","0","1","0","1","0","0","0","","","2","","0","","40 22:30.830","2","0","80 06:09.979","8","0","0","0","2102","0","0","0","","0","0","0","4","68B03","0","","1.0","","1","N","N","","0","","0","0","2","","0","Y","","3","2","0","0","0","2","0","2","0","3","","","","N","","","","","","","","","",""
"2016103429","","0","0","0","0","0","0","0","0","0","7","0","","02","10","2016","6","40.454511","-80.223403","","11","0","0","0","0","0","0","0","0","2","0","0","0","","","1","","0","","40 27:16.239","6","0","80 13:24.250","3","0","0","0","2214","0","0","0","N","0","0","0","1","02214","0","","5.0","","9","N","N","","0","","1","0","1","","0","N","","1","1","0","0","0","0","0","2","0","1","","","","N","","","","","","","","","",""
"2016108323","","1","0","0","0","0","0","0","0","0","1","0","","02","10","2016","7","40.333143","-80.125283","","11","0","0","0","0","0","0","0","0","","0","0","0","","","1","","0","","40 19:59.314","","0","80 07:31.018","4","0","0","0","2119","0","0","0","N","0","0","0","1","02119","1","","2.0","","1","N","N","","0","","0","0","0","","0","","","2","1","0","0","0","0","0","2","0","2","","","","N","","","","","","","","","",""
"2016103389","","2","0","0","0","0","0","0","0","0","2","0","","02","10","2016","6","40.454368","-79.947671","","11","0","0","0","0","0","0","0","0","1","0","0","0","","","0","","1","","40 27:15.725","6","0","79 56:51.617","0","0","0","0","2301","0","0","0","","0","0","0","2","02301","0","","1.0","","9","","","","0","","0","0","0","","2","N","","2","0","0","0","0","0","0","2","0","2","","","","N","","","","","","","","","",""
"2016091511","","1","0","0","0","0","0","0","0","0","1","0","","02","9","2016","4","40.477396","-80.066352","","11","0","0","1","0","0","0","0","0","1","0","0","0","","","2","","0","","40 28:38.625","5","0","80 03:58.866","3","0","0","0","2122","0","0","0","N","0","0","0","3","02122","0","","1.0","","1","N","N","","1","","2","0","0","","0","N","","2","2","0","0","0","0","0","2","0","2","","","","N","","","","","","","","","",""
"2016110828","","0","0","0","0","0","0","0","0","0","7","0","","02","10","2016","1","40.414306","-79.99225","","11","0","0","0","0","0","0","0","0","","0","0","0","","","1","","0","","40 24:51.500","","0","79 59:32.100","3","0","0","0","2301","0","0","0","N","0","0","0","1","02301","0","","2.0","","1","N","N","","0","","1","0","1","","0","","","1","1","0","0","0","0","0","2","0","1","","","","N","","","","","","","","","",""
"2016104157","","0","0","0","0","0","0","0","0","0","3","0","","02","10","2016","4","40.256639","-79.923514","","11","0","0","0","0","0","2","0","0","2","0","0","0","","","0","","0","","40 15:23.900","5","0","79 55:24.650","0","0","0","0","2440","0","0","0","N","0","0","0","2","02440","0","","1.0","","1","N","N","","0","","0","0","2","","0","Y","","2","0","0","0","0","0","0","2","0","2","","","","N","","","","","","","","","",""
"2016119790","","1","0","0","0","0","0","0","0","0","99","0","","02","11","2016","1","40.651936","-80.042676","","11","0","0","0","0","0","0","0","0","","0","0","0","","","0","","0","","40 39:06.969","","0","80 02:33.633","0","0","0","0","2216","0","0","0","","0","0","0","1","68T02","0","","1.0","","1","N","N","","0","","0","0","0","","0","","","1","0","0","0","0","0","0","2","0","1","","","","N","","","","","","","","","",""
"2016090686","","1","0","0","0","0","0","0","0","0","7","0","","02","9","2016","1","40.404641","-79.869731","","11","0","0","0","0","0","0","1","0","","0","0","0","","","1","","2","","40 24:16.707","","0","79 52:11.031","3","0","0","0","2410","0","0","0","N","0","0","0","1","02410","0","","4.0","","1","N","N","","0","","1","0","0","","3","","","1","1","0","0","0","0","0","2","0","1","","","","N","","","","","","","","","",""
"2016091564","","0","0","0","0","0","0","0","0","0","8","0","","02","9","2016","4","40.439811","-79.959355","","11","0","0","0","0","0","1","0","0","1","0","0","0","","","1","","1","","40 26:23.319","3","0","79 57:33.678","4","0","0","0","2301","1","0","0","N","1","0","0","2","02301","1","","1.0","","1","N","N","","1","","0","0","0","","2","N","","2","1","0","0","0","0","0","2","0","1","","","","N","","","","","","","","","",""
"2016094594","","0","0","0","0","0","0","0","0","0","1","0","","02","9","2016","3","40.438871","-79.760628","","11","0","0","0","0","0","1","0","0","","0","0","0","","","0","","1","","40 26:19.934","","0","79 45:38.259","0","0","0","0","2446","0","0","0","N","0","0","0","2","02446","0","","1.0","","1","N","N","","1","","0","0","0","","2","","","2","0","2","0","0","0","0","2","1","2","","","","N","","","","","","","","","",""
"2016122219","","1","0","0","0","0","0","0","0","0","7","0","","02","11","2016","1","40.501223","-80.123084","","11","0","1","0","0","0","0","0","0","","0","0","0","","","0","","0","","40 30:04.402","","0","80 07:23.103","0","0","0","0","2115","0","0","0","","0","0","0","1","68B03","0","","4.0","","9","N","N","","0","","0","0","0","","0","","","1","0","0","0","0","0","0","2","0","1","","","","N","","","","","","","","","",""
"2016103387","","3","0","0","0","0","0","0","0","0","4","0","","02","10","2016","6","40.460741","-79.866339","","11","0","0","0","0","0","0","1","0","2","0","0","0","","","0","","0","","40 27:38.668","1","0","79 51:58.821","0","0","0","0","2113","0","0","0","N","0","0","0","6","02113","0","","1.0","","9","N","N","","0","","0","0","1","","0","N","","4","0","0","0","0","0","0","2","0","4","","","","N","","","","","","","","","",""
"2016103431","","1","0","0","0","0","0","0","0","0","8","0","","02","10","2016","7","40.516187","-79.843319","","11","0","0","0","0","0","1","0","0","","0","0","0","","","1","","1","","40 30:58.272","","0","79 50:35.949","8","0","0","0","2451","1","0","0","N","1","0","0","2","02451","0","","1.0","","9","N","N","","0","","0","0","0","","3","","","2","1","0","0","0","1","0","2","0","1","","","","N","","","","","","","","","",""
"2016122269","","1","0","0","0","0","0","0","0","0","7","0","","02","11","2016","1","40.32778","-79.891985","","11","0","0","0","0","0","0","0","0","","0","0","0","","","0","","0","","40 19:40.008","","0","79 53:31.145","0","0","0","0","2433","0","0","0","N","0","0","0","1","02433","0","","2.0","","1","N","N","","0","","0","0","0","","0","","","1","0","1","0","0","0","0","2","0","1","","","","N","","","","","","","","","",""
"2016091502","","1","0","0","0","0","0","0","0","0","1","0","","02","9","2016","3","40.485183","-79.856869","","11","0","0","0","0","0","0","1","0","2","0","0","0","","","1","","2","","40 29:06.657","4","0","79 51:24.730","3","0","0","0","2113","0","0","0","N","0","0","0","2","02113","0","","1.0","","1","N","N","","0","","1","0","1","","2","Y","","2","1","0","0","0","0","0","2","0","2","","","","N","","","","","","","","","",""
"2016122222","","1","0","0","0","0","0","0","0","0","7","0","","02","11","2016","1","40.448685","-80.007094","","11","0","0","0","0","0","0","0","0","","0","0","0","","","0","","0","","40 26:55.266","","0","80 00:25.539","0","0","0","0","2301","0","0","0","","0","0","0","1","68B03","0","","4.0","","9","N","N","","0","","0","0","0","","0","","","1","0","0","0","0","0","0","2","0","1","","","","N","","","","","","","","","",""
"2016105390","","1","0","0","0","0","0","0","0","0","5","0","","02","10","2016","5","40.424724","-79.984203","","11","0","0","0","0","0","0","0","0","","0","0","0","","","0","","0","","40 25:29.006","","0","79 59:03.130","0","0","0","0","2301","0","0","0","N","0","0","0","1","02301","0","","4.0","","98","N","N","","0","","0","0","1","","0","","","3","0","0","0","0","0","0","2","0","3","","","","N","","","","","","","","","",""
"2016091508","","0","0","0","0","0","0","0","0","0","6","0","","02","9","2016","4","40.477901","-79.846159","","11","0","0","0","0","0","1","0","0","","0","0","0","","","2","","0","","40 28:40.442","","0","79 50:46.171","8","0","0","0","2113","0","0","0","N","0","0","0","2","02113","0","","1.0","","1","N","N","","0","","0","0","2","","0","","","2","2","0","0","0","2","0","2","0","2","","","","N","","","","","","","","","",""
"2016092813","","2","0","0","0","0","0","0","0","0","1","0","","02","9","2016","7","40.4405","-80.034556","","11","0","0","0","0","0","0","0","0","","0","0","0","","","0","","0","","40 26:25.800","","0","80 02:04.400","9","0","0","0","2301","0","0","0","N","0","0","0","2","02301","0","","1.0","","1","N","N","","0","","0","0","0","","0","","","2","0","1","0","0","0","1","2","0","2","","","","N","","","","","","","","","",""
"2016101200","","0","0","0","0","0","0","0","0","0","1","0","","02","10","2016","7","40.613986","-79.945905","","11","0","0","0","0","0","0","0","0","","0","0","0","","","2","","0","","40 36:50.351","","0","79 56:45.258","4","0","0","0","2207","0","0","0","N","0","0","0","4","02207","2","","1.0","","1","N","N","","0","","0","0","2","","0","","","2","2","0","0","0","0","0","2","0","2","","","","N","","","","","","","","","",""
"2016109074","","2","0","0","0","0","0","0","0","0","6","0","","02","10","2016","6","40.393197","-79.80981","","11","0","0","0","0","0","0","0","0","","0","0","0","","","1","","0","","40 23:35.509","","0","79 48:35.316","8","0","0","0","2111","0","0","0","N","0","0","0","2","02111","0","","1.0","","9","N","N","","0","","0","0","0","","0","","","2","1","0","0","0","1","1","2","0","2","","","","N","","","","","","","","","",""