"CRN","ARRIVAL_TM","AUTOMOBILE_COUNT","BELTED_DEATH_COUNT","BELTED_SUSP_SERIOUS_INJ_COUNT","BICYCLE_COUNT","BICYCLE_DEATH_COUNT","BICYCLE_SUSP_SERIOUS_INJ_COUNT","BUS_COUNT","CHLDPAS_DEATH_COUNT","CHLDPAS_SUSP_SERIOUS_INJ_COUNT","COLLISION_TYPE","COMM_VEH_COUNT","CONS_ZONE_SPD_LIM","COUNTY","CRASH_MONTH","CRASH_YEAR","DAY_OF_WEEK","DEC_LATITUDE","DEC_LONGITUDE","DISPATCH_TM","DISTRICT","DRIVER_COUNT_16YR","DRIVER_COUNT_17YR","DRIVER_COUNT_18YR","DRIVER_COUNT_19YR","DRIVER_COUNT_20YR","DRIVER_COUNT_50_64YR","DRIVER_COUNT_65_74YR","DRIVER_COUNT_75PLUS","EST_HRS_CLOSED","FATAL_COUNT","HEAVY_TRUCK_COUNT","HORSE_BUGGY_COUNT","HOUR_OF_DAY","ILLUMINATION","INJURY_COUNT","INTERSECTION_RELATED","INTERSECT_TYPE","LANE_CLOSED","LATITUDE","LN_CLOSE_DIR","LOCATION_TYPE","LONGITUDE","MAX_SEVERITY_LEVEL","MCYCLE_DEATH_COUNT","MCYCLE_SUSP_SERIOUS_INJ_COUNT","MOTORCYCLE_COUNT","MUNICIPALITY","NONMOTR_COUNT","NONMOTR_DEATH_COUNT","NONMOTR_SUSP_SERIOUS_INJ_COUNT","NTFY_HIWY_MAINT","PED_COUNT","PED_DEATH_COUNT","PED_SUSP_SERIOUS_INJ_COUNT","PERSON_COUNT","POLICE_AGCY","POSSIBLE_INJ_COUNT","RDWY_SURF_TYPE_CD","RELATION_TO_ROAD","ROADWAY_CLEARED","ROAD_CONDITION","SCH_BUS_IND","SCH_ZONE_IND","SECONDARY_CRASH","SMALL_TRUCK_COUNT","SPEC_JURIS_CD","SUSP_MINOR_INJ_COUNT","SUSP_SERIOUS_INJ_COUNT","SUV_COUNT","TCD_FUNC_CD","TCD_TYPE","TFC_DETOUR_IND","TIME_OF_DAY","TOTAL_UNITS","TOT_INJ_COUNT","UNBELTED_OCC_COUNT","UNB_DEATH_COUNT","UNB_SUSP_SERIOUS_INJ_COUNT","UNK_INJ_DEG_COUNT","UNK_INJ_PER_COUNT","URBAN_RURAL","VAN_COUNT","VEHICLE_COUNT","WEATHER1","WEATHER2","WORKERS_PRES","WORK_ZONE_IND","WORK_ZONE_LOC","WORK_ZONE_TYPE","WZ_CLOSE_DETOUR","WZ_FLAGGER","WZ_LAW_OFFCR_IND","WZ_LN_CLOSURE","WZ_MOVING","WZ_OTHER","WZ_SHLDER_MDN","WZ_WORKERS_INJ_KILLED"
"2016122075","","1","0","0","0","0","0","0","0","0","7","0","","02","10","2016","2","40.479467","-80.007597","","11","0","0","0","0","0","0","0","0","2","0","0","0","","","1","","0","","40 28:46.081","2","0","80 00:27.350","8","0","0","0","2301","0","0","0","","0","0","0","1","68B03","0","","4.0","","1","N","N","","0","","0","0","0","","0","N","","1","1","0","0","0","1","0","2","0","1","","","","N","","","","","","","","","",""
"2016110870","","1","0","0","0","0","0","0","0","0","1","0","","02","9","2016","7","40.449148","-80.003779","","11","0","0","1","0","0","1","0","0","1","0","0","0","","","1","","0","","40 26:56.931","1","0","80 00:13.606","3","0","0","0","2301","0","0","0","","0","0","0","3","68B03","0","","1.0","","1","N","N","","0","","1","0","1","","0","N","","3","1","0","0","0","0","0","2","1","3","","","","N","","","","","","","","","",""
"2016071589","","1","0","0","0","0","0","0","0","0","1","0","","02","7","2016","5","40.631963","-79.879259","","11","0","0","0","0","0","1","0","0","1","0","0","0","","","1","","2","","40 37:55.066","3","0","79 52:45.332","4","0","0","0","2220","0","0","0","N","0","0","0","2","02220","1","","1.0","","1","N","N","","1","","0","0","0","","0","N","","2","1","0","0","0","0","0","2","0","2","","","","N","","","","","","","","","",""
"2016095186","","2","0","0","0","0","0","0","0","0","4","0","","02","9","2016","6","40.639152","-80.064398","","11","0","0","0","0","0","0","1","1","1","0","0","0","","","0","","1","","40 38:20.948","2","0","80 03:51.832","0","0","0","0","2216","0","0","0","N","0","0","0","2","02505","0","","1.0","","1","N","N","","0","","0","0","0","","3","N","","2","0","0","0","0","0","0","2","0","2","","","","N","","","","","","","","","",""
"2016094749","","0","0","0","0","0","0","0","0","0","4","0","","02","9","2016","5","40.270458","-79.888796","","11","0","0","0","1","0","0","0","1","1","0","0","0","","","0","","1","","40 16:13.650","7","0","79 53:19.666","0","0","0","0","2428","0","0","0","N","0","0","0","3","02428","0","","1.0","","1","N","N","","2","","0","0","0","","3","Y","","2","0","0","0","0","0","0","2","0","2","","","","N","","","","","","","","","",""
"2016122097","","1","0","0","0","0","0","0","0","0","99","0","55","02","11","2016","1","40.540718","-80.272373","","11","0","0","0","0","0","0","0","0","1","0","0","0","","","0","","0","","40 32:26.585","3","0","80 16:20.544","0","0","0","0","2213","0","0","0","","0","0","0","1","68B03","0","","1.0","","1","N","N","","0","","0","0","0","","0","N","","1","0","0","0","0","0","0","1","0","1","","","N","Y","1","1","N","N","N","Y","N","N","N",""
"2016081643","","1","0","0","0","0","0","0","0","0","4","0","","02","8","2016","2","40.370375","-79.786261","","11","0","0","0","0","0","0","2","0","","0","0","0","","","1","","2","","40 22:13.350","","7","79 47:10.538","3","0","0","0","2111","0","0","0","N","0","0","0","2","02111","0","","1.0","","1","N","N","","1","","1","0","0","","2","","","2","1","1","0","0","0","0","2","0","2","","","","N","","","","","","","","","",""
"2016123613","","2","0","0","0","0","0","0","0","0","4","0","","02","11","2016","5","40.449156","-79.762252","","11","0","0","0","0","0","1","0","0","","0","0","0","","","1","","1","","40 26:56.961","","0","79 45:44.107","3","0","0","0","2446","0","0","0","N","0","0","0","2","02446","0","","1.0","","1","N","N","","0","","1","0","0","","3","","","2","1","0","0","0","0","0","2","0","2","","","","N","","","","","","","","","",""
"2016103577","","1","0","0","0","0","0","0","0","0","7","0","","02","10","2016","7","40.498861","-79.886222","","11","0","0","0","1","0","0","0","0","3","0","0","0","","","0","","2","","40 29:55.900","6","0","79 53:10.400","0","0","0","0","2432","0","0","0","N","0","0","0","2","02432","0","","4.0","","9","N","N","","0","","0","0","0","","0","Y","","1","0","0","0","0","0","0","2","0","1","","","","N","","","","","","","","","",""
"2016123699","","0","0","0","0","0","0","0","0","0","99","0","","02","11","2016","2","40.467761","-80.235974","","11","0","0","0","0","0","0","0","0","","0","0","0","","","0","","0","","40 28:03.940","","0","80 14:09.508","0","0","0","0","2203","0","0","0","","0","0","0","1","68B03","0","","1.0","","1","N","N","","0","","0","0","1","","0","","","1","0","0","0","0","0","0","2","0","1","","","","N","","","","","","","","","",""
"2016113888","","0","0","0","0","0","0","0","0","0","99","0","","02","10","2016","1","40.479619","-79.769512","","11","0","0","0","0","0","1","0","0","","0","0","0","","","0","","0","","40 28:46.629","","0","79 46:10.243","0","0","0","0","2466","0","0","0","","0","0","0","2","68T02","0","","1.0","","1","N","N","","0","","0","0","0","","0","","","1","0","0","0","0","0","0","2","1","1","","","","N","","","","","","","","","",""
"2016113655","","1","0","0","0","0","0","0","0","0","7","0","","02","10","2016","1","40.429161","-79.944191","","11","0","0","0","0","0","0","0","0","2","0","0","0","","","0","","0","","40 25:44.981","4","0","79 56:39.088","0","0","0","0","2301","0","0","0","","0","0","0","2","68B03","0","","4.0","","9","N","N","","0","","0","0","0","","0","N","","1","0","0","0","0","0","0","2","0","1","","","","N","","","","","","","","","",""
"2016106740","","1","0","0","0","0","0","0","0","0","2","0","","02","10","2016","7","40.455213","-79.874517","","11","0","0","0","0","0","0","0","0","2","0","0","0","","","0","","0","","40 27:18.766","2","0","79 52:28.261","0","0","0","0","2301","0","0","0","N","0","0","0","0","02301","0","","6.0","","1","N","N","","0","","0","0","0","","0","N","","2","0","0","0","0","0","0","2","0","2","","","","N","","","","","","","","","",""
"2016105335","","0","0","0","0","0","0","0","0","0","4","0","","02","10","2016","6","40.505458","-80.207549","","11","0","0","0","0","0","0","1","0","","0","0","0","","","1","","2","","40 30:19.650","","2","80 12:27.175","4","0","0","0","2213","0","0","0","","0","0","0","2","02213","1","","1.0","","1","N","N","","0","","0","0","2","","3","","","2","1","0","0","0","0","0","2","0","2","","","","N","","","","","","","","","",""
"2016094968","","2","0","0","0","0","0","0","0","0","4","0","","02","9","2016","5","40.428994","-80.097517","","11","0","0","0","0","0","2","0","0","","0","0","0","","","0","","1","","40 25:44.378","","0","80 05:51.061","0","0","0","0","2115","0","0","0","","0","0","0","2","02115","0","","1.0","","1","N","N","","0","","0","0","0","","3","","","2","0","0","0","0","0","0","2","0","2","","","","N","","","","","","","","","",""
"2016067791","","1","0","0","0","0","0","0","0","0","7","0","","02","7","2016","2","40.436036","-79.994814","","11","0","0","0","0","0","0","0","0","","0","0","0","","","0","","0","","40 26:09.731","","0","79 59:41.331","0","0","0","0","2301","0","0","0","N","0","0","0","1","02301","0","","1.0","","9","N","N","","0","","0","0","0","","0","","","1","0","0","0","0","0","0","2","0","1","","","","N","","","","","","","","","",""
"2016112675","","0","0","0","0","0","0","0","0","0","1","0","55","02","10","2016","3","40.532458","-80.272171","","11","0","0","0","0","0","0","0","0","","0","0","0","","","1","","0","","40 31:56.847","","0","80 16:19.815","3","0","0","0","2203","0","0","0","","0","0","0","3","68B03","0","","1.0","","1","N","N","","0","","1","0","2","","0","","","2","1","0","0","0","0","0","2","0","2","","","Y","Y","4","1","N","N","N","N","N","N","Y",""
"2016105426","","2","0","0","0","0","0","0","0","0","4","0","","02","9","2016","7","40.334176","-80.002683","","11","0","0","0","0","0","0","0","1","2","0","0","0","","","1","","1","","40 20:03.035","3","0","80 00:09.657","4","0","0","0","2407","0","0","0","","0","0","0","2","02407","1","","1.0","","1","N","N","","0","","0","0","0","","3","Y","","2","1","0","0","0","0","0","2","0","2","","","","N","","","","","","","","","",""
"2016094107","","1","0","0","0","0","0","0","0","0","1","0","","02","9","2016","3","40.429936","-80.028684","","11","0","0","1","0","1","0","0","0","","0","0","0","","","2","","3","","40 25:47.769","","2","80 01:43.261","3","0","0","0","2301","0","0","0","N","0","0","0","2","02301","0","","1.0","","1","N","N","","0","","1","0","1","","0","","","2","2","0","0","0","1","0","2","0","2","","","","N","","","","","","","","","",""
"2016093451","","2","0","0","0","0","0","0","0","0","1","0","","02","9","2016","2","40.323733","-79.784109","","11","0","0","0","0","0","0","0","0","","0","0","0","","","1","","0","","40 19:25.438","","0","79 47:02.791","8","0","0","0","2477","0","0","0","N","0","0","0","2","02477","0","","1.0","","1","N","N","","0","","0","0","0","","0","","","2","1","0","0","0","1","0","2","0","2","","","","N","","","","","","","","","",""
"2016089612","","3","0","0","0","0","0","0","0","0","1","0","","02","8","2016","6","40.506817","-80.006929","","11","0","0","0","0","0","0","1","0","2","0","0","0","","","1","","1","","40 30:24.541","2","0","80 00:24.943","8","0","0","0","2116","0","0","0","N","0","0","0","6","02116","0","","1.0","","1","N","N","","0","","0","0","0","","2","N","","3","1","1","0","0","1","0","2","0","3","","","","N","","","","","","","","","",""
"2016114629","","1","0","0","0","0","0","0","0","0","6","0","","02","10","2016","6","40.514045","-80.054995","","11","0","0","0","0","0","0","0","0","","0","0","0","","","0","","2","","40 30:50.563","","0","80 03:17.981","0","0","0","0","2116","0","0","0","N","0","0","0","2","02116","0","","1.0","","9","N","N","","0","","0","0","1","","2","","","2","0","0","0","0","0","0","2","0","2","","","","N","","","","","","","","","",""
"2016122108","","1","0","0","0","0","0","0","0","0","7","0","","02","11","2016","4","40.429314","-79.943202","","11","0","0","0","0","0","0","0","0","1","0","0","0","","","1","","0","","40 25:45.532","4","0","79 56:35.526","4","0","0","0","2301","0","0","0","","0","0","0","1","68B03","1","","2.0","","9","N","N","","0","","0","0","0","","0","N","","1","1","0","0","0","0","0","2","0","1","","","","N","","","","","","","","","",""
"2016093659","","2","0","0","0","0","0","0","0","0","1","0","","02","9","2016","3","40.322199","-79.925998","","11","0","0","0","0","0","0","1","0","","0","0","0","","","2","","2","","40 19:19.915","","0","79 55:33.594","4","0","0","0","2440","0","0","0","N","0","0","0","4","02440","2","","1.0","","1","N","N","","0","","0","0","0","","3","","","2","2","0","0","0","0","0","2","0","2","","","","N","","","","","","","","","",""
"2016112630","","3","0","0","0","0","0","0","0","0","1","0","","02","10","2016","6","40.433516","-79.715521","","11","0","0","0","0","0","3","0","0","","0","0","0","","","0","","10","","40 26:00.657","","0","79 42:55.876","0","0","0","0","2446","0","0","0","N","0","0","0","3","02446","0","","1.0","","1","N","N","","0","","0","0","0","","0","","","3","0","0","0","0","0","0","2","0","3","","","","N","","","","","","","","","",""
"2016112832","","0","0","0","0","0","0","0","0","0","1","0","","02","10","2016","7","40.629324","-80.056542","","11","0","0","0","0","0","0","0","0","","0","0","0","","","0","","3","","40 37:45.567","","0","80 03:23.551","0","0","0","0","2216","0","0","0","N","0","0","0","2","02505","0","","1.0","","1","N","N","","0","","0","0","2","","3","","","2","0","0","0","0","0","0","2","0","2","","","","N","","","","","","","","","",""
"2016093689","","2","0","0","0","0","0","0","0","0","4","0","","02","9","2016","3","40.43735","-79.977734","","11","0","0","0","0","0","1","0","0","1","0","0","0","","","2","","1","","40 26:14.460","3","0","79 58:39.842","3","0","0","0","2301","0","0","0","Y","0","0","0","2","02301","0","","1.0","","1","N","N","","0","","2","0","0","","2","N","","2","2","0","0","0","0","0","2","0","2","","","","N","","","","","","","","","",""
"2016094065","","0","0","0","0","0","0","0","0","0","7","0","","02","9","2016","4","40.480441","-79.835709","","11","0","0","0","0","0","1","0","0","2","0","0","0","","","1","","2","","40 28:49.587","6","0","79 50:08.554","2","0","0","0","2113","0","0","0","N","0","0","0","1","02113","0","","5.0","","1","N","N","","0","","0","1","1","","0","Y","","1","1","0","0","0","0","0","2","0","1","","","","N","","","","","","","","","",""
"2016095366","","1","0","0","0","0","0","0","0","0","1","0","","02","9","2016","7","40.461057","-79.866331","","11","0","0","0","1","0","0","0","0","","0","0","0","","","1","","1","","40 27:39.806","","0","79 51:58.790","4","0","0","0","2113","0","0","0","N","0","0","0","4","02113","1","","1.0","","1","N","N","","1","","0","0","0","","2","","","2","1","0","0","0","0","0","2","0","2","","","","N","","","","","","","","","",""
"2016095552","","0","0","0","0","0","0","0","0","0","7","0","","02","9","2016","1","40.420528","-80.132472","","11","0","0","0","0","0","1","0","0","","0","0","0","","","0","","0","","40 25:13.900","","0","80 07:56.900","0","0","0","0","2102","0","0","0","N","0","0","0","1","02102","0","","2.0","","9","N","N","","1","","0","0","0","","0","","","1","0","1","0","0","0","0","2","0","1","","","","N","","","","","","","","","",""
"2016096178","","2","0","0","0","0","0","0","0","0","1","0","","02","9","2016","2","40.555212","-80.021627","","11","0","0","0","0","0","0","0","0","1","0","0","0","","","0","","0","","40 33:18.764","1","0","80 01:17.858","0","0","0","0","2108","0","0","0","","0","0","0","3","02108","0","","1.0","","1","N","N","","0","","0","0","0","","0","N","","2","0","0","0","0","0","0","2","0","2","","","","N","","","","","","","","","",""
"2016094139","","1","0","0","0","0","0","0","0","0","1","0","","02","9","2016","4","40.618595","-79.945089","","11","0","0","0","0","0","0","0","0","","0","0","0","","","2","","0","","40 37:06.942","","7","79 56:42.319","8","0","0","0","2217","0","0","0","N","0","0","0","3","02505","0","","1.0","","1","N","N","","0","","0","0","0","","0","","","2","2","0","0","0","2","0","2","1","2","","","","N","","","","","","","","","",""
"2016095723","","1","0","0","0","0","0","0","0","0","1","0","45","02","9","2016","5","40.437666","-80.215622","","11","0","0","0","0","0","1","0","0","","0","0","0","","","1","","0","","40 26:15.599","","0","80 12:56.240","3","0","0","0","2214","0","0","0","","0","0","0","2","68B03","0","","1.0","","1","N","N","","0","","1","0","1","","7","","","2","1","0","0","0","0","0","2","0","2","","","Y","Y","4","1","N","Y","N","Y","Y","N","Y",""
"2016101481","","1","0","0","0","0","0","0","0","0","4","0","","02","10","2016","2","40.485316","-79.820269","","11","0","0","0","0","0","2","0","0","","0","0","0","","","1","","1","","40 29:07.139","","0","79 49:12.968","3","0","0","0","2113","0","0","0","N","0","0","0","2","02113","0","","1.0","","1","N","N","","0","","1","0","1","","3","","","2","1","1","0","0","0","0","2","0","2","","","","N","","","","","","","","","",""
"2016101469","","1","0","0","0","0","0","0","0","0","4","0","","02","10","2016","2","40.455045","-80.191861","","11","0","0","0","0","0","0","0","0","","0","0","0","","","0","","2","","40 27:18.162","","0","80 11:30.699","0","0","0","0","2214","0","0","0","N","0","0","0","3","02214","0","","1.0","","9","N","N","","0","","0","0","1","","0","","","2","0","0","0","0","0","0","2","0","2","","","","N","","","","","","","","","",""
"2016095743","","0","0","0","0","0","0","0","0","0","7","0","","02","9","2016","6","40.591059","-79.889539","","11","0","0","1","0","0","0","0","0","1","0","0","0","","","0","","0","","40 35:27.813","4","0","79 53:22.341","0","0","0","0","2209","0","0","0","","0","0","0","2","68T02","0","","3.0","","1","N","N","","1","","0","0","1","","0","N","","2","0","0","0","0","0","0","1","0","2","","","","N","","","","","","","","","",""
"2016115001","","1","0","0","0","0","0","0","0","0","99","0","","02","11","2016","3","40.576374","-79.78624","","11","0","0","0","0","0","0","1","0","","0","0","0","","","0","","0","","40 34:34.946","","0","79 47:10.464","0","0","0","0","2104","0","0","0","","0","0","0","1","68D02","0","","1.0","","1","N","N","","0","","0","0","0","","0","","","1","0","0","0","0","0","0","2","0","1","","","","N","","","","","","","","","",""
"2016101998","","1","0","0","1","0","0","0","0","0","8","0","","02","10","2016","3","40.47152","-79.926282","","11","0","0","0","0","0","0","0","0","","0","0","0","","","1","","1","","40 28:17.472","","0","79 55:34.615","8","0","0","0","2301","1","0","0","N","0","0","0","2","02301","0","","1.0","","1","N","N","","0","","0","0","0","","2","","","2","1","0","0","0","1","0","2","0","1","","","","N","","","","","","","","","",""
"2016115502","","2","0","0","0","0","0","0","0","0","1","0","","02","11","2016","6","40.313191","-79.938614","","11","0","0","0","0","0","1","0","0","1","0","0","0","","","1","","2","","40 18:47.487","1","0","79 56:19.009","4","0","0","0","2440","0","0","0","N","0","0","0","4","02440","1","","1.0","","1","N","N","","0","","0","0","0","","2","N","","2","1","0","0","0","0","0","2","0","2","","","","N","","","","","","","","","",""
"2016101464","","1","0","0","0","0","0","0","0","0","7","0","","02","10","2016","2","40.438028","-79.947083","","11","0","0","0","0","0","0","0","0","","0","0","0","","","1","","0","","40 26:16.900","","0","79 56:49.500","4","0","0","0","2301","0","0","0","N","0","0","0","1","02301","1","","2.0","","9","N","N","","0","","0","0","0","","0","","","1","1","0","0","0","0","0","2","0","1","","","","N","","","","","","","","","",""
"2016095993","","2","0","0","0","0","0","0","0","0","1","0","","02","9","2016","2","40.426519","-80.021398","","11","0","0","0","1","0","0","0","0","","0","0","0","","","1","","0","","40 25:35.468","","0","80 01:17.034","4","0","0","0","2301","0","0","0","N","0","0","0","5","02301","1","","1.0","","1","N","N","","0","","0","0","1","","2","","","3","1","0","0","0","0","0","2","0","3","","","","N","","","","","","","","","",""
"2016096119","","2","0","0","0","0","0","0","0","0","1","0","","02","9","2016","2","40.343005","-79.968872","","11","0","0","0","0","0","1","0","0","","0","0","0","","","1","","0","","40 20:34.819","","0","79 58:07.940","3","0","0","0","2403","0","0","0","N","0","0","0","5","02403","0","","1.0","","1","N","N","","0","","1","0","0","","2","","","2","1","0","0","0","0","0","2","0","2","","","","N","","","","","","","","","",""
"2016101300","","0","0","0","0","0","0","0","0","0","8","0","","02","10","2016","1","40.441918","-80.001868","","11","0","0","0","0","0","0","1","0","","0","0","0","","","1","","1","","40 26:30.904","","0","80 00:06.724","8","0","0","0","2301","1","0","0","N","1","0","0","2","02301","0","","1.0","","9","N","N","","1","","0","0","0","","2","","","2","1","0","0","0","1","0","2","0","1","","","","N","","","","","","","","","",""
"2016095925","","2","0","0","0","0","0","0","0","0","1","0","","02","9","2016","5","40.49431","-79.904039","","11","0","0","0","0","0","0","0","0","","0","0","0","","","0","","0","","40 29:39.517","","0","79 54:14.542","0","0","0","0","2401","0","0","0","","0","0","0","2","68D02","0","","1.0","","1","N","N","","0","","0","0","0","","0","","","2","0","0","0","0","0","0","2","0","2","","","","N","","","","","","","","","",""
"2016106410","","0","0","0","0","0","0","0","0","0","1","0","","02","10","2016","3","40.550056","-80.0857","","11","0","0","0","0","0","1","0","0","1","0","0","0","","","0","","2","","40 33:00.203","3","0","80 05:08.520","0","0","0","0","2215","0","0","0","N","0","0","0","5","02215","0","","1.0","","1","N","N","","2","","0","0","2","","2","N","","4","0","0","0","0","0","0","2","0","4","","","","N","","","","","","","","","",""
"2016103552","","2","0","0","0","0","0","0","0","0","1","0","","02","10","2016","7","40.486242","-79.913334","","11","0","0","0","0","0","0","0","0","","0","0","0","","","0","","10","","40 29:10.470","","3","79 54:48.001","0","0","0","0","2301","0","0","0","N","0","0","0","3","02301","0","","1.0","","9","N","N","","1","","0","0","0","","0","","","3","0","0","0","0","0","0","2","0","3","","","","N","","","","","","","","","",""
"2016093165","","0","0","0","0","0","0","0","0","0","7","0","","02","9","2016","1","40.463917","-79.720944","","11","0","0","0","1","0","0","0","0","","0","0","0","","","0","","0","","40 27:50.100","","0","79 43:15.400","0","0","0","0","2466","0","0","0","N","0","0","0","1","02466","0","","5.0","","1","N","N","","1","","0","0","0","","0","","","1","0","0","0","0","0","0","2","0","1","","","","N","","","","","","","","","",""
"2016094725","","0","0","0","0","0","0","0","0","0","7","0","","02","9","2016","5","40.400101","-79.937276","","11","0","0","0","0","0","1","0","0","2","0","0","0","","","1","","0","","40 24:00.364","2","0","79 56:14.192","8","0","0","1","2301","0","0","0","N","0","0","0","2","02301","0","","1.0","","1","N","N","","1","","0","0","0","","0","Y","","2","1","0","0","0","1","0","2","0","2","","","","N","","","","","","","","","",""
"2016097531","","1","0","0","0","0","0","0","0","0","7","0","","02","9","2016","1","40.306498","-79.907089","","11","0","0","0","0","0","1","0","0","","0","0","0","","","1","","0","","40 18:23.394","","0","79 54:25.522","3","0","0","0","2440","0","0","0","N","0","0","0","1","02440","0","","2.0","","1","N","N","","0","","1","0","0","","0","","","1","1","0","0","0","0","0","2","0","1","","","","N","","","","","","","","","",""
"2016113845","","1","0","0","0","0","0","0","0","0","7","0","","02","10","2016","1","40.50481","-80.187755","","11","0","0","0","0","0","0","0","0","1","0","0","0","","","0","","0","","40 30:17.315","5","0","80 11:15.919","0","0","0","0","2213","0","0","0","","0","0","0","1","02213","0","","4.0","","9","N","N","","0","","0","0","0","","0","N","","1","0","0","0","0","0","0","2","0","1","","","","N","","","","","","","","","",""
"2016095110","","0","0","0","0","0","0","0","0","0","1","0","","02","8","2016","2","40.437368","-80.002889","","11","0","0","0","0","0","1","0","0","1","0","0","0","","","3","","0","","40 26:14.523","4","0","80 00:10.400","8","0","0","0","2301","0","0","0","","0","0","0","7","68B03","0","","1.0","","1","N","N","","1","","0","0","0","","0","N","","2","3","0","0","0","3","0","2","1","2","","","","N","","","","","","","","","",""
"2016024972","","1","0","0","0","0","0","0","0","0","7","0","","02","3","2016","6","40.576374","-79.784855","","11","0","0","1","0","0","0","0","0","","0","0","0","","","0","","0","","40 34:34.947","","0","79 47:05.477","9","0","0","0","2104","0","0","0","N","0","0","0","1","02104","0","","2.0","","6","N","N","","0","","0","0","0","","7","","","1","0","0","0","0","0","1","2","0","1","","","","N","","","","","","","","","",""
"2016095333","","0","0","0","0","0","0","0","0","0","7","0","","02","9","2016","7","40.489184","-79.875519","","11","0","0","0","0","0","0","0","0","","0","0","0","","","0","","0","","40 29:21.061","","0","79 52:31.869","9","0","0","0","2112","0","0","0","Y","0","0","0","1","02112","0","","5.0","","1","N","N","","0","","0","0","1","","0","","","1","0","0","0","0","0","1","2","0","1","","","","N","","","","","","","","","",""
"2016094329","","1","0","0","0","0","0","0","0","0","1","0","","02","9","2016","4","40.316871","-79.978312","","11","0","0","0","0","0","1","0","0","","0","0","0","","","1","","2","","40 19:00.735","","0","79 58:41.923","8","0","0","0","2440","0","0","0","N","0","0","0","2","02440","0","","1.0","","9","N","N","","0","","0","0","1","","0","","","2","1","0","0","0","1","0","2","0","2","","","","N","","","","","","","","","",""
"2016121194","","2","0","0","0","0","0","0","0","0","5","0","","02","11","2016","7","40.427407","-79.980707","","11","0","0","0","0","0","0","0","0","","0","0","0","","","0","","2","","40 25:38.665","","0","79 58:50.545","0","0","0","0","2301","0","0","0","N","0","0","0","1","02301","0","","4.0","","1","N","N","","0","","0","0","0","","0","","","2","0","0","0","0","0","0","2","0","2","","","","N","","","","","","","","","",""
"2016120330","","1","0","0","0","0","0","0","0","0","1","0","","02","11","2016","5","40.275487","-79.893033","","11","0","0","0","0","0","0","0","0","3","0","0","0","","","0","","0","","40 16:31.753","1","0","79 53:34.920","0","0","0","0","2440","0","0","0","Y","0","0","0","2","02440","0","","1.0","","1","N","N","","0","","0","0","1","","0","N","","2","0","0","0","0","0","0","2","0","2","","","","N","","","","","","","","","",""
"2016101572","","2","0","0","0","0","0","0","0","0","4","0","","02","10","2016","2","40.512222","-80.132194","","11","0","0","0","0","0","1","0","0","2","0","0","0","","","1","","0","","40 30:44.000","2","0","80 07:55.900","8","0","0","0","2110","0","0","0","N","0","0","0","2","02215","0","","1.0","","1","N","N","","0","","0","0","0","","0","N","","2","1","0","0","0","1","0","2","0","2","","","","N","","","","","","","","","",""
"2016095465","","0","0","0","0","0","0","0","0","0","4","0","","02","9","2016","1","40.442631","-80.02416","","11","0","0","0","0","0","1","0","0","","0","0","0","","","1","","0","","40 26:33.470","","0","80 01:26.977","4","0","0","0","2301","0","0","0","N","0","0","0","2","02301","1","","1.0","","9","N","N","","1","","0","0","1","","0","","","2","1","0","0","0","0","0","2","0","2","","","","N","","","","","","","","","",""
"2016094585","","0","0","0","0","0","0","0","0","0","8","0","","02","9","2016","5","40.455407","-80.006604","","11","0","0","0","0","0","0","0","0","","0","0","0","","","1","","1","","40 27:19.465","","0","80 00:23.774","8","0","0","0","2301","1","0","0","N","1","0","0","2","02301","0","","1.0","","9","N","N","","0","","0","0","1","","2","","","2","1","0","0","0","1","0","2","0","1","","","","N","","","","","","","","","",""
"2016110162","","1","0","0","0","0","0","0","0","0","4","0","","02","10","2016","2","40.353955","-79.823236","","11","0","0","1","0","0","0","0","1","1","0","0","0","","","2","","1","","40 21:14.238","7","0","79 49:23.651","3","0","0","0","2477","0","0","0","N","0","0","0","3","02477","0","","1.0","","1","N","N","","1","","2","0","0","","3","Y","","2","2","0","0","0","0","0","2","0","2","","","","N","","","","","","","","","",""
"2016095584","","0","0","0","0","0","0","0","0","0","0","0","","02","9","2016","4","40.500731","-80.226611","","11","0","0","0","0","0","0","0","0","","0","0","0","","","1","","0","","40 30:02.630","","0","80 13:35.800","2","0","1","1","2213","0","0","0","N","0","0","0","1","02501","0","","1.0","","1","N","N","","0","","0","1","0","","0","","","2","1","0","0","0","0","0","2","0","1","","","","N","","","","","","","","","",""
"2016094739","","1","0","0","0","0","0","0","0","0","4","0","","02","9","2016","5","40.655163","-80.087319","","11","0","0","0","0","0","0","0","0","1","0","0","0","","","0","","0","","40 39:18.586","3","7","80 05:14.348","0","0","0","0","2212","0","0","0","N","0","0","0","2","02505","0","","1.0","","1","N","N","","0","","0","0","0","","2","N","","2","0","0","0","0","0","0","2","1","2","","","","N","","","","","","","","","",""
"2016101298","","2","0","0","0","0","0","0","0","0","4","0","","02","10","2016","1","40.484182","-79.819301","","11","0","0","0","0","0","0","0","0","","0","0","0","","","0","","1","","40 29:03.056","","0","79 49:09.482","0","0","0","0","2113","0","0","0","N","0","0","0","3","02113","0","","1.0","","9","N","N","","0","","0","0","0","","2","","","2","0","1","0","0","0","0","2","0","2","","","","N","","","","","","","","","",""