"CRN","ARRIVAL_TM","AUTOMOBILE_COUNT","BELTED_DEATH_COUNT","BELTED_SUSP_SERIOUS_INJ_COUNT","BICYCLE_COUNT","BICYCLE_DEATH_COUNT","BICYCLE_SUSP_SERIOUS_INJ_COUNT","BUS_COUNT","CHLDPAS_DEATH_COUNT","CHLDPAS_SUSP_SERIOUS_INJ_COUNT","COLLISION_TYPE","COMM_VEH_COUNT","CONS_ZONE_SPD_LIM","COUNTY","CRASH_MONTH","CRASH_YEAR","DAY_OF_WEEK","DEC_LATITUDE","DEC_LONGITUDE","DISPATCH_TM","DISTRICT","DRIVER_COUNT_16YR","DRIVER_COUNT_17YR","DRIVER_COUNT_18YR","DRIVER_COUNT_19YR","DRIVER_COUNT_20YR","DRIVER_COUNT_50_64YR","DRIVER_COUNT_65_74YR","DRIVER_COUNT_75PLUS","EST_HRS_CLOSED","FATAL_COUNT","HEAVY_TRUCK_COUNT","HORSE_BUGGY_COUNT","HOUR_OF_DAY","ILLUMINATION","INJURY_COUNT","INTERSECTION_RELATED","INTERSECT_TYPE","LANE_CLOSED","LATITUDE","LN_CLOSE_DIR","LOCATION_TYPE","LONGITUDE","MAX_SEVERITY_LEVEL","MCYCLE_DEATH_COUNT","MCYCLE_SUSP_SERIOUS_INJ_COUNT","MOTORCYCLE_COUNT","MUNICIPALITY","NONMOTR_COUNT","NONMOTR_DEATH_COUNT","NONMOTR_SUSP_SERIOUS_INJ_COUNT","NTFY_HIWY_MAINT","PED_COUNT","PED_DEATH_COUNT","PED_SUSP_SERIOUS_INJ_COUNT","PERSON_COUNT","POLICE_AGCY","POSSIBLE_INJ_COUNT","RDWY_SURF_TYPE_CD","RELATION_TO_ROAD","ROADWAY_CLEARED","ROAD_CONDITION","SCH_BUS_IND","SCH_ZONE_IND","SECONDARY_CRASH","SMALL_TRUCK_COUNT","SPEC_JURIS_CD","SUSP_MINOR_INJ_COUNT","SUSP_SERIOUS_INJ_COUNT","SUV_COUNT","TCD_FUNC_CD","TCD_TYPE","TFC_DETOUR_IND","TIME_OF_DAY","TOTAL_UNITS","TOT_INJ_COUNT","UNBELTED_OCC_COUNT","UNB_DEATH_COUNT","UNB_SUSP_SERIOUS_INJ_COUNT","UNK_INJ_DEG_COUNT","UNK_INJ_PER_COUNT","URBAN_RURAL","VAN_COUNT","VEHICLE_COUNT","WEATHER1","WEATHER2","WORKERS_PRES","WORK_ZONE_IND","WORK_ZONE_LOC","WORK_ZONE_TYPE","WZ_CLOSE_DETOUR","WZ_FLAGGER","WZ_LAW_OFFCR_IND","WZ_LN_CLOSURE","WZ_MOVING","WZ_OTHER","WZ_SHLDER_MDN","WZ_WORKERS_INJ_KILLED"
"2016094054","","0","0","0","0","0","0","0","0","0","1","0","","02","9","2016","3","40.62871","-80.056182","","11","0","0","0","0","0","2","0","0","","0","0","0","","","1","","0","","40 37:43.355","","0","80 03:22.255","8","0","0","0","2216","0","0","0","N","0","0","0","2","02505","0","","1.0","","1","N","N","","0","","0","0","2","","0","","","2","1","0","0","0","1","0","2","0","2","","","","N","","","","","","","","","",""
"2016101746","","1","0","0","0","0","0","0","0","0","7","0","","02","10","2016","2","40.511291","-79.795386","","11","0","0","0","0","0","0","0","0","","0","0","0","","","2","","0","","40 30:40.647","","0","79 47:43.389","3","0","0","0","2113","0","0","0","N","0","0","0","2","02113","0","","5.0","","1","N","N","","0","","2","0","0","","0","","","1","2","0","0","0","0","0","2","0","1","","","","N","","","","","","","","","",""
"2016102346","","0","0","0","0","0","0","0","0","0","7","0","","02","10","2016","3","40.463194","-80.112306","","11","0","0","0","0","0","0","0","0","2","0","0","0","","","2","","0","","40 27:47.500","3","0","80 06:44.300","3","0","0","0","2115","0","0","0","","0","0","0","4","02115","0","","2.0","","1","N","N","","0","","2","0","1","","0","N","","1","2","0","0","0","0","0","2","0","1","","","","N","","","","","","","","","",""
"2016123411","","2","0","0","0","0","0","0","0","0","5","0","","02","11","2016","3","40.529152","-79.995839","","11","0","0","0","0","0","0","1","0","1","0","0","0","","","1","","0","","40 31:44.947","4","0","79 59:45.021","8","0","0","0","2116","0","0","0","","0","0","0","2","02116","0","","1.0","","1","","","","0","","0","0","0","","0","N","","2","1","1","0","0","1","0","2","0","2","","","","N","","","","","","","","","",""
"2016098806","","2","0","0","0","0","0","0","0","0","1","0","","02","9","2016","2","40.478352","-79.955679","","11","0","0","0","0","0","0","0","0","","0","0","0","","","0","","1","","40 28:42.067","","0","79 57:20.443","0","0","0","0","2301","0","0","0","N","0","0","0","3","02301","0","","1.0","","1","N","N","","0","","0","0","0","","2","","","2","0","0","0","0","0","0","2","0","2","","","","N","","","","","","","","","",""
"2016115860","","1","0","0","0","0","0","0","0","0","6","0","","02","9","2016","6","40.542162","-80.010598","","11","0","0","0","0","0","0","0","0","","0","0","0","","","0","","2","","40 32:31.783","","0","80 00:38.152","0","0","0","0","2116","0","0","0","","0","0","0","3","02116","0","","1.0","","9","","","","0","","0","0","0","","0","","","2","0","0","0","0","0","0","2","1","2","","","","N","","","","","","","","","",""
"2016113969","","0","0","0","0","0","0","0","0","0","99","0","","02","10","2016","2","40.278257","-79.942159","","11","0","0","0","0","0","1","0","0","","0","0","0","","","0","","0","","40 16:41.726","","0","79 56:31.774","0","0","0","0","2440","0","0","0","","0","0","0","1","68T09","0","","1.0","","1","N","N","","0","","0","0","1","","0","","","1","0","0","0","0","0","0","2","0","1","","","","N","","","","","","","","","",""
"2016123492","","1","0","0","0","0","0","0","0","0","4","0","","02","11","2016","4","40.5034","-80.025118","","11","0","0","0","0","0","0","0","0","1","0","0","0","","","4","","1","","40 30:12.241","2","0","80 01:30.426","8","0","0","0","2116","0","0","0","","0","0","0","4","02116","0","","1.0","","1","","","","0","","0","0","1","","2","N","","2","4","0","0","0","4","0","2","0","2","","","","N","","","","","","","","","",""
"2016108262","","1","0","0","0","0","0","0","0","0","4","0","","02","10","2016","4","40.435004","-79.993029","","11","0","0","0","0","0","1","0","0","","0","0","0","","","0","","6","","40 26:06.016","","2","79 59:34.906","0","0","0","0","2301","0","0","0","N","0","0","0","2","02301","0","","1.0","","1","N","N","","0","","0","0","1","","3","","","2","0","0","0","0","0","0","2","0","2","","","","N","","","","","","","","","",""
"2016094316","","2","0","0","1","0","0","0","0","0","4","0","","02","9","2016","4","40.460385","-79.923492","","11","0","0","0","0","0","1","1","0","1","0","0","0","","","0","","2","","40 27:37.385","3","0","79 55:24.572","0","0","0","0","2301","1","0","0","N","0","0","0","5","02301","0","","1.0","","1","N","N","","0","","0","0","2","","2","N","","5","0","0","0","0","0","0","2","0","4","","","","N","","","","","","","","","",""
"2016104110","","0","0","0","1","0","0","0","0","0","8","0","","02","10","2016","3","40.388173","-80.056013","","11","0","0","0","0","0","0","0","0","","0","0","0","","","1","","2","","40 23:17.423","","0","80 03:21.647","3","0","0","0","2109","1","0","0","","0","0","0","2","02109","0","","1.0","","1","N","N","","1","","1","0","0","","0","","","2","1","0","0","0","0","0","2","0","1","","","","N","","","","","","","","","",""
"2016112676","","2","0","0","0","0","0","0","0","0","1","0","","02","10","2016","4","40.618015","-80.095996","","11","0","0","0","0","0","0","0","0","1","0","0","0","","","1","","0","","40 37:04.855","2","0","80 05:45.585","3","0","0","0","2212","0","0","0","","0","0","0","4","68B03","0","","1.0","","1","N","N","","0","","1","0","1","","0","N","","3","1","0","0","0","0","0","2","0","3","","","","N","","","","","","","","","",""
"2016094394","","1","0","0","0","0","0","0","0","0","7","0","","02","9","2016","5","40.413641","-79.990502","","11","0","0","0","0","0","0","0","0","3","0","0","0","","","0","","2","","40 24:49.107","2","0","79 59:25.807","0","0","0","0","2301","0","0","0","N","0","0","0","1","02301","0","","2.0","","1","N","N","","0","","0","0","0","","3","Y","","2","0","0","0","0","0","0","2","0","1","","","","N","","","","","","","","","",""
"2016121430","","1","0","0","0","0","0","0","0","0","4","0","","02","11","2016","6","40.418195","-80.054548","","11","0","0","0","0","0","1","0","0","","0","0","0","","","1","","0","","40 25:05.501","","0","80 03:16.372","8","0","0","0","2435","0","0","0","","0","0","0","3","68B03","0","","1.0","","1","N","N","","0","","0","0","1","","0","","","2","1","0","0","0","1","0","2","0","2","","","","N","","","","","","","","","",""
"2016121890","","1","0","0","0","0","0","0","0","0","1","0","","02","11","2016","7","40.438871","-79.760628","","11","0","0","0","0","0","0","0","0","2","0","0","0","","","0","","1","","40 26:19.934","4","0","79 45:38.259","0","0","0","0","2446","0","0","0","N","0","0","0","4","02446","0","","1.0","","9","N","N","","0","","0","0","0","","2","N","","2","0","0","0","0","0","0","2","1","2","","","","N","","","","","","","","","",""
"2016114696","","2","0","0","0","0","0","0","0","0","1","0","","02","11","2016","5","40.321117","-79.942255","","11","0","0","0","0","0","0","0","1","","0","0","0","","","0","","1","","40 19:16.022","","0","79 56:32.119","0","0","0","0","2454","0","0","0","N","0","0","0","2","02454","0","","1.0","","9","N","N","","0","","0","0","0","","2","","","2","0","0","0","0","0","0","2","0","2","","","","N","","","","","","","","","",""
"2016104518","","2","0","0","0","0","0","0","0","0","4","0","","02","10","2016","3","40.455602","-79.976706","","11","0","0","0","0","0","0","1","0","","0","0","0","","","1","","1","","40 27:20.167","","0","79 58:36.141","8","0","0","0","2301","0","0","0","N","0","0","0","3","02301","0","","1.0","","1","N","N","","0","","0","0","0","","0","","","2","1","0","0","0","1","0","2","0","2","","","","N","","","","","","","","","",""
"2016101738","","1","0","0","0","0","0","0","0","0","7","0","","02","10","2016","2","40.327139","-79.957417","","11","0","0","0","0","0","0","0","0","3","0","0","0","","","0","","0","","40 19:37.700","5","0","79 57:26.700","0","0","0","0","2454","0","0","0","N","0","0","0","1","02454","0","","4.0","","1","N","N","","0","","0","0","0","","0","Y","","1","0","0","0","0","0","0","2","0","1","","","","N","","","","","","","","","",""
"2016113190","","0","0","0","0","0","0","0","0","0","99","0","","02","10","2016","1","40.653806","-80.065216","","11","0","0","0","0","0","0","0","0","","0","0","0","","","0","","0","","40 39:13.700","","0","80 03:54.777","0","0","0","0","2216","0","0","0","","0","0","0","2","68T02","0","","1.0","","1","N","N","","0","","0","0","1","","0","","","1","0","0","0","0","0","0","2","0","1","","","","N","","","","","","","","","",""
"2016122129","","1","0","0","0","0","0","0","0","0","1","0","","02","11","2016","2","40.372278","-80.110761","","11","0","0","0","0","0","1","0","0","","0","0","0","","","1","","0","","40 22:20.199","","0","80 06:38.740","4","0","0","0","2102","0","0","0","","0","0","0","2","68B03","1","","1.0","","1","N","N","","1","","0","0","0","","0","","","2","1","0","0","0","0","0","2","0","2","","","","N","","","","","","","","","",""
"2016094965","","2","0","0","0","0","0","0","0","0","4","0","","02","9","2016","6","40.396444","-79.991306","","11","0","0","0","0","0","1","0","0","1","0","0","0","","","0","","0","","40 23:47.200","1","0","79 59:28.700","0","0","0","0","2301","0","0","0","N","0","0","0","2","02301","0","","1.0","","1","N","N","","0","","0","0","0","","0","N","","2","0","0","0","0","0","0","2","0","2","","","","N","","","","","","","","","",""
"2016103700","","1","0","0","0","0","0","0","0","0","99","0","","02","10","2016","3","40.377213","-79.850268","","11","0","0","0","0","0","0","0","0","","0","0","0","","","0","","2","","40 22:37.968","","0","79 51:00.966","0","0","0","0","2303","0","0","0","N","0","0","0","1","02303","0","","1.0","","1","N","N","","0","","0","0","0","","0","","","1","0","0","0","0","0","0","2","0","1","","","","N","","","","","","","","","",""
"2016094740","","2","0","0","0","0","0","0","0","0","1","0","","02","9","2016","4","40.463803","-79.930487","","11","0","0","0","0","0","1","0","0","2","0","0","0","","","1","","0","","40 27:49.692","1","0","79 55:49.754","8","0","0","0","2301","0","0","0","N","0","0","0","2","02301","0","","1.0","","1","N","N","","0","","0","0","0","","0","N","","2","1","0","0","0","1","0","2","0","2","","","","N","","","","","","","","","",""
"2016120009","","0","0","0","0","0","0","0","0","0","5","0","","02","11","2016","3","40.432009","-79.789106","","11","0","0","0","0","0","1","0","0","","0","0","0","","","1","","0","","40 25:55.232","","0","79 47:20.781","8","0","0","0","2446","0","0","0","N","0","0","0","3","02446","0","","1.0","","1","N","N","","0","","0","0","2","","0","","","2","1","0","0","0","1","0","2","0","2","","","","N","","","","","","","","","",""
"2016113032","","1","0","0","0","0","0","0","0","0","7","0","","02","10","2016","1","40.381036","-80.096782","","11","0","0","0","0","0","0","0","0","2","0","0","0","","","1","","0","","40 22:51.730","1","0","80 05:48.415","8","0","0","0","2102","0","0","0","","0","0","0","1","68B03","0","","4.0","","1","N","N","","0","","0","0","0","","0","N","","1","1","0","0","0","1","0","2","0","1","","","","N","","","","","","","","","",""
"2016094338","","1","0","0","0","0","0","0","0","0","1","0","","02","9","2016","4","","","","11","0","0","0","0","0","2","0","0","","0","0","0","","","1","","1","","40 26:04.1","","0","79 59:23.2","8","0","0","0","2301","0","0","0","N","0","0","0","3","02301","0","","1.0","","1","N","N","","0","","0","0","2","","2","","","3","1","0","0","0","1","0","1","0","3","","","","N","","","","","","","","","",""
"2016095601","","1","0","0","0","0","0","0","0","0","2","0","","02","9","2016","1","40.561938","-80.012478","","11","0","0","0","0","1","0","0","0","2","0","0","0","","","3","","0","","40 33:42.978","5","3","80 00:44.920","8","0","0","0","2108","0","0","0","","0","0","0","3","02108","0","","1.0","","1","N","N","","1","","0","0","0","","0","Y","","2","3","0","0","0","3","0","2","0","2","","","","N","","","","","","","","","",""
"2016069195","","1","0","0","0","0","0","0","0","0","7","0","","02","7","2016","6","40.38652","-79.977938","","11","0","0","0","0","0","0","0","0","","0","0","0","","","0","","0","","40 23:11.472","","0","79 58:40.576","0","0","0","0","2301","0","0","0","N","0","0","0","2","02301","0","","5.0","","1","N","N","","0","","0","0","0","","0","","","1","0","0","0","0","0","0","2","0","1","","","","N","","","","","","","","","",""
"2016095541","","1","0","0","0","0","0","0","0","0","4","0","","02","9","2016","2","40.485183","-79.856869","","11","0","0","0","0","0","0","0","0","","0","0","0","","","0","","2","","40 29:06.657","","0","79 51:24.730","0","0","0","0","2113","0","0","0","N","0","0","0","2","02113","0","","1.0","","9","N","N","","1","","0","0","0","","2","","","2","0","0","0","0","0","0","2","0","2","","","","N","","","","","","","","","",""
"2016095487","","1","0","0","0","0","0","0","0","0","7","0","","02","9","2016","1","40.447776","-79.849374","","11","0","0","0","0","1","0","0","0","1","0","0","0","","","0","","2","","40 26:51.992","1","0","79 50:57.747","0","0","0","0","2419","0","0","0","N","0","0","0","2","02419","0","","2.0","","9","N","N","","0","","0","0","0","","0","Y","","1","0","0","0","0","0","0","2","0","1","","","","N","","","","","","","","","",""
"2016103611","","2","0","0","0","0","0","0","0","0","6","0","","02","10","2016","3","40.27039","-79.886366","","11","0","0","0","0","1","0","0","0","","0","0","0","","","0","","0","","40 16:13.404","","0","79 53:10.917","0","0","0","0","2428","0","0","0","N","0","0","0","1","02428","0","","5.0","","1","N","N","","0","","0","0","0","","0","","","2","0","0","0","0","0","0","2","0","2","","","","N","","","","","","","","","",""
"2016115274","","2","0","0","0","0","0","0","0","0","1","0","","02","11","2016","5","40.424125","-80.109711","","11","0","0","0","0","0","0","0","0","2","0","0","0","","","1","","0","","40 25:26.851","3","0","80 06:34.959","3","0","0","0","2115","0","0","0","","0","0","0","2","68B03","0","","1.0","","9","N","N","","0","","1","0","0","","0","N","","2","1","0","0","0","0","0","2","0","2","","","","N","","","","","","","","","",""
"2016101587","","0","0","0","0","0","0","0","0","0","8","0","","02","10","2016","2","40.469073","-79.962824","","11","0","0","0","0","0","0","0","0","","0","0","0","","","1","","2","","40 28:08.662","","0","79 57:46.166","4","0","0","0","2301","1","0","0","N","1","0","0","2","02301","1","","1.0","","1","N","N","","1","","0","0","0","","3","","","2","1","0","0","0","0","0","2","0","1","","","","N","","","","","","","","","",""
"2016114810","","0","0","0","0","0","0","0","0","0","0","0","99","02","3","2016","5","40.459997","-79.945927","","11","0","0","0","0","0","0","0","0","","0","0","0","","","2","","1","","40 27:35.989","","0","79 56:45.337","8","0","0","0","2301","0","0","0","N","0","0","0","3","02301","0","","1.0","","1","N","N","","0","","0","0","0","","7","","","1","2","0","0","0","2","0","2","1","1","","","Y","Y","4","1","","Y","N","","","","",""
"2016101924","","1","0","0","0","0","0","0","0","0","5","0","","02","10","2016","2","40.440445","-79.960321","","11","0","0","0","0","0","1","0","0","","0","0","0","","","0","","1","","40 26:25.602","","0","79 57:37.155","0","0","0","0","2301","0","0","0","N","0","0","0","3","02506","0","","1.0","","1","N","N","","0","","0","0","1","","2","","","2","0","0","0","0","0","0","2","0","2","","","","N","","","","","","","","","",""
"2016096400","","0","0","0","0","0","0","0","0","0","1","0","","02","9","2016","3","40.452104","-80.173214","","11","0","0","0","0","0","0","1","0","","0","0","0","","","0","","6","","40 27:07.576","","2","80 10:23.569","0","0","0","0","2214","0","0","0","N","0","0","0","2","02214","0","","1.0","","1","N","N","","0","","0","0","2","","4","","","2","0","0","0","0","0","0","2","0","2","","","","N","","","","","","","","","",""
"2016122138","","0","0","0","0","0","0","0","0","0","1","0","","02","11","2016","3","40.411787","-80.068211","","11","0","0","0","0","0","0","0","0","2","0","1","0","","","0","","0","","40 24:42.434","4","0","80 04:05.558","0","0","0","0","2435","0","0","0","","0","0","0","3","68B03","0","","1.0","","1","N","N","","2","","0","0","0","","0","N","","3","0","0","0","0","0","0","2","0","3","","","","N","","","","","","","","","",""
"2016094358","","0","0","0","0","0","0","0","0","0","4","0","","02","9","2016","2","40.563288","-80.207982","","11","0","0","0","0","0","0","0","0","1","0","0","0","","","0","","2","","40 33:47.836","1","0","80 12:28.734","0","0","0","0","2441","0","0","0","N","0","0","0","3","02441","0","","1.0","","1","N","N","","1","","0","0","1","","2","N","","2","0","0","0","0","0","0","2","0","2","","","","N","","","","","","","","","",""
"2016094180","","2","0","0","0","0","0","0","0","0","4","0","","02","9","2016","4","40.42861","-79.992507","","11","0","0","0","0","0","0","0","0","","0","0","0","","","0","","0","","40 25:42.996","","7","79 59:33.026","0","0","0","0","2301","0","0","0","N","0","0","0","2","02301","0","","1.0","","1","N","N","","0","","0","0","0","","0","","","2","0","0","0","0","0","0","2","0","2","","","","N","","","","","","","","","",""
"2016113703","","1","0","0","0","0","0","0","0","0","1","0","","02","11","2016","3","40.411061","-79.753592","","11","0","0","0","0","0","1","0","0","","0","0","0","","","0","","0","","40 24:39.820","","0","79 45:12.930","0","0","0","0","2446","0","0","0","N","0","0","0","3","02446","0","","1.0","","1","N","N","","0","","0","0","1","","2","","","2","0","0","0","0","0","0","2","0","2","","","","N","","","","","","","","","",""
"2016121636","","1","0","0","0","0","0","0","0","0","7","0","","02","11","2016","1","40.358069","-79.954977","","11","0","0","0","0","0","0","0","0","3","0","0","0","","","1","","0","","40 21:29.050","6","0","79 57:17.918","3","0","0","0","2403","0","0","0","N","0","0","0","1","02403","0","","5.0","","9","N","N","","0","","1","0","0","","0","Y","","1","1","0","0","0","0","0","2","0","1","","","","N","","","","","","","","","",""
"2016114646","","2","0","0","0","0","0","0","0","0","6","0","","02","11","2016","4","40.512511","-80.034183","","11","1","0","0","0","0","0","0","0","3","0","0","0","","","1","","0","","40 30:45.040","6","0","80 02:03.060","3","0","0","0","2116","0","0","0","N","0","0","0","2","02116","0","","1.0","","1","N","N","","0","","1","0","0","","0","Y","","2","1","0","0","0","0","0","2","0","2","","","","N","","","","","","","","","",""
"2016123640","","1","0","0","0","0","0","0","0","0","7","0","","02","10","2016","3","40.449753","-80.167844","","11","0","0","0","0","0","0","0","0","","0","0","0","","","0","","0","","40 26:59.111","","0","80 10:04.237","0","0","0","0","2115","0","0","0","","0","0","0","2","68B03","0","","3.0","","1","N","N","","0","","0","0","0","","0","","","1","0","0","0","0","0","0","2","0","1","","","","N","","","","","","","","","",""
"2016103975","","3","0","0","0","0","0","0","0","0","1","0","","02","10","2016","1","40.462639","-79.958278","","11","0","0","0","0","0","1","0","0","","0","0","0","","","0","","0","","40 27:45.500","","0","79 57:29.800","0","0","0","0","2301","0","0","0","N","0","0","0","3","02301","0","","1.0","","1","N","N","","0","","0","0","0","","0","","","3","0","0","0","0","0","0","2","0","3","","","","N","","","","","","","","","",""
"2016123309","","2","0","0","0","0","0","0","0","0","1","0","","02","11","2016","4","40.356109","-80.052369","","11","0","0","1","0","0","0","0","0","2","0","0","0","","","0","","0","","40 21:21.993","3","0","80 03:08.527","0","0","0","0","2109","0","0","0","","0","0","0","2","02109","0","","1.0","","1","N","N","","0","","0","0","0","","0","N","","2","0","0","0","0","0","0","2","0","2","","","","N","","","","","","","","","",""
"2016093732","","1","0","0","0","0","0","0","0","0","4","0","","02","9","2016","3","40.437392","-79.999303","","11","0","0","0","0","0","0","0","0","","0","0","0","","","1","","1","","40 26:14.611","","0","79 59:57.489","3","0","0","0","2301","0","0","0","N","0","0","0","2","02301","0","","1.0","","1","N","N","","1","","1","0","0","","2","","","2","1","1","0","0","0","0","2","0","2","","","","N","","","","","","","","","",""
"2016078301","","1","0","0","0","0","0","0","0","0","7","0","","02","8","2016","4","40.414138","-80.0095","","11","0","0","0","0","0","0","0","0","2","0","0","0","","","0","","6","","40 24:50.897","1","2","80 00:34.199","0","0","0","0","2301","0","0","0","N","0","0","0","2","02301","0","","4.0","","1","N","N","","0","","0","0","0","","0","Y","","1","0","0","0","0","0","0","2","0","1","","","","N","","","","","","","","","",""
"2016094075","","1","0","0","0","0","0","0","0","0","8","0","","02","9","2016","4","40.432648","-79.915105","","11","0","0","0","0","0","0","0","0","1","0","0","0","","","1","","1","","40 25:57.532","4","0","79 54:54.378","8","0","0","0","2301","1","0","0","","1","0","0","2","02301","0","","1.0","","1","","","","0","","0","0","0","","2","Y","","2","1","0","0","0","1","0","2","0","1","","","","N","","","","","","","","","",""
"2016113957","","0","0","0","0","0","0","0","0","0","7","0","","02","10","2016","2","40.42587","-80.031004","","11","0","0","0","0","0","0","0","0","1","0","0","0","","","1","","3","","40 25:33.131","4","6","80 01:51.615","3","0","0","0","2301","0","0","0","","0","0","0","1","68B03","0","","7.0","","1","N","N","","0","","1","0","1","","8","Y","","1","1","1","0","0","0","0","2","0","1","","","","N","","","","","","","","","",""
"2016112724","","1","0","0","0","0","0","0","0","0","1","0","","02","10","2016","7","40.443472","-79.990845","","11","0","0","0","0","0","0","0","0","2","0","0","0","","","0","","10","","40 26:36.499","2","0","79 59:27.041","0","0","0","0","2301","0","0","0","N","0","0","0","10","02301","0","","1.0","","1","N","N","","0","","0","0","2","","0","N","","3","0","0","0","0","0","0","2","0","3","","","","N","","","","","","","","","",""
"2016115861","","1","0","0","0","0","0","0","0","0","7","0","","02","11","2016","7","40.355102","-80.050169","","11","0","0","0","0","0","0","0","1","2","0","0","0","","","0","","1","","40 21:18.367","3","0","80 03:00.609","0","0","0","0","2109","0","0","0","","0","0","0","1","02109","0","","4.0","","1","N","N","","0","","0","0","0","","0","N","","1","0","0","0","0","0","0","2","0","1","","","","N","","","","","","","","","",""
"2016095678","","2","0","0","0","0","0","0","0","0","1","0","","02","9","2016","2","40.43864","-79.7483","","11","0","0","0","0","0","1","0","0","2","0","0","0","","","0","","0","","40 26:19.105","3","0","79 44:53.879","0","0","0","0","2446","0","0","0","N","0","0","0","2","02446","0","","1.0","","1","N","N","","0","","0","0","0","","0","N","","2","0","0","0","0","0","0","2","0","2","","","","N","","","","","","","","","",""
"2016078897","","1","0","0","0","0","0","0","0","0","1","0","","02","8","2016","6","40.369615","-79.91265","","11","0","0","0","0","0","0","0","1","","0","0","0","","","1","","0","","40 22:10.614","","0","79 54:45.539","4","0","0","0","2301","0","0","0","N","0","0","0","2","02301","1","","1.0","","1","N","N","","1","","0","0","0","","0","","","2","1","0","0","0","0","0","2","0","2","","","","N","","","","","","","","","",""
"2016096505","","1","0","0","0","0","0","0","0","0","7","0","","02","9","2016","1","40.435233","-79.985576","","11","0","0","0","0","0","1","0","0","2","0","0","0","","","1","","0","","40 26:06.840","1","0","79 59:08.074","3","0","0","0","2301","0","0","0","N","0","0","0","1","02301","0","","2.0","","9","N","N","","0","","1","0","0","","0","N","","1","1","0","0","0","0","0","2","0","1","","","","N","","","","","","","","","",""
"2016094880","","1","0","0","0","0","0","0","0","0","1","0","","02","9","2016","5","40.636962","-79.939066","","11","0","0","0","0","0","2","0","0","","0","0","0","","","1","","0","","40 38:13.063","","0","79 56:20.639","3","0","0","0","2217","0","0","0","N","0","0","0","4","02505","0","","1.0","","1","N","N","","1","","1","0","0","","2","","","2","1","0","0","0","0","0","2","0","2","","","","N","","","","","","","","","",""
"2016122162","","1","0","0","0","0","0","0","0","0","1","0","","02","11","2016","5","40.435524","-80.017733","","11","0","0","0","0","0","0","0","0","","0","0","0","","","0","","0","","40 26:07.885","","4","80 01:03.837","0","0","0","0","2301","0","0","0","","0","0","0","2","68B03","0","","1.0","","1","N","N","","1","","0","0","0","","0","","","2","0","0","0","0","0","0","2","0","2","","","","N","","","","","","","","","",""
"2016113716","","0","0","0","0","0","0","0","0","0","1","0","","02","10","2016","7","40.384678","-79.824355","","11","0","0","0","0","0","1","0","0","2","0","0","0","","","1","","1","","40 23:04.839","3","0","79 49:27.678","8","0","0","0","2111","0","0","0","N","0","0","0","4","02111","0","","1.0","","1","N","N","","0","","0","0","3","","2","N","","3","1","0","0","0","1","0","2","0","3","","","","N","","","","","","","","","",""
"2016113586","","0","0","0","0","0","0","0","0","0","99","0","","02","10","2016","2","40.643071","-80.028244","","11","0","0","0","0","0","0","0","0","","0","0","0","","","0","","0","","40 38:35.054","","0","80 01:41.678","0","0","0","0","2216","0","0","0","","0","0","0","4","68T02","0","","1.0","","1","N","N","","0","","0","0","0","","0","","","1","0","0","0","0","0","0","2","1","1","","","","N","","","","","","","","","",""
"2016093452","","1","0","0","0","0","0","0","0","0","2","0","","02","9","2016","1","40.38947","-80.041746","","11","0","0","0","0","0","1","0","0","","0","0","0","","","0","","0","","40 23:22.092","","0","80 02:30.285","0","0","0","0","2109","0","0","0","","0","0","0","2","02109","0","","1.0","","1","N","N","","1","","0","0","0","","0","","","2","0","0","0","0","0","0","2","0","2","","","","N","","","","","","","","","",""
"2016122164","","2","0","0","0","0","0","0","0","0","4","0","","02","11","2016","5","40.430107","-80.027443","","11","0","0","0","0","0","0","0","0","","0","0","0","","","0","","0","","40 25:48.386","","0","80 01:38.793","9","0","0","0","2301","0","0","0","","0","0","0","2","68B03","0","","1.0","","1","N","N","","0","","0","0","0","","0","","","2","0","0","0","0","0","1","2","0","2","","","","N","","","","","","","","","",""
"2016110990","","1","0","0","0","0","0","0","0","3","7","0","","02","10","2016","2","40.439576","-79.859037","","11","0","0","0","0","0","0","0","0","3","0","0","0","","","4","","2","","40 26:22.473","1","0","79 51:32.533","2","0","0","0","2419","0","0","0","N","0","0","0","4","02419","0","","5.0","","1","N","N","","0","","0","4","0","","0","Y","","1","4","4","0","4","0","0","2","0","1","","","","N","","","","","","","","","",""
"2016095180","","1","0","0","0","0","0","0","0","0","7","0","","02","9","2016","5","40.451425","-80.110867","","11","0","0","0","1","0","0","0","0","","0","0","0","","","0","","0","","40 27:05.131","","0","80 06:39.122","0","0","0","0","2115","0","0","0","","0","0","0","1","68B03","0","","5.0","","1","N","N","","0","","0","0","0","","0","","","1","0","0","0","0","0","0","2","0","1","","","","N","","","","","","","","","",""
"2016110490","","1","0","0","0","0","0","0","0","0","4","0","","02","10","2016","7","40.33245","-79.93379","","11","0","0","0","0","0","1","0","0","2","0","0","0","","","1","","1","","40 19:56.821","1","0","79 56:01.645","2","0","0","0","2473","0","0","0","N","0","0","0","2","02473","0","","1.0","","1","N","N","","1","","0","1","0","","2","N","","2","1","0","0","0","0","0","2","0","2","","","","N","","","","","","","","","",""