"CRN","ARRIVAL_TM","AUTOMOBILE_COUNT","BELTED_DEATH_COUNT","BELTED_SUSP_SERIOUS_INJ_COUNT","BICYCLE_COUNT","BICYCLE_DEATH_COUNT","BICYCLE_SUSP_SERIOUS_INJ_COUNT","BUS_COUNT","CHLDPAS_DEATH_COUNT","CHLDPAS_SUSP_SERIOUS_INJ_COUNT","COLLISION_TYPE","COMM_VEH_COUNT","CONS_ZONE_SPD_LIM","COUNTY","CRASH_MONTH","CRASH_YEAR","DAY_OF_WEEK","DEC_LATITUDE","DEC_LONGITUDE","DISPATCH_TM","DISTRICT","DRIVER_COUNT_16YR","DRIVER_COUNT_17YR","DRIVER_COUNT_18YR","DRIVER_COUNT_19YR","DRIVER_COUNT_20YR","DRIVER_COUNT_50_64YR","DRIVER_COUNT_65_74YR","DRIVER_COUNT_75PLUS","EST_HRS_CLOSED","FATAL_COUNT","HEAVY_TRUCK_COUNT","HORSE_BUGGY_COUNT","HOUR_OF_DAY","ILLUMINATION","INJURY_COUNT","INTERSECTION_RELATED","INTERSECT_TYPE","LANE_CLOSED","LATITUDE","LN_CLOSE_DIR","LOCATION_TYPE","LONGITUDE","MAX_SEVERITY_LEVEL","MCYCLE_DEATH_COUNT","MCYCLE_SUSP_SERIOUS_INJ_COUNT","MOTORCYCLE_COUNT","MUNICIPALITY","NONMOTR_COUNT","NONMOTR_DEATH_COUNT","NONMOTR_SUSP_SERIOUS_INJ_COUNT","NTFY_HIWY_MAINT","PED_COUNT","PED_DEATH_COUNT","PED_SUSP_SERIOUS_INJ_COUNT","PERSON_COUNT","POLICE_AGCY","POSSIBLE_INJ_COUNT","RDWY_SURF_TYPE_CD","RELATION_TO_ROAD","ROADWAY_CLEARED","ROAD_CONDITION","SCH_BUS_IND","SCH_ZONE_IND","SECONDARY_CRASH","SMALL_TRUCK_COUNT","SPEC_JURIS_CD","SUSP_MINOR_INJ_COUNT","SUSP_SERIOUS_INJ_COUNT","SUV_COUNT","TCD_FUNC_CD","TCD_TYPE","TFC_DETOUR_IND","TIME_OF_DAY","TOTAL_UNITS","TOT_INJ_COUNT","UNBELTED_OCC_COUNT","UNB_DEATH_COUNT","UNB_SUSP_SERIOUS_INJ_COUNT","UNK_INJ_DEG_COUNT","UNK_INJ_PER_COUNT","URBAN_RURAL","VAN_COUNT","VEHICLE_COUNT","WEATHER1","WEATHER2","WORKERS_PRES","WORK_ZONE_IND","WORK_ZONE_LOC","WORK_ZONE_TYPE","WZ_CLOSE_DETOUR","WZ_FLAGGER","WZ_LAW_OFFCR_IND","WZ_LN_CLOSURE","WZ_MOVING","WZ_OTHER","WZ_SHLDER_MDN","WZ_WORKERS_INJ_KILLED"
"2016118445","","1","0","0","0","0","0","0","0","0","4","0","","02","11","2016","7","40.452538","-79.981143","","11","0","0","0","0","0","1","1","0","1","0","0","0","","","0","","1","","40 27:09.136","1","0","79 58:52.114","0","0","0","0","2301","0","0","0","N","0","0","0","7","02301","0","","1.0","","1","N","N","","0","","0","0","0","","0","Y","","2","0","1","0","0","0","0","2","1","2","","","","N","","","","","","","","","",""
"2016104446","","1","0","0","0","0","0","0","0","0","4","0","","02","10","2016","2","40.388223","-79.996659","","11","0","0","0","0","0","1","0","0","1","0","0","0","","","0","","0","","40 23:17.603","2","0","79 59:47.973","0","0","0","0","2301","0","0","0","N","0","0","0","2","02301","0","","1.0","","1","N","N","","1","","0","0","0","","0","N","","2","0","0","0","0","0","0","2","0","2","","","","N","","","","","","","","","",""
"2016124385","","0","0","0","0","0","0","0","0","0","1","0","","02","11","2016","2","40.446783","-79.827843","","11","0","0","0","0","0","1","0","0","2","0","0","0","","","0","","0","","40 26:48.420","5","0","79 49:40.235","0","0","0","0","2113","0","0","0","N","0","0","0","2","02113","0","","1.0","","1","N","N","","1","","0","0","1","","0","N","","2","0","0","0","0","0","0","2","0","2","","","","N","","","","","","","","","",""
"2016113258","","1","0","0","0","0","0","0","0","0","4","0","","02","10","2016","6","40.321148","-80.034472","","11","0","0","0","0","0","0","0","0","","0","0","0","","","0","","1","","40 19:16.132","","0","80 02:04.099","0","0","0","0","2407","0","0","0","","0","0","0","2","02407","0","","1.0","","1","N","N","","0","","0","0","1","","3","","","2","0","0","0","0","0","0","2","0","2","","","","N","","","","","","","","","",""
"2016118291","","2","0","0","0","0","0","0","0","0","4","0","","02","11","2016","7","40.45362","-79.915337","","11","0","0","0","0","0","0","0","0","","0","0","0","","","1","","2","","40 27:13.032","","0","79 54:55.213","4","0","0","0","2301","0","0","0","N","0","0","0","5","02301","1","","1.0","","1","N","N","","0","","0","0","0","","2","","","2","1","0","0","0","0","0","2","0","2","","","","N","","","","","","","","","",""
"2016123977","","0","0","0","0","0","0","0","0","0","8","0","","02","11","2016","7","40.437961","-79.991059","","11","0","0","0","0","0","1","0","0","","0","0","0","","","1","","1","","40 26:16.659","","0","79 59:27.812","3","0","0","0","2301","2","0","0","N","2","0","0","4","02301","0","","1.0","","1","N","N","","1","","1","0","0","","2","","","3","1","0","0","0","0","0","2","0","1","","","","N","","","","","","","","","",""
"2016111261","","0","0","0","0","0","0","0","0","0","0","0","","02","10","2016","4","40.601125","-80.128404","","11","0","0","0","0","0","0","0","0","1","0","0","0","","","1","","0","","40 36:04.050","2","0","80 07:42.254","4","0","0","1","2481","0","0","0","N","0","0","0","2","02481","1","","1.0","","3","N","N","","0","","0","0","0","","0","Y","","1","1","0","0","0","0","0","1","0","1","","","","N","","","","","","","","","",""
"2016095528","","1","0","0","0","0","0","0","0","0","7","0","","02","9","2016","2","40.420914","-80.004498","","11","0","0","0","0","0","0","0","0","","0","0","0","","","1","","0","","40 25:15.290","","0","80 00:16.192","3","0","0","0","2301","0","0","0","N","0","0","0","1","02301","0","","2.0","","1","N","N","","0","","1","0","0","","0","","","1","1","0","0","0","0","0","2","0","1","","","","N","","","","","","","","","",""
"2016093938","","2","0","0","0","0","0","0","0","0","4","0","","02","9","2016","3","40.469479","-79.961267","","11","0","0","0","0","0","0","0","0","","0","0","0","","","0","","1","","40 28:10.124","","0","79 57:40.561","0","0","0","0","2301","0","0","0","N","0","0","0","2","02301","0","","1.0","","1","N","N","","0","","0","0","0","","0","","","2","0","0","0","0","0","0","2","0","2","","","","N","","","","","","","","","",""
"2016117565","","2","0","0","0","0","0","0","0","0","1","0","","02","11","2016","5","40.436574","-79.97344","","11","0","0","0","0","0","0","0","0","","0","0","0","","","1","","7","","40 26:11.668","","2","79 58:24.385","8","0","0","0","2301","0","0","0","N","0","0","0","2","02301","0","","1.0","","1","N","N","","0","","0","0","0","","0","","","2","1","0","0","0","1","0","2","0","2","","","","N","","","","","","","","","",""
"2016118369","","3","0","0","0","0","0","0","0","0","5","0","","02","11","2016","7","40.411488","-79.976922","","11","0","0","0","0","0","0","0","0","","0","0","0","","","0","","0","","40 24:41.357","","0","79 58:36.919","0","0","0","0","2301","0","0","0","N","0","0","0","2","02301","0","","1.0","","1","N","N","","0","","0","0","0","","0","","","3","0","0","0","0","0","0","2","0","3","","","","N","","","","","","","","","",""
"2016124365","","1","0","0","0","0","0","0","0","0","7","0","","02","11","2016","6","40.598965","-79.925166","","11","0","0","0","0","0","0","0","0","2","0","0","0","","","0","","0","","40 35:56.273","4","0","79 55:30.598","0","0","0","0","2207","0","0","0","","0","0","0","1","68T02","0","","4.0","","1","N","N","","0","","0","0","0","","0","N","","1","0","0","0","0","0","0","1","0","1","","","","N","","","","","","","","","",""
"2016096998","","2","0","0","0","0","0","0","0","0","1","0","","02","9","2016","5","40.455756","-79.99733","","11","0","0","0","0","0","1","1","0","1","0","0","0","","","1","","1","","40 27:20.723","1","0","79 59:50.389","8","0","0","0","2301","0","0","0","","0","0","0","3","02301","0","","1.0","","1","","","","0","","0","0","1","","2","N","","3","1","0","0","0","1","0","2","0","3","","","","N","","","","","","","","","",""
"2016124836","","1","0","0","0","0","0","0","0","0","7","0","","02","10","2016","3","40.561174","-80.013214","","11","0","0","0","0","0","0","0","0","1","0","0","0","","","1","","0","","40 33:40.227","5","0","80 00:47.571","8","0","0","0","2108","0","0","0","","0","0","0","1","02108","0","","5.0","","1","N","N","","0","","0","0","0","","0","Y","","1","1","0","0","0","1","0","2","0","1","","","","N","","","","","","","","","",""
"2016107893","","1","0","0","0","0","0","0","0","0","6","0","","02","10","2016","4","40.57598","-79.979243","","11","0","0","0","0","0","0","0","0","3","0","0","0","","","1","","0","","40 34:33.528","3","0","79 58:45.273","3","0","0","0","2207","0","0","0","N","0","0","0","2","02207","0","","1.0","","1","N","N","","0","","1","0","1","","0","N","","2","1","0","0","0","0","0","1","0","2","","","","N","","","","","","","","","",""
"2016096219","","2","0","0","0","0","0","0","0","0","4","0","","02","9","2016","3","40.408903","-79.991733","","11","0","0","0","1","0","0","0","0","1","0","0","0","","","0","","1","","40 24:32.050","3","0","79 59:30.238","0","0","0","0","2301","0","0","0","N","0","0","0","3","02301","0","","1.0","","1","N","N","","0","","0","0","0","","0","N","","2","0","0","0","0","0","0","2","0","2","","","","N","","","","","","","","","",""
"2016113257","","2","0","0","0","0","0","0","0","0","1","0","","02","10","2016","2","40.327281","-80.025498","","11","0","0","0","0","0","0","1","0","","0","0","0","","","0","","2","","40 19:38.213","","0","80 01:31.794","0","0","0","0","2407","0","0","0","","0","0","0","5","02407","0","","1.0","","1","N","N","","1","","0","0","0","","3","","","3","0","0","0","0","0","0","2","0","3","","","","N","","","","","","","","","",""
"2016110492","","0","0","0","0","0","0","0","0","0","1","1","","02","10","2016","3","40.502167","-80.102144","","11","0","0","0","0","0","0","0","0","1","0","1","0","","","0","","2","","40 30:07.801","1","0","80 06:07.718","0","0","0","0","2110","0","0","0","N","0","0","0","2","02215","0","","1.0","","1","N","N","","1","","0","0","0","","3","N","","2","0","0","0","0","0","0","2","0","2","","","","N","","","","","","","","","",""
"2016123639","","2","0","0","0","0","0","0","0","0","1","0","","02","10","2016","7","40.443518","-79.839803","","11","0","0","0","0","0","1","0","0","","0","0","0","","","0","","0","","40 26:36.663","","0","79 50:23.292","0","0","0","0","2419","0","0","0","","0","0","0","4","68B03","0","","1.0","","9","N","N","","0","","0","0","0","","0","","","2","0","0","0","0","0","0","2","0","2","","","","N","","","","","","","","","",""
"2016106062","","1","0","0","0","0","0","0","0","0","4","0","30","02","10","2016","6","40.429267","-79.999168","","11","0","0","0","0","0","0","0","0","1","0","0","0","","","1","","3","","40 25:45.362","4","4","79 59:57.003","3","0","0","0","2301","0","0","0","Y","0","0","0","4","02301","0","","2.0","","1","N","N","","0","","1","0","1","","2","N","","2","1","0","0","0","0","0","2","0","2","","","Y","Y","3","1","","","N","Y","","","",""
"2016098015","","1","0","0","0","0","0","0","0","0","1","0","","02","9","2016","6","40.3644","-79.981575","","11","0","0","0","0","0","0","0","0","","0","0","0","","","0","","0","","40 21:51.840","","0","79 58:53.669","0","0","0","0","2413","0","0","0","N","0","0","0","1","02413","0","","6.0","","1","N","N","","1","","0","0","0","","0","","","2","0","0","0","0","0","0","2","0","2","","","","N","","","","","","","","","",""
"2016114905","","0","0","0","0","0","0","0","0","0","7","0","","02","11","2016","5","40.345579","-79.846937","","11","0","0","0","0","0","0","0","0","","0","0","0","","","0","","2","","40 20:44.084","","0","79 50:48.973","0","0","0","0","2304","0","0","0","N","0","0","0","1","02304","0","","5.0","","1","N","N","","0","","0","0","1","","0","","","1","0","0","0","0","0","0","2","0","1","","","","N","","","","","","","","","",""
"2016098633","","1","0","0","0","0","0","0","0","0","6","0","","02","9","2016","5","40.426359","-80.063529","","11","0","0","0","0","0","0","0","0","1","0","0","0","","","1","","0","","40 25:34.893","4","0","80 03:48.706","3","0","0","1","2301","0","0","0","N","0","0","0","2","02301","0","","1.0","","1","N","N","","0","","1","0","0","","0","N","","2","1","0","0","0","0","0","2","0","2","","","","N","","","","","","","","","",""
"2016105591","","1","0","0","0","0","0","0","0","0","2","0","","02","10","2016","5","40.406237","-79.978382","","11","0","0","0","0","0","2","0","0","1","0","0","0","","","2","","3","","40 24:22.453","5","0","79 58:42.175","8","0","0","0","2301","0","0","0","N","0","0","0","3","02301","0","","1.0","","1","N","N","","0","","0","0","1","","3","N","","2","2","0","0","0","2","0","2","0","2","","","","N","","","","","","","","","",""
"2016099845","","0","0","0","0","0","0","0","0","0","0","0","","02","9","2016","1","40.397958","-79.790439","","11","0","0","0","0","0","0","0","0","","0","0","0","","","1","","0","","40 23:52.647","","0","79 47:25.580","8","0","0","1","2446","0","0","0","N","0","0","0","1","02446","0","","1.0","","1","N","N","","0","","0","0","0","","0","","","1","1","0","0","0","1","0","2","0","1","","","","N","","","","","","","","","",""
"2016097364","","3","0","0","0","0","0","0","0","0","1","0","","02","9","2016","4","40.56396","-79.971144","","11","0","0","0","0","0","1","0","0","2","0","0","0","","","0","","0","","40 33:50.256","4","0","79 58:16.119","0","0","0","0","2207","0","0","0","N","0","0","0","6","02207","0","","1.0","","1","N","N","","0","","0","0","0","","0","N","","3","0","0","0","0","0","0","2","0","3","","","","N","","","","","","","","","",""
"2016111155","","1","0","0","0","0","0","0","0","0","4","0","","02","10","2016","4","40.521948","-80.184643","","11","0","0","0","0","0","0","0","0","","0","0","0","","","0","","0","","40 31:19.012","","7","80 11:04.716","0","0","0","0","2213","0","0","0","","0","0","0","2","02213","0","","1.0","","1","N","N","","0","","0","0","1","","0","","","2","0","0","0","0","0","0","2","0","2","","","","N","","","","","","","","","",""
"2016104458","","1","0","0","0","0","0","0","0","0","7","0","","02","10","2016","2","40.475174","-79.772912","","11","0","0","0","0","0","0","1","0","2","0","0","0","","","0","","2","","40 28:30.628","3","0","79 46:22.484","0","0","0","0","2466","0","0","0","N","0","0","0","2","02466","0","","5.0","","1","N","N","","1","","0","0","0","","3","Y","","2","0","0","0","0","0","0","2","0","2","","","","N","","","","","","","","","",""
"2016125488","","0","0","0","0","0","0","0","0","0","7","0","","02","10","2016","3","40.502913","-80.136636","","11","0","0","0","0","0","1","0","0","2","0","1","0","","","0","","0","","40 30:10.488","1","0","80 08:11.888","0","0","0","0","2115","0","0","0","","0","0","0","2","68B03","0","","2.0","","1","N","N","","0","","0","0","0","","0","N","","1","0","0","0","0","0","0","2","0","1","","","","N","","","","","","","","","",""
"2016108298","","2","0","0","0","0","0","0","0","0","4","0","","02","10","2016","2","40.289264","-80.027287","","11","0","0","0","0","0","1","0","1","2","0","0","0","","","1","","2","","40 17:21.350","5","0","80 01:38.232","8","0","0","0","2219","0","0","0","N","0","0","0","2","02219","0","","1.0","","1","N","N","","0","","0","0","0","","3","N","","2","1","0","0","0","1","0","2","0","2","","","","N","","","","","","","","","",""
"2016111153","","1","0","0","0","0","0","0","0","0","7","0","","02","10","2016","3","40.358533","-80.054358","","11","0","0","0","0","0","0","0","0","","0","0","0","","","0","","0","","40 21:30.720","","0","80 03:15.690","0","0","0","0","2109","0","0","0","","0","0","0","1","02109","0","","5.0","","1","N","N","","0","","0","0","0","","0","","","1","0","0","0","0","0","0","2","0","1","","","","N","","","","","","","","","",""
"2016111399","","1","0","0","0","0","0","0","0","0","1","0","35","02","10","2016","4","40.428851","-79.935314","","11","0","0","0","0","0","0","0","0","","0","0","0","","","0","","0","","40 25:43.864","","2","79 56:07.129","0","0","0","0","2301","0","0","0","","0","0","0","2","68B03","0","","1.0","","1","N","N","","0","","0","0","1","","8","","","2","0","0","0","0","0","0","2","0","2","","","Y","Y","2","1","N","N","N","N","N","N","Y",""
"2016106246","","2","0","0","0","0","0","0","0","0","2","0","","02","10","2016","4","40.45349","-79.876054","","11","0","0","0","0","0","0","0","0","","0","0","0","","","2","","0","","40 27:12.564","","0","79 52:33.794","4","0","0","0","2301","0","0","0","N","0","0","0","7","02301","2","","1.0","","1","N","N","","0","","0","0","0","","0","","","2","2","0","0","0","0","0","2","0","2","","","","N","","","","","","","","","",""
"2016095551","","1","0","0","0","0","0","0","0","0","7","0","","02","9","2016","2","40.435705","-79.994044","","11","0","0","0","0","0","0","0","0","1","0","0","0","","","0","","0","","40 26:08.537","1","2","79 59:38.560","0","0","0","0","2301","0","0","0","N","0","0","0","3","02301","0","","2.0","","9","N","N","","0","","0","0","0","","0","N","","1","0","0","0","0","0","0","2","0","1","","","","N","","","","","","","","","",""
"2016102195","","1","0","0","0","0","0","0","0","0","7","0","","02","10","2016","7","40.349041","-79.959503","","11","0","0","0","0","0","0","0","0","","0","0","0","","","0","","0","","40 20:56.547","","0","79 57:34.210","0","0","0","0","2473","0","0","0","N","0","0","0","1","02473","0","","5.0","","9","N","N","","0","","0","0","0","","0","","","1","0","0","0","0","0","0","2","0","1","","","","N","","","","","","","","","",""
"2016102223","","0","0","0","0","0","0","0","0","0","4","0","","02","9","2016","6","40.506817","-80.006929","","11","0","0","0","0","0","2","0","0","1","0","0","0","","","1","","1","","40 30:24.541","1","0","80 00:24.943","8","0","0","0","2116","0","0","0","N","0","0","0","2","02116","0","","1.0","","1","N","N","","1","","0","0","1","","2","N","","2","1","0","0","0","1","0","2","0","2","","","","N","","","","","","","","","",""
"2016130864","","1","0","0","0","0","0","0","0","0","1","0","","02","12","2016","1","40.374121","-80.104001","","11","0","0","0","0","0","0","0","0","","0","0","0","","","0","","7","","40 22:26.836","","0","80 06:14.402","0","0","0","0","2102","0","0","0","","0","0","0","1","68B03","0","","4.0","","9","N","N","","0","","0","0","1","","0","","","2","0","0","0","0","0","0","2","0","2","","","","N","","","","","","","","","",""
"2016109737","","1","0","0","0","0","0","0","0","0","7","0","","02","10","2016","2","40.441222","-80.039556","","11","0","0","0","0","0","0","0","0","1","0","0","0","","","0","","0","","40 26:28.400","1","0","80 02:22.400","0","0","0","0","2301","0","0","0","N","0","0","0","2","02301","0","","2.0","","1","N","N","","0","","0","0","0","","0","N","","1","0","0","0","0","0","0","2","0","1","","","","N","","","","","","","","","",""
"2016112590","","0","0","0","0","0","0","0","0","0","1","0","","02","10","2016","6","40.46863","-79.976653","","11","0","0","0","0","0","1","0","0","1","0","0","0","","","0","","0","","40 28:07.068","1","0","79 58:35.949","0","0","0","0","2118","0","0","0","N","0","0","0","2","02118","0","","1.0","","1","N","N","","0","","0","0","1","","0","N","","2","0","0","0","0","0","0","2","1","2","","","","N","","","","","","","","","",""
"2016104217","","1","0","0","0","0","0","0","0","0","4","0","","02","10","2016","2","40.454029","-79.912399","","11","0","0","0","0","0","0","0","0","","0","0","0","","","0","","1","","40 27:14.504","","0","79 54:44.638","0","0","0","0","2301","0","0","0","N","0","0","0","2","02301","0","","1.0","","1","N","N","","0","","0","0","1","","2","","","2","0","0","0","0","0","0","2","0","2","","","","N","","","","","","","","","",""
"2016103699","","2","0","0","0","0","0","0","0","0","4","0","","02","10","2016","7","40.453451","-79.931781","","11","0","0","0","0","0","1","0","0","2","0","0","0","","","1","","2","","40 27:12.423","1","0","79 55:54.411","8","0","0","0","2301","0","0","0","N","0","0","0","2","02301","0","","1.0","","1","N","N","","0","","0","0","0","","3","N","","2","1","0","0","0","1","0","2","0","2","","","","N","","","","","","","","","",""
"2016111759","","2","0","0","0","0","0","0","0","0","1","0","","02","10","2016","5","40.411167","-80.005806","","11","0","0","0","0","0","0","0","0","2","0","0","0","","","0","","0","","40 24:40.200","3","0","80 00:20.900","0","0","0","0","2301","0","0","0","N","0","0","0","1","02301","0","","2.0","","1","N","N","","0","","0","0","0","","0","N","","2","0","0","0","0","0","0","2","0","2","","","","N","","","","","","","","","",""
"2016113448","","0","0","0","0","0","0","0","0","0","7","0","","02","10","2016","4","40.667272","-79.729231","","11","0","0","1","0","0","0","0","0","","0","0","0","","","0","","0","","40 40:02.179","","0","79 43:45.230","0","0","0","0","2202","0","0","0","","0","0","0","1","68D02","0","","4.0","","1","N","N","","0","","0","0","1","","0","","","1","0","0","0","0","0","0","2","0","1","","","","N","","","","","","","","","",""
"2016118033","","0","0","0","0","0","0","0","0","0","7","0","","02","11","2016","3","40.523161","-79.818565","","11","1","0","0","0","0","0","0","0","1","0","0","0","","","0","","0","","40 31:23.381","4","0","79 49:06.834","0","0","0","0","2466","0","0","0","","0","0","0","1","68T02","0","","3.0","","9","N","N","","0","","0","0","1","","0","N","","1","0","0","0","0","0","0","2","0","1","","","","N","","","","","","","","","",""
"2016112434","","1","0","0","0","0","0","0","0","0","4","0","","02","10","2016","6","40.614848","-80.097055","","11","0","0","0","1","0","1","0","0","2","0","0","0","","","2","","1","","40 36:53.452","2","8","80 05:49.398","4","0","0","0","2481","0","0","0","N","0","0","0","2","02481","1","","1.0","","1","N","N","","0","","0","0","1","","2","Y","","2","2","0","0","0","1","0","2","0","2","","","","N","","","","","","","","","",""
"2016119847","","1","0","0","0","0","0","0","0","0","7","0","","02","11","2016","3","40.642188","-79.938391","","11","0","0","0","0","0","0","0","0","","0","0","0","","","0","","2","","40 38:31.876","","0","79 56:18.209","0","0","0","0","2217","0","0","0","N","0","0","0","0","02505","0","","5.0","","1","N","N","","0","","0","0","0","","0","","","1","0","0","0","0","0","0","2","0","1","","","","N","","","","","","","","","",""
"2016114744","","1","0","0","0","0","0","0","0","0","1","0","","02","11","2016","5","40.336446","-79.977866","","11","1","0","0","0","0","0","0","0","","0","0","0","","","1","","0","","40 20:11.207","","0","79 58:40.316","8","0","0","0","2403","0","0","0","N","0","0","0","3","02403","0","","1.0","","1","N","N","","0","","0","0","1","","0","","","2","1","0","0","0","1","0","2","0","2","","","","N","","","","","","","","","",""
"2016123623","","1","0","0","0","0","0","0","0","0","1","0","","02","11","2016","4","40.524003","-80.005499","","11","0","0","0","0","0","0","0","0","1","0","0","0","","","0","","0","","40 31:26.412","2","0","80 00:19.797","0","0","0","0","2116","0","0","0","N","0","0","0","2","02116","0","","1.0","","1","N","N","","0","","0","0","1","","2","N","","3","0","0","0","0","0","0","2","0","2","","","","N","","","","","","","","","",""
"2016118144","","1","0","0","0","0","0","0","0","0","1","0","","02","11","2016","5","40.414997","-80.008966","","11","0","0","0","0","0","0","0","0","1","0","0","0","","","0","","0","","40 24:53.988","2","4","80 00:32.278","0","0","0","0","2301","0","0","0","N","0","0","0","2","02301","0","","1.0","","1","N","N","","1","","0","0","0","","0","N","","2","0","0","0","0","0","0","2","0","2","","","","N","","","","","","","","","",""
"2016111754","","0","0","0","0","0","0","0","0","0","99","0","","02","10","2016","5","40.381634","-79.81753","","11","0","0","0","0","0","0","0","0","","0","0","0","","","0","","0","","40 22:53.883","","0","79 49:03.109","0","0","0","0","2111","0","0","0","N","0","0","0","1","02111","0","","1.0","","1","N","N","","0","","0","0","1","","0","","","1","0","0","0","0","0","0","2","0","1","","","","N","","","","","","","","","",""
"2016125193","","2","0","0","0","0","0","0","0","0","4","0","","02","11","2016","3","40.475479","-80.065015","","11","0","0","0","0","0","0","1","0","1","0","0","0","","","1","","3","","40 28:31.726","1","0","80 03:54.055","4","0","0","0","2122","0","0","0","N","0","0","0","3","02122","1","","4.0","","1","N","N","","0","","0","0","0","","2","N","","2","1","0","0","0","0","0","2","0","2","","","","N","","","","","","","","","",""
"2016131515","","0","0","0","0","0","0","0","0","0","0","0","","02","12","2016","1","40.662826","-79.775167","","11","0","0","0","0","0","0","0","0","2","0","0","0","","","0","","0","","40 39:46.173","6","0","79 46:30.601","0","0","0","0","2202","0","0","0","","0","0","0","2","68D02","0","","4.0","","7","N","N","","0","","0","0","1","","0","N","","1","0","0","0","0","0","0","1","0","1","","","","N","","","","","","","","","",""
"2016114817","","1","0","0","0","0","0","0","0","0","7","0","","02","9","2016","5","40.511886","-80.158453","","11","0","0","0","0","0","0","0","0","1","0","0","0","","","0","","1","","40 30:42.788","2","0","80 09:30.431","0","0","0","0","2420","0","0","0","","0","0","0","1","02420","0","","5.0","","9","N","N","","0","","0","0","0","","0","N","","1","0","0","0","0","0","0","2","0","1","","","","N","","","","","","","","","",""
"2016118261","","1","0","0","0","0","0","0","0","0","1","0","","02","11","2016","6","40.627571","-79.880849","","11","0","0","0","0","0","1","0","0","1","0","0","0","","","0","","0","","40 37:39.255","5","0","79 52:51.057","0","0","0","0","2220","0","0","0","N","0","0","0","2","02220","0","","1.0","","1","N","N","","1","","0","0","0","","0","Y","","2","0","1","0","0","0","0","1","0","2","","","","N","","","","","","","","","",""
"2016096610","","2","0","0","0","0","0","0","0","0","4","0","","02","9","2016","4","40.439416","-79.996924","","11","0","0","0","0","0","0","0","0","","0","0","0","","","0","","1","","40 26:21.897","","0","79 59:48.926","0","0","0","0","2301","0","0","0","N","0","0","0","2","02301","0","","1.0","","1","N","N","","0","","0","0","0","","2","","","2","0","0","0","0","0","0","2","0","2","","","","N","","","","","","","","","",""
"2016100489","","1","0","0","0","0","0","0","0","0","8","0","","02","9","2016","6","40.404424","-79.825214","","11","0","0","0","0","0","0","0","0","","0","0","0","","","1","","10","","40 24:15.926","","7","79 49:30.770","8","0","0","0","2467","1","0","0","N","1","0","0","2","02467","0","","1.0","","1","N","N","","0","","0","0","0","","0","","","2","1","0","0","0","1","0","2","0","1","","","","N","","","","","","","","","",""
"2016104299","","2","0","0","0","0","0","0","0","0","5","0","","02","10","2016","1","40.445534","-79.932385","","11","0","0","0","0","0","0","0","0","2","0","0","0","","","0","","0","","40 26:43.921","3","0","79 55:56.585","0","0","0","0","2301","0","0","0","N","0","0","0","1","02301","0","","2.0","","1","N","N","","0","","0","0","0","","0","N","","2","0","0","0","0","0","0","2","0","2","","","","N","","","","","","","","","",""
"2016106864","","0","0","0","0","0","0","0","0","0","1","0","","02","10","2016","1","40.456655","-79.844166","","11","0","0","0","0","0","2","0","0","1","0","0","0","","","2","","1","","40 27:23.958","1","0","79 50:38.998","3","0","0","0","2113","0","0","0","N","0","0","0","6","02113","0","","1.0","","1","N","N","","2","","2","0","0","","0","Y","","2","2","0","0","0","0","0","2","0","2","","","","N","","","","","","","","","",""
"2016098512","","2","0","0","0","0","0","0","0","0","1","0","","02","9","2016","7","40.346988","-80.054955","","11","0","1","0","0","0","0","0","0","","0","0","0","","","1","","1","","40 20:49.158","","0","80 03:17.837","4","0","0","0","2123","0","0","0","N","0","0","0","4","02123","1","","1.0","","1","N","N","","0","","0","0","1","","2","","","3","1","0","0","0","0","0","2","0","3","","","","N","","","","","","","","","",""
"2016097826","","1","0","0","0","0","0","0","0","0","8","0","","02","9","2016","5","40.368642","-80.029027","","11","0","0","0","0","0","0","1","0","1","0","0","0","","","1","","0","","40 22:07.110","3","0","80 01:44.496","3","0","0","0","2416","1","0","0","","1","0","0","2","02416","0","","1.0","","1","N","N","","0","","1","0","0","","0","N","","2","1","0","0","0","0","0","2","0","1","","","","N","","","","","","","","","",""
"2016111848","","1","0","0","0","0","0","0","0","0","1","0","","02","10","2016","4","40.435875","-80.016829","","11","0","0","0","0","0","0","1","0","1","0","0","0","","","0","","0","","40 26:09.149","3","4","80 01:00.585","0","0","0","0","2301","0","0","0","","0","0","0","3","68B03","0","","1.0","","1","N","N","","1","","0","0","0","","0","N","","2","0","1","0","0","0","0","2","0","2","","","","N","","","","","","","","","",""
"2016130479","","0","0","0","0","0","0","0","0","0","7","1","","02","12","2016","5","40.423767","-80.106008","","11","0","0","0","0","0","0","0","0","","0","1","0","","","1","","7","","40 25:25.560","","2","80 06:21.628","3","0","0","0","2115","0","0","0","","0","0","0","1","68B03","0","","4.0","","1","N","Y","","0","","1","0","0","","0","","","1","1","0","0","0","0","0","2","0","1","","","","N","","","","","","","","","",""
"2016131521","","0","0","0","0","0","0","0","0","0","7","0","","02","12","2016","1","40.484091","-79.773498","","11","0","0","0","0","0","0","0","0","","0","0","0","","","0","","0","","40 29:02.727","","0","79 46:24.593","0","0","0","0","2466","0","0","0","","0","0","0","2","68T02","0","","2.0","","6","N","N","","0","","0","0","1","","0","","","1","0","0","0","0","0","0","2","0","1","","","","N","","","","","","","","","",""
"2016112447","","1","0","0","0","0","0","0","0","0","1","1","","02","10","2016","3","40.340769","-79.915197","","11","0","0","0","0","0","1","0","0","","0","1","0","","","1","","3","","40 20:26.769","","0","79 54:54.708","4","0","0","0","2473","0","0","0","N","0","0","0","4","02473","1","","1.0","","1","N","N","","0","","0","0","0","","0","","","2","1","0","0","0","0","0","2","0","2","","","","N","","","","","","","","","",""