"CRN","ARRIVAL_TM","AUTOMOBILE_COUNT","BELTED_DEATH_COUNT","BELTED_SUSP_SERIOUS_INJ_COUNT","BICYCLE_COUNT","BICYCLE_DEATH_COUNT","BICYCLE_SUSP_SERIOUS_INJ_COUNT","BUS_COUNT","CHLDPAS_DEATH_COUNT","CHLDPAS_SUSP_SERIOUS_INJ_COUNT","COLLISION_TYPE","COMM_VEH_COUNT","CONS_ZONE_SPD_LIM","COUNTY","CRASH_MONTH","CRASH_YEAR","DAY_OF_WEEK","DEC_LATITUDE","DEC_LONGITUDE","DISPATCH_TM","DISTRICT","DRIVER_COUNT_16YR","DRIVER_COUNT_17YR","DRIVER_COUNT_18YR","DRIVER_COUNT_19YR","DRIVER_COUNT_20YR","DRIVER_COUNT_50_64YR","DRIVER_COUNT_65_74YR","DRIVER_COUNT_75PLUS","EST_HRS_CLOSED","FATAL_COUNT","HEAVY_TRUCK_COUNT","HORSE_BUGGY_COUNT","HOUR_OF_DAY","ILLUMINATION","INJURY_COUNT","INTERSECTION_RELATED","INTERSECT_TYPE","LANE_CLOSED","LATITUDE","LN_CLOSE_DIR","LOCATION_TYPE","LONGITUDE","MAX_SEVERITY_LEVEL","MCYCLE_DEATH_COUNT","MCYCLE_SUSP_SERIOUS_INJ_COUNT","MOTORCYCLE_COUNT","MUNICIPALITY","NONMOTR_COUNT","NONMOTR_DEATH_COUNT","NONMOTR_SUSP_SERIOUS_INJ_COUNT","NTFY_HIWY_MAINT","PED_COUNT","PED_DEATH_COUNT","PED_SUSP_SERIOUS_INJ_COUNT","PERSON_COUNT","POLICE_AGCY","POSSIBLE_INJ_COUNT","RDWY_SURF_TYPE_CD","RELATION_TO_ROAD","ROADWAY_CLEARED","ROAD_CONDITION","SCH_BUS_IND","SCH_ZONE_IND","SECONDARY_CRASH","SMALL_TRUCK_COUNT","SPEC_JURIS_CD","SUSP_MINOR_INJ_COUNT","SUSP_SERIOUS_INJ_COUNT","SUV_COUNT","TCD_FUNC_CD","TCD_TYPE","TFC_DETOUR_IND","TIME_OF_DAY","TOTAL_UNITS","TOT_INJ_COUNT","UNBELTED_OCC_COUNT","UNB_DEATH_COUNT","UNB_SUSP_SERIOUS_INJ_COUNT","UNK_INJ_DEG_COUNT","UNK_INJ_PER_COUNT","URBAN_RURAL","VAN_COUNT","VEHICLE_COUNT","WEATHER1","WEATHER2","WORKERS_PRES","WORK_ZONE_IND","WORK_ZONE_LOC","WORK_ZONE_TYPE","WZ_CLOSE_DETOUR","WZ_FLAGGER","WZ_LAW_OFFCR_IND","WZ_LN_CLOSURE","WZ_MOVING","WZ_OTHER","WZ_SHLDER_MDN","WZ_WORKERS_INJ_KILLED"
"2016091003","","1","0","0","0","0","0","0","0","0","1","0","","02","9","2016","6","40.531965","-80.072431","","11","0","0","0","0","0","1","0","0","","0","0","0","","","1","","0","","40 31:55.074","","0","80 04:20.750","8","0","0","0","2215","0","0","0","","0","0","0","5","68B03","0","","1.0","","1","N","N","","0","","0","0","2","","0","","","3","1","0","0","0","1","0","2","0","3","","","","N","","","","","","","","","",""
"2016107981","","2","0","0","0","0","0","0","0","0","4","0","","02","10","2016","2","40.432141","-79.959733","","11","1","0","0","0","0","0","0","0","","0","0","0","","","0","","0","","40 25:55.706","","0","79 57:35.038","9","0","0","0","2301","0","0","0","","0","0","0","2","68B03","0","","1.0","","1","N","N","","0","","0","0","0","","0","","","2","0","0","0","0","0","1","2","0","2","","","","N","","","","","","","","","",""
"2016089206","","1","0","0","0","0","0","0","0","0","1","0","","02","8","2016","3","40.515599","-79.805593","","11","0","0","1","0","0","0","0","0","2","0","0","0","","","0","","0","","40 30:56.157","2","0","79 48:20.134","0","0","0","0","2466","0","0","0","N","0","0","0","2","02466","0","","1.0","","1","N","N","","0","","0","0","1","","0","N","","2","0","1","0","0","0","0","2","0","2","","","","N","","","","","","","","","",""
"2016088150","","0","0","0","0","0","0","0","0","0","5","0","","02","8","2016","7","40.365653","-79.86027","","11","0","0","0","0","0","0","0","0","2","0","0","0","","","0","","0","","40 21:56.350","4","0","79 51:36.972","9","0","0","0","2473","0","0","0","N","0","0","0","2","02473","0","","2.0","","1","N","N","","0","","0","0","2","","0","Y","","3","0","0","0","0","0","2","2","1","3","","","","N","","","","","","","","","",""
"2016089330","","3","0","0","0","0","0","0","0","0","6","0","","02","8","2016","2","40.427811","-79.996295","","11","0","0","0","0","0","0","0","0","","0","0","0","","","0","","0","","40 25:40.119","","0","79 59:46.662","0","0","0","0","2301","0","0","0","N","0","0","0","1","02301","0","","6.0","","1","N","N","","0","","0","0","1","","0","","","4","0","0","0","0","0","0","2","0","4","","","","N","","","","","","","","","",""
"2016087933","","0","0","0","0","0","0","0","0","0","0","0","","02","8","2016","6","40.410444","-80.015599","","11","0","0","0","0","0","0","0","0","","0","0","0","","","0","","2","","40 24:37.599","","0","80 00:56.156","0","0","0","1","2301","0","0","0","N","0","0","0","1","02301","0","","1.0","","1","N","N","","0","","0","0","0","","2","","","1","0","0","0","0","0","0","2","0","1","","","","N","","","","","","","","","",""
"2016088218","","2","0","0","0","0","0","0","0","0","4","0","","02","8","2016","7","40.396218","-79.998194","","11","0","0","0","0","0","0","0","0","","0","0","0","","","0","","1","","40 23:46.384","","0","79 59:53.499","0","0","0","0","2301","0","0","0","N","0","0","0","3","02301","0","","1.0","","1","N","N","","0","","0","0","0","","2","","","2","0","0","0","0","0","0","2","0","2","","","","N","","","","","","","","","",""
"2016132861","","1","0","0","0","0","0","0","0","0","2","0","","02","11","2016","4","40.498353","-79.865397","","11","0","0","0","0","2","0","0","0","","0","0","0","","","0","","0","","40 29:54.071","","0","79 51:55.428","0","0","0","0","2112","0","0","0","","0","0","0","3","68D02","0","","1.0","","1","N","N","","2","","0","0","0","","0","","","3","0","0","0","0","0","0","2","0","3","","","","N","","","","","","","","","",""
"2016121917","","3","0","0","0","0","0","0","0","0","1","0","","02","11","2016","6","40.447528","-79.941056","","11","0","0","0","0","0","0","1","0","","0","0","0","","","2","","0","","40 26:51.100","","0","79 56:27.800","4","0","0","0","2301","0","0","0","N","0","0","0","4","02301","2","","1.0","","1","N","N","","0","","0","0","0","","0","","","3","2","0","0","0","0","0","2","0","3","","","","N","","","","","","","","","",""
"2016087529","","1","0","0","0","0","0","0","0","0","1","0","","02","8","2016","5","40.558141","-80.023489","","11","1","0","0","0","0","1","0","0","","0","0","0","","","1","","1","","40 33:29.308","","0","80 01:24.560","8","0","0","0","2108","0","0","0","","0","0","0","3","02108","0","","1.0","","1","N","N","","1","","0","0","0","","2","","","2","1","0","0","0","1","0","2","0","2","","","","N","","","","","","","","","",""
"2016108310","","1","0","0","0","0","0","0","0","0","4","0","","02","10","2016","4","40.378569","-79.804891","","11","0","0","0","0","0","0","0","0","3","0","0","0","","","2","","0","","40 22:42.847","6","7","79 48:17.607","2","0","1","1","2111","0","0","0","N","0","0","0","2","02111","0","","1.0","","1","N","N","","0","","1","1","0","","0","Y","","2","2","0","0","0","0","0","2","0","2","","","","N","","","","","","","","","",""
"2016135541","","0","0","0","0","0","0","0","0","0","7","0","","02","12","2016","3","40.408011","-80.004676","","11","0","0","0","0","0","1","0","0","1","0","0","0","","","1","","0","","40 24:28.838","2","0","80 00:16.832","3","0","0","0","2301","0","0","0","Y","0","0","0","1","02301","0","","2.0","","1","N","N","","0","","1","0","1","","0","N","","1","1","0","0","0","0","0","2","0","1","","","","N","","","","","","","","","",""
"2016139327","","1","0","0","0","0","0","0","0","0","99","0","","02","12","2016","5","40.364685","-79.824075","","11","0","0","0","0","0","0","0","0","2","0","0","0","","","0","","0","","40 21:52.865","5","0","79 49:26.670","0","0","0","0","2111","0","0","0","N","0","0","0","1","02111","0","","1.0","","1","N","N","","0","","0","0","0","","0","N","","1","0","0","0","0","0","0","2","0","1","","","","N","","","","","","","","","",""
"2016135935","","2","0","0","0","0","0","0","0","0","4","0","","02","12","2016","3","40.407731","-79.836964","","11","0","0","0","0","0","1","0","0","","0","0","0","","","0","","0","","40 24:27.830","","0","79 50:13.070","0","0","0","0","2425","0","0","0","N","0","0","0","1","02431","0","","1.0","","2","N","N","","0","","0","0","0","","0","","","2","0","0","0","0","0","0","2","0","2","","","","N","","","","","","","","","",""
"2016134186","","0","0","0","0","0","0","0","0","0","7","0","","02","12","2016","1","40.400392","-80.023434","","11","0","0","0","0","0","0","0","0","2","0","0","0","","","0","","0","","40 24:01.410","1","0","80 01:24.364","0","0","0","0","2301","0","0","0","N","0","0","0","1","02301","0","","2.0","","9","N","N","","0","","0","0","1","","0","N","","1","0","0","0","0","0","0","2","0","1","","","","N","","","","","","","","","",""
"2016134149","","1","0","0","0","0","0","0","0","0","4","0","","02","12","2016","1","40.439416","-79.996924","","11","0","0","0","0","0","0","0","0","","0","0","0","","","1","","1","","40 26:21.897","","0","79 59:48.926","3","0","0","0","2301","0","0","0","N","0","0","0","8","02301","0","","1.0","","1","N","N","","0","","1","0","1","","2","","","3","1","0","0","0","0","0","2","1","3","","","","N","","","","","","","","","",""
"2016058834","","3","0","0","0","0","0","0","0","0","1","0","","02","6","2016","5","40.418875","-80.006277","","11","0","0","0","0","0","1","0","0","1","0","0","0","","","2","","0","","40 25:07.949","2","0","80 00:22.596","3","0","0","0","2301","0","0","0","N","0","0","0","3","02301","1","","1.0","","1","N","N","","0","","1","0","0","","2","N","","3","2","0","0","0","0","0","2","0","3","","","","N","","","","","","","","","",""
"2016136319","","1","0","0","0","0","0","0","0","0","4","0","","02","12","2016","5","40.396487","-80.066012","","11","0","0","0","0","0","1","0","0","2","0","0","0","","","2","","0","","40 23:47.353","5","7","80 03:57.644","8","0","0","0","2117","0","0","0","N","0","0","0","2","02117","0","","1.0","","1","N","N","","0","","0","0","1","","0","N","","2","2","0","0","0","2","0","2","0","2","","","","N","","","","","","","","","",""
"2016133708","","1","0","0","0","0","0","0","0","0","4","0","","02","12","2016","7","40.454076","-79.996814","","11","0","0","0","0","0","0","0","1","1","0","0","0","","","2","","1","","40 27:14.672","7","2","79 59:48.532","3","0","0","0","2301","0","0","0","N","0","0","0","4","02301","1","","1.0","","2","N","N","","1","","1","0","1","","2","N","","3","2","0","0","0","0","0","2","0","3","","","","N","","","","","","","","","",""
"2016134404","","0","0","0","0","0","0","0","0","0","7","0","","02","12","2016","2","40.464","-79.878967","","11","0","0","0","0","0","0","0","0","2","0","0","0","","","1","","0","","40 27:50.400","1","0","79 52:44.280","8","0","0","0","2113","0","0","0","N","0","0","0","1","02113","0","","5.0","","2","N","N","","1","","0","0","0","","0","Y","","1","1","1","0","0","1","0","2","0","1","","","","N","","","","","","","","","",""
"2016133353","","1","0","0","0","0","0","0","0","0","0","0","","02","12","2016","5","40.353695","-79.881937","","11","0","0","0","0","0","0","0","0","1","0","0","0","","","0","","0","","40 21:13.301","3","0","79 52:54.974","0","0","0","0","2423","0","0","0","N","0","0","0","2","02304","0","","1.0","","1","N","N","","0","","0","0","0","","0","N","","1","0","0","0","0","0","0","2","0","1","","","","N","","","","","","","","","",""
"2016084070","","3","0","0","0","0","0","0","0","0","1","0","","02","8","2016","4","40.486604","-79.915501","","11","0","0","0","0","0","0","0","1","1","0","0","0","","","0","","0","","40 29:11.776","7","3","79 54:55.804","9","0","0","0","2301","0","0","0","N","0","0","0","5","02301","0","","1.0","","9","N","N","","0","","0","0","0","","0","N","","3","0","0","0","0","0","5","2","0","3","","","","N","","","","","","","","","",""
"2016134628","","3","0","0","0","0","0","0","0","0","6","0","","02","12","2016","2","40.463471","-79.930682","","11","0","0","0","1","0","0","0","0","1","0","0","0","","","1","","1","","40 27:48.495","3","0","79 55:50.455","3","0","0","0","2301","0","0","0","N","0","0","0","4","02301","0","","1.0","","1","N","N","","0","","1","0","0","","0","N","","3","1","1","0","0","0","0","2","0","3","","","","N","","","","","","","","","",""
"2016135551","","1","0","1","0","0","0","0","0","0","7","0","","02","12","2016","3","40.561246","-79.931938","","11","0","0","0","0","0","0","0","1","2","0","0","0","","","1","","0","","40 33:40.487","5","0","79 55:54.976","2","0","0","0","2207","0","0","0","N","0","0","0","1","02207","0","","5.0","","2","N","N","","0","","0","1","0","","0","Y","","1","1","0","0","0","0","0","2","0","1","","","","N","","","","","","","","","",""
"2016017226","","1","0","0","0","0","0","0","0","0","7","0","","02","2","2016","7","40.271659","-79.796968","","11","0","0","0","0","0","0","0","0","4","0","0","0","","","0","","0","","40 16:17.973","5","0","79 47:49.083","9","0","0","0","2105","0","0","0","N","0","0","0","1","02105","0","","4.0","","7","N","N","","0","","0","0","0","","0","Y","","1","0","0","0","0","0","1","2","0","1","","","","N","","","","","","","","","",""
"2016133360","","1","0","0","0","0","0","0","0","0","1","0","","02","12","2016","6","40.432519","-79.958506","","11","0","0","0","0","0","1","0","0","2","0","0","0","","","0","","7","","40 25:57.067","4","2","79 57:30.620","0","0","0","0","2301","0","0","0","N","0","0","0","3","02301","0","","1.0","","1","N","N","","0","","0","0","1","","3","Y","","2","0","0","0","0","0","0","2","0","2","","","","N","","","","","","","","","",""
"2016103693","","1","0","0","0","0","0","0","0","0","7","0","","02","10","2016","6","40.561319","-79.987522","","11","0","0","0","0","0","0","0","0","","0","0","0","","","0","","0","","40 33:40.750","","0","79 59:15.078","0","0","0","0","2207","0","0","0","Y","0","0","0","2","02207","0","","5.0","","1","Y","N","","0","","0","0","0","","0","","","1","0","0","0","0","0","0","2","0","1","","","","N","","","","","","","","","",""
"2016119328","","1","0","0","0","0","0","0","0","0","1","0","","02","11","2016","5","40.495305","-79.869674","","11","0","0","0","0","0","1","0","0","2","0","0","0","","","1","","0","","40 29:43.098","2","0","79 52:10.825","4","0","0","0","2112","0","0","0","","0","0","0","3","68D02","1","","1.0","","1","Y","N","","0","","0","0","1","","0","Y","","3","1","0","0","0","0","0","2","1","3","","","","N","","","","","","","","","",""
"2016132981","","1","0","0","0","0","0","0","0","0","7","0","","02","12","2016","6","40.420146","-79.948907","","11","0","0","0","0","0","0","0","0","3","0","0","0","","","0","","0","","40 25:12.525","1","0","79 56:56.065","9","0","0","0","2301","0","0","0","","0","0","0","1","02301","0","","2.0","","1","N","N","","0","","0","0","0","","0","N","","1","0","0","0","0","0","1","2","0","1","","","","N","","","","","","","","","",""
"2016135583","","1","0","0","0","0","0","0","0","0","4","0","","02","12","2016","4","40.343506","-80.103968","","11","0","0","0","0","0","0","0","0","1","0","0","0","","","0","","3","","40 20:36.623","1","0","80 06:14.283","0","0","0","0","2123","0","0","0","N","0","0","0","4","02123","0","","1.0","","1","N","N","","0","","0","0","1","","0","N","","2","0","0","0","0","0","0","2","0","2","","","","N","","","","","","","","","",""
"2016104837","","1","0","0","0","0","0","0","0","0","4","0","","02","10","2016","1","40.413104","-80.080005","","11","0","0","1","0","0","0","0","0","","0","0","0","","","0","","0","","40 24:47.175","","0","80 04:48.017","9","0","0","0","2415","0","0","0","","0","0","0","3","68B03","0","","1.0","","1","N","N","","0","","0","0","0","","0","","","2","0","0","0","0","0","1","2","0","2","","","","N","","","","","","","","","",""
"2016101288","","0","0","0","0","0","0","0","0","0","4","0","","02","10","2016","7","40.559458","-79.959267","","11","0","1","0","1","0","0","0","0","2","0","0","0","","","1","","2","","40 33:34.047","2","0","79 57:33.361","2","0","1","1","2207","0","0","0","N","0","0","0","3","02207","0","","1.0","","9","N","N","","0","","0","1","1","","2","Y","","2","1","0","0","0","0","0","2","0","2","","","","N","","","","","","","","","",""
"2016086256","","2","0","0","0","0","0","0","0","0","4","0","","02","8","2016","2","40.545083","-80.187389","","11","0","1","0","0","0","1","0","0","1","0","0","0","","","0","","1","","40 32:42.300","4","0","80 11:14.600","0","0","0","0","2458","0","0","0","N","0","0","0","3","02458","0","","1.0","","1","N","N","","0","","0","0","1","","2","N","","3","0","1","0","0","0","0","2","0","3","","","","N","","","","","","","","","",""
"2016088974","","1","0","0","0","0","0","0","0","0","8","0","","02","8","2016","3","40.44716","-79.945322","","11","0","0","0","0","0","0","0","0","","0","0","0","","","1","","0","","40 26:49.776","","0","79 56:43.159","3","0","0","0","2301","1","0","0","N","1","0","0","2","02301","0","","1.0","","1","N","N","","0","","1","0","0","","0","","","2","1","0","0","0","0","0","2","0","1","","","","N","","","","","","","","","",""
"2016136463","","1","0","0","0","0","0","0","0","0","7","0","","02","12","2016","5","40.484594","-79.921272","","11","0","0","0","0","0","0","0","0","1","0","0","0","","","0","","0","","40 29:04.540","2","0","79 55:16.580","0","0","0","0","2301","0","0","0","N","0","0","0","1","02301","0","","4.0","","1","N","N","","0","","0","0","0","","0","N","","1","0","0","0","0","0","0","2","0","1","","","","N","","","","","","","","","",""
"2016083999","","1","0","0","0","0","0","0","0","0","7","0","","02","8","2016","4","40.511937","-79.830534","","11","0","0","0","0","0","0","1","0","9","0","0","0","","","0","","0","","40 30:42.974","6","0","79 49:49.922","0","0","0","0","2113","0","0","0","N","0","0","0","1","02113","0","","2.0","","9","N","N","","0","","0","0","0","","0","Y","","1","0","0","0","0","0","0","2","0","1","","","","N","","","","","","","","","",""
"2016133634","","1","0","0","0","0","0","0","0","0","7","0","","02","12","2016","7","40.464998","-79.979722","","11","0","0","0","0","0","0","0","0","2","0","0","0","","","1","","0","","40 27:53.991","2","0","79 58:46.998","4","0","0","0","2301","0","0","0","N","0","0","0","1","02301","1","","1.0","","2","N","N","","0","","0","0","0","","0","N","","1","1","0","0","0","0","0","2","0","1","","","","N","","","","","","","","","",""
"2016132787","","1","0","0","0","0","0","0","0","0","4","0","","02","12","2016","5","40.361058","-79.99224","","11","0","0","0","0","0","1","0","0","1","0","0","0","","","1","","2","","40 21:39.810","3","0","79 59:32.065","8","0","0","0","2476","0","0","0","","0","0","0","2","02476","0","","1.0","","1","","","","0","","0","0","1","","8","N","","2","1","0","0","0","1","0","2","0","2","","","","N","","","","","","","","","",""
"2016084109","","2","0","0","0","0","0","0","0","0","4","0","","02","8","2016","4","40.399073","-80.025095","","11","0","0","0","0","0","0","0","0","1","0","0","0","","","0","","0","","40 23:56.664","2","0","80 01:30.342","0","0","0","0","2301","0","0","0","N","0","0","0","3","02301","0","","1.0","","1","N","N","","0","","0","0","1","","0","N","","3","0","0","0","0","0","0","2","0","3","","","","N","","","","","","","","","",""
"2016084068","","1","0","0","0","0","0","0","0","0","4","0","","02","8","2016","4","40.468748","-79.92751","","11","0","0","0","0","0","0","1","0","","0","0","0","","","0","","2","","40 28:07.492","","0","79 55:39.036","0","0","0","0","2301","0","0","0","N","0","0","0","4","02301","0","","1.0","","9","N","N","","0","","0","0","1","","2","","","2","0","0","0","0","0","0","2","0","2","","","","N","","","","","","","","","",""
"2016134221","","0","0","0","0","0","0","0","0","0","7","0","","02","12","2016","1","40.360944","-79.828658","","11","0","0","0","0","0","0","0","0","","0","0","0","","","0","","0","","40 21:39.398","","0","79 49:43.170","0","0","0","0","2304","0","0","0","N","0","0","0","1","02304","0","","2.0","","9","N","N","","0","","0","0","1","","0","","","1","0","1","0","0","0","0","2","0","1","","","","N","","","","","","","","","",""
"2016113775","","2","0","0","0","0","0","0","0","0","1","0","","02","11","2016","3","40.323588","-79.788144","","11","0","0","0","0","0","1","1","0","2","0","0","0","","","2","","1","","40 19:24.917","6","0","79 47:17.320","3","0","0","0","2477","0","0","0","N","0","0","0","5","02477","1","","1.0","","1","N","N","","0","","1","0","1","","0","N","","4","2","0","0","0","0","0","2","1","4","","","","N","","","","","","","","","",""
"2016136368","","1","0","0","0","0","0","0","0","0","4","0","","02","12","2016","5","40.381469","-79.811489","","11","0","0","1","0","0","0","0","0","1","0","0","0","","","1","","0","","40 22:53.290","1","7","79 48:41.360","4","0","0","0","2424","0","0","0","N","0","0","0","2","02424","1","","1.0","","1","N","N","","0","","0","0","1","","0","Y","","2","1","1","0","0","0","0","2","0","2","","","","N","","","","","","","","","",""
"2016134223","","2","0","0","0","0","0","0","0","0","4","0","","02","12","2016","1","40.372218","-79.982023","","11","0","0","0","0","0","0","0","0","","0","0","0","","","0","","0","","40 22:19.985","","7","79 58:55.283","0","0","0","0","2413","0","0","0","N","0","0","0","2","02413","0","","1.0","","1","N","N","","0","","0","0","0","","0","","","2","0","0","0","0","0","0","2","0","2","","","","N","","","","","","","","","",""
"2016088210","","0","0","0","0","0","0","0","0","0","7","0","","02","8","2016","1","40.476151","-80.000453","","11","0","1","0","0","0","0","0","0","1","0","0","0","","","1","","0","","40 28:34.143","2","0","80 00:01.630","4","0","0","0","2301","0","0","0","N","0","0","0","2","02301","1","","5.0","","1","N","N","","0","","0","0","0","","0","N","","1","1","0","0","0","0","0","2","1","1","","","","N","","","","","","","","","",""
"2016084785","","1","0","0","0","0","0","0","0","0","1","0","","02","8","2016","5","40.457254","-80.03031","","11","0","0","0","0","0","0","0","0","","0","0","0","","","1","","2","","40 27:26.114","","0","80 01:49.116","3","0","0","0","2301","0","0","0","N","0","0","0","3","02301","0","","1.0","","1","N","N","","0","","1","0","1","","0","","","2","1","0","0","0","0","0","2","0","2","","","","N","","","","","","","","","",""
"2016132083","","0","0","0","0","0","0","0","0","0","7","0","","02","12","2016","4","40.453588","-79.995398","","11","0","0","0","0","0","0","0","0","","0","0","0","","","0","","0","","40 27:12.918","","0","79 59:43.433","0","0","0","0","2301","0","0","0","N","0","0","0","2","02301","0","","4.0","","1","N","N","","0","","0","0","1","","0","","","1","0","0","0","0","0","0","2","0","1","","","","N","","","","","","","","","",""
"2016134529","","2","0","0","0","0","0","0","0","0","1","0","","02","12","2016","2","40.458559","-79.95698","","11","0","0","0","0","0","0","0","0","1","0","0","0","","","1","","2","","40 27:30.811","4","8","79 57:25.128","3","0","0","0","2301","0","0","0","N","0","0","0","2","02301","0","","1.0","","1","N","N","","0","","1","0","0","","2","N","","2","1","0","0","0","0","0","2","0","2","","","","N","","","","","","","","","",""
"2016090298","","2","0","0","0","0","0","0","0","0","1","0","","02","8","2016","1","40.473689","-80.072098","","11","0","0","0","0","0","0","0","0","2","0","0","0","","","0","","0","","40 28:25.280","6","0","80 04:19.552","0","0","0","0","2122","0","0","0","N","0","0","0","1","02122","0","","1.0","","1","N","N","","0","","0","0","1","","0","N","","3","0","0","0","0","0","0","2","0","3","","","","N","","","","","","","","","",""
"2016134471","","2","0","0","0","0","0","0","0","0","4","0","","02","12","2016","2","40.328589","-79.947419","","11","0","0","0","0","0","0","1","1","1","0","0","0","","","0","","0","","40 19:42.920","3","7","79 56:50.710","0","0","0","0","2454","0","0","0","N","0","0","0","2","02454","0","","1.0","","1","N","N","","0","","0","0","0","","3","N","","2","0","0","0","0","0","0","2","0","2","","","","N","","","","","","","","","",""
"2016133171","","2","0","0","0","0","0","0","0","0","4","0","","02","12","2016","5","40.349918","-79.864728","","11","0","0","0","0","0","0","0","0","1","0","0","0","","","1","","1","","40 20:59.706","5","0","79 51:53.021","8","0","0","0","2304","0","0","0","N","0","0","0","3","02304","0","","1.0","","1","N","N","","0","","0","0","0","","3","Y","","2","1","0","0","0","1","0","2","0","2","","","","N","","","","","","","","","",""
"2016133383","","3","0","0","0","0","0","0","0","0","5","0","","02","12","2016","7","40.441269","-80.036417","","11","0","0","0","0","0","0","0","0","2","0","0","0","","","0","","0","","40 26:28.570","1","0","80 02:11.100","9","0","0","0","2301","0","0","0","N","0","0","0","1","02301","0","","1.0","","1","N","N","","0","","0","0","0","","0","N","","3","0","0","0","0","0","1","2","0","3","","","","N","","","","","","","","","",""
"2016086556","","1","0","0","0","0","0","0","0","0","7","0","","02","8","2016","5","40.431778","-80.007028","","11","0","0","0","0","0","0","0","0","","0","0","0","","","0","","0","","40 25:54.400","","0","80 00:25.300","0","0","0","0","2301","0","0","0","N","0","0","0","1","02301","0","","2.0","","1","N","N","","0","","0","0","0","","0","","","1","0","0","0","0","0","0","2","0","1","","","","N","","","","","","","","","",""
"2016129607","","0","0","0","0","0","0","0","0","0","7","0","","02","11","2016","6","40.428207","-80.130727","","11","0","0","0","0","0","0","0","0","","0","0","0","","","0","","0","","40 25:41.545","","0","80 07:50.616","0","0","0","0","2102","0","0","0","","0","0","0","1","68B03","0","","4.0","","1","N","N","","1","","0","0","0","","0","","","1","0","0","0","0","0","0","2","0","1","","","","N","","","","","","","","","",""
"2016135855","","2","0","0","0","0","0","0","0","0","1","0","","02","12","2016","3","40.553752","-80.021777","","11","0","0","0","0","0","1","0","0","1","0","0","0","","","0","","0","","40 33:13.508","3","0","80 01:18.398","0","0","0","0","2108","0","0","0","","0","0","0","3","02108","0","","1.0","","1","N","N","","0","","0","0","0","","2","N","","2","0","0","0","0","0","0","2","0","2","","","","N","","","","","","","","","",""
"2016133626","","0","0","0","0","0","0","0","0","0","7","0","","02","12","2016","7","40.481294","-79.8365","","11","0","0","0","0","0","0","0","0","","0","0","0","","","1","","0","","40 28:52.660","","0","79 50:11.400","3","0","0","0","2113","0","0","0","N","0","0","0","1","02113","0","","5.0","","6","N","N","","0","","1","0","1","","0","","","1","1","1","0","0","0","0","2","0","1","","","","N","","","","","","","","","",""
"2016089224","","1","0","0","0","0","0","0","0","0","7","0","","02","8","2016","1","40.432396","-80.072065","","11","0","0","0","0","0","0","0","0","","0","0","0","","","1","","0","","40 25:56.626","","0","80 04:19.433","8","0","0","0","2421","0","0","0","N","0","0","0","1","02421","0","","2.0","","1","N","N","","0","","0","0","0","","0","","","1","1","1","0","0","1","0","2","0","1","","","","N","","","","","","","","","",""
"2016084104","","1","0","0","0","0","0","0","0","0","7","0","","02","8","2016","4","40.602513","-79.750282","","11","0","0","0","0","0","0","1","0","2","0","0","0","","","2","","1","","40 36:09.046","4","0","79 45:01.015","4","0","0","0","2464","0","0","0","N","0","0","0","2","02464","2","","4.0","","9","N","N","","0","","0","0","0","","0","Y","","1","2","0","0","0","0","0","2","0","1","","","","N","","","","","","","","","",""
"2016137270","","1","0","0","0","0","0","0","0","0","2","0","","02","12","2016","7","40.363856","-79.899107","","11","0","0","0","0","0","1","0","0","1","0","0","0","","","0","","0","","40 21:49.882","6","0","79 53:56.784","0","0","0","0","2473","0","0","0","N","0","0","0","2","02473","0","","1.0","","6","N","N","","1","","0","0","0","","0","N","","2","0","0","0","0","0","0","2","0","2","","","","N","","","","","","","","","",""
"2016134383","","0","0","0","0","0","0","0","0","0","7","0","","02","12","2016","7","40.373244","-80.113496","","11","0","0","0","0","1","0","0","0","","0","0","0","","","0","","0","","40 22:23.678","","0","80 06:48.587","0","0","0","0","2102","0","0","0","N","0","0","0","1","02102","0","","4.0","","2","N","N","","1","","0","0","0","","0","","","1","0","0","0","0","0","0","2","0","1","","","","N","","","","","","","","","",""
"2016089632","","1","0","0","0","0","0","0","0","0","4","0","","02","8","2016","7","40.42958","-79.997528","","11","0","0","0","0","0","0","0","0","","0","0","0","","","0","","2","","40 25:46.489","","0","79 59:51.099","0","0","0","0","2301","0","0","0","N","0","0","0","1","02301","0","","1.0","","1","N","N","","1","","0","0","0","","3","","","2","0","0","0","0","0","0","2","0","2","","","","N","","","","","","","","","",""
"2016087922","","1","0","0","0","0","0","0","0","0","8","0","","02","8","2016","7","40.437806","-79.988361","","11","0","0","0","0","0","0","0","1","1","0","0","0","","","1","","1","","40 26:16.100","3","0","79 59:18.100","3","0","0","0","2301","1","0","0","N","1","0","0","3","02301","0","","1.0","","1","N","N","","0","","1","0","0","","1","N","","2","1","0","0","0","0","2","2","0","1","","","","N","","","","","","","","","",""
"2016084015","","2","0","0","0","0","0","0","0","0","1","0","","02","8","2016","4","40.433417","-79.887901","","11","0","0","0","0","0","0","0","0","2","0","0","0","","","0","","0","","40 26:00.301","3","0","79 53:16.443","0","0","0","0","2426","0","0","0","N","0","0","0","1","02426","0","","1.0","","9","N","N","","1","","0","0","0","","0","N","","3","0","0","0","0","0","0","2","0","3","","","","N","","","","","","","","","",""