"CRN","ARRIVAL_TM","AUTOMOBILE_COUNT","BELTED_DEATH_COUNT","BELTED_SUSP_SERIOUS_INJ_COUNT","BICYCLE_COUNT","BICYCLE_DEATH_COUNT","BICYCLE_SUSP_SERIOUS_INJ_COUNT","BUS_COUNT","CHLDPAS_DEATH_COUNT","CHLDPAS_SUSP_SERIOUS_INJ_COUNT","COLLISION_TYPE","COMM_VEH_COUNT","CONS_ZONE_SPD_LIM","COUNTY","CRASH_MONTH","CRASH_YEAR","DAY_OF_WEEK","DEC_LATITUDE","DEC_LONGITUDE","DISPATCH_TM","DISTRICT","DRIVER_COUNT_16YR","DRIVER_COUNT_17YR","DRIVER_COUNT_18YR","DRIVER_COUNT_19YR","DRIVER_COUNT_20YR","DRIVER_COUNT_50_64YR","DRIVER_COUNT_65_74YR","DRIVER_COUNT_75PLUS","EST_HRS_CLOSED","FATAL_COUNT","HEAVY_TRUCK_COUNT","HORSE_BUGGY_COUNT","HOUR_OF_DAY","ILLUMINATION","INJURY_COUNT","INTERSECTION_RELATED","INTERSECT_TYPE","LANE_CLOSED","LATITUDE","LN_CLOSE_DIR","LOCATION_TYPE","LONGITUDE","MAX_SEVERITY_LEVEL","MCYCLE_DEATH_COUNT","MCYCLE_SUSP_SERIOUS_INJ_COUNT","MOTORCYCLE_COUNT","MUNICIPALITY","NONMOTR_COUNT","NONMOTR_DEATH_COUNT","NONMOTR_SUSP_SERIOUS_INJ_COUNT","NTFY_HIWY_MAINT","PED_COUNT","PED_DEATH_COUNT","PED_SUSP_SERIOUS_INJ_COUNT","PERSON_COUNT","POLICE_AGCY","POSSIBLE_INJ_COUNT","RDWY_SURF_TYPE_CD","RELATION_TO_ROAD","ROADWAY_CLEARED","ROAD_CONDITION","SCH_BUS_IND","SCH_ZONE_IND","SECONDARY_CRASH","SMALL_TRUCK_COUNT","SPEC_JURIS_CD","SUSP_MINOR_INJ_COUNT","SUSP_SERIOUS_INJ_COUNT","SUV_COUNT","TCD_FUNC_CD","TCD_TYPE","TFC_DETOUR_IND","TIME_OF_DAY","TOTAL_UNITS","TOT_INJ_COUNT","UNBELTED_OCC_COUNT","UNB_DEATH_COUNT","UNB_SUSP_SERIOUS_INJ_COUNT","UNK_INJ_DEG_COUNT","UNK_INJ_PER_COUNT","URBAN_RURAL","VAN_COUNT","VEHICLE_COUNT","WEATHER1","WEATHER2","WORKERS_PRES","WORK_ZONE_IND","WORK_ZONE_LOC","WORK_ZONE_TYPE","WZ_CLOSE_DETOUR","WZ_FLAGGER","WZ_LAW_OFFCR_IND","WZ_LN_CLOSURE","WZ_MOVING","WZ_OTHER","WZ_SHLDER_MDN","WZ_WORKERS_INJ_KILLED"
"2016134813","","1","0","0","0","0","0","0","0","0","2","0","","02","12","2016","6","40.372737","-80.099417","","11","0","0","0","0","0","1","1","0","4","0","0","0","","","2","","2","","40 22:21.853","6","0","80 05:57.902","2","0","0","0","2102","0","0","0","N","0","0","0","2","02102","0","","1.0","","1","N","N","","1","","0","2","0","","2","Y","","2","2","1","0","1","0","0","2","0","2","","","","N","","","","","","","","","",""
"2016136449","","0","0","0","0","0","0","0","0","0","7","0","","02","12","2016","4","40.628062","-79.941786","","11","0","0","0","0","0","0","0","0","2","0","0","0","","","2","","0","","40 37:41.023","5","0","79 56:30.431","4","0","0","0","2217","0","0","0","N","0","0","0","2","02505","2","","5.0","","1","N","N","","1","","0","0","0","","0","Y","","1","2","0","0","0","0","0","2","0","1","","","","N","","","","","","","","","",""
"2016135032","","1","0","0","0","0","0","0","0","0","4","0","","02","12","2016","3","40.381134","-79.998918","","11","0","0","0","0","0","2","0","0","","0","0","0","","","0","","0","","40 22:52.082","","7","79 59:56.105","0","0","0","0","2301","0","0","0","N","0","0","0","2","02301","0","","1.0","","1","N","N","","0","","0","0","0","","0","","","2","0","0","0","0","0","0","2","1","2","","","","N","","","","","","","","","",""
"2016133396","","1","0","0","0","0","0","0","0","0","7","0","","02","12","2016","6","40.497531","-80.014006","","11","0","0","0","0","0","0","0","0","","0","0","0","","","0","","0","","40 29:51.110","","0","80 00:50.420","0","0","0","0","2301","0","0","0","N","0","0","0","1","02301","0","","5.0","","1","N","N","","0","","0","0","0","","0","","","1","0","0","0","0","0","0","2","0","1","","","","N","","","","","","","","","",""
"2016136602","","2","0","0","0","0","0","0","0","0","4","0","","02","12","2016","7","40.478556","-79.943003","","11","0","0","0","0","0","1","0","0","","0","0","0","","","0","","0","","40 28:42.800","","0","79 56:34.810","0","0","0","0","2301","0","0","0","N","0","0","0","1","02301","0","","2.0","","2","N","N","","0","","0","0","0","","0","","","2","0","0","0","0","0","0","2","0","2","","","","N","","","","","","","","","",""
"2016132066","","1","0","0","0","0","0","0","0","0","7","0","","02","12","2016","4","40.363363","-79.964052","","11","0","0","0","0","0","0","0","0","","0","0","0","","","1","","0","","40 21:48.106","","0","79 57:50.587","8","0","0","0","2403","0","0","0","N","0","0","0","1","02403","0","","5.0","","1","N","N","","0","","0","0","0","","0","","","1","1","0","0","0","1","0","2","0","1","","","","N","","","","","","","","","",""
"2016132007","","2","0","0","0","0","0","0","0","0","4","0","","02","12","2016","4","40.429713","-79.923443","","11","0","0","0","0","0","0","0","1","","0","0","0","","","0","","2","","40 25:46.966","","0","79 55:24.394","0","0","0","0","2301","0","0","0","Y","0","0","0","4","02301","0","","1.0","","6","N","N","","0","","0","0","0","","2","","","2","0","0","0","0","0","0","2","0","2","","","","N","","","","","","","","","",""
"2016134510","","1","0","0","0","0","0","0","0","0","1","0","","02","12","2016","2","40.447235","-79.827679","","11","0","0","0","0","0","0","0","0","","0","0","0","","","0","","0","","40 26:50.046","","0","79 49:39.643","0","0","0","0","2113","0","0","0","N","0","0","0","2","02113","0","","1.0","","1","N","N","","0","","0","0","1","","0","","","2","0","0","0","0","0","0","2","0","2","","","","N","","","","","","","","","",""
"2016137351","","0","0","0","0","0","0","0","0","0","7","0","","02","12","2016","1","40.534458","-79.998928","","11","0","0","0","0","0","0","0","0","1","0","0","0","","","0","","0","","40 32:04.050","2","0","79 59:56.140","0","0","0","0","2116","0","0","0","N","0","0","0","1","02116","0","","5.0","","2","N","N","","0","","0","0","0","","0","N","","1","0","0","0","0","0","0","2","1","1","","","","N","","","","","","","","","",""
"2016136822","","1","0","0","0","0","0","0","0","0","4","0","","02","12","2016","5","40.338156","-79.950503","","11","0","0","0","0","0","0","0","0","","0","0","0","","","6","","0","","40 20:17.360","","7","79 57:01.810","8","0","0","0","2473","0","0","0","N","0","0","0","10","02473","0","","1.0","","1","N","N","","0","","0","0","1","","9","","","2","6","0","0","0","6","0","2","0","2","","","","N","","","","","","","","","",""
"2016133524","","1","0","0","0","0","0","0","0","0","6","0","","02","12","2016","7","40.49475","-79.895406","","11","0","0","0","0","0","1","0","0","3","0","0","0","","","0","","0","","40 29:41.100","6","0","79 53:43.460","0","0","0","0","2432","0","0","0","N","0","0","0","3","02432","0","","1.0","","2","N","N","","1","","0","0","0","","0","Y","","2","0","0","0","0","0","0","2","0","2","","","","N","","","","","","","","","",""
"2016134511","","1","0","0","0","0","0","0","0","0","7","0","","02","12","2016","7","40.566589","-80.043861","","11","0","0","0","0","0","0","0","0","2","0","0","0","","","0","","0","","40 33:59.720","2","0","80 02:37.900","0","0","0","0","2108","0","0","0","","0","0","0","1","02108","0","","2.0","","6","N","N","","0","","0","0","0","","0","N","","1","0","0","0","0","0","0","2","0","1","","05","","N","","","","","","","","","",""
"2016136026","","1","0","0","0","0","0","0","0","0","3","0","","02","12","2016","7","40.481019","-80.131583","","11","0","0","0","0","0","0","0","0","","0","0","0","","","0","","0","","40 28:51.670","","0","80 07:53.700","0","0","0","0","2115","0","0","0","","0","0","0","2","02115","0","","1.0","","1","N","N","","1","","0","0","0","","3","","","2","0","0","0","0","0","0","2","0","2","","","","N","","","","","","","","","",""
"2016138003","","2","0","0","0","0","0","0","0","0","4","0","","02","12","2016","4","40.379334","-80.029616","","11","0","0","0","0","0","0","0","0","2","0","0","0","","","0","","1","","40 22:45.602","2","0","80 01:46.617","0","0","0","0","2109","0","0","0","","0","0","0","2","02109","0","","1.0","","1","N","N","","0","","0","0","0","","3","Y","","2","0","0","0","0","0","0","2","0","2","","","","N","","","","","","","","","",""
"2016134800","","2","0","0","0","0","0","0","0","0","4","0","","02","12","2016","2","40.338933","-79.960431","","11","0","0","0","0","0","0","0","0","3","0","0","0","","","0","","0","","40 20:20.160","2","0","79 57:37.552","0","0","0","0","2440","0","0","0","N","0","0","0","2","02440","0","","1.0","","6","N","N","","0","","0","0","0","","0","N","","2","0","0","0","0","0","0","2","0","2","","","","N","","","","","","","","","",""
"2016134173","","3","0","0","0","0","0","0","0","0","4","0","","02","12","2016","1","40.419908","-79.986994","","11","0","0","0","0","0","0","0","0","3","0","0","0","","","0","","0","","40 25:11.670","3","0","79 59:13.180","0","0","0","0","2301","0","0","0","N","0","0","0","1","02301","0","","1.0","","1","N","N","","0","","0","0","1","","0","N","","4","0","0","0","0","0","0","2","0","4","","","","N","","","","","","","","","",""
"2016139115","","0","0","0","0","0","0","0","0","0","4","0","","02","12","2016","7","40.571884","-79.993644","","11","0","0","0","0","0","0","1","1","","0","0","0","","","0","","2","","40 34:18.782","","0","79 59:37.118","0","0","0","0","2108","0","0","0","","0","0","0","3","02108","0","","1.0","","9","N","N","","0","","0","0","2","","3","","","2","0","0","0","0","0","0","2","0","2","","05","","N","","","","","","","","","",""
"2016133191","","2","0","0","0","0","0","0","0","0","4","0","","02","12","2016","6","40.449819","-79.929656","","11","0","0","0","0","0","0","0","0","","0","0","0","","","1","","1","","40 26:59.348","","0","79 55:46.761","8","0","0","0","2301","0","0","0","N","0","0","0","2","02301","0","","1.0","","1","N","N","","0","","0","0","0","","2","","","2","1","0","0","0","1","0","2","0","2","","","","N","","","","","","","","","",""
"2016133351","","2","0","0","0","0","0","0","0","0","4","0","","02","12","2016","6","40.451499","-79.953396","","11","0","0","0","0","0","1","0","0","","0","0","0","","","0","","1","","40 27:05.396","","0","79 57:12.225","0","0","0","0","2301","0","0","0","N","0","0","0","2","02301","0","","1.0","","1","N","N","","0","","0","0","0","","3","","","2","0","0","0","0","0","0","2","0","2","","","","N","","","","","","","","","",""
"2016134808","","2","0","0","0","0","0","0","0","0","1","0","","02","12","2016","3","40.434401","-79.953214","","11","0","0","0","0","0","0","0","0","","0","0","0","","","0","","1","","40 26:03.843","","0","79 57:11.570","0","0","0","0","2301","0","0","0","N","0","0","0","2","02301","0","","1.0","","1","N","N","","0","","0","0","0","","2","","","2","0","0","0","0","0","0","2","0","2","","","","N","","","","","","","","","",""
"2016133410","","0","0","0","0","0","0","0","0","0","7","0","","02","12","2016","7","40.407002","-80.052134","","11","0","0","0","0","0","0","0","0","2","0","0","0","","","1","","0","","40 24:25.206","2","0","80 03:07.683","4","0","0","0","2435","0","0","0","N","0","0","0","1","02435","1","","2.0","","6","N","N","","1","","0","0","0","","0","N","","1","1","0","0","0","0","0","2","0","1","","","","N","","","","","","","","","",""
"2016138005","","2","0","0","0","0","0","0","0","0","1","0","","02","12","2016","6","40.485883","-80.193494","","11","0","0","0","0","0","0","1","0","","0","0","0","","","1","","0","","40 29:09.180","","7","80 11:36.580","4","0","0","0","2213","0","0","0","","0","0","0","3","02213","1","","1.0","","98","N","N","","0","","0","0","0","","2","","","2","1","0","0","0","0","0","2","0","2","","","","N","","","","","","","","","",""
"2016133136","","1","0","0","0","0","0","0","0","0","1","0","","02","12","2016","6","40.414654","-80.030147","","11","0","0","0","0","0","0","0","0","","0","0","0","","","1","","0","","40 24:52.754","","0","80 01:48.529","3","0","0","0","2301","0","0","0","N","0","0","0","3","02301","0","","1.0","","1","N","N","","0","","1","0","1","","0","","","2","1","0","0","0","0","0","2","0","2","","","","N","","","","","","","","","",""
"2016133519","","1","0","0","0","0","0","0","0","0","7","0","","02","12","2016","7","40.492653","-80.299518","","11","0","0","0","0","0","0","0","0","","0","0","0","","","0","","0","","40 29:33.552","","0","80 17:58.266","0","0","0","0","2203","0","0","0","N","0","0","0","1","02203","0","","4.0","","2","N","N","","0","","0","0","0","","0","","","1","0","0","0","0","0","0","2","0","1","","05","","N","","","","","","","","","",""
"2016136433","","2","0","0","0","0","0","0","0","0","1","0","","02","12","2016","5","40.459193","-79.970767","","11","0","0","0","0","0","0","0","0","","0","0","0","","","0","","1","","40 27:33.094","","0","79 58:14.761","0","0","0","0","2301","0","0","0","N","0","0","0","3","02301","0","","1.0","","1","N","N","","0","","0","0","0","","2","","","3","0","0","0","0","0","0","2","1","3","","","","N","","","","","","","","","",""
"2016029244","","0","0","0","0","0","0","0","0","0","4","0","","02","3","2016","4","40.410059","-80.080745","","11","0","0","0","0","0","1","0","0","1","0","0","0","","","0","","1","","40 24:36.212","4","2","80 04:50.681","0","0","0","0","2415","0","0","0","N","0","0","0","4","02415","0","","1.0","","1","N","N","","1","","0","0","2","","3","N","","3","0","0","0","0","0","0","2","0","3","","","","N","","","","","","","","","",""
"2016136372","","2","0","0","0","0","0","0","0","0","1","0","","02","12","2016","5","40.518142","-80.222454","","11","0","0","0","0","0","0","0","0","","0","0","0","","","2","","0","","40 31:05.312","","0","80 13:20.836","3","0","0","0","2213","0","0","0","","0","0","0","4","02213","0","","1.0","","1","N","N","","0","","1","0","0","","0","","","3","2","0","0","0","1","0","2","1","3","","","","N","","","","","","","","","",""
"2016135542","","2","0","0","0","0","0","0","0","0","2","0","","02","12","2016","1","40.385376","-79.978539","","11","0","0","1","0","0","0","0","0","2","0","0","0","","","4","","0","","40 23:07.353","5","0","79 58:42.741","8","0","0","0","2219","0","0","0","N","0","0","0","10","02219","0","","1.0","","2","N","N","","0","","0","0","0","","0","N","","2","4","0","0","0","4","0","2","0","2","","","","N","","","","","","","","","",""
"2016136504","","0","0","0","0","0","0","0","0","0","4","0","","02","12","2016","5","40.473706","-80.038411","","11","0","0","0","0","0","0","0","0","","0","0","0","","","0","","0","","40 28:25.340","","0","80 02:18.280","9","0","0","0","2301","0","0","0","N","0","0","0","1","02301","0","","6.0","","1","N","N","","1","","0","0","2","","0","","","3","0","0","0","0","0","1","2","0","3","","","","N","","","","","","","","","",""
"2016133065","","2","0","0","0","0","0","0","0","0","1","0","","02","11","2016","5","40.509661","-80.092238","","11","0","0","0","0","0","0","1","0","","0","0","0","","","1","","0","","40 30:34.778","","0","80 05:32.055","8","0","0","0","2429","0","0","0","N","0","0","0","2","02215","0","","1.0","","1","N","N","","0","","0","0","0","","0","","","2","1","0","0","0","1","0","2","0","2","","","","N","","","","","","","","","",""
"2016133601","","1","0","0","0","0","0","0","0","0","7","0","","02","12","2016","7","40.517969","-79.981669","","11","0","1","0","0","0","0","0","0","1","0","0","0","","","1","","0","","40 31:04.690","5","0","79 58:54.010","8","0","0","0","2118","0","0","0","N","0","0","0","1","02118","0","","5.0","","2","N","N","","0","","0","0","0","","0","N","","1","1","0","0","0","1","0","2","0","1","","","","N","","","","","","","","","",""
"2016133462","","2","0","0","0","0","0","0","0","0","4","0","","02","12","2016","6","40.356439","-80.028358","","11","0","0","0","0","0","0","0","0","","0","0","0","","","0","","0","","40 21:23.179","","7","80 01:42.089","0","0","0","0","2416","0","0","0","","0","0","0","1","02416","0","","2.0","","1","N","N","","0","","0","0","1","","0","","","3","0","0","0","0","0","0","2","0","3","","","","N","","","","","","","","","",""
"2016133955","","1","0","0","0","0","0","0","0","0","7","0","","02","12","2016","7","40.481061","-79.850051","","11","0","0","0","0","0","0","0","0","","0","0","0","","","0","","0","","40 28:51.818","","0","79 51:00.183","0","0","0","0","2113","0","0","0","Y","0","0","0","1","02113","0","","2.0","","2","N","N","","0","","0","0","0","","0","","","1","0","0","0","0","0","0","2","0","1","","","","N","","","","","","","","","",""
"2016133929","","1","0","0","0","0","0","0","0","0","5","0","","02","12","2016","1","40.445822","-79.895639","","11","0","0","0","0","0","1","0","0","2","0","0","0","","","0","","0","","40 26:44.960","2","0","79 53:44.300","0","0","0","0","2301","0","0","0","N","0","0","0","2","02301","0","","4.0","","9","N","N","","0","","0","0","1","","0","N","","2","0","0","0","0","0","0","2","0","2","","","","N","","","","","","","","","",""
"2016136309","","2","0","0","0","0","0","0","0","0","1","0","","02","12","2016","5","40.377208","-80.004231","","11","0","0","0","0","0","0","0","0","","0","0","0","","","1","","2","","40 22:37.947","","0","80 00:15.232","3","0","0","0","2301","0","0","0","N","0","0","0","2","02301","0","","1.0","","1","N","N","","0","","1","0","0","","0","","","2","1","0","0","0","0","0","2","0","2","","","","N","","","","","","","","","",""
"2016136325","","1","0","0","0","0","0","0","0","0","7","0","","02","12","2016","5","40.355763","-79.834361","","11","0","1","0","0","0","0","0","0","1","0","0","0","","","0","","0","","40 21:20.748","4","7","79 50:03.699","0","0","0","0","2304","0","0","0","N","0","0","0","2","02304","0","","5.0","","1","N","N","","0","","0","0","0","","0","N","","1","0","0","0","0","0","0","2","0","1","","","","N","","","","","","","","","",""
"2016135114","","1","0","0","0","0","0","0","0","0","7","0","","02","12","2016","1","40.359689","-79.883363","","11","0","0","0","0","1","0","0","0","3","0","0","0","","","1","","0","","40 21:34.881","6","0","79 53:00.107","4","0","0","0","2473","0","0","0","N","0","0","0","2","02473","1","","5.0","","2","N","N","","0","","0","0","0","","0","N","","1","1","0","0","0","0","0","2","0","1","","","","N","","","","","","","","","",""
"2016132712","","1","0","0","0","0","0","0","0","0","4","0","","02","12","2016","5","40.584432","-79.95072","","11","0","0","0","0","0","1","0","0","","0","0","0","","","0","","2","","40 35:03.954","","0","79 57:02.591","0","0","0","0","2207","0","0","0","N","0","0","0","2","02207","0","","1.0","","1","N","N","","0","","0","0","1","","2","","","2","0","0","0","0","0","0","2","0","2","","","","N","","","","","","","","","",""
"2016138021","","2","0","0","0","0","0","0","0","0","4","0","","02","12","2016","2","40.654021","-80.075226","","11","0","0","0","0","0","0","0","0","1","0","0","0","","","0","","0","","40 39:14.475","4","0","80 04:30.812","0","0","0","0","2212","0","0","0","N","0","0","0","1","02505","0","","5.0","","9","N","N","","0","","0","0","0","","0","N","","2","0","0","0","0","0","0","2","0","2","","","","N","","","","","","","","","",""
"2016136656","","1","0","0","0","0","0","0","0","0","1","0","","02","12","2016","6","40.340636","-80.063683","","11","0","0","0","0","0","0","0","0","","0","0","0","","","1","","0","","40 20:26.288","","0","80 03:49.258","8","0","0","0","2123","0","0","0","N","0","0","0","2","02123","0","","1.0","","1","N","N","","1","","0","0","0","","0","","","2","1","0","0","0","1","0","2","0","2","","","","N","","","","","","","","","",""
"2016139306","","0","0","0","0","0","0","0","0","0","5","0","","02","12","2016","7","40.344444","-79.884056","","11","0","0","0","0","0","0","0","0","1","0","0","0","","","0","","7","","40 20:40.000","6","8","79 53:02.600","0","0","0","0","2304","0","0","0","N","0","0","0","2","02304","0","","1.0","","1","N","N","","0","","0","0","2","","0","N","","2","0","0","0","0","0","0","2","0","2","","","","N","","","","","","","","","",""
"2016135310","","1","0","0","0","0","0","2","0","0","4","2","","02","12","2016","3","40.4706","-80.03613","","11","0","0","0","0","0","0","0","0","2","0","0","0","","","3","","0","","40 28:14.160","7","0","80 02:10.068","3","0","0","0","2301","0","0","0","N","0","0","0","6","02503","2","","1.0","","1","N","N","","0","","1","0","0","","0","Y","","3","3","0","0","0","0","0","2","0","3","","","","N","","","","","","","","","",""
"2016132490","","1","0","0","0","0","0","0","0","0","7","0","","02","12","2016","3","","","","11","0","1","0","0","0","0","0","0","2","0","0","0","","","0","","0","","40 49:00.00","2","0","80 25:33.40","0","0","0","0","2203","0","0","0","N","0","0","0","1","02501","0","","2.0","","7","N","N","","0","","0","0","0","","0","Y","","1","0","0","0","0","0","0","1","0","1","","","","N","","","","","","","","","",""
"2016041873","","1","0","0","0","0","0","0","0","0","5","0","","02","4","2016","7","40.492581","-79.862683","","11","0","0","0","0","0","0","0","0","","0","0","0","","","0","","0","","40 29:33.290","","0","79 51:45.660","0","0","0","0","2408","0","0","0","N","0","0","0","1","02408","0","","6.0","","1","N","N","","1","","0","0","2","","3","","","4","0","0","0","0","0","0","2","0","4","","","","N","","","","","","","","","",""
"2016137044","","1","0","0","0","0","0","0","0","0","7","0","","02","12","2016","4","40.345366","-80.15479","","11","0","0","0","0","1","0","0","0","","0","0","0","","","0","","1","","40 20:43.316","","0","80 09:17.243","0","0","0","0","2119","0","0","0","N","0","0","0","1","02119","0","","5.0","","1","N","N","","0","","0","0","0","","0","","","1","0","0","0","0","0","0","2","0","1","","","","N","","","","","","","","","",""
"2016139200","","1","0","0","0","0","0","0","0","0","7","0","","02","12","2016","5","40.560412","-80.039463","","11","0","0","0","0","0","0","0","0","1","0","0","0","","","0","","2","","40 33:37.484","1","0","80 02:22.067","0","0","0","0","2108","0","0","0","","0","0","0","1","02108","0","","2.0","","1","N","N","","0","","0","0","0","","0","N","","1","0","0","0","0","0","0","2","0","1","","","","N","","","","","","","","","",""
"2016138523","","2","0","0","0","0","0","0","0","0","5","0","","02","12","2016","1","40.464676","-79.936424","","11","0","0","0","0","0","0","0","0","","0","0","0","","","0","","1","","40 27:52.833","","0","79 56:11.126","0","0","0","0","2301","0","0","0","N","0","0","0","1","02301","0","","1.0","","1","N","N","","0","","0","0","0","","0","","","2","0","0","0","0","0","0","2","0","2","","","","N","","","","","","","","","",""
"2016139427","","2","0","0","0","0","0","0","0","0","5","0","","02","12","2016","2","40.547186","-79.994614","","11","0","0","0","0","0","1","0","0","1","0","0","0","","","0","","0","","40 32:49.870","5","0","79 59:40.610","0","0","0","0","2116","0","0","0","N","0","0","0","1","02116","0","","1.0","","1","N","N","","0","","0","0","0","","0","N","","2","0","0","0","0","0","0","2","0","2","","","","N","","","","","","","","","",""
"2016139305","","1","0","0","0","0","0","0","0","0","7","0","","02","12","2016","5","40.632664","-79.995437","","11","0","0","0","0","0","1","0","0","","0","0","0","","","0","","0","","40 37:57.590","","0","79 59:43.572","0","0","0","0","2217","0","0","0","N","0","0","0","1","02505","0","","5.0","","9","N","N","","0","","0","0","0","","0","","","1","0","0","0","0","0","0","1","0","1","","","","N","","","","","","","","","",""
"2016106501","","1","0","0","0","0","0","0","0","0","7","0","","02","10","2016","5","40.395126","-79.838619","","11","0","0","0","0","0","1","0","0","1","0","0","0","","","1","","0","","40 23:42.454","3","3","79 50:19.030","8","0","0","0","2425","0","0","0","","0","0","0","1","02425","0","","5.0","","1","N","N","","0","","0","0","0","","0","N","","1","1","1","0","0","1","0","2","0","1","","","","N","","","","","","","","","",""
"2016139240","","2","0","0","0","0","0","0","0","0","4","0","","02","12","2016","6","40.424909","-79.952181","","11","0","0","0","0","1","0","0","0","","0","0","0","","","0","","1","","40 25:29.672","","0","79 57:07.850","0","0","0","0","2301","0","0","0","N","0","0","0","2","02301","0","","1.0","","1","N","N","","0","","0","0","0","","2","","","2","0","0","0","0","0","0","2","0","2","","","","N","","","","","","","","","",""
"2016135856","","2","0","0","0","0","0","0","0","0","1","0","","02","12","2016","3","40.575131","-80.025126","","11","0","0","0","0","0","1","0","0","1","0","0","0","","","0","","0","","40 34:30.473","2","0","80 01:30.452","0","0","0","0","2108","0","0","0","","0","0","0","2","02108","0","","1.0","","1","N","N","","0","","0","0","0","","2","N","","2","0","0","0","0","0","0","2","0","2","","","","N","","","","","","","","","",""
"2016132911","","2","0","0","0","0","0","0","0","0","4","0","","02","12","2016","5","40.398706","-79.885374","","11","0","0","0","0","0","2","0","0","","0","0","0","","","0","","1","","40 23:55.340","","0","79 53:07.347","0","0","0","0","2475","0","0","0","N","0","0","0","2","02475","0","","1.0","","1","N","N","","0","","0","0","0","","3","","","2","0","0","0","0","0","0","2","0","2","","","","N","","","","","","","","","",""
"2016139092","","1","0","0","0","0","0","0","0","0","4","0","","02","12","2016","5","40.478908","-80.043019","","11","0","0","0","0","0","2","0","0","2","0","0","0","","","2","","1","","40 28:44.067","3","0","80 02:34.868","3","0","0","0","2301","0","0","0","N","0","0","0","3","02301","0","","1.0","","9","N","N","","0","","1","0","1","","2","N","","2","2","0","0","0","1","0","2","0","2","","","","N","","","","","","","","","",""
"2016139205","","1","0","0","0","0","0","0","0","0","1","0","","02","12","2016","6","40.428373","-79.973657","","11","0","0","0","0","0","0","0","0","","0","0","0","","","0","","2","","40 25:42.142","","0","79 58:25.165","0","0","0","0","2301","0","0","0","N","0","0","0","2","02301","0","","1.0","","1","N","N","","0","","0","0","1","","2","","","2","0","1","0","0","0","0","2","0","2","","","","N","","","","","","","","","",""
"2016137163","","1","0","0","0","0","0","0","0","0","7","0","","02","12","2016","1","40.633331","-79.956941","","11","0","0","0","0","0","0","1","0","1","0","0","0","","","1","","0","","40 37:59.993","4","0","79 57:24.986","8","0","0","0","2217","0","0","0","N","0","0","0","1","02505","0","","5.0","","9","N","N","","0","","0","0","0","","0","N","","1","1","0","0","0","1","0","2","0","1","","","","N","","","","","","","","","",""
"2016135330","","0","0","0","0","0","0","0","0","0","4","0","","02","12","2016","3","40.436047","-79.999044","","11","0","0","0","0","0","0","1","0","","0","0","0","","","0","","2","","40 26:09.768","","0","79 59:56.558","0","0","0","0","2301","0","0","0","N","0","0","0","2","02301","0","","1.0","","1","N","N","","0","","0","0","2","","2","","","2","0","0","0","0","0","0","2","0","2","","","","N","","","","","","","","","",""
"2016134174","","1","0","1","0","0","0","0","0","0","7","0","","02","12","2016","1","40.624384","-79.92556","","11","0","0","0","0","0","0","0","0","3","0","0","0","","","1","","0","","40 37:27.784","6","0","79 55:32.015","2","0","0","0","2217","0","0","0","N","0","0","0","1","02505","0","","2.0","","2","N","N","","0","","0","1","0","","0","N","","1","1","0","0","0","0","0","2","0","1","","","","N","","","","","","","","","",""
"2016137034","","1","0","0","0","0","0","0","0","0","7","0","","02","12","2016","7","40.432937","-79.958443","","11","0","0","0","0","0","0","0","0","","0","0","0","","","0","","0","","40 25:58.573","","0","79 57:30.393","0","0","0","0","2301","0","0","0","N","0","0","0","1","02301","0","","5.0","","9","N","N","","0","","0","0","0","","0","","","1","0","0","0","0","0","0","2","0","1","","","","N","","","","","","","","","",""
"2016137326","","2","0","0","0","0","0","0","0","0","4","0","","02","12","2016","2","40.429286","-79.999241","","11","0","0","0","0","0","1","0","0","","0","0","0","","","1","","1","","40 25:45.428","","3","79 59:57.266","8","0","0","0","2301","0","0","0","N","0","0","0","3","02301","0","","1.0","","9","N","N","","0","","0","0","0","","2","","","2","1","0","0","0","1","0","2","0","2","","","","N","","","","","","","","","",""
"2016135864","","1","0","0","0","0","0","0","0","0","1","0","","02","12","2016","6","40.331947","-80.022956","","11","0","0","0","0","0","0","0","0","1","0","0","0","","","1","","0","","40 19:55.009","2","0","80 01:22.642","4","0","0","0","2407","0","0","0","","0","0","0","5","02407","1","","1.0","","1","N","N","","0","","0","0","2","","0","N","","3","1","1","0","0","0","0","2","0","3","","","","N","","","","","","","","","",""
"2016132481","","1","0","0","0","0","0","0","0","0","4","0","","02","12","2016","4","40.499994","-80.052489","","11","0","1","0","0","0","0","1","0","","0","0","0","","","0","","1","","40 29:59.978","","0","80 03:08.960","0","0","0","0","2404","0","0","0","N","0","0","0","2","02404","0","","1.0","","1","N","N","","0","","0","0","0","","0","","","2","0","0","0","0","0","0","2","1","2","","","","N","","","","","","","","","",""
"2016139183","","1","0","0","0","0","0","0","0","0","4","0","","02","12","2016","3","40.333537","-80.133396","","11","0","0","0","0","0","1","1","0","","0","0","0","","","0","","2","","40 20:00.732","","0","80 08:00.226","0","0","0","0","2119","0","0","0","N","0","0","0","3","02119","0","","1.0","","1","N","N","","0","","0","0","0","","3","","","2","0","0","0","0","0","0","2","1","2","","","","N","","","","","","","","","",""