"CRN","ARRIVAL_TM","AUTOMOBILE_COUNT","BELTED_DEATH_COUNT","BELTED_SUSP_SERIOUS_INJ_COUNT","BICYCLE_COUNT","BICYCLE_DEATH_COUNT","BICYCLE_SUSP_SERIOUS_INJ_COUNT","BUS_COUNT","CHLDPAS_DEATH_COUNT","CHLDPAS_SUSP_SERIOUS_INJ_COUNT","COLLISION_TYPE","COMM_VEH_COUNT","CONS_ZONE_SPD_LIM","COUNTY","CRASH_MONTH","CRASH_YEAR","DAY_OF_WEEK","DEC_LATITUDE","DEC_LONGITUDE","DISPATCH_TM","DISTRICT","DRIVER_COUNT_16YR","DRIVER_COUNT_17YR","DRIVER_COUNT_18YR","DRIVER_COUNT_19YR","DRIVER_COUNT_20YR","DRIVER_COUNT_50_64YR","DRIVER_COUNT_65_74YR","DRIVER_COUNT_75PLUS","EST_HRS_CLOSED","FATAL_COUNT","HEAVY_TRUCK_COUNT","HORSE_BUGGY_COUNT","HOUR_OF_DAY","ILLUMINATION","INJURY_COUNT","INTERSECTION_RELATED","INTERSECT_TYPE","LANE_CLOSED","LATITUDE","LN_CLOSE_DIR","LOCATION_TYPE","LONGITUDE","MAX_SEVERITY_LEVEL","MCYCLE_DEATH_COUNT","MCYCLE_SUSP_SERIOUS_INJ_COUNT","MOTORCYCLE_COUNT","MUNICIPALITY","NONMOTR_COUNT","NONMOTR_DEATH_COUNT","NONMOTR_SUSP_SERIOUS_INJ_COUNT","NTFY_HIWY_MAINT","PED_COUNT","PED_DEATH_COUNT","PED_SUSP_SERIOUS_INJ_COUNT","PERSON_COUNT","POLICE_AGCY","POSSIBLE_INJ_COUNT","RDWY_SURF_TYPE_CD","RELATION_TO_ROAD","ROADWAY_CLEARED","ROAD_CONDITION","SCH_BUS_IND","SCH_ZONE_IND","SECONDARY_CRASH","SMALL_TRUCK_COUNT","SPEC_JURIS_CD","SUSP_MINOR_INJ_COUNT","SUSP_SERIOUS_INJ_COUNT","SUV_COUNT","TCD_FUNC_CD","TCD_TYPE","TFC_DETOUR_IND","TIME_OF_DAY","TOTAL_UNITS","TOT_INJ_COUNT","UNBELTED_OCC_COUNT","UNB_DEATH_COUNT","UNB_SUSP_SERIOUS_INJ_COUNT","UNK_INJ_DEG_COUNT","UNK_INJ_PER_COUNT","URBAN_RURAL","VAN_COUNT","VEHICLE_COUNT","WEATHER1","WEATHER2","WORKERS_PRES","WORK_ZONE_IND","WORK_ZONE_LOC","WORK_ZONE_TYPE","WZ_CLOSE_DETOUR","WZ_FLAGGER","WZ_LAW_OFFCR_IND","WZ_LN_CLOSURE","WZ_MOVING","WZ_OTHER","WZ_SHLDER_MDN","WZ_WORKERS_INJ_KILLED"
"2016134331","","1","0","0","0","0","0","0","0","0","7","0","","02","12","2016","7","40.466754","-80.000986","","11","0","0","0","0","0","0","0","0","1","0","0","0","","","0","","0","","40 28:00.316","2","0","80 00:03.549","0","0","0","0","2301","0","0","0","","0","0","0","1","68B03","0","","4.0","","2","N","N","","0","","0","0","0","","0","N","","1","0","0","0","0","0","0","2","0","1","","05","","N","","","","","","","","","",""
"2016133608","","2","0","0","0","0","0","0","0","0","1","0","","02","12","2016","7","40.447917","-79.968028","","11","0","0","0","0","0","0","0","0","2","0","0","0","","","0","","0","","40 26:52.500","2","0","79 58:04.900","0","0","0","0","2301","0","0","0","N","0","0","0","1","02301","0","","6.0","","2","N","Y","","0","","0","0","0","","0","N","","2","0","0","0","0","0","0","2","0","2","","","","N","","","","","","","","","",""
"2016064893","","1","0","0","0","0","0","0","0","0","8","0","","02","5","2016","4","40.393777","-79.838362","","11","0","0","0","0","0","0","0","0","","0","0","0","","","1","","2","","40 23:37.597","","0","79 50:18.103","8","0","0","0","2425","1","0","0","N","1","0","0","2","02425","0","","1.0","","1","N","N","","0","","0","0","0","","0","","","2","1","1","0","0","1","0","2","0","1","","","","N","","","","","","","","","",""
"2016138540","","1","0","0","0","0","0","0","0","0","7","0","","02","12","2016","5","40.448963","-80.022609","","11","0","0","0","0","0","0","0","0","1","0","0","0","","","0","","0","","40 26:56.265","2","0","80 01:21.391","0","0","0","0","2301","0","0","0","N","0","0","0","1","02301","0","","2.0","","9","N","N","","0","","0","0","0","","0","N","","1","0","0","0","0","0","0","2","0","1","","","","N","","","","","","","","","",""
"2016137509","","1","0","0","0","0","0","0","0","0","7","0","","02","12","2016","3","40.406015","-79.912237","","11","0","0","0","0","0","0","0","0","2","0","0","0","","","1","","10","","40 24:21.653","1","3","79 54:44.054","3","0","0","0","2438","0","0","0","N","0","0","0","1","02438","0","","1.0","","9","N","N","","0","","1","0","0","","0","N","","1","1","0","0","0","0","0","2","0","1","","","","N","","","","","","","","","",""
"2016134197","","1","0","0","0","0","0","0","0","0","7","0","","02","12","2016","1","40.602122","-80.071956","","11","0","0","0","0","0","0","0","0","","0","0","0","","","0","","0","","40 36:07.640","","0","80 04:19.040","0","0","0","0","2481","0","0","0","Y","0","0","0","1","02481","0","","5.0","","1","N","N","","0","","0","0","0","","0","","","1","0","0","0","0","0","0","2","0","1","","","","N","","","","","","","","","",""
"2016139079","","2","0","0","0","0","0","0","0","0","1","0","","02","12","2016","6","40.449364","-80.072403","","11","0","0","0","0","0","0","0","0","1","0","0","0","","","0","","0","","40 26:57.710","7","0","80 04:20.650","0","0","0","0","2301","0","0","0","N","0","0","0","2","02301","0","","1.0","","2","N","N","","0","","0","0","0","","0","Y","","2","0","0","0","0","0","0","2","0","2","","","","N","","","","","","","","","",""
"2016139130","","1","0","0","0","0","0","0","0","0","4","0","","02","12","2016","6","40.360485","-79.90769","","11","0","0","0","0","0","0","0","0","2","0","0","0","","","1","","2","","40 21:37.746","5","0","79 54:27.685","8","0","0","0","2473","0","0","0","N","0","0","0","3","02473","0","","1.0","","6","N","N","","1","","0","0","0","","0","N","","2","1","0","0","0","1","0","2","0","2","","","","N","","","","","","","","","",""
"2016135064","","1","0","0","0","0","0","0","0","0","7","0","","02","12","2016","3","40.476546","-80.050114","","11","0","0","0","0","0","0","0","0","2","0","0","0","","","0","","0","","40 28:35.567","3","3","80 03:00.409","0","0","0","0","2122","0","0","0","N","0","0","0","2","02122","0","","4.0","","2","N","N","","0","","0","0","0","","0","N","","1","0","0","0","0","0","0","2","0","1","","","","N","","","","","","","","","",""
"2016138064","","2","0","0","0","0","0","0","0","0","4","0","","02","12","2016","7","40.450073","-79.900703","","11","0","0","0","0","0","0","1","0","","0","0","0","","","0","","1","","40 27:00.262","","0","79 54:02.530","0","0","0","0","2301","0","0","0","N","0","0","0","4","02301","0","","1.0","","1","N","N","","0","","0","0","0","","3","","","2","0","0","0","0","0","0","2","0","2","","","","N","","","","","","","","","",""
"2016130009","","1","0","0","0","0","0","0","0","0","7","0","","02","12","2016","5","40.441226","-79.959118","","11","0","0","1","0","0","0","0","0","1","0","0","0","","","0","","0","","40 26:28.413","4","0","79 57:32.824","0","0","0","0","2301","0","0","0","","0","0","0","3","02506","0","","2.0","","2","","","","0","","0","0","0","","0","N","","1","0","1","0","0","0","0","2","0","1","","","","N","","","","","","","","","",""
"2016105478","","5","0","0","0","0","0","0","0","0","1","0","","02","10","2016","3","40.395661","-79.838613","","11","0","0","0","0","0","2","0","1","2","0","0","0","","","1","","2","","40 23:44.380","6","0","79 50:19.007","8","0","0","0","2425","0","0","0","N","0","0","0","6","02425","0","","1.0","","1","N","N","","1","","0","0","0","","2","Y","","6","1","1","0","0","1","0","2","0","6","","","","N","","","","","","","","","",""
"2016137455","","1","0","0","0","0","0","0","0","0","8","0","","02","12","2016","2","40.340769","-79.915197","","11","0","0","0","0","0","0","0","1","2","0","0","0","","","1","","2","","40 20:26.769","5","0","79 54:54.708","2","0","0","0","2473","1","0","1","N","1","0","1","3","02473","0","","1.0","","1","N","N","","0","","0","1","0","","0","Y","","2","1","0","0","0","0","0","2","0","1","","","","N","","","","","","","","","",""
"2016134500","","1","0","0","0","0","0","0","0","0","0","0","","02","12","2016","2","40.459131","-80.006339","","11","0","0","0","0","0","1","0","0","","0","0","0","","","0","","0","","40 27:32.870","","0","80 00:22.820","0","0","0","0","2301","0","0","0","N","0","0","0","1","02301","0","","1.0","","1","N","N","","0","","0","0","0","","0","","","1","0","0","0","0","0","0","2","0","1","","","","N","","","","","","","","","",""
"2016137708","","0","0","0","0","0","0","0","0","0","6","0","","02","12","2016","2","40.468541","-80.117172","","11","0","0","0","0","0","0","1","0","2","0","0","0","","","0","","0","","40 28:06.749","6","0","80 07:01.820","0","0","0","0","2115","0","0","0","","0","0","0","5","02115","0","","1.0","","1","N","N","","0","","0","0","3","","0","N","","3","0","0","0","0","0","0","2","0","3","","","","N","","","","","","","","","",""
"2016134190","","1","0","0","0","0","0","0","0","0","4","0","","02","12","2016","1","40.382924","-79.877954","","11","0","0","0","1","0","1","0","0","2","0","0","0","","","2","","1","","40 22:58.526","5","0","79 52:40.636","8","0","0","0","2473","0","0","0","Y","0","0","0","2","02473","0","","1.0","","9","N","N","","1","","0","0","0","","2","N","","2","2","1","0","0","2","0","2","0","2","","","","N","","","","","","","","","",""
"2016137045","","0","0","0","0","0","0","0","0","0","7","0","","02","12","2016","7","40.478908","-80.043019","","11","0","0","0","0","0","0","0","0","2","0","0","0","","","0","","1","","40 28:44.067","1","3","80 02:34.868","0","0","0","0","2301","0","0","0","N","0","0","0","2","02301","0","","5.0","","1","N","N","","0","","0","0","1","","2","N","","1","0","0","0","0","0","0","2","0","1","","","","N","","","","","","","","","",""
"2016134277","","1","0","0","0","0","0","0","0","0","7","0","","02","12","2016","7","40.361389","-80.010575","","11","0","0","0","0","0","1","0","0","1","0","0","0","","","1","","0","","40 21:41.000","4","0","80 00:38.070","3","0","0","0","2476","0","0","0","","0","0","0","1","02416","0","","5.0","","2","N","N","","0","","1","0","0","","0","N","","1","1","0","0","0","0","0","2","0","1","","","","N","","","","","","","","","",""
"2016136967","","0","0","0","0","0","0","0","0","0","1","0","","02","12","2016","4","40.465073","-80.109267","","11","0","0","0","0","0","1","0","0","2","0","0","0","","","1","","2","","40 27:54.262","4","0","80 06:33.361","3","0","0","0","2126","0","0","0","N","0","0","0","2","02126","0","","1.0","","1","N","N","","0","","1","0","2","","3","Y","","2","1","0","0","0","0","0","2","0","2","","","","N","","","","","","","","","",""
"2016136632","","1","0","0","0","0","0","0","0","0","1","0","","02","12","2016","6","40.456588","-79.904614","","11","0","0","0","0","0","1","0","0","","0","0","0","","","1","","1","","40 27:23.716","","0","79 54:16.611","8","0","0","0","2301","0","0","0","N","0","0","0","2","02301","0","","1.0","","1","N","N","","1","","0","0","0","","0","","","2","1","0","0","0","1","0","2","0","2","","","","N","","","","","","","","","",""
"2016134395","","2","0","0","0","0","0","0","0","0","4","0","","02","12","2016","2","40.463846","-79.824133","","11","0","0","0","0","0","0","0","1","","0","0","0","","","0","","2","","40 27:49.847","","0","79 49:26.877","0","0","0","0","2113","0","0","0","N","0","0","0","2","02113","0","","1.0","","1","N","N","","0","","0","0","0","","3","","","2","0","0","0","0","0","0","2","0","2","","","","N","","","","","","","","","",""
"2016136589","","1","0","0","0","0","0","0","0","0","1","0","","02","12","2016","5","40.590011","-79.750826","","11","0","0","0","0","0","0","0","0","","0","0","0","","","0","","2","","40 35:24.038","","0","79 45:02.972","0","0","0","0","2464","0","0","0","N","0","0","0","2","64305","0","","1.0","","1","N","N","","1","","0","0","0","","2","","","2","0","0","0","0","0","0","2","0","2","","","","N","","","","","","","","","",""
"2016135331","","1","0","0","0","0","0","0","0","0","4","0","","02","12","2016","3","40.442704","-79.987226","","11","0","0","0","0","0","1","0","0","","0","0","0","","","0","","1","","40 26:33.734","","0","79 59:14.013","0","0","0","0","2301","0","0","0","N","0","0","0","2","02301","0","","1.0","","1","N","N","","0","","0","0","1","","3","","","2","0","0","0","0","0","0","2","0","2","","","","N","","","","","","","","","",""
"2016138043","","1","0","0","0","0","0","0","0","0","1","0","","02","12","2016","4","40.413826","-80.009779","","11","0","0","0","0","0","0","0","0","1","0","0","0","","","2","","1","","40 24:49.772","1","2","80 00:35.203","3","0","0","0","2301","0","0","0","N","0","0","0","2","02301","0","","1.0","","1","N","N","","0","","2","0","1","","2","N","","2","2","0","0","0","0","0","2","0","2","","","","N","","","","","","","","","",""
"2016135865","","0","0","0","0","0","0","0","0","0","7","0","","02","12","2016","3","40.336886","-80.046661","","11","0","0","0","0","0","0","0","0","","0","0","0","","","1","","0","","40 20:12.790","","0","80 02:47.980","4","0","0","0","2407","0","0","0","","0","0","0","1","02407","1","","2.0","","1","N","N","","1","","0","0","0","","0","","","1","1","1","0","0","0","0","2","0","1","","","","N","","","","","","","","","",""
"2016134503","","0","0","0","0","0","0","0","0","0","7","0","","02","12","2016","1","40.376424","-79.926788","","11","0","0","0","0","0","0","0","0","2","0","0","0","","","0","","0","","40 22:35.126","1","0","79 55:36.436","0","0","0","0","2301","0","0","0","N","0","0","0","2","02301","0","","4.0","","2","N","N","","1","","0","0","0","","0","N","","1","0","2","0","0","0","0","2","0","1","","","","N","","","","","","","","","",""
"2016135981","","1","0","0","0","0","0","0","0","0","8","0","","02","12","2016","5","40.444014","-80.040623","","11","0","0","0","0","0","0","0","0","","0","0","0","","","1","","1","","40 26:38.450","","0","80 02:26.242","8","0","0","0","2301","1","0","0","N","1","0","0","4","02301","0","","1.0","","1","N","N","","0","","0","0","1","","2","","","3","1","0","0","0","1","0","2","0","2","","","","N","","","","","","","","","",""
"2016136841","","1","0","0","0","0","0","0","0","0","4","0","","02","12","2016","5","40.552116","-80.023354","","11","0","0","0","0","0","1","0","0","1","0","0","0","","","0","","2","","40 33:07.617","2","0","80 01:24.074","0","0","0","0","2116","0","0","0","N","0","0","0","2","02116","0","","1.0","","1","N","N","","1","","0","0","0","","2","N","","2","0","0","0","0","0","0","2","0","2","","","","N","","","","","","","","","",""
"2016133544","","1","0","0","0","0","0","0","0","0","7","0","","02","12","2016","7","40.443227","-80.00878","","11","0","0","0","0","0","0","0","0","","0","0","0","","","0","","0","","40 26:35.617","","8","80 00:31.609","0","0","0","0","2301","0","0","0","N","0","0","0","2","02301","0","","2.0","","2","N","N","","0","","0","0","0","","0","","","1","0","0","0","0","0","0","2","0","1","","","","N","","","","","","","","","",""
"2016132069","","3","0","0","0","0","0","0","0","0","4","0","","02","12","2016","4","40.518145","-80.026965","","11","0","0","0","0","0","1","0","0","1","0","0","0","","","0","","0","","40 31:05.323","1","0","80 01:37.074","0","0","0","0","2474","0","0","0","N","0","0","0","4","02474","0","","1.0","","9","N","N","","1","","0","0","0","","0","Y","","4","0","0","0","0","0","0","2","0","4","","","","N","","","","","","","","","",""
"2016133655","","1","0","0","0","0","0","0","0","0","1","0","","02","12","2016","6","40.358066","-79.844243","","11","0","0","0","0","0","1","0","0","1","0","0","0","","","0","","0","","40 21:29.036","2","3","79 50:39.274","0","0","0","0","2303","0","0","0","N","0","0","0","3","02303","0","","1.0","","1","N","N","","1","","0","0","0","","0","Y","","2","0","1","0","0","0","0","2","0","2","","","","N","","","","","","","","","",""
"2016135043","","3","0","0","0","0","0","0","0","0","1","0","","02","12","2016","3","40.438911","-80.015628","","11","0","0","0","0","0","2","1","0","1","0","0","0","","","0","","0","","40 26:20.079","2","8","80 00:56.259","0","0","0","0","2301","0","0","0","N","0","0","0","3","02301","0","","1.0","","1","N","N","","0","","0","0","0","","0","N","","3","0","0","0","0","0","0","2","0","3","","","","N","","","","","","","","","",""
"2016135937","","2","0","0","0","0","0","0","0","0","1","0","","02","12","2016","4","40.404222","-80.024947","","11","0","0","0","0","0","0","0","0","","0","0","0","","","0","","0","","40 24:15.200","","0","80 01:29.810","9","0","0","0","2301","0","0","0","N","0","0","0","1","02301","0","","1.0","","1","N","N","","0","","0","0","0","","0","","","2","0","0","0","0","0","1","2","0","2","","","","N","","","","","","","","","",""
"2016122975","","1","0","0","0","0","0","0","0","0","4","0","","02","11","2016","4","40.497805","-79.869306","","11","0","0","0","0","0","0","0","0","","0","0","0","","","0","","0","","40 29:52.098","","0","79 52:09.501","0","0","0","0","2112","0","0","0","N","0","0","0","2","02112","0","","1.0","","1","N","N","","0","","0","0","1","","0","","","2","0","1","0","0","0","0","2","0","2","","","","N","","","","","","","","","",""
"2016127477","","1","0","0","0","0","0","0","0","0","7","0","","02","12","2016","3","40.519604","-79.860022","","11","0","0","0","0","0","0","0","0","","0","0","0","","","1","","0","","40 31:10.574","","0","79 51:36.079","8","0","0","0","2112","0","0","0","N","0","0","0","2","02112","0","","5.0","","9","N","N","","0","","0","0","0","","0","","","1","1","1","0","0","1","0","2","0","1","","","","N","","","","","","","","","",""
"2016136475","","1","0","0","0","0","0","0","0","0","7","0","","02","12","2016","7","40.505317","-80.019578","","11","0","0","0","0","0","0","0","0","","0","0","0","","","0","","0","","40 30:19.140","","0","80 01:10.480","0","0","0","0","2116","0","0","0","N","0","0","0","1","02116","0","","5.0","","2","N","N","","0","","0","0","0","","0","","","1","0","0","0","0","0","0","2","0","1","","05","","N","","","","","","","","","",""
"2016135945","","3","0","0","0","0","0","0","0","0","1","0","","02","12","2016","1","40.479609","-79.970445","","11","0","0","0","0","0","0","0","0","2","0","0","0","","","1","","0","","40 28:46.592","7","0","79 58:13.602","3","0","0","0","2445","0","0","0","N","0","0","0","2","02445","0","","1.0","","9","N","N","","1","","1","0","2","","0","Y","","6","1","0","0","0","0","0","2","0","6","","","","N","","","","","","","","","",""
"2016132724","","3","0","0","0","0","0","0","0","0","4","0","","02","12","2016","5","40.618779","-79.908108","","11","0","0","0","0","1","0","0","0","","0","0","0","","","0","","2","","40 37:07.606","","0","79 54:29.188","0","0","0","0","2220","0","0","0","N","0","0","0","2","02220","0","","1.0","","1","N","N","","0","","0","0","0","","3","","","3","0","0","0","0","0","0","2","0","3","","","","N","","","","","","","","","",""
"2016135133","","0","0","0","0","0","0","0","0","0","4","0","","02","12","2016","7","40.582227","-80.062891","","11","0","0","0","0","0","0","0","0","1","0","0","0","","","0","","1","","40 34:56.017","2","0","80 03:46.409","0","0","0","0","2108","0","0","0","","0","0","0","5","02108","0","","1.0","","9","N","N","","1","","0","0","0","","3","N","","2","0","0","0","0","0","0","2","1","2","","05","","N","","","","","","","","","",""
"2016136759","","1","0","0","0","0","0","0","0","0","4","0","","02","12","2016","6","40.399738","-80.044158","","11","0","0","0","0","0","0","0","0","2","0","0","0","","","0","","2","","40 23:59.056","2","0","80 02:38.970","0","0","0","0","2301","0","0","0","N","0","0","0","3","02301","0","","1.0","","1","N","N","","0","","0","0","1","","2","N","","2","0","0","0","0","0","0","2","0","2","","","","N","","","","","","","","","",""
"2016139051","","1","0","0","0","0","0","0","0","0","7","0","","02","12","2016","6","40.405231","-80.090481","","11","0","0","0","0","0","1","0","0","","0","0","0","","","0","","2","","40 24:18.830","","0","80 05:25.731","0","0","0","0","2415","0","0","0","N","0","0","0","1","02415","0","","4.0","","7","N","N","","0","","0","0","0","","0","","","1","0","0","0","0","0","0","2","0","1","","","","N","","","","","","","","","",""
"2016032879","","0","0","0","0","0","0","0","0","0","7","0","","02","3","2016","3","40.397333","-79.859769","","11","0","0","0","0","0","0","0","0","","0","0","0","","","0","","0","","40 23:50.400","","0","79 51:35.170","0","0","0","0","2410","0","0","0","N","0","0","0","1","02410","0","","2.0","","1","N","N","","0","","0","0","1","","3","","","1","0","0","0","0","0","0","2","0","1","","","","N","","","","","","","","","",""
"2016115588","","0","0","0","0","0","0","0","0","0","1","0","","02","11","2016","6","40.522853","-80.080706","","11","0","0","0","0","0","1","0","1","1","0","0","0","","","0","","0","","40 31:22.270","4","0","80 04:50.541","0","0","0","0","2215","0","0","0","N","0","0","0","3","02215","0","","1.0","","1","N","N","","0","","0","0","2","","0","N","","2","0","0","0","0","0","0","2","0","2","","","","N","","","","","","","","","",""
"2016106902","","1","0","0","0","0","0","0","0","0","7","0","","02","10","2016","6","40.517711","-80.027659","","11","0","1","0","0","0","0","0","0","1","0","0","0","","","2","","2","","40 31:03.761","2","0","80 01:39.574","4","0","0","0","2474","0","0","0","N","0","0","0","2","02474","2","","4.0","","1","N","N","","0","","0","0","0","","0","N","","1","2","0","0","0","0","0","2","0","1","","","","N","","","","","","","","","",""
"2016136931","","2","0","0","0","0","0","0","0","0","4","0","","02","12","2016","6","40.386663","-80.046159","","11","0","1","0","0","0","0","0","0","2","0","0","0","","","0","","1","","40 23:11.986","3","0","80 02:46.172","0","0","0","0","2109","0","0","0","","0","0","0","3","02109","0","","1.0","","1","N","N","","0","","0","0","0","","8","N","","2","0","0","0","0","0","0","2","0","2","","","","N","","","","","","","","","",""
"2016106989","","1","0","0","0","0","0","0","0","0","1","0","","02","10","2016","1","40.518343","-80.044179","","11","0","0","0","0","0","0","0","0","","0","0","0","","","0","","10","","40 31:06.034","","0","80 02:39.044","0","0","0","0","2474","0","0","0","N","0","0","0","1","02474","0","","2.0","","1","N","N","","0","","0","0","0","","0","","","2","0","0","0","0","0","0","2","1","2","","","","N","","","","","","","","","",""
"2016139389","","1","0","0","0","0","0","0","0","0","7","0","","02","12","2016","6","40.329517","-80.113079","","11","0","0","0","0","0","0","0","0","","0","0","0","","","1","","0","","40 19:46.260","","0","80 06:47.085","3","0","0","0","2119","0","0","0","N","0","0","0","1","02119","0","","2.0","","2","N","N","","0","","1","0","0","","0","","","1","1","0","0","0","0","0","2","0","1","","","","N","","","","","","","","","",""
"2016136843","","2","0","0","0","0","0","0","0","0","5","0","","02","12","2016","6","40.422707","-79.960509","","11","0","0","0","0","0","0","0","0","","0","0","0","","","1","","0","","40 25:21.745","","0","79 57:37.832","4","0","0","0","2301","0","0","0","N","0","0","0","2","02301","1","","1.0","","1","N","N","","0","","0","0","0","","0","","","2","1","0","0","0","0","0","2","0","2","","","","N","","","","","","","","","",""
"2016115535","","1","0","0","0","0","0","0","0","0","4","0","","02","11","2016","6","40.445214","-79.991855","","11","0","0","0","0","0","2","0","0","1","0","0","0","","","0","","2","","40 26:42.770","4","1","79 59:30.678","0","0","0","0","2301","0","0","0","N","0","0","0","2","02301","0","","1.0","","1","N","N","","1","","0","0","0","","3","N","","2","0","0","0","0","0","0","2","0","2","","","","N","","","","","","","","","",""
"2016137345","","2","0","0","0","0","0","0","0","0","4","0","","02","12","2016","6","40.376226","-80.09787","","11","0","0","0","0","0","0","0","0","1","0","0","0","","","0","","2","","40 22:34.412","5","0","80 05:52.331","0","0","0","0","2102","0","0","0","N","0","0","0","2","02102","0","","1.0","","1","N","N","","0","","0","0","0","","3","Y","","2","0","0","0","0","0","0","2","0","2","","","","N","","","","","","","","","",""
"2016117357","","2","0","0","0","0","0","0","0","0","1","0","","02","11","2016","7","40.538741","-79.830101","","11","0","0","0","0","0","0","1","0","","0","0","0","","","0","","2","","40 32:19.466","","0","79 49:48.363","0","0","0","0","2208","0","0","0","N","0","0","0","3","02208","0","","1.0","","1","N","N","","1","","0","0","0","","2","","","3","0","0","0","0","0","0","2","0","3","","","","N","","","","","","","","","",""
"2016115457","","2","0","0","0","0","0","0","0","0","5","0","","02","11","2016","6","40.532829","-80.17675","","11","0","0","0","0","0","0","0","0","","0","0","0","","","0","","2","","40 31:58.183","","0","80 10:36.301","0","0","0","0","2458","0","0","0","N","0","0","0","4","02458","0","","1.0","","1","N","N","","0","","0","0","1","","0","","","3","0","0","0","0","0","0","2","0","3","","","","N","","","","","","","","","",""
"2016115313","","1","0","0","0","0","0","0","0","0","1","0","","02","11","2016","6","40.467572","-79.960934","","11","0","0","0","0","0","0","0","0","1","0","0","0","","","0","","1","","40 28:03.259","1","0","79 57:39.362","9","0","0","0","2301","0","0","0","N","0","0","0","4","02301","0","","1.0","","1","N","N","","0","","0","0","3","","2","N","","4","0","0","0","0","0","1","2","0","4","","","","N","","","","","","","","","",""
"2016115617","","0","0","0","0","0","0","0","0","0","4","0","","02","11","2016","7","40.449582","-79.827081","","11","0","0","0","0","0","0","0","0","","0","0","0","","","0","","0","","40 26:58.496","","7","79 49:37.491","0","0","0","0","2113","0","0","0","N","0","0","0","3","02113","0","","1.0","","1","N","N","","0","","0","0","2","","0","","","2","0","0","0","0","0","0","2","0","2","","","","N","","","","","","","","","",""
"2016137279","","1","0","0","0","0","0","0","0","0","1","0","","02","12","2016","2","40.440753","-80.004361","","11","0","0","0","0","0","0","0","0","","0","0","0","","","0","","0","","40 26:26.710","","0","80 00:15.700","9","0","0","0","2301","0","0","0","N","0","0","0","2","02301","0","","1.0","","1","N","N","","0","","0","0","1","","0","","","2","0","0","0","0","0","1","2","0","2","","","","N","","","","","","","","","",""
"2016115638","","0","0","0","0","0","0","0","0","0","2","0","","02","11","2016","7","40.457111","-79.883047","","11","0","0","0","0","0","0","0","0","","0","0","0","","","1","","0","","40 27:25.600","","0","79 52:58.969","4","0","0","0","2301","0","0","0","N","0","0","0","1","02301","1","","2.0","","1","N","N","","0","","0","0","3","","0","","","3","1","0","0","0","0","0","2","0","3","","","","N","","","","","","","","","",""
"2016109217","","1","0","0","0","0","0","0","0","0","4","0","","02","10","2016","6","40.519269","-80.037507","","11","0","0","0","0","0","0","0","1","","0","0","0","","","1","","0","","40 31:09.368","","0","80 02:15.025","3","0","0","0","2474","0","0","0","N","0","0","0","2","02474","0","","1.0","","9","N","N","","0","","1","0","0","","0","","","2","1","0","0","0","0","0","2","1","2","","","","N","","","","","","","","","",""
"2016139336","","1","0","0","0","0","0","0","0","0","2","0","","02","12","2016","6","40.41591","-80.003852","","11","0","0","0","0","0","0","0","0","","0","0","0","","","0","","0","","40 24:57.276","","0","80 00:13.867","9","0","0","0","2301","0","0","0","","0","0","0","1","02301","0","","4.0","","98","","","","0","","0","0","0","","0","","","2","0","0","0","0","0","1","2","0","2","","","","N","","","","","","","","","",""
"2016139272","","2","0","0","0","0","0","0","0","0","4","0","","02","12","2016","6","40.427282","-79.890904","","11","0","0","0","0","0","1","0","0","2","0","0","0","","","4","","2","","40 25:38.215","5","1","79 53:27.254","2","0","0","0","2426","0","0","0","N","0","0","0","5","02426","0","","1.0","","9","N","N","","0","","0","1","0","","2","N","","2","4","1","0","1","3","0","2","0","2","","","","N","","","","","","","","","",""
"2016116408","","1","0","0","0","0","0","0","0","0","7","0","","02","11","2016","7","40.367361","-79.890778","","11","0","0","0","0","0","0","0","0","1","0","0","0","","","0","","0","","40 22:02.500","5","0","79 53:26.800","0","0","0","0","2473","0","0","0","N","0","0","0","1","02473","0","","5.0","","1","N","N","","0","","0","0","0","","0","N","","1","0","0","0","0","0","0","2","0","1","","","","N","","","","","","","","","",""
"2016117403","","1","0","0","0","0","0","0","0","0","7","0","25","02","11","2016","7","40.451499","-79.953396","","11","0","0","0","0","0","0","0","0","","0","0","0","","","2","","1","","40 27:05.396","","0","79 57:12.225","3","0","0","0","2301","0","0","0","N","0","0","0","2","02301","0","","1.0","","1","N","N","","0","","2","0","0","","0","","","1","2","0","0","0","0","0","2","0","1","","","N","Y","4","1","","","N","","","Y","",""
"2016115346","","0","0","0","0","0","0","0","0","0","4","0","","02","11","2016","6","40.283433","-79.837209","","11","1","0","0","0","0","0","0","0","","0","0","0","","","0","","2","","40 17:00.360","","0","79 50:13.954","0","0","0","0","2105","0","0","0","N","0","0","0","2","02105","0","","1.0","","1","N","N","","1","","0","0","1","","3","","","2","0","0","0","0","0","0","1","0","2","","","","N","","","","","","","","","",""
"2016115753","","0","0","0","0","0","0","0","0","0","1","0","","02","11","2016","7","40.550833","-80.088306","","11","0","0","0","0","0","0","0","0","1","0","0","0","","","1","","0","","40 33:03.000","3","0","80 05:17.900","4","0","0","0","2215","0","0","0","","0","0","0","2","02215","1","","1.0","","1","","","","1","","0","0","1","","0","N","","2","1","0","0","0","0","0","2","0","2","","","","N","","","","","","","","","",""