"CRN","ARRIVAL_TM","AUTOMOBILE_COUNT","BELTED_DEATH_COUNT","BELTED_SUSP_SERIOUS_INJ_COUNT","BICYCLE_COUNT","BICYCLE_DEATH_COUNT","BICYCLE_SUSP_SERIOUS_INJ_COUNT","BUS_COUNT","CHLDPAS_DEATH_COUNT","CHLDPAS_SUSP_SERIOUS_INJ_COUNT","COLLISION_TYPE","COMM_VEH_COUNT","CONS_ZONE_SPD_LIM","COUNTY","CRASH_MONTH","CRASH_YEAR","DAY_OF_WEEK","DEC_LATITUDE","DEC_LONGITUDE","DISPATCH_TM","DISTRICT","DRIVER_COUNT_16YR","DRIVER_COUNT_17YR","DRIVER_COUNT_18YR","DRIVER_COUNT_19YR","DRIVER_COUNT_20YR","DRIVER_COUNT_50_64YR","DRIVER_COUNT_65_74YR","DRIVER_COUNT_75PLUS","EST_HRS_CLOSED","FATAL_COUNT","HEAVY_TRUCK_COUNT","HORSE_BUGGY_COUNT","HOUR_OF_DAY","ILLUMINATION","INJURY_COUNT","INTERSECTION_RELATED","INTERSECT_TYPE","LANE_CLOSED","LATITUDE","LN_CLOSE_DIR","LOCATION_TYPE","LONGITUDE","MAX_SEVERITY_LEVEL","MCYCLE_DEATH_COUNT","MCYCLE_SUSP_SERIOUS_INJ_COUNT","MOTORCYCLE_COUNT","MUNICIPALITY","NONMOTR_COUNT","NONMOTR_DEATH_COUNT","NONMOTR_SUSP_SERIOUS_INJ_COUNT","NTFY_HIWY_MAINT","PED_COUNT","PED_DEATH_COUNT","PED_SUSP_SERIOUS_INJ_COUNT","PERSON_COUNT","POLICE_AGCY","POSSIBLE_INJ_COUNT","RDWY_SURF_TYPE_CD","RELATION_TO_ROAD","ROADWAY_CLEARED","ROAD_CONDITION","SCH_BUS_IND","SCH_ZONE_IND","SECONDARY_CRASH","SMALL_TRUCK_COUNT","SPEC_JURIS_CD","SUSP_MINOR_INJ_COUNT","SUSP_SERIOUS_INJ_COUNT","SUV_COUNT","TCD_FUNC_CD","TCD_TYPE","TFC_DETOUR_IND","TIME_OF_DAY","TOTAL_UNITS","TOT_INJ_COUNT","UNBELTED_OCC_COUNT","UNB_DEATH_COUNT","UNB_SUSP_SERIOUS_INJ_COUNT","UNK_INJ_DEG_COUNT","UNK_INJ_PER_COUNT","URBAN_RURAL","VAN_COUNT","VEHICLE_COUNT","WEATHER1","WEATHER2","WORKERS_PRES","WORK_ZONE_IND","WORK_ZONE_LOC","WORK_ZONE_TYPE","WZ_CLOSE_DETOUR","WZ_FLAGGER","WZ_LAW_OFFCR_IND","WZ_LN_CLOSURE","WZ_MOVING","WZ_OTHER","WZ_SHLDER_MDN","WZ_WORKERS_INJ_KILLED"
"2016138971","","0","0","0","0","0","0","0","0","0","7","0","","02","12","2016","6","40.464851","-79.853147","","11","0","0","0","0","0","1","0","0","1","0","0","0","","","0","","0","","40 27:53.463","6","0","79 51:11.329","0","0","0","0","2113","0","0","0","N","0","0","0","1","02113","0","","5.0","","7","N","N","","0","","0","0","1","","0","Y","","1","0","0","0","0","0","0","2","0","1","","","","N","","","","","","","","","",""
"2016115603","","2","0","0","0","0","0","0","0","0","1","0","","02","11","2016","7","40.458674","-79.907967","","11","0","0","0","0","0","2","0","0","","0","0","0","","","0","","1","","40 27:31.225","","0","79 54:28.682","9","0","0","0","2301","0","0","0","N","0","0","0","3","02301","0","","1.0","","1","N","N","","0","","0","0","0","","2","","","2","0","0","0","0","0","2","2","0","2","","","","N","","","","","","","","","",""
"2016115309","","2","0","0","0","0","0","0","0","0","1","0","","02","11","2016","6","40.34837","-79.944808","","11","0","0","0","0","0","1","0","0","2","0","0","0","","","1","","1","","40 20:54.133","1","99","79 56:41.310","8","0","0","0","2473","0","0","0","N","0","0","0","2","02473","0","","1.0","","1","N","N","","0","","0","0","0","","4","N","","2","1","0","0","0","1","0","2","0","2","","","","N","","","","","","","","","",""
"2016138352","","2","0","0","0","0","0","0","0","0","1","0","","02","12","2016","3","40.3667","-80.014392","","11","0","0","0","0","0","1","0","0","1","0","0","0","","","2","","0","","40 22:00.119","2","0","80 00:51.812","4","0","0","0","2416","0","0","0","","0","0","0","3","02416","2","","1.0","","1","N","N","","1","","0","0","0","","0","N","","3","2","0","0","0","0","0","2","0","3","","","","N","","","","","","","","","",""
"2016115328","","1","0","0","0","0","0","0","0","0","0","0","","02","11","2016","6","40.453355","-79.882408","","11","0","0","0","0","0","0","0","0","","0","0","0","","","0","","2","","40 27:12.078","","0","79 52:56.668","0","0","0","0","2301","0","0","0","N","0","0","0","1","02301","0","","1.0","","1","N","N","","0","","0","0","0","","0","","","1","0","0","0","0","0","0","2","0","1","","","","N","","","","","","","","","",""
"2016127209","","0","0","0","0","0","0","0","0","0","7","0","","02","12","2016","2","40.362538","-79.830047","","11","0","0","0","0","0","0","0","0","1","0","0","0","","","1","","0","","40 21:45.136","2","0","79 49:48.168","3","0","0","0","2111","0","0","0","N","0","0","0","1","02111","0","","5.0","","9","N","N","","0","","1","0","1","","0","N","","1","1","1","0","0","0","0","2","0","1","","","","N","","","","","","","","","",""
"2016115716","","1","0","0","0","0","0","0","0","0","7","0","","02","11","2016","7","40.347235","-80.105005","","11","0","0","0","0","0","0","0","0","","0","0","0","","","1","","0","","40 20:50.047","","0","80 06:18.019","4","0","0","0","2123","0","0","0","N","0","0","0","1","02123","1","","5.0","","1","N","N","","0","","0","0","0","","0","","","1","1","0","0","0","0","0","2","0","1","","","","N","","","","","","","","","",""
"2016115599","","2","0","0","0","0","0","0","0","0","4","0","","02","11","2016","7","40.435847","-79.895992","","11","0","0","0","0","0","0","0","0","1","0","0","0","","","0","","1","","40 26:09.049","2","0","79 53:45.571","0","0","0","0","2301","0","0","0","N","0","0","0","2","02301","0","","1.0","","1","N","N","","0","","0","0","0","","3","N","","2","0","0","0","0","0","0","2","0","2","","","","N","","","","","","","","","",""
"2016136670","","0","0","0","0","0","0","0","0","0","1","0","","02","12","2016","6","40.441485","-79.828545","","11","0","0","0","1","0","2","0","0","1","0","0","0","","","0","","0","","40 26:29.347","2","1","79 49:42.763","9","0","0","0","2419","0","0","0","N","0","0","0","6","02419","0","","1.0","","1","N","N","","1","","0","0","3","","0","N","","4","0","0","0","0","0","1","2","0","4","","","","N","","","","","","","","","",""
"2016115614","","0","0","0","0","0","0","0","0","0","7","0","","02","11","2016","7","40.452843","-80.042201","","11","0","0","0","0","0","0","0","0","","0","0","0","","","0","","0","","40 27:10.235","","0","80 02:31.922","0","0","0","0","2301","0","0","0","N","0","0","0","1","02301","0","","4.0","","1","N","N","","0","","0","0","1","","0","","","1","0","1","0","0","0","0","2","0","1","","","","N","","","","","","","","","",""
"2016136985","","1","0","0","0","0","0","0","0","0","1","0","","02","12","2016","7","40.43637","-79.976491","","11","0","0","0","0","0","0","1","0","1","0","0","0","","","0","","2","","40 26:10.933","3","0","79 58:35.366","0","0","0","0","2301","0","0","0","N","0","0","0","2","02301","0","","1.0","","9","N","N","","1","","0","0","0","","0","N","","2","0","0","0","0","0","0","2","0","2","","","","N","","","","","","","","","",""
"2016115308","","1","0","0","0","0","0","0","0","0","8","0","","02","11","2016","6","40.43476","-79.922837","","11","0","0","0","0","0","1","0","0","","0","0","0","","","1","","1","","40 26:05.136","","0","79 55:22.213","3","0","0","0","2301","1","0","0","N","1","0","0","2","02301","0","","1.0","","1","N","N","","0","","1","0","0","","2","","","2","1","0","0","0","0","0","2","0","1","","","","N","","","","","","","","","",""
"2016115587","","0","0","0","0","0","0","0","0","0","8","0","","02","11","2016","7","40.449389","-79.986611","","11","0","0","0","0","0","0","1","0","1","0","0","0","","","1","","0","","40 26:57.800","2","0","79 59:11.800","3","0","0","0","2301","1","0","0","N","1","0","0","2","02301","0","","1.0","","1","N","N","","1","","1","0","0","","0","Y","","2","1","0","0","0","0","0","2","0","1","","","","N","","","","","","","","","",""
"2016138508","","3","0","0","0","0","0","0","0","0","1","0","","02","12","2016","1","40.47357","-79.972123","","11","0","0","0","0","0","1","0","0","2","0","0","0","","","1","","6","","40 28:24.852","5","2","79 58:19.643","8","0","0","0","2445","0","0","0","N","0","0","0","4","02445","0","","7.0","","1","N","N","","0","","0","0","0","","4","Y","","3","1","0","0","0","1","0","2","0","3","","","","N","","","","","","","","","",""
"2016139366","","1","0","0","0","0","0","0","0","0","1","0","","02","12","2016","3","40.336034","-80.074544","","11","0","0","0","0","0","0","0","0","","0","0","0","","","0","","2","","40 20:09.721","","0","80 04:28.358","0","0","0","0","2123","0","0","0","N","0","0","0","6","02123","0","","1.0","","1","N","N","","0","","0","0","1","","0","","","2","0","0","0","0","0","0","2","0","2","","","","N","","","","","","","","","",""
"2016115590","","1","0","0","0","0","0","0","0","0","4","0","","02","11","2016","7","40.435139","-79.947222","","11","0","0","0","0","0","1","0","0","","0","0","0","","","0","","0","","40 26:06.500","","0","79 56:50.000","0","0","0","0","2301","0","0","0","N","0","0","0","2","02301","0","","1.0","","1","N","N","","0","","0","0","1","","0","","","2","0","0","0","0","0","0","2","0","2","","","","N","","","","","","","","","",""
"2016135048","","1","0","0","0","0","0","0","0","0","7","0","","02","12","2016","7","40.586795","-80.045021","","11","0","0","0","0","1","0","0","0","1","0","0","0","","","0","","0","","40 35:12.462","1","0","80 02:42.074","0","0","0","0","2108","0","0","0","","0","0","0","1","02108","0","","1.0","","6","N","N","","0","","0","0","0","","0","N","","1","0","0","0","0","0","0","2","0","1","","05","","N","","","","","","","","","",""
"2016127194","","1","0","0","0","0","0","0","0","0","1","0","","02","12","2016","6","40.484226","-80.072341","","11","0","0","0","0","0","0","0","0","","0","0","0","","","1","","0","","40 29:03.212","","0","80 04:20.429","4","0","0","0","2122","0","0","0","N","0","0","0","4","02122","1","","1.0","","1","N","N","","1","","0","0","0","","0","","","2","1","0","0","0","0","0","2","0","2","","","","N","","","","","","","","","",""
"2016115537","","1","0","0","0","0","0","0","0","0","1","0","","02","11","2016","7","40.430083","-79.915278","","11","0","0","0","0","0","0","1","0","","0","0","0","","","0","","0","","40 25:48.300","","0","79 54:55.000","0","0","0","0","2301","0","0","0","N","0","0","0","4","02301","0","","6.0","","1","N","N","","0","","0","0","2","","0","","","3","0","0","0","0","0","0","2","0","3","","","","N","","","","","","","","","",""
"2016139084","","1","0","0","0","0","0","0","0","0","1","0","","02","12","2016","6","40.429108","-79.998158","","11","0","0","0","0","0","0","0","0","3","0","0","0","","","0","","0","","40 25:44.788","1","0","79 59:53.368","0","0","0","0","2301","0","0","0","N","0","0","0","2","02301","0","","1.0","","2","N","N","","0","","0","0","1","","2","Y","","2","0","0","0","0","0","0","2","0","2","","","","N","","","","","","","","","",""
"2016131735","","1","0","0","0","0","0","0","0","0","7","0","","02","12","2016","3","40.462428","-79.80718","","11","0","0","0","0","0","1","0","0","","0","0","0","","","2","","10","","40 27:44.740","","0","79 48:25.848","4","0","0","0","2113","0","0","0","N","0","0","0","2","02113","2","","4.0","","2","N","N","","0","","0","0","0","","0","","","1","2","0","0","0","0","0","2","0","1","","","","N","","","","","","","","","",""
"2016115072","","2","0","0","0","0","0","0","0","0","4","0","","02","11","2016","6","40.424802","-79.990178","","11","0","0","0","0","0","0","0","0","1","0","0","0","","","1","","0","","40 25:29.287","2","0","79 59:24.640","4","0","0","0","2301","0","0","0","N","0","0","0","3","02301","1","","1.0","","1","N","N","","0","","0","0","0","","0","N","","2","1","0","0","0","0","0","2","0","2","","","","N","","","","","","","","","",""
"2016115538","","1","0","0","0","0","0","0","0","0","4","0","","02","11","2016","7","40.470633","-79.932816","","11","0","0","0","0","0","1","0","0","","0","0","0","","","0","","1","","40 28:14.278","","0","79 55:58.137","0","0","0","0","2301","0","0","0","N","0","0","0","3","02301","0","","1.0","","1","N","N","","0","","0","0","1","","3","","","2","0","0","0","0","0","0","2","0","2","","","","N","","","","","","","","","",""
"2016115912","","0","0","0","0","0","0","0","0","0","99","0","","02","10","2016","2","40.660225","-79.933974","","11","0","0","0","0","0","0","1","0","","0","0","0","","","0","","0","","40 39:36.810","","0","79 56:02.306","0","0","0","0","2217","0","0","0","N","0","0","0","2","02505","0","","1.0","","1","N","N","","0","","0","0","1","","0","","","1","0","0","0","0","0","0","2","0","1","","","","N","","","","","","","","","",""
"2016113188","","2","0","0","0","0","0","0","0","0","4","0","","02","10","2016","7","","","","11","0","0","0","0","0","1","0","0","2","0","0","0","","","1","","6","","40 47:08.13","1","2","79 34:50.43","3","0","0","0","2112","0","0","0","","0","0","0","4","68D02","0","","1.0","","1","N","N","","0","","1","0","0","","0","N","","2","1","1","0","0","0","0","2","0","2","","","","N","","","","","","","","","",""
"2016137153","","1","0","0","0","0","0","0","0","0","7","0","","02","12","2016","1","40.454778","-79.871667","","11","0","0","0","0","0","1","0","0","","0","0","0","","","0","","0","","40 27:17.200","","0","79 52:18.000","0","0","0","0","2113","0","0","0","N","0","0","0","1","02113","0","","4.0","","1","N","N","","0","","0","0","0","","0","","","1","0","0","0","0","0","0","2","0","1","","","","N","","","","","","","","","",""
"2016135858","","1","0","0","0","0","0","0","0","0","7","0","","02","12","2016","7","40.336478","-80.024513","","11","0","0","0","0","0","0","0","0","2","0","0","0","","","1","","0","","40 20:11.320","1","0","80 01:28.247","8","0","0","0","2407","0","0","0","","0","0","0","1","02407","0","","4.0","","1","N","N","","0","","0","0","0","","0","N","","1","1","1","0","0","1","0","2","0","1","","","","N","","","","","","","","","",""
"2016129600","","1","0","0","0","0","0","0","0","0","1","0","","02","11","2016","7","40.431636","-80.024751","","11","0","0","0","0","0","1","0","0","","0","0","0","","","0","","0","","40 25:53.888","","0","80 01:29.105","0","0","0","0","2301","0","0","0","","0","0","0","2","68B03","0","","1.0","","1","N","N","","1","","0","0","0","","0","","","2","0","0","0","0","0","0","2","0","2","","","","N","","","","","","","","","",""
"2016138695","","2","0","0","0","0","0","0","0","0","1","0","","02","12","2016","5","40.419995","-79.850504","","11","0","0","0","0","0","0","1","0","1","0","0","0","","","2","","2","","40 25:11.983","3","0","79 51:01.815","4","0","0","0","2431","0","0","0","N","0","0","0","3","02431","2","","1.0","","1","N","N","","0","","0","0","0","","2","N","","2","2","0","0","0","0","0","2","0","2","","","","N","","","","","","","","","",""
"2016138987","","1","0","0","0","0","0","0","0","0","7","0","","02","12","2016","6","40.449732","-79.844273","","11","0","0","0","0","0","0","0","0","","0","0","0","","","0","","0","","40 26:59.035","","0","79 50:39.381","0","0","0","0","2419","0","0","0","N","0","0","0","1","02419","0","","2.0","","7","N","N","","0","","0","0","0","","0","","","1","0","0","0","0","0","0","2","0","1","","","","N","","","","","","","","","",""
"2016139086","","1","0","0","0","0","0","0","0","0","7","0","","02","12","2016","5","40.464235","-80.034799","","11","0","0","0","0","0","0","0","0","2","0","0","0","","","0","","0","","40 27:51.246","1","0","80 02:05.276","0","0","0","0","2301","0","0","0","N","0","0","0","1","02301","0","","2.0","","1","N","N","","0","","0","0","0","","0","N","","1","0","0","0","0","0","0","2","0","1","","","","N","","","","","","","","","",""
"2016101120","","1","0","0","0","0","0","0","0","0","7","0","","02","9","2016","3","40.518732","-80.026269","","11","0","0","0","0","0","0","0","1","","0","0","0","","","1","","0","","40 31:07.436","","0","80 01:34.569","3","0","0","0","2474","0","0","0","N","0","0","0","1","02474","0","","2.0","","1","N","N","","0","","1","0","0","","0","","","1","1","0","0","0","0","0","2","0","1","","","","N","","","","","","","","","",""
"2016137693","","2","0","0","0","0","0","0","0","0","4","0","","02","12","2016","3","40.603276","-79.757344","","11","0","0","0","0","0","2","0","0","1","0","0","0","","","0","","1","","40 36:11.794","2","0","79 45:26.437","0","0","0","0","2464","0","0","0","N","0","0","0","2","02464","0","","1.0","","1","N","N","","0","","0","0","0","","0","N","","2","0","0","0","0","0","0","2","0","2","","","","N","","","","","","","","","",""
"2016139192","","1","0","0","0","0","0","0","0","0","1","0","","02","12","2016","6","40.613414","-80.054706","","11","0","1","0","0","0","1","0","0","","0","0","0","","","0","","0","","40 36:48.289","","0","80 03:16.942","0","0","0","0","2216","0","0","0","N","0","0","0","2","02505","0","","1.0","","1","N","N","","0","","0","0","1","","0","","","2","0","0","0","0","0","0","2","0","2","","","","N","","","","","","","","","",""
"2016087040","","2","0","0","0","0","0","0","0","0","4","0","","02","8","2016","4","40.517853","-80.0294","","11","0","0","0","0","0","1","1","0","","0","0","0","","","0","","2","","40 31:04.270","","0","80 01:45.841","0","0","0","0","2474","0","0","0","Y","0","0","0","2","02474","0","","1.0","","1","Y","N","","0","","0","0","0","","0","","","2","0","0","0","0","0","0","2","0","2","","","","N","","","","","","","","","",""
"2016094317","","1","0","0","0","0","0","0","0","0","6","0","","02","9","2016","1","40.344214","-79.871956","","11","0","0","0","0","0","0","0","0","1","0","0","0","","","0","","0","","40 20:39.170","5","0","79 52:19.040","0","0","0","0","2455","0","0","0","N","0","0","0","2","02455","0","","6.0","","1","N","N","","1","","0","0","0","","0","Y","","2","0","0","0","0","0","0","2","0","2","","","","N","","","","","","","","","",""
"2016090807","","1","0","0","0","0","0","0","0","0","1","0","","02","8","2016","4","40.523869","-80.035038","","11","0","0","0","0","0","1","0","1","","0","0","0","","","0","","2","","40 31:25.928","","0","80 02:06.135","0","0","0","0","2474","0","0","0","Y","0","0","0","2","02474","0","","1.0","","1","N","N","","0","","0","0","1","","0","","","2","0","0","0","0","0","0","2","0","2","","","","N","","","","","","","","","",""
"2016139405","","1","0","0","0","0","0","0","0","0","4","0","","02","12","2016","7","40.478759","-79.762479","","11","0","0","0","0","0","1","1","0","1","0","0","0","","","0","","0","","40 28:43.532","5","0","79 45:44.924","0","0","0","0","2466","0","0","0","N","0","0","0","2","02466","0","","1.0","","9","N","N","","1","","0","0","0","","0","N","","2","0","0","0","0","0","0","2","0","2","","","","N","","","","","","","","","",""
"2016139365","","0","0","0","0","0","0","0","0","0","1","0","","02","12","2016","3","40.630856","-79.805983","","11","0","0","0","0","0","1","0","0","2","0","0","0","","","0","","0","","40 37:51.080","1","0","79 48:21.540","0","0","0","0","2206","0","0","0","Y","0","0","0","1","02206","0","","2.0","","1","N","N","","1","","0","0","1","","0","N","","2","0","1","0","0","0","0","1","0","2","","","","N","","","","","","","","","",""
"2016094123","","1","0","0","0","0","0","0","0","0","99","0","","02","9","2016","4","40.527348","-80.038316","","11","0","0","0","0","0","0","1","0","","0","0","0","","","0","","2","","40 31:38.452","","0","80 02:17.938","0","0","0","0","2474","0","0","0","N","0","0","0","1","02474","0","","5.0","","1","N","N","","0","","0","0","0","","0","","","1","0","0","0","0","0","0","2","0","1","","","","N","","","","","","","","","",""
"2016139085","","1","0","0","0","0","0","0","0","0","7","0","","02","12","2016","6","40.389695","-79.934441","","11","0","0","0","0","0","0","0","0","","0","0","0","","","0","","7","","40 23:22.902","","2","79 56:03.987","0","0","0","0","2301","0","0","0","Y","0","0","0","2","02301","0","","2.0","","2","N","N","","0","","0","0","0","","3","","","1","0","0","0","0","0","0","2","0","1","","","","N","","","","","","","","","",""
"2016127418","","2","0","0","0","0","0","0","0","0","4","0","","02","12","2016","3","40.523718","-80.029588","","11","1","0","0","0","0","0","1","0","","0","0","0","","","1","","2","","40 31:25.385","","0","80 01:46.515","8","0","0","0","2474","0","0","0","N","0","0","0","2","02474","0","","1.0","","1","N","Y","","0","","0","0","0","","0","","","2","1","0","0","0","1","0","2","0","2","","","","N","","","","","","","","","",""
"2016134213","","1","0","0","0","0","0","0","0","0","7","0","","02","12","2016","2","40.623215","-79.923196","","11","0","0","0","0","0","0","0","0","2","0","0","0","","","0","","1","","40 37:23.575","5","0","79 55:23.506","0","0","0","0","2217","0","0","0","N","0","0","0","1","02505","0","","2.0","","2","N","N","","0","","0","0","0","","2","N","","1","0","0","0","0","0","0","2","0","1","","","","N","","","","","","","","","",""
"2016137683","","1","0","0","0","0","0","0","0","0","7","0","","02","12","2016","1","40.457246","-79.997838","","11","0","0","0","0","0","0","0","0","","0","0","0","","","0","","2","","40 27:26.085","","0","79 59:52.216","0","0","0","0","2301","0","0","0","N","0","0","0","2","02301","0","","3.0","","1","N","N","","0","","0","0","0","","8","","","1","0","2","0","0","0","0","2","0","1","","","","N","","","","","","","","","",""
"2016097821","","0","0","0","0","0","0","0","0","0","7","0","","02","9","2016","6","40.483052","-80.035433","","11","0","0","0","0","0","0","0","0","2","0","0","0","","","1","","1","","40 28:58.987","1","0","80 02:07.558","8","0","0","0","2301","0","0","0","N","0","0","0","1","02301","0","","2.0","","1","N","N","","0","","0","0","1","","0","N","","1","1","0","0","0","1","0","2","0","1","","","","N","","","","","","","","","",""
"2016116626","","1","0","0","0","0","0","0","0","0","1","0","","02","11","2016","7","40.450594","-80.17431","","11","0","0","0","0","0","2","1","0","2","0","0","0","","","1","","2","","40 27:02.139","1","2","80 10:27.516","8","0","0","0","2214","0","0","0","N","0","0","0","7","02214","0","","1.0","","1","N","N","","1","","0","0","1","","2","Y","","3","1","0","0","0","1","0","2","0","3","","","","N","","","","","","","","","",""
"2016119866","","0","0","0","0","0","0","0","0","0","4","0","","02","10","2016","2","40.326022","-79.889561","","11","0","0","0","0","0","0","0","0","","0","0","0","","","0","","1","","40 19:33.679","","0","79 53:22.419","0","0","0","0","2433","0","0","0","N","0","0","0","3","02433","0","","1.0","","1","N","N","","1","","0","0","1","","3","","","2","0","0","0","0","0","0","2","0","2","","","","N","","","","","","","","","",""
"2016101327","","1","0","0","0","0","0","0","0","0","99","0","","02","10","2016","1","","","","11","0","0","0","0","0","0","0","0","","0","0","0","","","0","","0","","","","0","","0","0","0","0","2203","0","0","0","N","0","0","0","2","02501","0","","1.0","","98","N","N","","0","","0","0","0","","0","","","1","0","0","0","0","0","0","1","0","1","","","","N","","","","","","","","","",""
"2016137014","","1","0","0","0","0","0","0","0","0","4","0","","02","12","2016","7","40.395859","-79.98851","","11","0","0","0","0","0","1","0","0","","0","0","0","","","0","","1","","40 23:45.092","","0","79 59:18.636","9","0","0","1","2301","0","0","0","N","0","0","0","3","02301","0","","1.0","","9","N","N","","0","","0","0","1","","3","","","3","0","0","0","0","0","1","2","0","3","","","","N","","","","","","","","","",""
"2016136603","","1","0","0","0","0","0","0","0","0","5","0","","02","12","2016","6","40.464114","-79.925068","","11","0","0","0","0","0","0","1","0","","0","0","0","","","1","","2","","40 27:50.810","","0","79 55:30.245","3","0","0","0","2301","0","0","0","N","0","0","0","2","02301","0","","1.0","","1","N","N","","1","","1","0","0","","0","","","2","1","0","0","0","0","0","2","0","2","","","","N","","","","","","","","","",""
"2016116548","","1","0","0","0","0","0","0","0","0","5","0","","02","11","2016","7","40.440619","-79.958253","","11","0","0","0","0","0","0","1","0","","0","0","0","","","0","","1","","40 26:26.229","","0","79 57:29.710","0","0","0","0","2301","0","0","0","N","0","0","0","2","02506","0","","1.0","","1","N","N","","0","","0","0","1","","0","","","2","0","0","0","0","0","0","2","0","2","","","","N","","","","","","","","","",""
"2016138977","","1","0","0","0","0","0","0","0","0","7","0","","02","12","2016","6","40.48636","-79.915087","","11","0","0","0","1","0","0","0","0","1","0","0","0","","","0","","0","","40 29:10.897","3","0","79 54:54.314","0","0","0","0","2301","0","0","0","N","0","0","0","3","02301","0","","2.0","","2","N","N","","0","","0","0","0","","0","Y","","1","0","0","0","0","0","0","2","0","1","","","","N","","","","","","","","","",""
"2016115991","","1","0","0","0","0","0","0","0","0","7","0","","02","11","2016","7","40.607318","-80.173287","","11","0","0","1","0","0","0","0","0","","0","0","0","","","0","","0","","40 36:26.344","","0","80 10:23.832","0","0","0","0","2480","0","0","0","N","0","0","0","1","02480","0","","5.0","","1","N","N","","0","","0","0","0","","0","","","1","0","0","0","0","0","0","1","0","1","","","","N","","","","","","","","","",""
"2016121751","","0","0","0","0","0","0","0","0","0","4","0","","02","11","2016","1","","","","11","0","0","0","0","0","0","0","0","2","0","0","0","","","1","","0","","40 31:35.4","3","0","79 49:10.6","4","0","0","0","2466","0","0","0","N","0","0","0","2","02466","1","","1.0","","2","N","N","","1","","0","0","1","","0","N","","2","1","0","0","0","0","0","2","0","2","","","","N","","","","","","","","","",""
"2016136196","","1","0","0","0","0","0","0","0","0","1","0","","02","12","2016","6","40.426465","-79.916389","","11","0","0","0","1","0","0","0","0","","0","0","0","","","0","","0","","40 25:35.274","","0","79 54:59.002","0","0","0","0","2301","0","0","0","","0","0","0","2","68B03","0","","1.0","","1","N","N","","0","","0","0","1","","0","","","2","0","0","0","0","0","0","2","0","2","","","","N","","","","","","","","","",""
"2016120701","","1","0","0","0","0","0","0","0","0","1","0","","02","11","2016","3","40.518215","-80.219309","","11","0","0","0","0","0","1","0","1","2","0","0","0","","","1","","0","","40 31:05.574","2","0","80 13:09.512","8","0","0","0","2213","0","0","0","","0","0","0","2","02213","0","","1.0","","1","N","N","","0","","0","0","1","","0","N","","2","1","0","0","0","1","0","2","0","2","","","","N","","","","","","","","","",""
"2016115529","","0","0","0","0","0","0","0","0","0","8","0","","02","11","2016","5","40.292974","-79.885467","","11","0","0","0","0","0","0","0","0","1","0","0","0","","","1","","1","","40 17:34.707","7","0","79 53:07.682","8","0","0","0","2302","1","0","0","N","1","0","0","2","02302","0","","1.0","","9","N","Y","","1","","0","0","0","","2","Y","","2","1","0","0","0","1","0","2","0","1","","","","N","","","","","","","","","",""
"2016113224","","1","0","0","0","0","0","0","0","0","7","0","","02","10","2016","1","40.420941","-79.852116","","11","0","0","0","0","0","1","0","0","4","0","0","0","","","1","","0","","40 25:15.388","3","0","79 51:07.619","8","0","0","0","2431","0","0","0","N","0","0","0","1","02431","0","","2.0","","1","N","N","","0","","0","0","0","","0","Y","","1","1","0","0","0","1","0","2","0","1","","","","N","","","","","","","","","",""
"2016106491","","2","0","0","0","0","0","0","0","0","1","0","","02","10","2016","1","40.38525","-79.802667","","11","0","0","0","0","0","0","1","0","9","0","0","0","","","0","","2","","40 23:06.900","1","0","79 48:09.600","0","0","0","0","2424","0","0","0","N","0","0","0","2","02424","0","","1.0","","1","N","N","","0","","0","0","0","","0","N","","2","0","2","0","0","0","0","2","0","2","","","","N","","","","","","","","","",""
"2016112462","","3","0","0","0","0","0","0","0","0","1","0","","02","10","2016","7","40.453841","-80.006549","","11","0","0","0","0","0","0","0","0","","0","0","0","","","0","","0","","40 27:13.829","","0","80 00:23.576","9","0","0","0","2301","0","0","0","","0","0","0","2","02301","0","","6.0","","1","","","","0","","0","0","1","","2","","","4","0","0","0","0","0","2","2","0","4","","","","N","","","","","","","","","",""
"2016098268","","1","0","0","0","0","0","0","0","0","4","0","","02","9","2016","1","40.43899","-80.015503","","11","0","0","0","0","0","0","0","0","2","0","0","0","","","0","","6","","40 26:20.364","4","2","80 00:55.810","0","0","0","0","2301","0","0","0","N","0","0","0","4","02301","0","","1.0","","1","N","N","","0","","0","0","1","","8","N","","2","0","0","0","0","0","0","2","0","2","","","","N","","","","","","","","","",""
"2016112573","","0","0","0","0","0","0","0","0","0","99","0","","02","10","2016","7","40.616865","-80.055566","","11","0","0","0","0","0","0","0","1","","0","0","0","","","0","","0","","40 37:00.713","","0","80 03:20.037","0","0","0","0","2216","0","0","0","N","0","0","0","1","02505","0","","1.0","","1","N","N","","0","","0","0","1","","0","","","1","0","0","0","0","0","0","2","0","1","","","","N","","","","","","","","","",""
"2016115031","","2","0","0","0","0","0","0","0","0","4","0","","02","11","2016","4","40.513166","-80.099227","","11","0","0","0","0","0","0","0","0","1","0","0","0","","","1","","2","","40 30:47.397","3","0","80 05:57.217","3","0","0","0","2429","0","0","0","","0","0","0","3","02215","0","","1.0","","1","","","","0","","1","0","0","","0","N","","2","1","0","0","0","0","0","2","0","2","","","","N","","","","","","","","","",""
"2016136200","","1","0","0","0","0","0","0","0","0","1","0","","02","12","2016","6","40.579467","-79.784519","","11","0","0","0","0","0","1","0","0","2","0","0","0","","","1","","3","","40 34:46.080","1","0","79 47:04.267","3","0","0","0","2104","0","0","0","","0","0","0","3","68D02","0","","1.0","","1","N","N","","0","","1","0","2","","0","N","","3","1","0","0","0","0","0","2","0","3","","","","N","","","","","","","","","",""