"CRN","ARRIVAL_TM","AUTOMOBILE_COUNT","BELTED_DEATH_COUNT","BELTED_SUSP_SERIOUS_INJ_COUNT","BICYCLE_COUNT","BICYCLE_DEATH_COUNT","BICYCLE_SUSP_SERIOUS_INJ_COUNT","BUS_COUNT","CHLDPAS_DEATH_COUNT","CHLDPAS_SUSP_SERIOUS_INJ_COUNT","COLLISION_TYPE","COMM_VEH_COUNT","CONS_ZONE_SPD_LIM","COUNTY","CRASH_MONTH","CRASH_YEAR","DAY_OF_WEEK","DEC_LATITUDE","DEC_LONGITUDE","DISPATCH_TM","DISTRICT","DRIVER_COUNT_16YR","DRIVER_COUNT_17YR","DRIVER_COUNT_18YR","DRIVER_COUNT_19YR","DRIVER_COUNT_20YR","DRIVER_COUNT_50_64YR","DRIVER_COUNT_65_74YR","DRIVER_COUNT_75PLUS","EST_HRS_CLOSED","FATAL_COUNT","HEAVY_TRUCK_COUNT","HORSE_BUGGY_COUNT","HOUR_OF_DAY","ILLUMINATION","INJURY_COUNT","INTERSECTION_RELATED","INTERSECT_TYPE","LANE_CLOSED","LATITUDE","LN_CLOSE_DIR","LOCATION_TYPE","LONGITUDE","MAX_SEVERITY_LEVEL","MCYCLE_DEATH_COUNT","MCYCLE_SUSP_SERIOUS_INJ_COUNT","MOTORCYCLE_COUNT","MUNICIPALITY","NONMOTR_COUNT","NONMOTR_DEATH_COUNT","NONMOTR_SUSP_SERIOUS_INJ_COUNT","NTFY_HIWY_MAINT","PED_COUNT","PED_DEATH_COUNT","PED_SUSP_SERIOUS_INJ_COUNT","PERSON_COUNT","POLICE_AGCY","POSSIBLE_INJ_COUNT","RDWY_SURF_TYPE_CD","RELATION_TO_ROAD","ROADWAY_CLEARED","ROAD_CONDITION","SCH_BUS_IND","SCH_ZONE_IND","SECONDARY_CRASH","SMALL_TRUCK_COUNT","SPEC_JURIS_CD","SUSP_MINOR_INJ_COUNT","SUSP_SERIOUS_INJ_COUNT","SUV_COUNT","TCD_FUNC_CD","TCD_TYPE","TFC_DETOUR_IND","TIME_OF_DAY","TOTAL_UNITS","TOT_INJ_COUNT","UNBELTED_OCC_COUNT","UNB_DEATH_COUNT","UNB_SUSP_SERIOUS_INJ_COUNT","UNK_INJ_DEG_COUNT","UNK_INJ_PER_COUNT","URBAN_RURAL","VAN_COUNT","VEHICLE_COUNT","WEATHER1","WEATHER2","WORKERS_PRES","WORK_ZONE_IND","WORK_ZONE_LOC","WORK_ZONE_TYPE","WZ_CLOSE_DETOUR","WZ_FLAGGER","WZ_LAW_OFFCR_IND","WZ_LN_CLOSURE","WZ_MOVING","WZ_OTHER","WZ_SHLDER_MDN","WZ_WORKERS_INJ_KILLED"
"2016115068","","2","0","0","0","0","0","0","0","0","1","0","","02","11","2016","5","40.38785","-79.996396","","11","0","0","0","0","0","0","0","0","","0","0","0","","","0","","2","","40 23:16.260","","0","79 59:47.024","0","0","0","0","2301","0","0","0","N","0","0","0","2","02301","0","","1.0","","9","N","N","","0","","0","0","0","","2","","","2","0","0","0","0","0","0","2","0","2","","","","N","","","","","","","","","",""
"2016135308","","0","0","0","0","0","0","0","0","0","1","0","","02","12","2016","3","40.456166","-79.709875","","11","0","0","0","0","0","2","0","0","","0","0","0","","","0","","0","","40 27:22.199","","0","79 42:35.550","0","0","0","0","2466","0","0","0","N","0","0","0","3","02466","0","","1.0","","1","N","N","","0","","0","0","3","","2","","","3","0","0","0","0","0","0","2","0","3","","","","N","","","","","","","","","",""
"2016118502","","0","0","0","0","0","0","0","0","0","1","0","","02","10","2016","1","40.425765","-79.910453","","11","0","0","0","0","0","0","0","0","1","0","0","0","","","1","","0","","40 25:32.755","3","0","79 54:37.631","3","0","0","0","2301","0","0","0","","0","0","0","5","68B03","0","","1.0","","1","N","N","","0","","1","0","2","","0","N","","2","1","0","0","0","0","0","2","0","2","","","","N","","","","","","","","","",""
"2016134274","","0","0","0","0","0","0","0","0","0","2","0","","02","12","2016","1","40.393852","-80.046304","","11","0","0","0","0","0","1","0","0","2","0","0","0","","","2","","1","","40 23:37.868","5","0","80 02:46.694","8","0","0","0","2109","0","0","0","","0","0","0","4","02109","0","","1.0","","1","N","N","","0","","0","0","1","","2","Y","","2","2","0","0","0","2","0","2","1","2","","","","N","","","","","","","","","",""
"2016133196","","1","0","0","0","0","0","0","0","0","1","0","","02","12","2016","6","40.667913","-80.027421","","11","0","1","1","0","0","1","0","0","","0","0","0","","","0","","1","","40 40:04.487","","0","80 01:38.714","0","0","0","0","2216","0","0","0","N","0","0","0","3","02505","0","","1.0","","1","N","N","","0","","0","0","2","","0","","","3","0","0","0","0","0","0","2","0","3","","","","N","","","","","","","","","",""
"2016132004","","0","0","0","0","0","0","0","0","0","4","0","","02","12","2016","4","40.464413","-80.053159","","11","0","0","0","0","0","0","0","1","","0","0","0","","","1","","2","","40 27:51.887","","0","80 03:11.371","8","0","0","0","2301","0","0","0","N","0","0","0","2","02301","0","","1.0","","6","N","N","","2","","0","0","0","","3","","","2","1","0","0","0","1","0","2","0","2","","","","N","","","","","","","","","",""
"2016135040","","2","0","0","0","0","0","0","0","0","5","0","","02","12","2016","3","40.475681","-79.821868","","11","0","0","0","0","0","0","0","0","2","0","0","0","","","1","","0","","40 28:32.453","4","0","79 49:18.723","3","0","0","0","2113","0","0","0","N","0","0","0","5","02113","0","","1.0","","1","N","N","","0","","1","0","0","","0","Y","","2","1","0","0","0","0","0","2","0","2","","","","N","","","","","","","","","",""
"2016115332","","2","0","0","0","0","0","0","0","0","2","0","","02","11","2016","7","","","","11","0","0","0","0","0","1","0","0","1","0","0","0","","","2","","0","","40 26:36.7","3","0","79 56:18.2","2","0","0","0","2301","0","0","0","N","0","0","0","3","02301","1","","1.0","","1","N","N","","0","","0","1","0","","0","Y","","2","2","1","0","1","0","0","1","0","2","","","","N","","","","","","","","","",""
"2016116416","","3","0","0","0","0","0","0","0","0","2","0","","02","11","2016","2","40.423889","-79.993806","","11","0","0","0","0","1","0","0","0","3","0","0","0","","","1","","0","","40 25:26.000","6","0","79 59:37.700","4","0","0","0","2301","0","0","0","N","0","0","0","2","02301","1","","6.0","","1","N","N","","0","","0","0","0","","0","Y","","3","1","0","0","0","0","0","2","0","3","","","","N","","","","","","","","","",""
"2016136302","","1","0","0","0","0","0","0","0","0","1","0","","02","12","2016","3","40.629314","-80.055104","","11","0","0","0","0","0","0","0","0","","0","0","0","","","0","","0","","40 37:45.530","","0","80 03:18.375","0","0","0","0","2216","0","0","0","N","0","0","0","4","02505","0","","1.0","","1","N","N","","1","","0","0","0","","2","","","2","0","0","0","0","0","0","2","0","2","","","","N","","","","","","","","","",""
"2016116371","","0","0","0","0","0","0","0","0","0","99","0","","02","11","2016","2","40.42216","-80.191891","","11","0","0","0","0","0","0","0","0","","0","0","0","","","0","","0","","40 25:19.775","","0","80 11:30.808","0","0","0","0","2214","0","0","0","N","0","0","0","1","02214","0","","1.0","","1","N","N","","0","","0","0","1","","0","","","1","0","0","0","0","0","0","2","0","1","","","","N","","","","","","","","","",""
"2016136223","","1","0","0","0","0","0","0","0","0","7","0","","02","12","2016","7","40.347955","-80.118084","","11","0","0","0","0","0","0","0","0","2","0","0","0","","","0","","0","","40 20:52.637","2","0","80 07:05.102","0","0","0","0","2119","0","0","0","","0","0","0","1","68B03","0","","5.0","","2","N","N","","0","","0","0","0","","0","N","","1","0","0","0","0","0","0","2","0","1","","","","N","","","","","","","","","",""
"2016120205","","2","0","0","0","0","0","0","0","0","4","0","","02","11","2016","3","40.545801","-80.016621","","11","0","0","0","0","0","2","0","0","","0","0","0","","","0","","1","","40 32:44.884","","0","80 00:59.837","0","0","0","0","2116","0","0","0","N","0","0","0","2","02116","0","","1.0","","1","N","N","","0","","0","0","0","","2","","","2","0","0","0","0","0","0","2","0","2","","","","N","","","","","","","","","",""
"2016112836","","2","0","0","0","0","0","0","0","0","4","0","","02","10","2016","1","40.43434","-79.918759","","11","0","0","0","0","0","1","1","0","","0","0","0","","","1","","2","","40 26:03.624","","0","79 55:07.532","4","0","0","0","2301","0","0","0","N","0","0","0","2","02301","1","","1.0","","1","N","N","","0","","0","0","0","","3","","","2","1","0","0","0","0","0","2","0","2","","","","N","","","","","","","","","",""
"2016115982","","1","0","0","0","0","0","0","0","0","7","0","","02","11","2016","3","40.407304","-80.088996","","11","0","0","0","0","0","0","0","0","","0","0","0","","","1","","0","","40 24:26.296","","0","80 05:20.385","8","0","0","0","2415","0","0","0","N","0","0","0","1","02415","0","","5.0","","1","N","N","","0","","0","0","0","","0","","","1","1","1","0","0","1","0","2","0","1","","","","N","","","","","","","","","",""
"2016135911","","1","0","0","0","0","0","0","0","0","1","0","","02","12","2016","4","40.353061","-79.954603","","11","0","0","0","0","0","1","0","0","","0","0","0","","","1","","0","","40 21:11.020","","0","79 57:16.572","8","0","0","0","2473","0","0","0","N","0","0","0","3","02473","0","","1.0","","1","N","N","","0","","0","0","1","","0","","","2","1","0","0","0","1","1","2","0","2","","","","N","","","","","","","","","",""
"2016115749","","1","0","0","0","0","0","0","0","0","4","0","","02","11","2016","1","40.351171","-79.867603","","11","0","0","0","1","0","0","0","0","","0","0","0","","","0","","0","","40 21:04.216","","3","79 52:03.371","0","0","0","0","2304","0","0","0","N","0","0","0","1","02304","0","","6.0","","1","N","N","","1","","0","0","0","","0","","","2","0","0","0","0","0","0","2","0","2","","","","N","","","","","","","","","",""
"2016115049","","2","0","0","0","0","0","0","0","0","4","0","","02","11","2016","6","40.46539","-79.956725","","11","0","0","1","0","0","0","0","0","","0","0","0","","","0","","1","","40 27:55.404","","0","79 57:24.210","0","0","0","0","2301","0","0","0","N","0","0","0","6","02301","0","","1.0","","1","N","N","","0","","0","0","0","","0","","","2","0","0","0","0","0","0","2","0","2","","","","N","","","","","","","","","",""
"2016115483","","1","0","0","0","0","0","0","0","0","7","0","","02","11","2016","7","40.465472","-79.946722","","11","0","0","0","0","0","0","0","0","","0","0","0","","","0","","0","","40 27:55.700","","0","79 56:48.200","0","0","0","0","2301","0","0","0","N","0","0","0","2","02301","0","","5.0","","1","N","N","","0","","0","0","0","","0","","","1","0","0","0","0","0","0","2","0","1","","","","N","","","","","","","","","",""
"2016115470","","2","0","0","0","0","0","0","0","0","4","0","","02","11","2016","7","40.454011","-79.952739","","11","0","0","0","0","0","0","0","0","","0","0","0","","","0","","1","","40 27:14.438","","0","79 57:09.862","0","0","0","0","2301","0","0","0","N","0","0","0","2","02301","0","","1.0","","1","N","N","","0","","0","0","0","","0","","","2","0","0","0","0","0","0","2","0","2","","","","N","","","","","","","","","",""
"2016134418","","1","0","0","0","0","0","0","0","0","7","0","","02","12","2016","6","40.577514","-80.0145","","11","0","0","0","0","0","0","0","0","","0","0","0","","","0","","0","","40 34:39.050","","0","80 00:52.200","0","0","0","0","2108","0","0","0","","0","0","0","1","02108","0","","4.0","","1","N","N","","0","","0","0","0","","0","","","1","0","0","0","0","0","0","2","0","1","","","","N","","","","","","","","","",""
"2016118157","","2","0","0","0","0","0","0","0","0","1","0","","02","10","2016","1","40.541477","-79.798997","","11","0","0","0","0","0","0","0","0","","0","0","0","","","0","","10","","40 32:29.318","","7","79 47:56.389","0","0","0","0","2418","0","0","0","N","0","0","0","1","02418","0","","9.0","","1","N","N","","0","","0","0","0","","0","","","2","0","0","0","0","0","0","2","0","2","","","","N","","","","","","","","","",""
"2016135591","","1","0","0","0","0","0","0","0","0","7","0","","02","12","2016","1","40.576713","-80.013141","","11","0","0","0","0","0","0","0","0","2","0","0","0","","","2","","0","","40 34:36.167","1","0","80 00:47.309","4","0","0","0","2108","0","0","0","","0","0","0","3","02108","2","","2.0","","1","N","N","","0","","0","0","0","","0","N","","1","2","0","0","0","0","0","2","0","1","","","","N","","","","","","","","","",""
"2016113314","","1","0","0","0","0","0","0","0","0","4","0","","02","10","2016","2","40.435752","-79.927668","","11","0","0","0","0","0","0","1","0","","0","0","0","","","0","","1","","40 26:08.707","","0","79 55:39.604","0","0","0","0","2301","0","0","0","N","0","0","0","5","02301","0","","1.0","","1","N","N","","0","","0","0","1","","3","","","3","0","0","0","0","0","0","2","0","3","","","","N","","","","","","","","","",""
"2016135592","","2","0","0","0","0","0","0","0","0","2","0","","02","12","2016","2","40.570725","-80.00275","","11","0","1","0","0","0","0","0","0","","0","0","0","","","0","","1","","40 34:14.609","","0","80 00:09.899","0","0","0","0","2108","0","0","0","","0","0","0","2","02108","0","","1.0","","1","N","N","","0","","0","0","0","","2","","","2","0","0","0","0","0","0","2","0","2","","","","N","","","","","","","","","",""
"2016122316","","1","0","0","0","0","0","0","0","0","7","0","","02","11","2016","1","40.432174","-80.003941","","11","0","0","0","0","0","0","0","0","9","0","0","0","","","1","","2","","40 25:55.827","2","3","80 00:14.188","3","0","0","0","2301","0","0","0","N","0","0","0","3","02301","0","","5.0","","9","N","N","","0","","1","0","0","","2","N","","1","1","0","0","0","0","0","2","0","1","","","","N","","","","","","","","","",""
"2016135929","","1","0","0","0","0","0","0","0","0","1","0","","02","12","2016","4","40.481154","-79.937191","","11","0","0","0","0","0","0","0","0","1","0","0","0","","","1","","0","","40 28:52.154","6","0","79 56:13.887","4","0","0","0","2301","0","0","0","N","0","0","0","1","02301","1","","4.0","","1","N","N","","1","","0","0","0","","0","Y","","2","1","0","0","0","0","0","2","0","2","","","","N","","","","","","","","","",""
"2016121821","","2","0","0","0","0","0","0","0","0","4","0","","02","11","2016","1","40.430103","-79.986493","","11","0","0","0","0","0","0","0","0","","0","0","0","","","0","","1","","40 25:48.370","","0","79 59:11.374","0","0","0","0","2301","0","0","0","N","0","0","0","2","02301","0","","1.0","","98","N","N","","0","","0","0","1","","3","","","3","0","0","0","0","0","0","2","0","3","","","","N","","","","","","","","","",""
"2016134733","","0","0","0","0","0","0","0","0","0","0","0","","02","12","2016","2","40.502713","-80.282716","","11","0","0","1","0","0","0","0","0","2","0","0","0","","","3","","7","","40 30:09.768","4","0","80 16:57.777","3","0","0","0","2213","0","0","0","","0","0","0","3","02213","0","","4.0","","1","N","N","","0","","3","0","1","","0","N","","1","3","2","0","0","0","0","1","0","1","","","","N","","","","","","","","","",""
"2016113295","","3","0","0","0","0","0","0","0","0","4","0","","02","10","2016","2","40.458151","-79.875881","","11","0","0","0","0","0","1","0","0","2","0","0","0","","","1","","0","","40 27:29.345","3","0","79 52:33.173","3","0","0","0","2113","0","0","0","N","0","0","0","3","02113","0","","1.0","","1","N","N","","0","","1","0","1","","0","Y","","4","1","0","0","0","0","0","2","0","4","","","","N","","","","","","","","","",""
"2016133701","","1","0","0","0","0","0","0","0","0","2","0","","02","12","2016","6","40.430365","-80.065489","","11","0","0","0","0","0","0","1","0","","0","0","0","","","0","","2","","40 25:49.314","","0","80 03:55.760","0","0","0","0","2421","0","0","0","N","0","0","0","4","02421","0","","1.0","","1","N","N","","0","","0","0","1","","3","","","2","0","0","0","0","0","0","2","0","2","","","","N","","","","","","","","","",""
"2016134734","","0","0","0","0","0","0","0","0","0","4","0","","02","12","2016","3","40.505458","-80.207549","","11","0","0","0","0","0","1","0","0","1","0","0","0","","","1","","10","","40 30:19.650","2","0","80 12:27.175","4","0","0","0","2213","0","0","0","","0","0","0","2","02213","1","","1.0","","7","N","N","","0","","0","0","2","","0","Y","","2","1","0","0","0","0","0","2","0","2","","","","N","","","","","","","","","",""
"2016116105","","0","0","0","0","0","0","0","0","0","0","0","","02","11","2016","6","40.457981","-80.124853","","11","0","0","0","0","0","1","0","0","","0","0","0","","","1","","0","","40 27:28.731","","0","80 07:29.470","3","0","0","1","2115","0","0","0","","0","0","0","1","02115","0","","1.0","","1","N","N","","0","","1","0","0","","0","","","1","1","0","0","0","0","0","2","0","1","","","","N","","","","","","","","","",""
"2016134298","","1","0","0","0","0","0","0","0","0","7","0","","02","12","2016","1","40.430321","-79.957399","","11","0","0","0","0","0","0","0","0","","0","0","0","","","1","","0","","40 25:49.154","","0","79 57:26.638","8","0","0","0","2301","0","0","0","","0","0","0","1","68B03","0","","4.0","","2","N","N","","0","","0","0","0","","0","","","1","1","1","0","0","1","0","2","0","1","","","","N","","","","","","","","","",""
"2016094373","","0","0","0","0","0","0","0","0","0","7","0","","02","9","2016","5","40.386026","-79.933618","","11","0","0","0","0","0","0","0","0","","0","0","0","","","0","","0","","40 23:09.693","","0","79 56:01.023","9","0","0","0","2301","0","0","0","Y","0","0","0","1","02301","0","","2.0","","1","N","N","","1","","0","0","0","","0","","","1","0","0","0","0","0","1","2","0","1","","","","N","","","","","","","","","",""
"2016115649","","1","0","0","0","0","0","0","0","0","7","0","","02","11","2016","1","40.442048","-79.999617","","11","0","0","0","0","0","0","0","0","","0","0","0","","","0","","1","","40 26:31.372","","0","79 59:58.621","0","0","0","0","2301","0","0","0","N","0","0","0","3","02503","0","","2.0","","1","N","N","","0","","0","0","0","","0","","","1","0","0","0","0","0","0","2","0","1","","","","N","","","","","","","","","",""
"2016136238","","1","0","0","0","0","0","0","0","0","99","0","","02","12","2016","1","40.517033","-80.053311","","11","0","0","0","1","0","0","0","0","","0","0","0","","","0","","0","","40 31:01.319","","0","80 03:11.921","0","0","0","0","2116","0","0","0","","0","0","0","1","68B03","0","","1.0","","1","N","N","","0","","0","0","0","","0","","","1","0","0","0","0","0","0","2","0","1","","","","N","","","","","","","","","",""
"2016118326","","3","0","0","0","0","0","0","0","0","1","0","","02","11","2016","3","40.496301","-80.016724","","11","0","0","0","0","0","1","1","0","3","0","0","0","","","1","","0","","40 29:46.683","1","0","80 01:00.207","3","0","0","0","2301","0","0","0","","0","0","0","4","68B03","0","","1.0","","1","N","N","","0","","1","0","1","","0","N","","4","1","0","0","0","0","0","2","0","4","","","","N","","","","","","","","","",""
"2016113675","","0","0","0","0","0","0","0","0","0","8","0","","02","11","2016","3","40.356674","-79.980327","","11","0","0","0","0","0","0","0","0","2","0","0","0","","","1","","2","","40 21:24.028","5","0","79 58:49.177","8","0","0","0","2476","1","0","0","N","1","0","0","2","02476","0","","1.0","","1","N","N","","0","","0","0","1","","2","N","","2","1","0","0","0","1","0","2","0","1","","","","N","","","","","","","","","",""
"2016098147","","1","0","0","0","0","0","0","0","0","5","0","","02","9","2016","7","40.443","-79.956778","","11","0","0","0","0","0","0","0","0","2","0","0","0","","","3","","0","","40 26:34.800","3","0","79 57:24.400","2","0","0","0","2301","2","0","1","N","2","0","1","4","02301","0","","1.0","","1","N","N","","0","","1","1","1","","0","N","","4","3","0","0","0","1","0","2","0","2","","","","N","","","","","","","","","",""
"2016121796","","0","0","0","0","0","0","0","0","0","7","0","","02","11","2016","1","40.270052","-79.931325","","11","0","0","0","0","0","0","0","0","2","0","0","0","","","0","","0","","40 16:12.188","6","0","79 55:52.771","0","0","0","0","2440","0","0","0","N","0","0","0","1","02440","0","","2.0","","2","N","N","","0","","0","0","0","","0","Y","","1","0","0","0","0","0","0","2","1","1","","","","N","","","","","","","","","",""
"2016136763","","1","0","0","0","0","0","0","0","0","1","0","","02","12","2016","5","40.388966","-80.042273","","11","0","0","1","0","0","1","0","0","","0","0","0","","","0","","1","","40 23:20.279","","0","80 02:32.183","0","0","0","0","2109","0","0","0","","0","0","0","3","02109","0","","1.0","","1","N","N","","1","","0","0","0","","2","","","2","0","0","0","0","0","0","2","0","2","","","","N","","","","","","","","","",""
"2016126263","","0","0","0","0","0","0","0","0","0","1","0","","02","11","2016","3","40.434133","-80.143574","","11","0","0","1","0","1","0","0","0","","0","0","0","","","1","","0","","40 26:02.879","","0","80 08:36.868","8","0","0","0","2115","0","0","0","","0","0","0","4","68B03","0","","1.0","","1","N","N","","0","","0","0","3","","0","","","3","1","0","0","0","1","0","2","0","3","","","","N","","","","","","","","","",""
"2016113094","","1","0","0","0","0","0","0","0","0","7","0","","02","10","2016","1","40.419858","-79.932408","","11","0","0","0","0","0","0","0","0","2","0","0","0","","","0","","0","","40 25:11.489","2","0","79 55:56.670","0","0","0","0","2301","0","0","0","N","0","0","0","1","02301","0","","6.0","","1","N","N","","0","","0","0","1","","0","N","","2","0","0","0","0","0","0","2","0","2","","","","N","","","","","","","","","",""
"2016136242","","1","0","0","0","0","0","0","0","0","7","0","","02","12","2016","2","40.42091","-80.031697","","11","0","0","0","0","0","0","0","0","","0","0","0","","","0","","0","","40 25:15.275","","0","80 01:54.108","0","0","0","0","2301","0","0","0","","0","0","0","1","68B03","0","","2.0","","2","N","N","","0","","0","0","0","","0","","","1","0","0","0","0","0","0","2","0","1","","","","N","","","","","","","","","",""
"2016073053","","1","0","0","0","0","0","0","0","0","7","0","","02","4","2016","1","40.492598","-79.949363","","11","0","0","0","0","0","0","0","0","3","0","0","0","","","1","","0","","40 29:33.352","2","0","79 56:57.708","8","0","0","0","2430","0","0","0","","0","0","0","2","02430","0","","4.0","","2","N","N","","0","","0","0","0","","0","Y","","1","1","0","0","0","1","1","2","0","1","","","","N","","","","","","","","","",""
"2016136406","","1","0","0","0","0","0","0","0","0","7","0","","02","12","2016","4","40.442998","-80.160608","","11","0","0","0","0","0","0","0","0","1","0","0","0","","","0","","0","","40 26:34.792","4","0","80 09:38.187","0","0","0","0","2115","0","0","0","","0","0","0","1","68B03","0","","3.0","","1","N","N","","0","","0","0","0","","0","N","","1","0","0","0","0","0","0","2","0","1","","","","N","","","","","","","","","",""
"2016132910","","2","0","0","0","0","0","0","0","0","1","0","","02","12","2016","5","40.429186","-79.719539","","11","0","0","0","0","0","1","0","0","1","0","0","0","","","1","","0","","40 25:45.071","4","0","79 43:10.339","8","0","0","0","2446","0","0","0","N","0","0","0","3","02446","0","","1.0","","1","N","N","","1","","0","0","0","","0","N","","3","1","0","0","0","1","0","2","0","3","","","","N","","","","","","","","","",""
"2016133804","","1","0","0","0","0","0","0","0","0","7","0","","02","12","2016","7","40.460227","-80.056744","","11","0","0","0","0","0","0","0","0","","0","0","0","","","0","","0","","40 27:36.817","","0","80 03:24.278","0","0","0","0","2301","0","0","0","N","0","0","0","1","02301","0","","2.0","","2","N","N","","0","","0","0","0","","0","","","1","0","0","0","0","0","0","2","0","1","","","","N","","","","","","","","","",""
"2016098166","","2","0","0","0","0","0","0","0","0","1","0","","02","9","2016","1","40.469957","-80.001968","","11","0","0","0","0","0","0","0","0","","0","0","0","","","1","","0","","40 28:11.844","","0","80 00:07.085","4","0","0","0","2301","0","0","0","N","0","0","0","1","02301","1","","1.0","","1","N","N","","0","","0","0","0","","0","","","2","1","0","0","0","0","0","2","0","2","","","","N","","","","","","","","","",""
"2016115968","","1","0","0","0","0","0","0","0","0","7","0","","02","11","2016","6","40.466722","-80.08","","11","0","0","0","0","0","0","0","1","2","0","0","0","","","0","","0","","40 28:00.200","1","0","80 04:48.000","0","0","0","0","2444","0","0","0","N","0","0","0","1","02444","0","","4.0","","1","N","N","","0","","0","0","0","","0","N","","1","0","0","0","0","0","0","2","0","1","","","","N","","","","","","","","","",""
"2016136243","","1","0","0","0","0","0","0","0","0","7","0","","02","12","2016","2","40.421026","-80.031554","","11","0","0","0","0","0","0","0","0","","0","0","0","","","0","","0","","40 25:15.695","","0","80 01:53.596","0","0","0","0","2301","0","0","0","","0","0","0","3","68B03","0","","4.0","","2","N","N","","1","","0","0","0","","0","","","2","0","0","0","0","0","0","2","0","2","","","","N","","","","","","","","","",""
"2016115133","","2","0","0","0","0","0","0","0","0","4","0","","02","11","2016","6","40.460202","-79.969305","","11","0","0","0","0","0","0","0","0","","0","0","0","","","0","","1","","40 27:36.727","","0","79 58:09.498","0","0","0","0","2301","0","0","0","N","0","0","0","2","02301","0","","1.0","","1","N","N","","0","","0","0","0","","3","","","2","0","0","0","0","0","0","2","0","2","","","","N","","","","","","","","","",""
"2016115335","","4","0","0","0","0","0","0","0","0","5","0","","02","11","2016","3","40.436997","-79.952502","","11","0","0","0","0","0","1","0","0","","0","0","0","","","1","","2","","40 26:13.189","","0","79 57:09.007","8","0","0","0","2301","0","0","0","N","0","0","0","1","02301","0","","2.0","","1","N","N","","0","","0","0","0","","0","","","4","1","0","0","0","1","0","2","0","4","","","","N","","","","","","","","","",""
"2016135094","","2","0","0","0","0","0","0","0","0","4","0","","02","12","2016","2","40.463631","-79.705572","","11","0","0","0","0","0","0","0","1","","0","0","0","","","0","","0","","40 27:49.071","","0","79 42:20.058","0","0","0","0","2466","0","0","0","N","0","0","0","2","02466","0","","1.0","","1","N","N","","0","","0","0","0","","0","","","2","0","0","0","0","0","0","2","0","2","","","","N","","","","","","","","","",""
"2016132667","","2","0","0","0","0","0","0","0","0","4","0","","02","12","2016","4","40.430529","-79.79243","","11","0","0","0","0","0","0","0","0","2","0","0","0","","","0","","2","","40 25:49.904","7","0","79 47:32.748","0","0","0","0","2446","0","0","0","N","0","0","0","2","02446","0","","1.0","","9","N","N","","0","","0","0","0","","2","Y","","2","0","0","0","0","0","0","2","0","2","","","","N","","","","","","","","","",""
"2016134769","","1","0","0","0","0","0","0","0","0","4","0","","02","12","2016","2","40.438013","-79.778576","","11","0","0","0","0","0","0","0","0","","0","0","0","","","0","","0","","40 26:16.847","","7","79 46:42.874","0","0","0","0","2446","0","0","0","N","0","0","0","3","02446","0","","1.0","","1","N","N","","1","","0","0","0","","3","","","2","0","0","0","0","0","0","2","0","2","","","","N","","","","","","","","","",""
"2016135312","","2","0","0","0","0","0","0","0","0","4","0","","02","12","2016","2","40.505458","-80.207549","","11","0","0","0","1","0","1","0","0","2","0","0","0","","","1","","2","","40 30:19.650","6","0","80 12:27.175","3","0","0","0","2213","0","0","0","","0","0","0","4","02213","0","","1.0","","1","N","N","","0","","1","0","0","","3","N","","2","1","0","0","0","0","0","2","0","2","","","","N","","","","","","","","","",""
"2016136245","","0","0","0","0","0","0","0","0","0","1","0","","02","12","2016","2","40.427019","-79.920127","","11","0","0","0","0","0","2","0","0","","0","0","0","","","0","","0","","40 25:37.270","","4","79 55:12.457","9","0","0","0","2301","0","0","0","","0","0","0","4","68B03","0","","1.0","","1","N","N","","1","","0","0","2","","0","","","3","0","0","0","0","0","2","2","0","3","","","","N","","","","","","","","","",""
"2016115120","","1","0","0","0","0","0","0","0","0","4","0","","02","11","2016","5","40.421246","-79.846325","","11","0","0","0","0","0","0","0","0","1","0","0","0","","","1","","0","","40 25:16.485","2","0","79 50:46.770","3","0","0","0","2431","0","0","0","N","0","0","0","1","02431","0","","1.0","","1","N","N","","0","","1","0","1","","0","N","","2","1","0","0","0","0","0","2","0","2","","","","N","","","","","","","","","",""
"2016115122","","3","0","0","0","0","0","0","0","0","1","0","","02","11","2016","6","40.424907","-80.191773","","11","0","0","1","0","2","0","0","0","","0","0","0","","","2","","2","","40 25:29.666","","0","80 11:30.381","4","0","0","0","2214","0","0","0","N","0","0","0","4","02214","2","","1.0","","1","N","N","","0","","0","0","1","","0","","","4","2","0","0","0","0","0","1","0","4","","","","N","","","","","","","","","",""
"2016115389","","0","0","0","0","0","0","0","0","0","0","0","","02","11","2016","3","40.494523","-79.904775","","11","0","0","0","0","0","0","0","0","1","0","0","0","","","1","","0","","40 29:40.282","2","0","79 54:17.190","3","0","0","1","2401","0","0","0","","0","0","0","1","68D02","0","","1.0","","1","N","N","","0","","1","0","0","","0","Y","","1","1","0","0","0","0","0","2","0","1","","","","N","","","","","","","","","",""
"2016136048","","1","0","0","0","0","0","0","0","0","7","0","55","02","9","2016","5","40.506873","-80.281047","","11","0","0","0","0","0","0","0","0","","0","0","0","","","0","","0","","40 30:24.741","","0","80 16:51.769","0","0","0","0","2203","0","0","0","","0","0","0","1","68B03","0","","3.0","","1","N","N","","0","","0","0","0","","0","","","1","0","0","0","0","0","0","1","0","1","","","Y","Y","4","1","N","N","N","N","N","N","Y",""