"CRN","ARRIVAL_TM","AUTOMOBILE_COUNT","BELTED_DEATH_COUNT","BELTED_SUSP_SERIOUS_INJ_COUNT","BICYCLE_COUNT","BICYCLE_DEATH_COUNT","BICYCLE_SUSP_SERIOUS_INJ_COUNT","BUS_COUNT","CHLDPAS_DEATH_COUNT","CHLDPAS_SUSP_SERIOUS_INJ_COUNT","COLLISION_TYPE","COMM_VEH_COUNT","CONS_ZONE_SPD_LIM","COUNTY","CRASH_MONTH","CRASH_YEAR","DAY_OF_WEEK","DEC_LATITUDE","DEC_LONGITUDE","DISPATCH_TM","DISTRICT","DRIVER_COUNT_16YR","DRIVER_COUNT_17YR","DRIVER_COUNT_18YR","DRIVER_COUNT_19YR","DRIVER_COUNT_20YR","DRIVER_COUNT_50_64YR","DRIVER_COUNT_65_74YR","DRIVER_COUNT_75PLUS","EST_HRS_CLOSED","FATAL_COUNT","HEAVY_TRUCK_COUNT","HORSE_BUGGY_COUNT","HOUR_OF_DAY","ILLUMINATION","INJURY_COUNT","INTERSECTION_RELATED","INTERSECT_TYPE","LANE_CLOSED","LATITUDE","LN_CLOSE_DIR","LOCATION_TYPE","LONGITUDE","MAX_SEVERITY_LEVEL","MCYCLE_DEATH_COUNT","MCYCLE_SUSP_SERIOUS_INJ_COUNT","MOTORCYCLE_COUNT","MUNICIPALITY","NONMOTR_COUNT","NONMOTR_DEATH_COUNT","NONMOTR_SUSP_SERIOUS_INJ_COUNT","NTFY_HIWY_MAINT","PED_COUNT","PED_DEATH_COUNT","PED_SUSP_SERIOUS_INJ_COUNT","PERSON_COUNT","POLICE_AGCY","POSSIBLE_INJ_COUNT","RDWY_SURF_TYPE_CD","RELATION_TO_ROAD","ROADWAY_CLEARED","ROAD_CONDITION","SCH_BUS_IND","SCH_ZONE_IND","SECONDARY_CRASH","SMALL_TRUCK_COUNT","SPEC_JURIS_CD","SUSP_MINOR_INJ_COUNT","SUSP_SERIOUS_INJ_COUNT","SUV_COUNT","TCD_FUNC_CD","TCD_TYPE","TFC_DETOUR_IND","TIME_OF_DAY","TOTAL_UNITS","TOT_INJ_COUNT","UNBELTED_OCC_COUNT","UNB_DEATH_COUNT","UNB_SUSP_SERIOUS_INJ_COUNT","UNK_INJ_DEG_COUNT","UNK_INJ_PER_COUNT","URBAN_RURAL","VAN_COUNT","VEHICLE_COUNT","WEATHER1","WEATHER2","WORKERS_PRES","WORK_ZONE_IND","WORK_ZONE_LOC","WORK_ZONE_TYPE","WZ_CLOSE_DETOUR","WZ_FLAGGER","WZ_LAW_OFFCR_IND","WZ_LN_CLOSURE","WZ_MOVING","WZ_OTHER","WZ_SHLDER_MDN","WZ_WORKERS_INJ_KILLED"
"2016115532","","1","0","0","0","0","0","0","0","0","1","0","","02","11","2016","7","40.473806","-80.038667","","11","0","0","0","0","0","1","0","0","","0","0","0","","","0","","0","","40 28:25.700","","0","80 02:19.200","0","0","0","0","2301","0","0","0","N","0","0","0","1","02301","0","","6.0","","1","N","N","","0","","0","0","1","","0","","","3","0","0","0","0","0","0","2","1","3","","","","N","","","","","","","","","",""
"2016136061","","0","0","0","0","0","0","0","0","0","7","0","55","02","11","2016","4","40.425794","-79.902684","","11","0","0","0","0","0","0","0","0","","0","0","0","","","0","","0","","40 25:32.858","","0","79 54:09.664","0","0","0","0","2301","0","0","0","","0","0","0","2","68B03","0","","4.0","","9","N","N","","0","","0","0","1","","0","","","1","0","0","0","0","0","0","2","0","1","","","N","Y","2","2","N","N","N","Y","N","N","N",""
"2016132685","","0","0","0","0","0","0","0","0","0","5","1","","02","12","2016","5","40.536551","-80.184341","","11","0","0","0","0","0","1","0","0","","0","1","0","","","0","","1","","40 32:11.582","","0","80 11:03.626","0","0","0","0","2458","0","0","0","N","0","0","0","2","02458","0","","1.0","","1","N","N","","0","","0","0","1","","2","","","2","0","0","0","0","0","0","2","0","2","","","","N","","","","","","","","","",""
"2016121386","","2","0","0","0","0","0","0","0","0","4","0","","02","11","2016","7","40.426975","-79.980753","","11","0","0","0","0","0","0","0","0","1","0","0","0","","","1","","1","","40 25:37.110","5","0","79 58:50.710","4","0","0","0","2301","0","0","0","N","0","0","0","3","02301","1","","1.0","","9","N","N","","0","","0","0","0","","2","N","","2","1","0","0","0","0","0","2","0","2","","","","N","","","","","","","","","",""
"2016121058","","0","0","0","0","0","0","0","0","0","4","0","","02","11","2016","6","40.461806","-80.075889","","11","0","0","0","0","0","0","0","0","","0","0","0","","","1","","2","","40 27:42.500","","3","80 04:33.200","8","0","0","1","2301","0","0","0","N","0","0","0","2","02301","0","","1.0","","1","N","N","","0","","0","0","1","","3","","","2","1","0","0","0","1","1","2","0","2","","","","N","","","","","","","","","",""
"2016120169","","2","0","0","0","0","0","0","0","0","6","0","","02","11","2016","4","40.456421","-79.891913","","11","0","0","0","0","0","0","1","0","1","0","0","0","","","1","","1","","40 27:23.115","1","0","79 53:30.886","8","0","0","0","2301","0","0","0","N","0","0","0","4","02301","0","","1.0","","1","N","N","","0","","0","0","0","","2","Y","","2","1","0","0","0","1","2","2","0","2","","","","N","","","","","","","","","",""
"2016121061","","1","0","0","0","0","0","0","0","0","4","0","","02","11","2016","2","40.505458","-80.207549","","11","0","0","0","0","0","0","0","0","","0","0","0","","","2","","1","","40 30:19.650","","0","80 12:27.175","8","0","0","0","2213","0","0","0","","0","0","0","3","02213","0","","1.0","","1","N","N","","0","","0","0","1","","3","","","2","2","0","0","0","2","0","2","0","2","","","","N","","","","","","","","","",""
"2016124587","","1","0","0","0","0","0","0","0","0","6","0","","02","11","2016","2","40.487097","-79.783752","","11","0","0","0","0","0","2","0","0","2","0","0","0","","","4","","0","","40 29:13.548","5","0","79 47:01.508","3","0","0","0","2466","0","0","0","N","0","0","0","5","02466","0","","1.0","","1","N","N","","2","","1","0","0","","0","Y","","3","4","0","0","0","3","0","2","0","3","","","","N","","","","","","","","","",""
"2016137363","","1","0","0","0","0","0","0","0","0","4","0","","02","12","2016","2","40.629081","-79.925812","","11","0","0","0","0","0","0","0","1","1","0","1","0","","","0","","1","","40 37:44.691","6","0","79 55:32.923","0","0","0","0","2217","0","0","0","N","0","0","0","2","02505","0","","1.0","","1","N","N","","0","","0","0","0","","3","N","","2","0","0","0","0","0","0","2","0","2","","","","N","","","","","","","","","",""
"2016127733","","1","0","0","0","0","0","0","0","0","6","0","","02","11","2016","3","40.363333","-79.82608","","11","0","0","0","0","0","1","0","0","2","0","0","0","","","3","","0","","40 21:47.999","6","0","79 49:33.887","3","0","0","0","2111","0","0","0","N","0","0","0","4","02111","0","","1.0","","9","N","N","","0","","3","0","0","","0","Y","","2","3","0","0","0","0","0","2","1","2","","","","N","","","","","","","","","",""
"2016125295","","0","0","0","0","0","0","0","0","0","1","1","","02","11","2016","4","40.390648","-79.933486","","11","0","0","0","0","0","2","0","0","","0","1","0","","","1","","7","","40 23:26.333","","2","79 56:00.551","4","0","0","0","2301","0","0","0","N","0","0","0","2","02301","1","","1.0","","9","N","N","","0","","0","0","1","","0","","","2","1","0","0","0","0","0","2","0","2","","","","N","","","","","","","","","",""
"2016120996","","0","0","0","0","0","0","0","0","0","7","0","","02","11","2016","6","40.394349","-79.986448","","11","0","0","0","0","0","0","0","0","","0","0","0","","","1","","0","","40 23:39.658","","0","79 59:11.212","3","0","0","0","2301","0","0","0","N","0","0","0","1","02301","0","","5.0","","1","N","N","","0","","1","0","1","","0","","","1","1","0","0","0","0","0","2","0","1","","","","N","","","","","","","","","",""
"2016132781","","1","0","0","0","0","0","0","0","0","7","0","","02","12","2016","5","40.457301","-79.909086","","11","0","0","0","0","0","1","0","0","2","0","0","0","","","1","","1","","40 27:26.282","2","1","79 54:32.708","8","0","0","0","2301","0","0","0","N","0","0","0","4","02301","0","","2.0","","1","N","N","","0","","0","0","1","","2","Y","","3","1","0","0","0","1","0","2","1","3","","","","N","","","","","","","","","",""
"2016121875","","0","0","0","0","0","0","0","0","0","99","0","","02","11","2016","3","40.470778","-80.003941","","11","0","0","0","0","0","1","0","0","","0","0","0","","","0","","0","","40 28:14.802","","0","80 00:14.187","0","0","0","0","2301","0","0","0","","0","0","0","1","68B03","0","","1.0","","1","N","N","","0","","0","0","1","","0","","","1","0","0","0","0","0","0","2","0","1","","","","N","","","","","","","","","",""
"2016125190","","0","0","0","0","0","0","0","0","0","4","0","","02","11","2016","3","","","","11","0","0","0","1","0","0","0","0","","0","0","0","","","2","","10","","40 27:26.1","","0","79 59:52.2","4","0","0","0","2301","0","0","0","N","0","0","0","6","02301","2","","1.0","","1","N","N","","0","","0","0","2","","2","","","2","2","0","0","0","0","0","2","0","2","","","","N","","","","","","","","","",""
"2016113105","","1","0","0","0","0","0","0","0","0","7","0","","02","10","2016","5","40.422216","-79.990332","","11","0","0","0","0","0","0","0","0","3","0","0","0","","","0","","0","","40 25:19.976","5","0","79 59:25.194","0","0","0","0","2301","0","0","0","N","0","0","0","1","02301","0","","5.0","","1","N","N","","0","","0","0","0","","0","Y","","1","0","1","0","0","0","0","2","0","1","","","","N","","","","","","","","","",""
"2016116579","","1","0","0","0","0","0","0","0","0","4","0","","02","11","2016","6","40.339288","-79.913571","","11","0","0","0","0","1","1","0","0","1","0","0","0","","","0","","3","","40 20:21.437","3","0","79 54:48.854","0","0","0","0","2473","0","0","0","N","0","0","0","3","02473","0","","1.0","","1","N","N","","0","","0","0","1","","4","N","","2","0","0","0","0","0","0","2","0","2","","","","N","","","","","","","","","",""
"2016130399","","0","0","0","0","0","0","0","0","0","7","0","","02","12","2016","7","40.551343","-79.881183","","11","0","0","0","0","0","0","0","1","","0","0","0","","","0","","0","","40 33:04.834","","0","79 52:52.258","0","0","0","0","2209","0","0","0","N","0","0","0","1","02209","0","","5.0","","1","N","N","","0","","0","0","1","","0","","","1","0","0","0","0","0","0","2","0","1","","","","N","","","","","","","","","",""
"2016120923","","1","0","0","0","0","0","0","0","0","4","0","","02","11","2016","6","40.461677","-79.890002","","11","0","0","0","0","0","0","0","0","","0","0","0","","","2","","2","","40 27:42.037","","0","79 53:24.007","4","0","0","0","2301","0","0","0","N","0","0","0","3","02301","2","","1.0","","1","N","N","","0","","0","0","1","","3","","","2","2","0","0","0","0","0","2","0","2","","","","N","","","","","","","","","",""
"2016117011","","1","0","0","0","0","0","0","0","0","1","1","","02","11","2016","4","40.440664","-80.018729","","11","0","0","0","0","0","1","0","0","2","0","1","0","","","0","","0","","40 26:26.392","3","7","80 01:07.426","0","0","0","0","2301","0","0","0","N","0","0","0","2","02301","0","","1.0","","1","N","N","","0","","0","0","0","","2","N","","2","0","0","0","0","0","0","2","0","2","","","","N","","","","","","","","","",""
"2016125730","","2","0","1","0","0","0","0","0","0","1","0","","02","11","2016","4","40.447791","-79.937289","","11","0","0","0","0","1","0","0","0","1","0","0","0","","","1","","3","","40 26:52.047","6","0","79 56:14.240","2","0","0","0","2301","0","0","0","N","0","0","0","4","02301","0","","1.0","","9","N","N","","0","","0","1","1","","2","N","","3","1","0","0","0","0","0","2","0","3","","","","N","","","","","","","","","",""
"2016125156","","0","0","0","0","0","0","0","0","0","7","0","","02","11","2016","3","40.358028","-79.990722","","11","0","0","0","0","0","0","0","0","2","0","0","0","","","1","","0","","40 21:28.900","5","0","79 59:26.600","4","0","0","0","2476","0","0","0","N","0","0","0","1","02476","1","","5.0","","1","N","N","","0","","0","0","1","","0","Y","","1","1","0","0","0","0","0","2","0","1","","","","N","","","","","","","","","",""
"2016126349","","1","0","0","0","0","0","0","0","0","1","0","","02","12","2016","5","40.481689","-79.821316","","11","0","0","0","0","0","0","1","0","","0","0","0","","","1","","0","","40 28:54.080","","0","79 49:16.737","3","0","0","0","2113","0","0","0","N","0","0","0","2","02113","0","","1.0","","1","N","N","","0","","1","0","1","","0","","","2","1","0","0","0","0","0","2","0","2","","","","N","","","","","","","","","",""
"2016136527","","1","0","0","0","0","0","0","0","0","1","0","","02","12","2016","7","40.372451","-80.099495","","11","0","0","0","1","0","0","0","0","","0","0","0","","","0","","7","","40 22:20.824","","2","80 05:58.183","0","0","0","0","2102","0","0","0","","0","0","0","2","68B03","0","","1.0","","1","N","N","","0","","0","0","1","","4","","","2","0","0","0","0","0","0","2","0","2","","","","N","","","","","","","","","",""
"2016137702","","1","0","0","0","0","0","0","0","0","5","0","","02","12","2016","3","40.477741","-79.786426","","11","0","0","0","0","0","0","0","0","","0","0","0","","","3","","0","","40 28:39.868","","0","79 47:11.133","3","0","0","0","2113","0","0","0","N","0","0","0","3","02113","1","","1.0","","1","N","N","","0","","2","0","1","","0","","","2","3","0","0","0","0","0","2","0","2","","","","N","","","","","","","","","",""
"2016137727","","1","0","0","0","0","0","0","0","0","1","0","","02","12","2016","3","40.451508","-80.018919","","11","0","0","0","0","0","0","0","0","","0","0","0","","","1","","1","","40 27:05.428","","0","80 01:08.107","8","0","0","0","2301","0","0","0","N","0","0","0","4","02301","0","","1.0","","1","N","N","","0","","0","0","0","","2","","","2","1","0","0","0","1","0","2","1","2","","","","N","","","","","","","","","",""
"2016119992","","2","0","0","0","0","0","0","0","0","4","0","","02","11","2016","4","40.456229","-79.997491","","11","0","0","0","0","0","1","0","0","1","0","0","0","","","0","","1","","40 27:22.423","3","0","79 59:50.967","0","0","0","0","2301","0","0","0","N","0","0","0","1","02301","0","","1.0","","1","N","N","","0","","0","0","0","","2","N","","2","0","0","0","0","0","0","2","0","2","","","","N","","","","","","","","","",""
"2016138948","","1","0","0","0","0","0","0","0","0","4","0","","02","12","2016","4","40.373041","-80.099257","","11","0","0","0","1","0","0","0","0","","0","0","0","","","2","","2","","40 22:22.946","","0","80 05:57.324","4","0","0","0","2102","0","0","0","N","0","0","0","3","02102","2","","1.0","","1","N","N","","1","","0","0","0","","2","","","2","2","0","0","0","0","0","2","0","2","","","","N","","","","","","","","","",""
"2016136095","","0","0","0","0","0","0","0","0","0","0","0","","02","12","2016","5","40.552907","-80.086128","","11","0","0","0","0","0","0","0","0","3","0","0","0","","","1","","0","","40 33:10.466","1","0","80 05:10.062","4","0","0","0","2215","0","0","0","","0","0","0","1","68B03","1","","2.0","","1","N","N","","1","","0","0","0","","0","N","","1","1","0","0","0","0","0","2","0","1","","","","N","","","","","","","","","",""
"2016120933","","1","0","0","0","0","0","0","0","0","1","0","","02","11","2016","6","40.429936","-80.028684","","11","0","0","0","0","0","0","0","0","","0","0","0","","","0","","3","","40 25:47.769","","2","80 01:43.261","0","0","0","0","2301","0","0","0","N","0","0","0","2","02301","0","","1.0","","1","N","N","","1","","0","0","0","","4","","","2","0","0","0","0","0","0","2","0","2","","","","N","","","","","","","","","",""
"2016112466","","1","0","0","0","0","0","0","0","0","7","0","","02","10","2016","7","40.448274","-80.012089","","11","0","0","0","0","0","0","0","0","2","0","0","0","","","2","","0","","40 26:53.788","2","2","80 00:43.522","3","0","0","0","2301","0","0","0","N","0","0","0","2","02301","0","","3.0","","1","N","N","","0","","2","0","0","","0","N","","1","2","0","0","0","0","0","2","0","1","","","","N","","","","","","","","","",""
"2016124843","","1","0","0","0","0","0","1","0","0","6","1","","02","11","2016","4","40.559584","-80.047506","","11","0","0","0","0","0","1","0","0","","0","0","0","","","0","","2","","40 33:34.502","","0","80 02:51.021","0","0","0","0","2108","0","0","0","","0","0","0","3","02108","0","","1.0","","1","Y","N","","0","","0","0","0","","3","","","2","0","0","0","0","0","0","2","0","2","","","","N","","","","","","","","","",""
"2016134855","","0","0","0","0","0","0","0","0","0","8","0","","02","12","2016","2","40.366299","-80.04873","","11","0","0","0","0","0","0","0","0","1","0","0","0","","","1","","1","","40 21:58.677","2","0","80 02:55.428","8","0","0","0","2109","1","0","0","","1","0","0","3","02109","0","","1.0","","1","N","N","","0","","0","0","1","","2","N","","2","1","0","0","0","1","0","2","0","1","","","","N","","","","","","","","","",""
"2016123086","","1","0","0","0","0","0","0","0","0","4","0","","02","11","2016","4","40.38564","-79.984164","","11","0","0","0","0","0","0","0","0","","0","0","0","","","0","","2","","40 23:08.304","","0","79 59:02.990","0","0","0","0","2301","0","0","0","N","0","0","0","3","02301","0","","1.0","","1","N","N","","0","","0","0","0","","3","","","2","0","0","0","0","0","0","2","1","2","","","","N","","","","","","","","","",""
"2016127082","","1","0","0","0","0","0","0","0","0","1","0","","02","11","2016","4","40.410966","-80.006048","","11","0","0","0","0","0","1","0","0","","0","0","0","","","0","","1","","40 24:39.476","","0","80 00:21.772","9","0","0","0","2301","0","0","0","N","0","0","0","2","02301","0","","1.0","","1","N","N","","0","","0","0","1","","2","","","2","0","0","0","0","0","1","2","0","2","","","","N","","","","","","","","","",""
"2016131763","","0","0","0","0","0","0","0","0","0","7","0","","02","12","2016","1","40.551984","-79.877292","","11","0","0","0","0","0","0","0","0","","0","0","0","","","2","","3","","40 33:07.143","","0","79 52:38.250","8","0","0","0","2209","0","0","0","N","0","0","0","2","02209","0","","5.0","","2","N","N","","0","","0","0","1","","0","","","1","2","0","0","0","2","0","2","0","1","","","","N","","","","","","","","","",""
"2016134856","","1","0","0","0","0","0","0","0","0","1","0","","02","12","2016","5","40.364732","-80.020053","","11","0","0","0","0","0","0","0","0","1","0","0","0","","","0","","0","","40 21:53.036","2","0","80 01:12.191","0","0","0","0","2416","0","0","0","","0","0","0","2","02416","0","","1.0","","1","N","N","","0","","0","0","0","","0","N","","2","0","0","0","0","0","0","2","1","2","","","","N","","","","","","","","","",""
"2016137499","","0","0","0","0","0","0","0","0","0","4","0","","02","12","2016","6","40.579453","-79.957455","","11","0","1","0","0","0","0","0","0","1","0","0","0","","","0","","2","","40 34:46.032","7","0","79 57:26.837","0","0","0","0","2207","0","0","0","N","0","0","0","4","02207","0","","1.0","","1","N","N","","0","","0","0","2","","0","N","","2","0","0","0","0","0","0","2","0","2","","","","N","","","","","","","","","",""
"2016118890","","1","0","0","0","0","0","0","0","0","7","0","","02","11","2016","2","40.469719","-79.827524","","11","0","0","0","0","0","0","0","0","","0","0","0","","","0","","0","","40 28:10.987","","0","79 49:39.088","9","0","0","0","2113","0","0","0","N","0","0","0","2","02113","0","","4.0","","1","N","N","","0","","0","0","0","","0","","","1","0","0","0","0","0","1","2","0","1","","","","N","","","","","","","","","",""
"2016116374","","1","0","0","0","0","0","0","0","0","8","0","","02","11","2016","2","40.434604","-79.924061","","11","0","0","0","0","0","0","0","0","","0","0","0","","","1","","0","","40 26:04.575","","0","79 55:26.619","3","0","0","0","2301","1","0","0","N","1","0","0","2","02301","0","","1.0","","1","N","N","","0","","1","0","0","","0","","","2","1","0","0","0","0","0","2","0","1","","","","N","","","","","","","","","",""
"2016136102","","1","0","0","0","0","0","0","0","0","7","0","","02","12","2016","7","40.507379","-80.039985","","11","0","0","0","0","0","1","0","0","2","0","0","0","","","0","","0","","40 30:26.566","1","0","80 02:23.946","0","0","0","0","2116","0","0","0","","0","0","0","1","68B03","0","","4.0","","1","N","N","","0","","0","0","0","","0","N","","1","0","0","0","0","0","0","2","0","1","","","","N","","","","","","","","","",""
"2016136237","","1","0","0","0","0","0","0","0","0","4","0","","02","12","2016","1","40.522056","-80.14484","","11","0","0","0","0","0","0","0","0","","0","0","0","","","0","","0","","40 31:19.403","","0","80 08:41.423","0","0","0","0","2434","0","0","0","","0","0","0","9","68B03","0","","1.0","","9","N","N","","1","","0","0","3","","0","","","5","0","1","0","0","0","0","2","0","5","","","","N","","","","","","","","","",""
"2016125278","","1","0","0","0","0","0","0","0","0","5","0","","02","11","2016","4","40.416644","-80.045011","","11","0","0","0","0","0","0","0","1","1","0","0","0","","","0","","2","","40 24:59.920","1","0","80 02:42.039","0","0","0","0","2435","0","0","0","N","0","0","0","2","02435","0","","1.0","","9","N","N","","0","","0","0","1","","0","N","","2","0","0","0","0","0","0","2","0","2","","","","N","","","","","","","","","",""
"2016136103","","1","0","0","0","0","0","0","0","0","1","0","45","02","12","2016","2","40.426527","-80.296096","","11","0","0","0","0","0","0","0","0","","0","1","0","","","0","","0","","40 25:35.497","","0","80 17:45.945","0","0","0","0","2203","0","0","0","","0","0","0","1","68B03","0","","1.0","","9","N","N","","0","","0","0","0","","8","","","2","0","0","0","0","0","0","1","0","2","","","N","Y","4","1","N","N","N","Y","N","N","N",""
"2016090357","","0","0","0","0","0","0","0","0","0","7","0","","02","8","2016","1","40.509719","-80.128523","","11","0","0","0","0","0","0","0","0","2","0","0","0","","","1","","0","","40 30:34.988","5","99","80 07:42.682","8","0","0","0","2110","0","0","0","N","0","0","0","1","02215","0","","5.0","","1","N","N","","0","","0","0","1","","0","N","","1","1","1","0","0","1","0","2","0","1","","","","N","","","","","","","","","",""
"2016133369","","0","0","0","0","0","0","0","0","0","7","0","","02","12","2016","6","40.58975","-79.827425","","11","0","0","0","0","1","0","0","0","","0","0","0","","","0","","0","","40 35:23.100","","0","79 49:38.730","0","0","0","0","2209","0","0","0","N","0","0","0","2","02209","0","","5.0","","1","N","N","","0","","0","0","1","","0","","","1","0","0","0","0","0","0","1","0","1","","","","N","","","","","","","","","",""
"2016119437","","2","0","0","0","0","0","0","0","0","1","0","","02","11","2016","2","40.426233","-80.048406","","11","0","0","0","0","0","1","0","0","","0","0","0","","","1","","0","","40 25:34.440","","0","80 02:54.260","3","0","0","0","2301","0","0","0","N","0","0","0","2","02301","0","","1.0","","1","N","N","","0","","1","0","0","","0","","","2","1","2","0","0","0","0","2","0","2","","","","N","","","","","","","","","",""
"2016136104","","2","0","0","0","0","0","0","0","0","7","0","","02","12","2016","2","40.427615","-79.953739","","11","0","0","0","0","0","1","0","0","","0","0","0","","","1","","0","","40 25:39.415","","0","79 57:13.459","4","0","0","0","2301","0","0","0","","0","0","0","2","68B03","1","","2.0","","1","N","N","","0","","0","0","0","","0","","","2","1","0","0","0","0","0","2","0","2","","","","N","","","","","","","","","",""
"2016139414","","2","0","0","0","0","0","0","0","0","1","0","","02","12","2016","6","40.5244","-80.035238","","11","0","0","0","0","0","1","0","0","","0","0","0","","","0","","2","","40 31:27.839","","0","80 02:06.856","0","0","0","0","2116","0","0","0","N","0","0","0","2","02116","0","","1.0","","1","N","N","","0","","0","0","0","","0","","","2","0","0","0","0","0","0","2","0","2","","","","N","","","","","","","","","",""
"2016119990","","2","0","0","0","0","0","0","0","0","4","0","","02","11","2016","4","40.430028","-79.998803","","11","0","0","0","0","0","1","0","0","","0","0","0","","","0","","2","","40 25:48.102","","0","79 59:55.690","0","0","0","0","2301","0","0","0","N","0","0","0","6","02301","0","","1.0","","1","N","N","","0","","0","0","0","","0","","","2","0","0","0","0","0","0","2","0","2","","","","N","","","","","","","","","",""
"2016131567","","2","0","0","0","0","0","0","0","0","2","0","","02","12","2016","6","40.409041","-80.038548","","11","0","0","0","1","0","1","0","0","3","0","0","0","","","2","","0","","40 24:32.547","5","0","80 02:18.772","2","0","0","0","2301","0","0","0","N","0","0","0","3","02301","0","","1.0","","1","N","N","","0","","0","1","0","","0","N","","2","2","0","0","0","1","0","2","0","2","","","","N","","","","","","","","","",""
"2016120315","","0","0","0","0","0","0","0","0","0","1","0","","02","11","2016","4","40.445933","-79.848432","","11","0","0","0","0","0","0","0","0","","0","0","0","","","1","","1","","40 26:45.357","","0","79 50:54.354","8","0","0","0","2419","0","0","0","N","0","0","0","2","02419","0","","1.0","","1","N","N","","1","","0","0","1","","2","","","2","1","0","0","0","1","0","2","0","2","","","","N","","","","","","","","","",""
"2016115520","","1","0","0","0","0","0","0","0","0","4","0","","02","11","2016","7","","","","11","0","0","0","0","0","0","0","0","2","0","0","0","","","2","","2","","40 25:14.9","3","0","80 00:17.2","3","0","0","0","2301","0","0","0","N","0","0","0","3","02301","0","","1.0","","1","N","N","","1","","2","0","0","","3","Y","","2","2","0","0","0","0","0","1","0","2","","","","N","","","","","","","","","",""
"2016116525","","2","0","0","0","0","0","0","0","0","4","0","","02","11","2016","6","40.348606","-79.938985","","11","0","0","0","0","0","1","0","0","","0","0","0","","","0","","0","","40 20:54.983","","0","79 56:20.346","0","0","0","0","2473","0","0","0","N","0","0","0","2","02473","0","","1.0","","1","N","N","","0","","0","0","0","","0","","","2","0","0","0","0","0","0","2","0","2","","","","N","","","","","","","","","",""
"2016112974","","2","0","0","0","0","0","0","0","0","6","0","","02","10","2016","1","40.438677","-80.063336","","11","0","0","0","0","0","0","0","0","1","0","0","0","","","1","","0","","40 26:19.236","3","0","80 03:48.009","4","0","0","0","2421","0","0","0","N","0","0","0","2","02421","1","","1.0","","9","N","N","","0","","0","0","0","","0","N","","2","1","0","0","0","0","0","2","0","2","","","","N","","","","","","","","","",""
"2016112872","","2","0","0","0","0","0","0","0","0","4","0","","02","10","2016","1","40.351845","-79.818621","","11","0","0","0","0","0","0","1","0","1","0","0","0","","","1","","1","","40 21:06.642","4","0","79 49:07.035","3","0","0","0","2477","0","0","0","N","0","0","0","2","02477","0","","1.0","","1","N","N","","0","","1","0","0","","3","N","","2","1","0","0","0","0","0","2","0","2","","","","N","","","","","","","","","",""
"2016123618","","2","0","0","0","0","0","0","0","0","2","0","","02","11","2016","4","40.492222","-80.054611","","11","0","0","0","0","1","1","0","0","1","0","0","0","","","0","","0","","40 29:32.000","5","0","80 03:16.600","0","0","0","0","2404","0","0","0","N","0","0","0","2","02404","0","","1.0","","1","N","N","","0","","0","0","0","","0","Y","","2","0","0","0","0","0","0","2","0","2","","","","N","","","","","","","","","",""
"2016134866","","0","0","0","0","0","0","0","0","0","1","1","","02","10","2016","1","40.5358","-79.844576","","11","0","0","0","0","0","0","0","0","2","0","1","0","","","0","","0","","40 32:08.880","1","0","79 50:40.474","0","0","0","0","2208","0","0","0","","0","0","0","2","68D02","0","","1.0","","1","N","N","","0","","0","0","1","","0","N","","2","0","0","0","0","0","0","2","0","2","","","","N","","","","","","","","","",""
"2016124897","","2","0","0","0","0","0","0","0","0","4","0","","02","11","2016","3","40.439739","-79.943498","","11","0","0","0","0","0","0","0","0","","0","0","0","","","0","","2","","40 26:23.060","","0","79 56:36.592","9","0","0","0","2301","0","0","0","N","0","0","0","2","02301","0","","1.0","","1","N","N","","0","","0","0","0","","3","","","2","0","0","0","0","0","1","2","0","2","","","","N","","","","","","","","","",""
"2016123521","","1","0","0","0","0","0","0","0","0","7","0","","02","11","2016","5","40.449496","-80.000931","","11","0","0","0","0","0","0","0","0","2","0","0","0","","","0","","1","","40 26:58.185","4","0","80 00:03.353","0","0","0","0","2301","0","0","0","N","0","0","0","1","02301","0","","5.0","","9","N","N","","0","","0","0","0","","2","Y","","1","0","0","0","0","0","0","2","0","1","","","","N","","","","","","","","","",""
"2016139361","","1","0","0","0","0","0","0","0","0","7","0","","02","12","2016","7","40.494699","-79.935914","","11","0","0","0","0","0","0","0","0","","0","0","0","","","0","","3","","40 29:40.915","","0","79 56:09.290","0","0","0","0","2461","0","0","0","N","0","0","0","1","02461","0","","2.0","","1","N","N","","0","","0","0","0","","0","","","1","0","0","0","0","0","0","2","0","1","","","","N","","","","","","","","","",""
"2016123561","","1","0","0","0","0","0","0","0","0","1","0","","02","11","2016","5","40.462278","-79.950222","","11","0","0","0","0","0","0","0","0","","0","0","0","","","0","","0","","40 27:44.200","","0","79 57:00.800","0","0","0","0","2301","0","0","0","N","0","0","0","1","02301","0","","6.0","","1","N","N","","0","","0","0","0","","0","","","2","0","0","0","0","0","0","2","0","2","","","","N","","","","","","","","","",""
"2016139422","","2","0","0","0","0","0","0","0","0","4","0","","02","12","2016","7","40.457634","-80.073235","","11","0","0","0","0","0","0","0","0","","0","0","0","","","0","","1","","40 27:27.482","","0","80 04:23.646","9","0","0","0","2301","0","0","0","N","0","0","0","3","02301","0","","1.0","","9","N","N","","0","","0","0","0","","3","","","2","0","0","0","0","0","1","2","0","2","","","","N","","","","","","","","","",""