"CRN","ARRIVAL_TM","AUTOMOBILE_COUNT","BELTED_DEATH_COUNT","BELTED_SUSP_SERIOUS_INJ_COUNT","BICYCLE_COUNT","BICYCLE_DEATH_COUNT","BICYCLE_SUSP_SERIOUS_INJ_COUNT","BUS_COUNT","CHLDPAS_DEATH_COUNT","CHLDPAS_SUSP_SERIOUS_INJ_COUNT","COLLISION_TYPE","COMM_VEH_COUNT","CONS_ZONE_SPD_LIM","COUNTY","CRASH_MONTH","CRASH_YEAR","DAY_OF_WEEK","DEC_LATITUDE","DEC_LONGITUDE","DISPATCH_TM","DISTRICT","DRIVER_COUNT_16YR","DRIVER_COUNT_17YR","DRIVER_COUNT_18YR","DRIVER_COUNT_19YR","DRIVER_COUNT_20YR","DRIVER_COUNT_50_64YR","DRIVER_COUNT_65_74YR","DRIVER_COUNT_75PLUS","EST_HRS_CLOSED","FATAL_COUNT","HEAVY_TRUCK_COUNT","HORSE_BUGGY_COUNT","HOUR_OF_DAY","ILLUMINATION","INJURY_COUNT","INTERSECTION_RELATED","INTERSECT_TYPE","LANE_CLOSED","LATITUDE","LN_CLOSE_DIR","LOCATION_TYPE","LONGITUDE","MAX_SEVERITY_LEVEL","MCYCLE_DEATH_COUNT","MCYCLE_SUSP_SERIOUS_INJ_COUNT","MOTORCYCLE_COUNT","MUNICIPALITY","NONMOTR_COUNT","NONMOTR_DEATH_COUNT","NONMOTR_SUSP_SERIOUS_INJ_COUNT","NTFY_HIWY_MAINT","PED_COUNT","PED_DEATH_COUNT","PED_SUSP_SERIOUS_INJ_COUNT","PERSON_COUNT","POLICE_AGCY","POSSIBLE_INJ_COUNT","RDWY_SURF_TYPE_CD","RELATION_TO_ROAD","ROADWAY_CLEARED","ROAD_CONDITION","SCH_BUS_IND","SCH_ZONE_IND","SECONDARY_CRASH","SMALL_TRUCK_COUNT","SPEC_JURIS_CD","SUSP_MINOR_INJ_COUNT","SUSP_SERIOUS_INJ_COUNT","SUV_COUNT","TCD_FUNC_CD","TCD_TYPE","TFC_DETOUR_IND","TIME_OF_DAY","TOTAL_UNITS","TOT_INJ_COUNT","UNBELTED_OCC_COUNT","UNB_DEATH_COUNT","UNB_SUSP_SERIOUS_INJ_COUNT","UNK_INJ_DEG_COUNT","UNK_INJ_PER_COUNT","URBAN_RURAL","VAN_COUNT","VEHICLE_COUNT","WEATHER1","WEATHER2","WORKERS_PRES","WORK_ZONE_IND","WORK_ZONE_LOC","WORK_ZONE_TYPE","WZ_CLOSE_DETOUR","WZ_FLAGGER","WZ_LAW_OFFCR_IND","WZ_LN_CLOSURE","WZ_MOVING","WZ_OTHER","WZ_SHLDER_MDN","WZ_WORKERS_INJ_KILLED"
"2016124884","","1","0","0","0","0","0","0","0","0","7","0","","02","11","2016","3","40.263999","-79.919063","","11","0","0","0","0","0","0","0","0","","0","0","0","","","1","","0","","40 15:50.398","","0","79 55:08.627","8","0","0","0","2440","0","0","0","N","0","0","0","1","02440","0","","5.0","","9","N","N","","0","","0","0","0","","0","","","1","1","1","0","0","1","0","2","0","1","","","","N","","","","","","","","","",""
"2016119185","","1","0","0","0","0","0","0","0","0","5","0","","02","11","2016","1","40.460403","-79.873104","","11","0","0","0","0","0","0","0","0","1","0","0","0","","","1","","2","","40 27:37.449","3","0","79 52:23.174","8","0","0","1","2113","0","0","0","N","0","0","0","2","02113","0","","1.0","","1","N","N","","0","","0","0","0","","0","N","","2","1","1","0","0","1","0","2","0","2","","","","N","","","","","","","","","",""
"2016138942","","0","0","0","0","0","0","0","0","0","2","0","","02","12","2016","5","40.456229","-79.997491","","11","0","0","0","0","0","1","0","0","2","0","0","0","","","0","","1","","40 27:22.423","1","0","79 59:50.967","9","0","0","0","2301","0","0","0","N","0","0","0","3","02301","0","","1.0","","9","N","N","","0","","0","0","2","","2","N","","2","0","0","0","0","0","1","2","0","2","","","","N","","","","","","","","","",""
"2016115607","","1","0","0","0","0","0","0","0","0","8","0","","02","11","2016","7","40.484278","-79.947944","","11","0","0","0","0","0","0","0","1","2","0","0","0","","","1","","0","","40 29:03.400","3","0","79 56:52.600","8","0","0","0","2301","1","0","0","N","1","0","0","2","02301","0","","1.0","","1","N","N","","0","","0","0","0","","0","Y","","2","1","0","0","0","1","0","2","0","1","","","","N","","","","","","","","","",""
"2016134014","","0","0","0","0","0","0","0","0","0","7","0","","02","12","2016","7","40.543356","-80.122071","","11","0","0","0","0","0","0","0","0","","0","0","0","","","0","","0","","40 32:36.081","","0","80 07:19.454","0","0","0","0","2460","0","0","0","","0","0","0","1","68B03","0","","4.0","","6","N","N","","0","","0","0","1","","0","","","1","0","0","0","0","0","0","1","0","1","","","","N","","","","","","","","","",""
"2016124079","","0","0","0","0","0","0","0","0","0","8","0","","02","11","2016","1","40.459118","-79.9197","","11","0","0","0","0","0","0","0","0","","0","0","0","","","1","","0","","40 27:32.825","","7","79 55:10.921","3","0","0","0","2301","1","0","0","N","1","0","0","2","02301","0","","4.0","","1","N","N","","0","","1","0","1","","2","","","2","1","0","0","0","0","0","2","0","1","","","","N","","","","","","","","","",""
"2016118898","","0","0","0","0","0","0","0","0","0","8","0","","02","11","2016","1","40.391036","-80.039368","","11","0","0","0","0","0","0","0","0","","0","0","0","","","1","","2","","40 23:27.730","","0","80 02:21.725","4","0","0","0","2422","1","0","0","","1","0","0","3","02422","1","","1.0","","1","N","N","","0","","0","0","1","","0","","","2","1","0","0","0","0","0","2","0","1","","","","N","","","","","","","","","",""
"2016113691","","3","0","0","0","0","0","0","0","0","4","0","","02","10","2016","2","40.41125","-79.9135","","11","0","0","0","0","0","0","1","0","1","0","0","0","","","0","","0","","40 24:40.500","6","0","79 54:48.600","0","0","0","0","2438","0","0","0","N","0","0","0","2","02438","0","","1.0","","1","N","N","","0","","0","0","0","","2","N","","3","0","0","0","0","0","0","2","0","3","","","","N","","","","","","","","","",""
"2016134015","","0","0","0","0","0","0","0","0","0","7","0","","02","12","2016","7","40.444524","-79.769068","","11","0","0","0","0","0","0","0","0","2","0","0","0","","","0","","0","","40 26:40.286","3","0","79 46:08.645","0","0","0","0","2446","0","0","0","","0","0","0","2","68B03","0","","4.0","","9","N","N","","0","","0","0","1","","0","N","","2","0","0","0","0","0","0","2","1","2","","","","N","","","","","","","","","",""
"2016120273","","0","0","0","0","0","0","0","0","0","99","0","","02","11","2016","3","40.662588","-79.775725","","11","0","0","0","0","0","1","0","0","1","0","0","0","","","0","","0","","40 39:45.318","4","0","79 46:32.611","0","0","0","0","2202","0","0","0","","0","0","0","1","68D02","0","","1.0","","1","N","N","","0","","0","0","1","","0","N","","1","0","0","0","0","0","0","1","0","1","","","","N","","","","","","","","","",""
"2016112848","","0","0","0","0","0","0","0","0","0","4","0","","02","10","2016","1","40.478332","-80.012013","","11","0","0","0","0","0","0","0","0","","0","0","0","","","1","","2","","40 28:41.994","","0","80 00:43.247","8","0","0","1","2301","0","0","0","N","0","0","0","4","02301","0","","1.0","","1","N","N","","0","","0","0","0","","2","","","2","1","0","0","0","1","0","2","1","2","","","","N","","","","","","","","","",""
"2016124611","","2","0","0","0","0","0","0","0","0","1","0","","02","11","2016","2","40.432723","-79.996768","","11","0","0","0","0","0","1","1","0","","0","0","0","","","0","","0","","40 25:57.801","","3","79 59:48.363","0","0","0","0","2301","0","0","0","N","0","0","0","2","02301","0","","1.0","","1","N","N","","0","","0","0","0","","0","","","2","0","0","0","0","0","0","2","0","2","","","","N","","","","","","","","","",""
"2016136116","","1","0","0","0","0","0","0","0","0","7","0","","02","12","2016","3","40.431493","-79.958642","","11","0","0","0","0","0","0","0","0","1","0","0","0","","","0","","0","","40 25:53.374","4","0","79 57:31.110","0","0","0","0","2301","0","0","0","","0","0","0","1","68B03","0","","2.0","","9","N","N","","0","","0","0","0","","0","N","","1","0","0","0","0","0","0","2","0","1","","","","N","","","","","","","","","",""
"2016134017","","2","0","0","0","0","0","0","0","0","7","0","","02","12","2016","7","40.444342","-79.767478","","11","0","0","0","0","0","0","0","0","2","0","0","0","","","0","","0","","40 26:39.631","4","0","79 46:02.922","0","0","0","0","2446","0","0","0","","0","0","0","3","68B03","0","","4.0","","9","N","N","","0","","0","0","0","","0","N","","2","0","0","0","0","0","0","2","0","2","","","","N","","","","","","","","","",""
"2016128811","","1","0","0","0","0","0","0","0","0","99","0","","02","11","2016","1","40.272161","-79.960116","","11","0","0","0","0","0","0","0","0","1","0","0","0","","","0","","0","","40 16:19.780","2","0","79 57:36.419","0","0","0","0","2440","0","0","0","","0","0","0","1","68T09","0","","1.0","","1","N","N","","0","","0","0","0","","0","N","","1","0","0","0","0","0","0","1","0","1","","","","N","","","","","","","","","",""
"2016122645","","1","0","0","0","0","0","0","0","0","1","1","","02","11","2016","3","40.462797","-80.029791","","11","0","0","0","0","0","1","0","0","","0","1","0","","","0","","0","","40 27:46.068","","0","80 01:47.247","0","0","0","0","2301","0","0","0","N","0","0","0","5","02301","0","","1.0","","1","Y","N","","0","","0","0","0","","0","","","3","0","0","0","0","0","0","2","1","3","","","","N","","","","","","","","","",""
"2016134377","","0","0","0","0","0","0","0","0","0","6","1","","02","12","2016","2","40.585154","-79.882425","","11","0","0","0","0","1","0","0","0","","0","1","0","","","0","","0","","40 35:06.555","","0","79 52:56.731","0","0","0","0","2209","0","0","0","N","0","0","0","3","02209","0","","1.0","","2","N","N","","1","","0","0","0","","0","","","2","0","0","0","0","0","0","2","0","2","","","","N","","","","","","","","","",""
"2016134153","","0","0","0","0","0","0","0","0","0","8","0","","02","12","2016","1","40.447498","-79.714041","","11","0","0","0","0","0","0","0","0","4","1","0","0","","","0","","0","","40 26:50.992","6","0","79 42:50.546","1","0","0","0","2466","1","1","0","N","1","1","0","3","02466","0","2","1.0","","1","N","N","","0","0","0","0","0","","0","Y","","2","0","0","0","0","0","0","2","1","1","","","","N","","","","","","","","","",""
"2016101950","","1","0","0","0","0","0","0","0","0","2","0","","02","10","2016","3","40.54928","-80.193872","","11","0","0","0","0","0","1","0","0","","0","0","0","","","1","","0","","40 32:57.408","","0","80 11:37.939","3","0","0","0","2427","0","0","0","N","0","0","0","1","02426","0","","1.0","","1","N","N","","0","","1","0","0","","0","","","2","1","0","0","0","0","0","2","0","2","","","","N","","","","","","","","","",""
"2016133531","","1","0","0","0","0","0","0","0","0","7","0","","02","12","2016","7","40.463179","-79.905852","","11","0","0","0","0","0","0","0","0","2","0","0","0","","","1","","0","","40 27:47.444","7","0","79 54:21.067","2","0","0","0","2301","0","0","0","N","0","0","0","1","02301","0","","2.0","","2","N","N","","0","","0","1","0","","0","N","","1","1","1","0","1","0","0","2","0","1","","","","N","","","","","","","","","",""
"2016125133","","1","0","0","0","0","0","0","0","0","7","0","","02","11","2016","3","40.473979","-79.75675","","11","1","0","0","0","0","0","0","0","1","0","0","0","","","0","","2","","40 28:26.324","6","0","79 45:24.300","0","0","0","0","2466","0","0","0","N","0","0","0","1","02466","0","","5.0","","1","N","N","","0","","0","0","0","","0","N","","1","0","0","0","0","0","0","2","0","1","","","","N","","","","","","","","","",""
"2016137649","","1","0","0","0","0","0","1","0","0","1","1","","02","12","2016","3","40.474303","-79.82191","","11","0","0","0","0","0","0","0","0","1","0","0","0","","","0","","2","","40 28:27.491","2","0","79 49:18.877","0","0","0","0","2113","0","0","0","N","0","0","0","2","02503","0","","1.0","","1","N","N","","0","","0","0","0","","2","N","","2","0","0","0","0","0","0","2","0","2","","","","N","","","","","","","","","",""
"2016123381","","0","0","0","0","0","0","0","0","0","7","0","","02","11","2016","5","40.378448","-80.069214","","11","0","0","0","0","0","0","0","0","","0","0","0","","","0","","0","","40 22:42.412","","0","80 04:09.170","0","0","0","0","2117","0","0","0","N","0","0","0","1","02117","0","","5.0","","9","N","N","","0","","0","0","1","","0","","","1","0","0","0","0","0","0","2","0","1","","","","N","","","","","","","","","",""
"2016125436","","2","0","0","0","0","0","0","0","0","4","0","","02","11","2016","4","40.460608","-79.842553","","11","0","0","0","0","0","1","0","0","2","0","0","0","","","5","","0","","40 27:38.190","1","7","79 50:33.192","8","0","0","0","2113","0","0","0","N","0","0","0","7","02113","0","","1.0","","9","N","N","","0","","0","0","0","","0","Y","","2","5","0","0","0","5","1","2","0","2","","","","N","","","","","","","","","",""
"2016123240","","3","0","0","0","0","0","0","0","0","2","0","","02","11","2016","5","40.362552","-79.853234","","11","0","0","0","0","0","0","0","0","","0","0","0","","","0","","0","","40 21:45.187","","0","79 51:11.642","0","0","0","0","2303","0","0","0","N","0","0","0","2","02303","0","","1.0","","9","N","N","","0","","0","0","0","","0","","","3","0","0","0","0","0","0","2","0","3","","","","N","","","","","","","","","",""
"2016136620","","1","0","0","0","0","0","0","0","0","1","0","","02","12","2016","6","40.491213","-80.331167","","11","0","0","0","0","0","0","1","0","","0","0","0","","","1","","0","","40 29:28.366","","0","80 19:52.200","3","0","0","0","2203","0","0","0","N","0","0","0","16","02203","0","","1.0","","1","Y","N","","0","","1","0","1","","0","","","3","1","12","0","0","0","0","1","1","3","","","","N","","","","","","","","","",""
"2016120059","","3","0","0","0","0","0","0","0","0","6","0","","02","11","2016","4","40.469578","-80.038779","","11","0","0","0","0","0","2","0","0","2","0","0","0","","","0","","2","","40 28:10.480","4","0","80 02:19.604","0","0","0","0","2301","0","0","0","N","0","0","0","3","02301","0","","1.0","","1","N","N","","0","","0","0","0","","0","N","","3","0","0","0","0","0","0","2","0","3","","","","N","","","","","","","","","",""
"2016132480","","2","0","0","0","0","0","0","0","0","7","0","","02","12","2016","3","40.66438","-80.017456","","11","1","0","1","0","0","0","0","0","2","0","0","0","","","0","","0","","40 39:51.767","4","0","80 01:02.842","0","0","0","0","2216","0","0","0","N","0","0","0","4","02505","0","","4.0","","7","N","N","","0","","0","0","0","","0","N","","2","0","0","0","0","0","0","2","0","2","","","","N","","","","","","","","","",""
"2016124011","","1","0","0","0","0","0","0","0","0","7","0","","02","11","2016","6","40.471","-80.032139","","11","0","0","0","0","0","0","0","0","","0","0","0","","","0","","0","","40 28:15.600","","0","80 01:55.700","9","0","0","0","2301","0","0","0","N","0","0","0","1","02301","0","","5.0","","1","N","N","","0","","0","0","0","","0","","","1","0","0","0","0","0","1","2","0","1","","","","N","","","","","","","","","",""
"2016115552","","3","0","0","0","0","0","0","0","0","1","0","","02","10","2016","1","40.501797","-80.076049","","11","0","0","0","0","2","0","0","0","","0","0","0","","","1","","0","","40 30:06.470","","0","80 04:33.776","8","0","0","0","2405","0","0","0","N","0","0","0","3","02215","0","","1.0","","9","N","N","","0","","0","0","0","","0","","","3","1","0","0","0","1","0","2","0","3","","","","N","","","","","","","","","",""
"2016137661","","0","0","0","0","0","0","0","0","0","8","0","","02","12","2016","3","40.439368","-79.961815","","11","0","0","0","0","0","0","0","0","1","0","0","0","","","1","","2","","40 26:21.724","3","0","79 57:42.534","4","0","0","0","2301","1","0","0","N","1","0","0","3","02301","1","","1.0","","1","N","N","","0","","0","0","1","","3","Y","","2","1","0","0","0","0","0","2","0","1","","","","N","","","","","","","","","",""
"2016119191","","2","0","0","0","0","0","0","0","0","1","0","","02","11","2016","2","40.481335","-79.821802","","11","0","0","0","0","0","0","0","0","","0","0","0","","","1","","0","","40 28:52.806","","0","79 49:18.487","8","0","0","0","2113","0","0","0","N","0","0","0","3","02113","0","","1.0","","1","N","N","","1","","0","0","0","","0","","","3","1","0","0","0","1","0","2","0","3","","","","N","","","","","","","","","",""
"2016138114","","3","0","0","0","0","0","0","0","0","5","0","","02","12","2016","4","40.32805","-79.944803","","11","0","0","0","0","0","2","0","0","1","0","0","0","","","1","","0","","40 19:40.979","2","0","79 56:41.292","8","0","0","0","2454","0","0","0","N","0","0","0","9","02454","0","","1.0","","1","N","N","","0","","0","0","0","","0","N","","3","1","0","0","0","1","0","2","0","3","","","","N","","","","","","","","","",""
"2016115940","","1","0","0","0","0","0","0","0","0","4","0","","02","11","2016","1","40.438871","-79.760628","","11","0","0","0","1","0","0","0","0","","0","0","0","","","0","","1","","40 26:19.934","","0","79 45:38.259","0","0","0","0","2446","0","0","0","N","0","0","0","2","02446","0","","1.0","","1","N","N","","1","","0","0","0","","2","","","2","0","0","0","0","0","0","2","0","2","","","","N","","","","","","","","","",""
"2016139147","","1","0","0","0","0","0","0","0","0","1","0","","02","12","2016","6","40.460994","-79.90626","","11","0","0","0","0","0","0","0","0","2","0","0","0","","","1","","0","","40 27:39.579","5","0","79 54:22.535","8","0","0","0","2301","0","0","0","N","0","0","0","2","02301","0","","1.0","","1","N","N","","0","","0","0","0","","0","N","","2","1","0","0","0","1","0","2","1","2","","","","N","","","","","","","","","",""
"2016123883","","2","0","0","0","0","0","0","0","0","5","0","","02","11","2016","7","40.454055","-79.995644","","11","0","0","0","0","0","0","0","0","2","0","0","0","","","1","","0","","40 27:14.599","4","2","79 59:44.317","3","0","0","0","2301","0","0","0","N","0","0","0","2","02301","0","","4.0","","1","N","N","","0","","1","0","0","","0","Y","","2","1","0","0","0","0","0","2","0","2","","","","N","","","","","","","","","",""
"2016137490","","1","0","0","0","0","0","0","0","0","1","0","","02","12","2016","3","40.324068","-79.898803","","11","0","0","0","1","0","1","0","0","1","0","0","0","","","0","","0","","40 19:26.644","1","0","79 53:55.692","0","0","0","0","2473","0","0","0","N","0","0","0","3","02473","0","","1.0","","9","N","N","","1","","0","0","0","","0","N","","2","0","0","0","0","0","0","2","0","2","","","","N","","","","","","","","","",""
"2016123077","","1","0","0","0","0","0","0","0","0","4","0","","02","11","2016","4","40.612111","-80.102944","","11","0","0","0","0","0","0","0","1","1","0","0","0","","","2","","0","","40 36:43.600","3","7","80 06:10.600","2","0","0","0","2481","0","0","0","N","0","0","0","4","02481","0","","1.0","","1","N","N","","0","","1","1","0","","0","N","","2","2","1","0","1","0","0","2","1","2","","","","N","","","","","","","","","",""
"2016115495","","2","0","0","0","0","0","0","0","0","5","0","","02","11","2016","7","40.389225","-79.985428","","11","0","0","0","0","0","0","0","0","","0","0","0","","","0","","2","","40 23:21.210","","0","79 59:07.540","0","0","0","0","2301","0","0","0","N","0","0","0","3","02301","0","","1.0","","1","N","N","","0","","0","0","0","","0","","","2","0","0","0","0","0","0","2","0","2","","","","N","","","","","","","","","",""
"2016137025","","2","0","0","0","0","0","0","0","0","2","0","","02","12","2016","7","40.437157","-79.963045","","11","0","0","0","0","0","0","0","0","1","0","0","0","","","0","","1","","40 26:13.765","2","0","79 57:46.962","0","0","0","0","2301","0","0","0","Y","0","0","0","3","02301","0","","1.0","","1","N","N","","0","","0","0","0","","2","N","","2","0","0","0","0","0","0","2","0","2","","","","N","","","","","","","","","",""
"2016125308","","1","0","0","0","0","0","0","0","0","7","0","","02","11","2016","4","40.495031","-80.065604","","11","0","0","0","0","0","1","0","0","","0","0","0","","","2","","0","","40 29:42.113","","0","80 03:56.175","8","0","0","0","2402","0","0","0","N","0","0","0","2","02402","0","","2.0","","9","N","N","","0","","0","0","0","","0","","","1","2","0","0","0","2","0","2","0","1","","","","N","","","","","","","","","",""
"2016138493","","2","0","0","0","0","0","0","0","0","1","0","","02","12","2016","4","40.522327","-80.084116","","11","0","0","0","0","0","0","0","0","","0","0","0","","","0","","2","","40 31:20.377","","0","80 05:02.817","0","0","0","0","2211","0","0","0","N","0","0","0","3","02215","0","","1.0","","1","N","N","","0","","0","0","0","","0","","","2","0","0","0","0","0","0","2","0","2","","","","N","","","","","","","","","",""
"2016138111","","2","0","0","0","0","0","0","0","0","4","0","","02","12","2016","4","40.270627","-79.899404","","11","0","0","0","0","0","1","0","0","","0","0","0","","","0","","0","","40 16:14.257","","0","79 53:57.856","0","0","0","0","2301","0","0","0","N","0","0","0","2","02301","0","","1.0","","1","N","N","","0","","0","0","0","","0","","","2","0","0","0","0","0","0","2","0","2","","","","N","","","","","","","","","",""
"2016137896","","2","0","0","0","0","0","0","0","0","1","0","","02","12","2016","3","40.47416","-79.787436","","11","0","0","0","0","1","0","0","0","1","0","0","0","","","4","","0","","40 28:26.976","2","0","79 47:14.769","8","0","0","0","2113","0","0","0","N","0","0","0","4","02113","0","","1.0","","1","N","N","","0","","0","0","0","","0","N","","2","4","0","0","0","4","0","2","0","2","","","","N","","","","","","","","","",""
"2016110131","","1","0","0","0","0","0","0","0","0","8","0","","02","10","2016","2","40.457837","-80.002071","","11","0","0","0","0","0","0","0","0","","0","0","0","","","1","","2","","40 27:28.213","","0","80 00:07.455","3","0","0","0","2301","2","0","0","N","2","0","0","3","02301","0","","1.0","","1","N","N","","1","","1","0","0","","3","","","4","1","0","0","0","0","1","2","0","2","","","","N","","","","","","","","","",""
"2016118865","","1","0","0","0","0","0","0","0","0","7","0","","02","11","2016","1","40.486151","-79.812409","","11","0","0","0","0","0","0","0","0","","0","0","0","","","0","","0","","40 29:10.142","","0","79 48:44.673","0","0","0","0","2113","0","0","0","N","0","0","0","1","02113","0","","5.0","","1","N","N","","0","","0","0","0","","0","","","1","0","0","0","0","0","0","2","0","1","","","","N","","","","","","","","","",""
"2016123348","","2","0","0","0","0","0","0","0","0","1","0","","02","11","2016","4","40.437389","-79.998194","","11","0","0","0","0","0","0","0","0","","0","0","0","","","0","","0","","40 26:14.600","","0","79 59:53.500","0","0","0","0","2301","0","0","0","N","0","0","0","3","02301","0","","1.0","","1","N","N","","0","","0","0","0","","0","","","2","0","0","0","0","0","0","2","0","2","","","","N","","","","","","","","","",""
"2016137378","","1","0","0","0","0","0","0","0","0","8","0","","02","12","2016","2","40.427846","-79.966266","","11","0","0","0","0","0","0","0","0","","0","0","0","","","1","","1","","40 25:40.245","","0","79 57:58.557","8","0","0","0","2301","1","0","0","N","1","0","0","2","02301","0","","1.0","","9","N","N","","0","","0","0","0","","3","","","2","1","1","0","0","1","0","2","0","1","","","","N","","","","","","","","","",""
"2016138939","","2","0","0","0","0","0","0","0","0","1","0","","02","12","2016","5","40.281758","-79.822156","","11","0","0","0","0","0","0","0","0","2","0","0","0","","","0","","0","","40 16:54.330","2","0","79 49:19.760","0","0","0","0","2105","0","0","0","N","0","0","0","1","02105","0","","1.0","","1","N","N","","0","","0","0","0","","0","N","","2","0","0","0","0","0","0","2","0","2","","","","N","","","","","","","","","",""
"2016138047","","1","0","0","0","0","0","0","0","0","4","0","","02","12","2016","3","40.450039","-79.886853","","11","0","0","0","0","0","1","0","0","","0","0","0","","","0","","1","","40 27:00.140","","0","79 53:12.670","9","0","0","0","2301","0","0","0","N","0","0","0","2","02301","0","","1.0","","1","N","N","","0","","0","0","1","","3","","","2","0","0","0","0","0","1","2","0","2","","","","N","","","","","","","","","",""
"2016125778","","1","0","0","0","0","0","0","0","0","7","0","","02","11","2016","4","40.457415","-80.044409","","11","0","0","0","0","1","0","0","0","2","0","0","0","","","0","","0","","40 27:26.693","3","0","80 02:39.871","0","0","0","0","2301","0","0","0","N","0","0","0","3","02301","0","","2.0","","9","N","N","","0","","0","0","0","","0","N","","1","0","0","0","0","0","0","2","0","1","","","","N","","","","","","","","","",""
"2016127746","","1","0","0","0","0","0","0","0","0","7","0","","02","12","2016","4","40.435278","-79.945833","","11","0","0","0","0","0","1","0","0","","0","0","0","","","0","","0","","40 26:07.000","","0","79 56:45.000","0","0","0","0","2301","0","0","0","N","0","0","0","1","02301","0","","7.0","","1","N","N","","0","","0","0","0","","0","","","1","0","0","0","0","0","0","2","0","1","","","","N","","","","","","","","","",""
"2016137347","","1","0","0","0","0","0","0","0","0","7","0","","02","12","2016","2","40.448526","-80.025945","","11","0","0","0","0","0","0","0","0","","0","0","0","","","0","","0","","40 26:54.695","","8","80 01:33.403","0","0","0","0","2301","0","0","0","N","0","0","0","2","02301","0","","2.0","","1","N","N","","0","","0","0","0","","4","","","1","0","0","0","0","0","0","2","0","1","","","","N","","","","","","","","","",""
"2016125374","","0","0","0","0","0","0","0","0","0","4","0","","02","11","2016","3","40.456468","-79.872272","","11","0","0","0","0","0","0","0","0","","0","0","0","","","0","","0","","40 27:23.284","","0","79 52:20.179","9","0","0","0","2301","0","0","0","N","0","0","0","1","02301","0","","1.0","","1","N","N","","0","","0","0","2","","0","","","2","0","0","0","0","0","1","2","0","2","","","","N","","","","","","","","","",""
"2016124201","","1","0","0","0","0","0","0","0","0","1","0","","02","11","2016","2","40.428494","-79.999693","","11","0","0","0","0","0","0","0","0","1","0","0","0","","","0","","0","","40 25:42.577","1","4","79 59:58.896","0","0","0","0","2301","0","0","0","N","0","0","0","2","02301","0","","1.0","","1","N","N","","0","","0","0","1","","0","N","","2","0","0","0","0","0","0","2","0","2","","","","N","","","","","","","","","",""
"2016132105","","1","0","0","0","0","0","0","0","0","1","0","","02","12","2016","3","40.530361","-79.775201","","11","0","0","0","0","0","0","0","0","","0","0","0","","","0","","0","","40 31:49.298","","0","79 46:30.725","0","0","0","0","2466","0","0","0","N","0","0","0","2","02466","0","","1.0","","6","N","N","","0","","0","0","1","","0","","","2","0","0","0","0","0","0","2","0","2","","","","N","","","","","","","","","",""
"2016122141","","2","0","0","0","0","0","0","0","0","1","0","","02","11","2016","3","40.428493","-79.929623","","11","0","0","0","0","0","0","0","0","","0","0","0","","","1","","0","","40 25:42.575","","2","79 55:46.644","4","0","0","0","2301","0","0","0","","0","0","0","2","68B03","1","","1.0","","1","N","N","","0","","0","0","0","","0","","","2","1","0","0","0","0","0","2","0","2","","","","N","","","","","","","","","",""
"2016139245","","2","0","0","0","0","0","0","0","0","6","0","","02","12","2016","6","40.485138","-79.946336","","11","0","0","0","0","0","0","0","0","","0","0","0","","","0","","2","","40 29:06.498","","0","79 56:46.809","0","0","0","0","2301","0","0","0","N","0","0","0","2","02301","0","","1.0","","1","N","N","","0","","0","0","0","","2","","","2","0","0","0","0","0","0","2","0","2","","","","N","","","","","","","","","",""
"2016139353","","1","0","0","0","0","0","0","0","0","7","0","","02","12","2016","4","40.3163","-79.917976","","11","0","0","0","0","0","0","0","0","1","0","0","0","","","1","","0","","40 18:58.681","1","0","79 55:04.713","4","0","0","0","2440","0","0","0","N","0","0","0","1","02440","1","","5.0","","1","N","N","","0","","0","0","0","","0","N","","1","1","0","0","0","0","0","2","0","1","","","","N","","","","","","","","","",""
"2016119445","","1","0","0","0","0","0","0","0","0","7","0","","02","11","2016","2","40.444222","-80.0425","","11","0","0","0","0","0","0","0","0","","0","0","0","","","0","","0","","40 26:39.200","","0","80 02:33.000","0","0","0","0","2301","0","0","0","N","0","0","0","1","02301","0","","2.0","","1","N","N","","0","","0","0","0","","0","","","1","0","0","0","0","0","0","2","0","1","","","","N","","","","","","","","","",""
"2016137042","","1","0","0","0","0","0","0","0","0","7","0","","02","12","2016","7","40.41456","-79.84891","","11","0","0","0","0","0","0","0","0","2","0","0","0","","","0","","0","","40 24:52.416","1","0","79 50:56.076","0","0","0","0","2431","0","0","0","N","0","0","0","1","02431","0","","2.0","","9","N","N","","0","","0","0","0","","0","N","","1","0","0","0","0","0","0","2","0","1","","","","N","","","","","","","","","",""
"2016138736","","2","0","0","0","0","0","0","0","0","4","0","","02","12","2016","5","40.455624","-79.948266","","11","0","0","0","0","0","0","0","0","","0","0","0","","","0","","2","","40 27:20.246","","0","79 56:53.757","0","0","0","0","2301","0","0","0","N","0","0","0","2","02301","0","","1.0","","1","N","N","","0","","0","0","0","","0","","","2","0","0","0","0","0","0","2","0","2","","","","N","","","","","","","","","",""
"2016119863","","2","0","0","0","0","0","0","0","0","1","0","","02","11","2016","3","40.465166","-79.979586","","11","0","0","0","0","0","0","0","0","1","0","0","0","","","1","","0","","40 27:54.597","2","0","79 58:46.508","3","0","0","0","2301","0","0","0","N","0","0","0","2","02301","0","","1.0","","1","N","N","","0","","1","0","0","","0","N","","2","1","0","0","0","0","1","2","0","2","","","","N","","","","","","","","","",""