"CRN","ARRIVAL_TM","AUTOMOBILE_COUNT","BELTED_DEATH_COUNT","BELTED_SUSP_SERIOUS_INJ_COUNT","BICYCLE_COUNT","BICYCLE_DEATH_COUNT","BICYCLE_SUSP_SERIOUS_INJ_COUNT","BUS_COUNT","CHLDPAS_DEATH_COUNT","CHLDPAS_SUSP_SERIOUS_INJ_COUNT","COLLISION_TYPE","COMM_VEH_COUNT","CONS_ZONE_SPD_LIM","COUNTY","CRASH_MONTH","CRASH_YEAR","DAY_OF_WEEK","DEC_LATITUDE","DEC_LONGITUDE","DISPATCH_TM","DISTRICT","DRIVER_COUNT_16YR","DRIVER_COUNT_17YR","DRIVER_COUNT_18YR","DRIVER_COUNT_19YR","DRIVER_COUNT_20YR","DRIVER_COUNT_50_64YR","DRIVER_COUNT_65_74YR","DRIVER_COUNT_75PLUS","EST_HRS_CLOSED","FATAL_COUNT","HEAVY_TRUCK_COUNT","HORSE_BUGGY_COUNT","HOUR_OF_DAY","ILLUMINATION","INJURY_COUNT","INTERSECTION_RELATED","INTERSECT_TYPE","LANE_CLOSED","LATITUDE","LN_CLOSE_DIR","LOCATION_TYPE","LONGITUDE","MAX_SEVERITY_LEVEL","MCYCLE_DEATH_COUNT","MCYCLE_SUSP_SERIOUS_INJ_COUNT","MOTORCYCLE_COUNT","MUNICIPALITY","NONMOTR_COUNT","NONMOTR_DEATH_COUNT","NONMOTR_SUSP_SERIOUS_INJ_COUNT","NTFY_HIWY_MAINT","PED_COUNT","PED_DEATH_COUNT","PED_SUSP_SERIOUS_INJ_COUNT","PERSON_COUNT","POLICE_AGCY","POSSIBLE_INJ_COUNT","RDWY_SURF_TYPE_CD","RELATION_TO_ROAD","ROADWAY_CLEARED","ROAD_CONDITION","SCH_BUS_IND","SCH_ZONE_IND","SECONDARY_CRASH","SMALL_TRUCK_COUNT","SPEC_JURIS_CD","SUSP_MINOR_INJ_COUNT","SUSP_SERIOUS_INJ_COUNT","SUV_COUNT","TCD_FUNC_CD","TCD_TYPE","TFC_DETOUR_IND","TIME_OF_DAY","TOTAL_UNITS","TOT_INJ_COUNT","UNBELTED_OCC_COUNT","UNB_DEATH_COUNT","UNB_SUSP_SERIOUS_INJ_COUNT","UNK_INJ_DEG_COUNT","UNK_INJ_PER_COUNT","URBAN_RURAL","VAN_COUNT","VEHICLE_COUNT","WEATHER1","WEATHER2","WORKERS_PRES","WORK_ZONE_IND","WORK_ZONE_LOC","WORK_ZONE_TYPE","WZ_CLOSE_DETOUR","WZ_FLAGGER","WZ_LAW_OFFCR_IND","WZ_LN_CLOSURE","WZ_MOVING","WZ_OTHER","WZ_SHLDER_MDN","WZ_WORKERS_INJ_KILLED"
"2016132305","","2","0","0","0","0","0","0","0","0","2","0","","02","12","2016","4","40.40528","-79.827267","","11","0","0","0","0","0","0","0","1","","0","0","0","","","0","","2","","40 24:19.008","","0","79 49:38.161","0","0","0","0","2467","0","0","0","N","0","0","0","2","02467","0","","1.0","","1","N","N","","0","","0","0","0","","3","","","2","0","0","0","0","0","0","2","0","2","","","","N","","","","","","","","","",""
"2016123398","","2","0","0","0","0","0","0","0","0","1","0","","02","11","2016","5","40.389647","-79.905847","","11","0","0","0","0","0","1","0","0","","0","0","0","","","0","","2","","40 23:22.729","","0","79 54:21.049","0","0","0","0","2448","0","0","0","N","0","0","0","2","02448","0","","1.0","","1","N","N","","0","","0","0","0","","0","","","2","0","0","0","0","0","0","2","0","2","","","","N","","","","","","","","","",""
"2016134450","","1","0","0","0","0","0","0","0","0","7","0","","02","12","2016","3","40.395306","-79.979806","","11","0","0","0","0","0","0","0","0","3","0","0","0","","","0","","0","","40 23:43.100","7","0","79 58:47.300","0","0","0","0","2301","0","0","0","N","0","0","0","2","02301","0","","5.0","","1","N","N","","0","","0","0","0","","0","Y","","1","0","0","0","0","0","0","2","0","1","","","","N","","","","","","","","","",""
"2016130501","","1","0","0","0","0","0","0","0","0","7","0","","02","12","2016","1","40.333824","-79.803418","","11","0","0","0","0","0","0","0","0","1","0","0","0","","","0","","0","","40 20:01.767","4","0","79 48:12.304","0","0","0","0","2477","0","0","0","N","0","0","0","1","02477","0","","5.0","","7","N","N","","0","","0","0","0","","2","N","","1","0","1","0","0","0","0","2","0","1","","","","N","","","","","","","","","",""
"2016135859","","1","0","0","0","0","0","0","0","0","7","0","","02","12","2016","1","40.343293","-80.008333","","11","0","0","0","0","0","0","0","0","","0","0","0","","","0","","2","","40 20:35.854","","0","80 00:29.998","0","0","0","0","2407","0","0","0","","0","0","0","1","02407","0","","4.0","","2","N","N","","0","","0","0","0","","3","","","1","0","0","0","0","0","0","2","0","1","","","","N","","","","","","","","","",""
"2016124887","","1","0","0","0","0","0","0","0","0","4","0","","02","11","2016","3","40.347643","-79.947298","","11","0","0","0","0","0","1","0","0","1","0","0","0","","","1","","1","","40 20:51.514","3","0","79 56:50.272","4","0","0","0","2473","0","0","0","N","0","0","0","2","02473","1","","1.0","","1","N","N","","0","","0","0","1","","3","Y","","2","1","0","0","0","0","0","2","0","2","","","","N","","","","","","","","","",""
"2016137389","","2","0","0","0","0","0","0","0","0","5","0","","02","12","2016","2","40.414114","-80.00951","","11","0","0","0","0","0","1","1","0","","0","0","0","","","0","","10","","40 24:50.811","","3","80 00:34.237","0","0","0","0","2301","0","0","0","N","0","0","0","4","02301","0","","1.0","","1","N","N","","0","","0","0","0","","0","","","2","0","0","0","0","0","0","2","0","2","","","","N","","","","","","","","","",""
"2016130019","","1","0","0","0","0","0","0","0","0","0","0","","02","12","2016","6","40.523684","-79.75831","","11","0","0","0","0","0","0","0","0","2","0","0","0","","","0","","0","","40 31:25.263","5","0","79 45:29.917","0","0","0","0","2466","0","0","0","Y","0","0","0","1","02466","0","","1.0","","1","N","N","","0","","0","0","0","","0","Y","","1","0","0","0","0","0","0","1","0","1","","","","N","","","","","","","","","",""
"2016122696","","4","0","0","0","0","0","0","0","0","0","0","","02","11","2016","3","40.255166","-79.879045","","11","0","0","0","0","0","1","1","0","","0","0","0","","","0","","0","","40 15:18.599","","0","79 52:44.562","0","0","0","0","2204","0","0","0","N","0","0","0","8","02204","0","","1.0","","1","N","N","","0","","0","0","0","","0","","","5","0","0","0","0","0","0","1","1","5","","","","N","","","","","","","","","",""
"2016117627","","0","0","0","0","0","0","0","0","0","4","0","","02","11","2016","4","40.538056","-79.839551","","11","0","0","1","0","0","0","0","0","2","0","0","0","","","0","","1","","40 32:17.000","4","0","79 50:22.383","0","0","0","0","2208","0","0","0","N","0","0","0","3","02208","0","","1.0","","1","N","N","","1","","0","0","1","","2","N","","2","0","0","0","0","0","0","2","0","2","","","","N","","","","","","","","","",""
"2016137812","","1","0","0","0","0","0","0","0","0","7","0","","02","12","2016","1","40.510124","-80.048358","","11","0","0","0","0","0","0","0","0","","0","0","0","","","0","","0","","40 30:36.445","","0","80 02:54.088","9","0","0","0","2116","0","0","0","","0","0","0","1","68B03","0","","2.0","","1","N","N","","0","","0","0","0","","0","","","1","0","0","0","0","0","1","2","0","1","","","","N","","","","","","","","","",""
"2016137533","","0","0","0","0","0","0","0","0","0","1","0","","02","11","2016","3","40.420499","-80.039023","","11","0","0","0","0","0","1","1","0","1","0","0","0","","","2","","0","","40 25:13.795","4","0","80 02:20.482","8","0","0","0","2435","0","0","0","","0","0","0","4","68B03","0","","1.0","","1","N","N","","1","","0","0","0","","0","N","","2","2","0","0","0","2","0","2","1","2","","","","N","","","","","","","","","",""
"2016132325","","0","0","0","0","0","0","0","0","0","8","0","","02","12","2016","4","40.397376","-79.988129","","11","0","0","0","0","0","0","0","0","1","0","0","0","","","1","","2","","40 23:50.553","1","0","79 59:17.264","4","0","0","0","2301","1","0","0","N","1","0","0","2","02301","1","","1.0","","1","N","N","","0","","0","0","1","","0","N","","2","1","0","0","0","0","0","2","0","1","","","","N","","","","","","","","","",""
"2016119077","","1","0","0","0","0","0","0","0","0","1","0","","02","11","2016","4","40.292322","-79.889324","","11","0","0","0","0","0","2","0","0","","0","0","0","","","1","","2","","40 17:32.360","","0","79 53:21.565","3","0","0","0","2302","0","0","0","N","0","0","0","4","02302","0","","1.0","","9","N","N","","0","","1","0","0","","2","","","2","1","0","0","0","0","0","2","1","2","","","","N","","","","","","","","","",""
"2016127540","","2","0","0","0","0","0","0","0","0","2","0","","02","12","2016","3","40.424722","-79.989333","","11","0","0","0","1","0","1","0","0","","0","0","0","","","0","","0","","40 25:29.000","","0","79 59:21.600","0","0","0","0","2301","0","0","0","N","0","0","0","2","02301","0","","1.0","","9","N","N","","0","","0","0","1","","0","","","3","0","0","0","0","0","0","2","0","3","","","","N","","","","","","","","","",""
"2016130448","","0","0","0","0","0","0","0","0","0","7","0","","02","12","2016","1","40.444682","-79.977372","","11","0","0","0","0","0","0","0","0","2","0","0","0","","","2","","0","","40 26:40.855","2","0","79 58:38.539","3","0","0","0","2301","0","0","0","N","0","0","0","4","02301","0","","5.0","","1","N","N","","0","","2","0","1","","0","N","","1","2","3","0","0","0","1","2","0","1","","","","N","","","","","","","","","",""
"2016131386","","1","0","0","0","0","0","0","0","0","4","0","","02","12","2016","2","40.462037","-79.962033","","11","0","0","0","0","0","0","0","0","","0","0","0","","","0","","2","","40 27:43.333","","0","79 57:43.318","0","0","0","0","2301","0","0","0","N","0","0","0","2","02301","0","","1.0","","1","N","N","","0","","0","0","1","","0","","","2","0","0","0","0","0","0","2","0","2","","","","N","","","","","","","","","",""
"2016118746","","1","0","0","0","0","0","0","0","0","1","0","","02","11","2016","4","40.513807","-80.004062","","11","0","0","0","0","0","0","0","0","1","0","0","0","","","0","","0","","40 30:49.705","1","3","80 00:14.622","0","0","0","0","2116","0","0","0","N","0","0","0","4","02116","0","","1.0","","1","N","N","","0","","0","0","2","","0","N","","3","0","0","0","0","0","0","2","0","3","","","","N","","","","","","","","","",""
"2016123992","","2","0","0","0","0","0","0","0","0","4","0","","02","11","2016","4","40.460997","-79.933311","","11","0","0","0","0","0","0","0","0","","0","0","0","","","0","","1","","40 27:39.589","","0","79 55:59.919","0","0","0","0","2301","0","0","0","N","0","0","0","3","02301","0","","1.0","","1","N","N","","0","","0","0","0","","3","","","2","0","0","0","0","0","0","2","0","2","","","","N","","","","","","","","","",""
"2016129168","","2","0","0","0","0","0","0","0","0","7","0","90","02","12","2016","5","40.456528","-79.878354","","11","0","0","0","0","1","0","0","0","3","0","0","0","","","0","","0","","40 27:23.499","4","0","79 52:42.076","0","0","0","0","2301","0","0","0","N","0","0","0","3","02301","0","","4.0","","9","N","N","","0","","0","0","0","","0","N","","2","0","0","0","0","0","0","2","0","2","","","Y","Y","2","3","","Y","N","Y","","","",""
"2016139274","","1","0","0","0","0","0","0","0","0","1","0","","02","11","2016","3","40.388987","-79.830619","","11","0","0","0","0","0","1","1","0","2","0","0","0","","","2","","2","","40 23:20.353","6","0","79 49:50.228","3","0","0","0","2111","0","0","0","N","0","0","0","3","02111","0","","1.0","","1","N","N","","0","","2","0","0","","2","Y","","2","2","0","0","0","0","0","2","1","2","","","","N","","","","","","","","","",""
"2016134754","","0","0","0","0","0","0","0","0","0","7","0","","02","12","2016","2","40.518047","-80.251408","","11","0","0","0","0","0","0","1","0","2","0","0","0","","","0","","0","","40 31:04.970","7","0","80 15:05.070","0","0","0","0","2213","0","0","0","","0","0","0","1","02213","0","","4.0","","2","N","N","","0","","0","0","1","","0","Y","","1","0","0","0","0","0","0","2","0","1","","","","N","","","","","","","","","",""
"2016130257","","2","0","0","0","0","0","0","0","0","7","0","","02","12","2016","7","40.422481","-79.98441","","11","0","0","0","0","0","1","0","0","","0","0","0","","","0","","0","","40 25:20.931","","0","79 59:03.876","0","0","0","0","2301","0","0","0","N","0","0","0","1","02301","0","","5.0","","2","N","N","","0","","0","0","0","","0","","","2","0","0","0","0","0","0","2","0","2","","","","N","","","","","","","","","",""
"2016132655","","1","0","0","0","0","0","0","0","0","2","0","","02","12","2016","1","40.402524","-80.003719","","11","0","0","0","0","0","0","0","0","","0","0","0","","","0","","2","","40 24:09.086","","0","80 00:13.388","0","0","0","0","2301","0","0","0","N","0","0","0","2","02301","0","","1.0","","2","N","N","","1","","0","0","0","","3","","","2","0","0","0","0","0","0","2","0","2","","","","N","","","","","","","","","",""
"2016130756","","2","0","0","0","0","0","0","0","0","1","0","","02","12","2016","1","40.459843","-79.915758","","11","0","0","0","0","0","0","0","0","1","0","0","0","","","0","","2","","40 27:35.434","4","0","79 54:56.728","0","0","0","0","2301","0","0","0","N","0","0","0","2","02301","0","","1.0","","2","N","N","","0","","0","0","0","","2","N","","2","0","0","0","0","0","0","2","0","2","","","","N","","","","","","","","","",""
"2016119084","","1","0","0","0","0","0","0","0","0","8","0","","02","11","2016","7","40.520331","-80.046444","","11","0","0","0","0","0","0","0","1","","0","0","0","","","1","","2","","40 31:13.191","","0","80 02:47.198","3","0","0","0","2474","1","0","0","N","1","0","0","2","02474","0","","1.0","","1","N","N","","0","","1","0","0","","0","","","2","1","0","0","0","0","0","2","0","1","","","","N","","","","","","","","","",""
"2016137814","","0","0","0","0","0","0","0","0","0","7","0","","02","12","2016","5","40.442111","-80.15889","","11","0","0","0","0","0","0","0","0","1","0","0","0","","","1","","0","","40 26:31.600","4","0","80 09:32.003","3","0","0","0","2115","0","0","0","","0","0","0","1","68B03","0","","2.0","","1","N","N","","1","","1","0","0","","0","N","","1","1","0","0","0","0","0","2","0","1","","","","N","","","","","","","","","",""
"2016130800","","1","0","0","0","0","0","0","0","0","7","0","","02","12","2016","1","40.201214","-79.914328","","11","0","0","0","0","0","0","0","0","","0","0","0","","","0","","3","","40 12:04.371","","3","79 54:51.579","0","0","0","0","2204","0","0","0","N","0","0","0","1","02204","0","","2.0","","7","N","N","","0","","0","0","0","","0","","","1","0","0","0","0","0","0","2","0","1","","","","N","","","","","","","","","",""
"2016131689","","0","0","0","0","0","0","0","0","0","4","0","","02","12","2016","3","40.449321","-79.999035","","11","0","0","0","0","0","0","0","0","1","0","0","0","","","0","","2","","40 26:57.555","1","0","79 59:56.527","0","0","0","0","2301","0","0","0","N","0","0","0","4","02301","0","","1.0","","6","N","N","","1","","0","0","1","","3","Y","","2","0","0","0","0","0","0","2","0","2","","","","N","","","","","","","","","",""
"2016132930","","1","0","0","0","0","0","0","0","0","7","0","","02","12","2016","1","40.301514","-79.814758","","11","0","0","0","0","0","1","0","0","","0","0","0","","","0","","0","","40 18:05.450","","0","79 48:53.130","0","0","0","0","2105","0","0","0","N","0","0","0","1","02105","0","","5.0","","2","N","N","","0","","0","0","0","","0","","","1","0","0","0","0","0","0","2","0","1","","","","N","","","","","","","","","",""
"2016132651","","2","0","0","0","0","0","0","0","0","1","0","","02","12","2016","1","40.355193","-80.116419","","11","0","0","0","0","0","0","0","1","","0","0","0","","","0","","0","","40 21:18.695","","0","80 06:59.108","0","0","0","0","2119","0","0","0","N","0","0","0","2","02119","0","","1.0","","1","N","N","","0","","0","0","0","","2","","","2","0","0","0","0","0","0","2","0","2","","","","N","","","","","","","","","",""
"2016138605","","1","0","0","0","0","0","0","0","0","5","0","","02","12","2016","6","40.368034","-80.038676","","11","0","0","0","0","0","0","0","0","","0","0","0","","","0","","0","","40 22:04.923","","0","80 02:19.234","0","0","0","0","2109","0","0","0","","0","0","0","2","02109","0","","6.0","","1","N","N","","1","","0","0","0","","0","","","2","0","0","0","0","0","0","2","0","2","","","","N","","","","","","","","","",""
"2016128167","","1","0","0","0","0","0","0","0","0","7","0","","02","12","2016","2","40.427449","-79.952918","","11","0","0","0","0","0","0","0","0","","0","0","0","","","0","","0","","40 25:38.817","","0","79 57:10.506","0","0","0","0","2301","0","0","0","","0","0","0","1","68B03","0","","2.0","","9","N","N","","0","","0","0","0","","0","","","1","0","0","0","0","0","0","2","0","1","","","","N","","","","","","","","","",""
"2016130797","","1","0","0","0","0","0","0","0","0","7","0","","02","12","2016","1","40.472304","-79.937435","","11","0","0","0","0","0","1","0","0","","0","0","0","","","0","","2","","40 28:20.294","","0","79 56:14.766","0","0","0","0","2301","0","0","0","N","0","0","0","1","02301","0","","2.0","","7","N","N","","0","","0","0","0","","2","","","1","0","0","0","0","0","0","2","0","1","","","","N","","","","","","","","","",""
"2016131680","","2","0","0","0","0","0","0","0","0","4","0","","02","12","2016","3","40.383006","-79.981206","","11","0","0","0","0","0","0","0","0","","0","0","0","","","0","","0","","40 22:58.820","","0","79 58:52.340","0","0","0","0","2301","0","0","0","N","0","0","0","1","02301","0","","4.0","","7","N","N","","0","","0","0","0","","0","","","2","0","0","0","0","0","0","2","0","2","","","","N","","","","","","","","","",""
"2016132700","","1","0","0","0","0","0","0","0","0","5","0","","02","12","2016","1","40.350581","-79.924904","","11","0","0","0","0","0","0","0","0","1","0","0","0","","","0","","0","","40 21:02.090","3","0","79 55:29.653","0","0","0","0","2473","0","0","0","N","0","0","0","5","02473","0","","1.0","","2","N","N","","0","","0","0","1","","0","N","","2","0","0","0","0","0","0","2","0","2","","","","N","","","","","","","","","",""
"2016130594","","0","0","0","0","0","0","0","0","0","0","0","","02","12","2016","1","40.666428","-80.050761","","11","0","0","0","0","0","0","0","0","","0","0","0","","","0","","2","","40 39:59.140","","0","80 03:02.739","0","0","0","0","2216","0","0","0","N","0","0","0","2","02505","0","","5.0","","9","N","N","","0","","0","0","1","","0","","","1","0","0","0","0","0","0","2","0","1","","","","N","","","","","","","","","",""
"2016122652","","1","0","0","0","0","0","0","0","0","1","0","","02","11","2016","3","40.449111","-80.025498","","11","0","0","0","0","0","2","0","0","2","0","0","0","","","1","","0","","40 26:56.800","2","3","80 01:31.793","8","0","0","0","2301","0","0","0","N","0","0","0","3","02301","0","","1.0","","1","N","N","","0","","0","0","0","","0","N","","2","1","0","0","0","1","0","2","1","2","","","","N","","","","","","","","","",""
"2016132551","","1","0","0","0","0","0","0","0","0","7","0","","02","12","2016","1","40.454825","-79.994438","","11","0","0","0","0","0","0","0","0","","0","0","0","","","0","","1","","40 27:17.371","","0","79 59:39.975","0","0","0","0","2301","0","0","0","N","0","0","0","1","02301","0","","2.0","","2","N","N","","0","","0","0","0","","2","","","1","0","0","0","0","0","0","2","0","1","","","","N","","","","","","","","","",""
"2016130586","","0","0","0","0","0","0","0","0","0","7","0","","02","12","2016","1","40.353229","-79.844429","","11","0","0","0","0","0","0","0","0","1","0","0","0","","","0","","0","","40 21:11.623","4","0","79 50:39.943","0","0","0","0","2304","0","0","0","N","0","0","0","1","02304","0","","5.0","","7","N","N","","0","","0","0","1","","0","N","","1","0","0","0","0","0","0","2","0","1","","","","N","","","","","","","","","",""
"2016131682","","1","0","0","0","0","0","0","0","0","7","0","","02","12","2016","3","40.481514","-80.287448","","11","0","0","0","0","0","1","0","0","1","0","0","0","","","0","","0","","40 28:53.451","4","0","80 17:14.811","0","0","0","0","2203","0","0","0","N","0","0","0","1","02203","0","","5.0","","2","N","N","","0","","0","0","0","","0","N","","1","0","0","0","0","0","0","1","0","1","","","","N","","","","","","","","","",""
"2016133587","","1","0","0","0","0","0","0","0","0","7","0","","02","12","2016","7","40.384255","-79.981434","","11","0","0","0","0","0","0","0","0","2","0","0","0","","","0","","0","","40 23:03.318","3","0","79 58:53.162","0","0","0","0","2301","0","0","0","N","0","0","0","1","02301","0","","5.0","","6","N","N","","0","","0","0","0","","0","N","","1","0","0","0","0","0","0","2","0","1","","","","N","","","","","","","","","",""
"2016079450","","0","0","0","0","0","0","0","0","0","7","0","","02","8","2016","7","40.279794","-80.001796","","11","0","0","0","0","0","0","0","0","","0","0","0","","","0","","0","","40 16:47.259","","0","80 00:06.467","0","0","0","0","2219","0","0","0","Y","0","0","0","1","02219","0","","2.0","","1","N","N","","0","","0","0","1","","0","","","1","0","0","0","0","0","0","1","0","1","","","","N","","","","","","","","","",""
"2016132985","","1","0","0","0","0","0","0","0","0","7","0","","02","12","2016","2","40.384528","-79.833056","","11","0","0","0","0","0","0","0","0","2","0","0","0","","","1","","0","","40 23:04.300","5","0","79 49:59.000","4","0","0","0","2111","0","0","0","N","0","0","0","1","02111","1","","2.0","","2","N","N","","0","","0","0","0","","0","Y","","1","1","0","0","0","0","0","2","0","1","","","","N","","","","","","","","","",""
"2016130548","","1","0","0","0","0","0","0","0","0","7","0","","02","12","2016","1","40.469389","-80.017222","","11","0","0","0","0","0","0","0","0","2","0","0","0","","","0","","2","","40 28:09.800","2","0","80 01:02.000","9","0","0","0","2301","0","0","0","N","0","0","0","1","02301","0","","5.0","","7","N","N","","0","","0","0","0","","0","N","","1","0","0","0","0","0","1","2","0","1","","","","N","","","","","","","","","",""
"2016130544","","0","0","0","0","0","0","0","0","0","7","0","","02","12","2016","1","40.378677","-79.992894","","11","0","0","0","0","0","1","0","0","","0","0","0","","","0","","2","","40 22:43.238","","0","79 59:34.420","0","0","0","0","2301","0","0","0","N","0","0","0","2","02301","0","","2.0","","2","N","N","","0","","0","0","1","","2","","","1","0","0","0","0","0","0","2","0","1","","","","N","","","","","","","","","",""
"2016136596","","2","0","0","0","0","0","0","0","0","2","0","","02","12","2016","5","40.626691","-79.857074","","11","0","0","0","0","0","1","0","0","2","0","0","0","","","2","","0","","40 37:36.089","5","0","79 51:25.466","4","0","0","0","2220","0","0","0","N","0","0","0","2","02220","2","","1.0","","1","N","N","","0","","0","0","0","","0","Y","","2","2","0","0","0","0","0","2","0","2","","","","N","","","","","","","","","",""
"2016131580","","2","0","0","0","0","0","0","0","0","4","0","","02","12","2016","3","40.441547","-80.193295","","11","0","0","0","1","0","0","0","0","1","0","0","0","","","0","","2","","40 26:29.569","1","0","80 11:35.861","0","0","0","0","2214","0","0","0","N","0","0","0","2","02214","0","","1.0","","1","N","N","","0","","0","0","0","","0","N","","2","0","0","0","0","0","0","2","0","2","","","","N","","","","","","","","","",""
"2016130538","","6","0","0","0","0","0","0","0","0","2","0","","02","12","2016","1","40.426734","-79.919631","","11","0","0","0","0","0","0","0","0","","0","0","0","","","0","","0","","40 25:36.243","","0","79 55:10.672","0","0","0","0","2301","0","0","0","N","0","0","0","5","02301","0","","1.0","","2","N","N","","0","","0","0","1","","0","","","7","0","0","0","0","0","0","2","0","7","","","","N","","","","","","","","","",""
"2016131287","","2","0","0","0","0","0","0","0","0","6","0","","02","12","2016","2","40.356009","-79.911944","","11","0","0","0","0","0","0","1","1","3","0","0","0","","","1","","0","","40 21:21.631","7","0","79 54:42.998","3","0","0","0","2473","0","0","0","N","0","0","0","2","02473","0","","2.0","","1","N","N","","1","","1","0","0","","0","Y","","3","1","0","0","0","0","0","2","0","3","","","","N","","","","","","","","","",""
"2016131008","","0","0","0","0","0","0","0","0","0","1","0","","02","12","2016","4","40.502806","-79.838361","","11","0","0","0","0","0","0","0","0","","0","0","0","","","1","","0","","40 30:10.100","","0","79 50:18.100","3","0","0","0","2113","0","0","0","N","0","0","0","2","02113","0","","1.0","","1","N","N","","2","","1","0","0","","0","","","2","1","0","0","0","0","0","2","0","2","","","","N","","","","","","","","","",""
"2016124838","","1","0","0","0","0","0","0","0","0","4","0","","02","10","2016","6","40.556981","-80.018559","","11","0","0","0","0","0","1","0","0","2","0","0","0","","","0","","0","","40 33:25.131","1","0","80 01:06.814","0","0","0","0","2108","0","0","0","","0","0","0","3","02108","0","","1.0","","9","N","N","","0","","0","0","1","","2","N","","2","0","0","0","0","0","0","2","0","2","","","","N","","","","","","","","","",""
"2016130412","","1","0","0","0","0","0","0","0","0","6","0","","02","12","2016","7","40.323567","-79.96081","","11","0","0","0","0","0","1","0","0","","0","0","0","","","0","","2","","40 19:24.841","","0","79 57:38.916","0","0","0","0","2454","0","0","0","N","0","0","0","3","02454","0","","1.0","","1","N","N","","0","","0","0","1","","3","","","2","0","0","0","0","0","0","2","0","2","","","","N","","","","","","","","","",""
"2016130535","","1","0","0","0","0","0","0","0","0","4","0","","02","12","2016","1","40.43708","-79.998329","","11","0","0","0","0","1","0","0","0","","0","0","0","","","0","","1","","40 26:13.487","","0","79 59:53.986","0","0","0","0","2301","0","0","0","N","0","0","0","3","02301","0","","1.0","","9","N","N","","0","","0","0","1","","2","","","2","0","0","0","0","0","0","2","0","2","","","","N","","","","","","","","","",""
"2016131101","","2","0","0","0","0","0","0","0","0","5","0","","02","12","2016","2","40.492398","-79.864004","","11","0","0","0","0","1","0","0","0","","0","0","0","","","0","","0","","40 29:32.631","","0","79 51:50.416","9","0","0","0","2408","0","0","0","N","0","0","0","2","02408","0","","2.0","","1","N","N","","0","","0","0","0","","0","","","2","0","0","0","0","0","2","2","0","2","","","","N","","","","","","","","","",""
"2016119402","","1","0","0","0","0","0","0","0","0","1","0","","02","11","2016","3","40.52375","-80.178538","","11","0","0","0","0","0","0","0","0","1","0","0","0","","","1","","0","","40 31:25.499","2","0","80 10:42.735","4","0","0","0","2213","0","0","0","","0","0","0","3","02213","1","","1.0","","1","N","N","","1","","0","0","1","","0","N","","3","1","0","0","0","0","0","2","0","3","","","","N","","","","","","","","","",""
"2016131100","","2","0","0","0","0","0","0","0","0","4","0","","02","12","2016","2","40.4549","-79.911357","","11","0","0","0","0","0","1","0","0","1","0","0","0","","","1","","2","","40 27:17.640","1","0","79 54:40.884","8","0","0","0","2301","0","0","0","N","0","0","0","4","02301","0","","1.0","","1","N","N","","0","","0","0","0","","3","N","","2","1","0","0","0","1","0","2","0","2","","","","N","","","","","","","","","",""
"2016128258","","0","0","0","0","0","0","0","0","0","1","0","","02","11","2016","3","40.451481","-79.995065","","11","0","0","0","0","0","3","0","0","3","0","0","0","","","2","","0","","40 27:05.330","1","3","79 59:42.233","3","0","0","0","2301","0","0","0","","0","0","0","4","68B03","0","","1.0","","1","N","N","","1","","2","0","3","","0","N","","4","2","0","0","0","0","0","2","0","4","","","","N","","","","","","","","","",""
"2016130920","","1","0","0","0","0","0","0","0","0","1","0","","02","12","2016","2","40.454433","-79.994751","","11","0","0","0","0","0","1","0","0","","0","0","0","","","1","","0","","40 27:15.958","","0","79 59:41.105","8","0","0","0","2301","0","0","0","N","0","0","0","3","02301","0","","1.0","","9","N","N","","1","","0","0","1","","0","","","3","1","1","0","0","1","0","2","0","3","","","","N","","","","","","","","","",""
"2016115963","","2","0","0","0","0","0","0","0","0","4","0","","02","11","2016","1","40.50285","-80.073498","","11","0","0","0","0","0","1","0","1","2","0","0","0","","","0","","1","","40 30:10.260","5","0","80 04:24.592","0","0","0","0","2402","0","0","0","N","0","0","0","3","02402","0","","1.0","","1","N","N","","0","","0","0","0","","3","Y","","2","0","0","0","0","0","0","2","0","2","","","","N","","","","","","","","","",""
"2016118727","","1","0","0","0","0","0","0","0","0","7","0","","02","11","2016","4","40.545906","-79.770504","","11","0","0","0","0","0","0","0","0","","0","0","0","","","1","","0","","40 32:45.261","","0","79 46:13.813","4","0","0","0","2121","0","0","0","N","0","0","0","1","02121","1","","2.0","","9","N","N","","0","","0","0","0","","0","","","1","1","0","0","0","0","0","1","0","1","","","","N","","","","","","","","","",""
"2016130791","","0","0","0","0","0","0","0","0","0","7","0","","02","12","2016","1","40.393529","","","11","0","0","0","0","0","0","0","0","3","0","0","0","","","1","","1","","40 23:36.703","2","3","80 05:15.0","3","0","0","0","2437","0","0","0","Y","0","0","0","1","02437","0","","3.0","","7","N","N","","0","","1","0","1","","2","Y","","1","1","0","0","0","0","0","2","0","1","","","","N","","","","","","","","","",""
"2016130398","","1","0","0","0","0","0","0","0","0","4","0","","02","12","2016","7","40.396218","-79.998194","","11","0","0","0","0","0","1","0","0","1","0","0","0","","","1","","1","","40 23:46.384","5","0","79 59:53.499","3","0","0","0","2301","0","0","0","N","0","0","0","3","02301","0","","1.0","","1","N","N","","1","","1","0","0","","2","N","","2","1","0","0","0","0","0","2","0","2","","","","N","","","","","","","","","",""
"2016130914","","1","0","0","0","0","0","0","0","0","7","0","","02","12","2016","2","40.343587","-79.863308","","11","0","0","0","0","0","1","0","0","","0","0","0","","","0","","2","","40 20:36.914","","0","79 51:47.909","0","0","0","0","2304","0","0","0","Y","0","0","0","1","02304","0","","2.0","","1","N","N","","0","","0","0","0","","0","","","1","0","0","0","0","0","0","2","0","1","","","","N","","","","","","","","","",""