"CRN","ARRIVAL_TM","AUTOMOBILE_COUNT","BELTED_DEATH_COUNT","BELTED_SUSP_SERIOUS_INJ_COUNT","BICYCLE_COUNT","BICYCLE_DEATH_COUNT","BICYCLE_SUSP_SERIOUS_INJ_COUNT","BUS_COUNT","CHLDPAS_DEATH_COUNT","CHLDPAS_SUSP_SERIOUS_INJ_COUNT","COLLISION_TYPE","COMM_VEH_COUNT","CONS_ZONE_SPD_LIM","COUNTY","CRASH_MONTH","CRASH_YEAR","DAY_OF_WEEK","DEC_LATITUDE","DEC_LONGITUDE","DISPATCH_TM","DISTRICT","DRIVER_COUNT_16YR","DRIVER_COUNT_17YR","DRIVER_COUNT_18YR","DRIVER_COUNT_19YR","DRIVER_COUNT_20YR","DRIVER_COUNT_50_64YR","DRIVER_COUNT_65_74YR","DRIVER_COUNT_75PLUS","EST_HRS_CLOSED","FATAL_COUNT","HEAVY_TRUCK_COUNT","HORSE_BUGGY_COUNT","HOUR_OF_DAY","ILLUMINATION","INJURY_COUNT","INTERSECTION_RELATED","INTERSECT_TYPE","LANE_CLOSED","LATITUDE","LN_CLOSE_DIR","LOCATION_TYPE","LONGITUDE","MAX_SEVERITY_LEVEL","MCYCLE_DEATH_COUNT","MCYCLE_SUSP_SERIOUS_INJ_COUNT","MOTORCYCLE_COUNT","MUNICIPALITY","NONMOTR_COUNT","NONMOTR_DEATH_COUNT","NONMOTR_SUSP_SERIOUS_INJ_COUNT","NTFY_HIWY_MAINT","PED_COUNT","PED_DEATH_COUNT","PED_SUSP_SERIOUS_INJ_COUNT","PERSON_COUNT","POLICE_AGCY","POSSIBLE_INJ_COUNT","RDWY_SURF_TYPE_CD","RELATION_TO_ROAD","ROADWAY_CLEARED","ROAD_CONDITION","SCH_BUS_IND","SCH_ZONE_IND","SECONDARY_CRASH","SMALL_TRUCK_COUNT","SPEC_JURIS_CD","SUSP_MINOR_INJ_COUNT","SUSP_SERIOUS_INJ_COUNT","SUV_COUNT","TCD_FUNC_CD","TCD_TYPE","TFC_DETOUR_IND","TIME_OF_DAY","TOTAL_UNITS","TOT_INJ_COUNT","UNBELTED_OCC_COUNT","UNB_DEATH_COUNT","UNB_SUSP_SERIOUS_INJ_COUNT","UNK_INJ_DEG_COUNT","UNK_INJ_PER_COUNT","URBAN_RURAL","VAN_COUNT","VEHICLE_COUNT","WEATHER1","WEATHER2","WORKERS_PRES","WORK_ZONE_IND","WORK_ZONE_LOC","WORK_ZONE_TYPE","WZ_CLOSE_DETOUR","WZ_FLAGGER","WZ_LAW_OFFCR_IND","WZ_LN_CLOSURE","WZ_MOVING","WZ_OTHER","WZ_SHLDER_MDN","WZ_WORKERS_INJ_KILLED"
"2016133363","","3","0","0","0","0","0","0","0","0","1","0","","02","12","2016","6","40.481528","-79.876136","","11","0","1","0","0","0","0","0","0","2","0","0","0","","","1","","2","","40 28:53.500","4","0","79 52:34.091","8","0","0","0","2113","0","0","0","N","0","0","0","5","02113","0","","1.0","","1","N","N","","0","","0","0","0","","0","Y","","3","1","0","0","0","1","0","2","0","3","","","","N","","","","","","","","","",""
"2016127051","","0","0","0","0","0","0","0","0","0","7","0","","02","12","2016","7","40.609881","-79.967085","","11","0","0","0","0","0","0","0","0","2","0","0","0","","","0","","0","","40 36:35.570","4","0","79 58:01.505","0","0","0","0","2207","0","0","0","N","0","0","0","1","02207","0","","2.0","","1","N","N","","0","","0","0","1","","0","N","","1","0","0","0","0","0","0","2","0","1","","","","N","","","","","","","","","",""
"2016116847","","2","0","0","0","0","0","0","0","0","4","0","","02","11","2016","2","40.464759","-80.058619","","11","0","0","0","0","0","0","0","0","","0","0","0","","","1","","2","","40 27:53.132","","0","80 03:31.030","8","0","0","0","2301","0","0","0","N","0","0","0","4","02301","0","","1.0","","1","N","N","","0","","0","0","0","","0","","","2","1","0","0","0","1","0","2","0","2","","","","N","","","","","","","","","",""
"2016135545","","2","0","0","0","0","0","0","0","0","2","0","","02","12","2016","4","40.47777","-79.785776","","11","0","0","0","0","0","2","0","0","2","0","0","0","","","1","","0","","40 28:39.971","6","0","79 47:08.793","3","0","0","0","2113","0","0","0","N","0","0","0","3","02113","0","","1.0","","1","N","N","","0","","1","0","0","","3","Y","","2","1","1","0","0","0","0","2","0","2","","","","N","","","","","","","","","",""
"2016128175","","0","0","0","0","0","0","0","0","0","7","0","","02","11","2016","1","40.43529","-79.748804","","11","0","0","0","0","0","1","0","0","1","0","0","0","","","0","","0","","40 26:07.045","3","5","79 44:55.693","0","0","0","0","2446","0","0","0","","0","0","0","2","68T09","0","","5.0","","1","N","N","","1","","0","0","0","","0","N","","1","0","0","0","0","0","0","2","0","1","","","","N","","","","","","","","","",""
"2016121924","","2","0","0","0","0","0","0","0","0","4","0","","02","11","2016","2","40.425799","-80.019809","","11","0","0","0","0","0","0","0","0","1","0","0","0","","","1","","1","","40 25:32.876","1","0","80 01:11.311","3","0","0","0","2301","0","0","0","N","0","0","0","2","02301","0","","1.0","","1","N","N","","0","","1","0","0","","2","N","","2","1","0","0","0","0","0","2","0","2","","","","N","","","","","","","","","",""
"2016131104","","0","0","0","0","0","0","0","0","0","8","0","","02","12","2016","6","40.364028","-80.047965","","11","0","0","0","0","0","0","0","0","","0","0","0","","","1","","3","","40 21:50.502","","0","80 02:52.673","4","0","0","0","2109","1","0","0","","1","0","0","1","02109","1","","1.0","","1","N","N","","0","","0","0","0","","0","","","2","1","0","0","0","0","0","2","0","1","","","","N","","","","","","","","","",""
"2016136588","","1","0","0","0","0","0","0","0","0","7","0","","02","12","2016","7","40.436635","-79.709095","","11","0","0","0","0","0","0","0","0","","0","0","0","","","0","","0","","40 26:11.886","","0","79 42:32.742","0","0","0","0","2446","0","0","0","N","0","0","0","1","02446","0","","5.0","","2","N","N","","0","","0","0","0","","0","","","1","0","0","0","0","0","0","2","0","1","","","","N","","","","","","","","","",""
"2016122867","","1","0","0","0","0","0","0","0","0","1","1","","02","11","2016","2","40.420471","-79.850909","","11","0","0","0","0","0","1","0","0","1","0","1","0","","","1","","2","","40 25:13.696","4","0","79 51:03.274","4","0","0","0","2431","0","0","0","N","0","0","0","3","02431","1","","1.0","","9","N","N","","0","","0","0","0","","0","N","","2","1","0","0","0","0","0","2","0","2","","","","N","","","","","","","","","",""
"2016125891","","2","0","0","0","0","0","0","0","0","4","0","","02","12","2016","5","40.332422","-79.933883","","11","0","0","0","0","0","0","0","0","2","0","0","0","","","1","","1","","40 19:56.719","2","0","79 56:01.978","8","0","0","0","2473","0","0","0","N","0","0","0","2","02473","0","","1.0","","9","N","N","","0","","0","0","0","","2","N","","2","1","0","0","0","1","0","2","0","2","","","","N","","","","","","","","","",""
"2016124852","","1","0","0","0","0","0","0","0","0","4","0","","02","11","2016","6","40.582047","-80.038076","","11","0","1","0","0","0","1","0","0","","0","0","0","","","0","","1","","40 34:55.369","","0","80 02:17.073","0","0","0","0","2108","0","0","0","","0","0","0","2","02108","0","","1.0","","1","N","N","","0","","0","0","1","","2","","","2","0","0","0","0","0","0","2","0","2","","","","N","","","","","","","","","",""
"2016076892","","2","0","0","0","0","0","0","0","0","1","0","","02","7","2016","1","40.52467","-79.837083","","11","0","0","0","0","0","0","0","0","","0","0","0","","","0","","0","","40 31:28.812","","0","79 50:13.500","0","0","0","0","2451","0","0","0","","0","0","0","2","02451","0","","1.0","","1","","","","0","","0","0","0","","0","","","2","0","0","0","0","0","0","2","0","2","","","","N","","","","","","","","","",""
"2016138061","","1","0","0","0","0","0","0","0","0","1","0","","02","12","2016","2","40.548056","-80.018139","","11","0","0","0","0","0","0","0","0","1","0","0","0","","","0","","0","","40 32:53.003","2","0","80 01:05.300","0","0","0","0","2116","0","0","0","N","0","0","0","4","02116","0","","1.0","","9","N","N","","0","","0","0","1","","0","N","","2","0","0","0","0","0","0","2","0","2","","","","N","","","","","","","","","",""
"2016116968","","2","0","0","0","0","0","0","0","0","1","0","","02","11","2016","3","40.479774","-80.031145","","11","0","0","0","0","0","1","0","0","","0","0","0","","","0","","2","","40 28:47.186","","99","80 01:52.122","0","0","0","0","2301","0","0","0","N","0","0","0","2","02301","0","","1.0","","1","N","N","","0","","0","0","0","","0","","","2","0","0","0","0","0","0","2","0","2","","","","N","","","","","","","","","",""
"2016122611","","2","0","0","0","0","0","0","0","0","4","0","","02","11","2016","2","40.37875","-79.97075","","11","0","0","0","0","0","0","0","0","","0","0","0","","","0","","0","","40 22:43.500","","0","79 58:14.700","0","0","0","0","2413","0","0","0","N","0","0","0","3","02413","0","","5.0","","1","N","N","","0","","0","0","0","","3","","","2","0","0","0","0","0","0","2","0","2","","","","N","","","","","","","","","",""
"2016116614","","4","0","0","0","0","0","0","0","0","4","0","","02","11","2016","3","40.521434","-79.840222","","11","0","0","0","0","0","1","0","1","","0","0","0","","","1","","1","","40 31:17.162","","0","79 50:24.799","3","0","0","0","2451","0","0","0","N","0","0","0","6","02451","0","","1.0","","1","N","N","","0","","1","0","0","","3","","","4","1","0","0","0","0","0","2","0","4","","","","N","","","","","","","","","",""
"2016127090","","1","1","0","0","0","0","0","0","0","7","0","","02","12","2016","6","40.274463","-79.894064","","11","0","0","0","0","0","0","1","0","2","1","0","0","","","1","","0","","40 16:28.068","2","0","79 53:38.631","1","0","0","0","2428","0","0","0","N","0","0","0","2","02428","1","1","2.0","","1","N","N","","0","0","0","0","0","","0","N","","1","1","0","0","0","0","0","2","0","1","","","","N","","","","","","","","","",""
"2016117377","","1","0","0","0","0","0","0","0","0","8","0","","02","11","2016","4","40.419643","-79.927184","","11","0","0","0","1","0","0","0","0","","0","0","0","","","1","","1","","40 25:10.714","","7","79 55:37.862","2","0","0","0","2301","1","0","1","N","1","0","1","4","02301","0","","4.0","","1","N","N","","0","","0","1","0","","0","","","2","1","0","0","0","0","0","2","0","1","","","","N","","","","","","","","","",""
"2016127516","","2","0","0","0","0","0","0","0","0","4","0","","02","11","2016","2","40.321481","-79.83689","","11","0","0","0","0","0","1","0","0","","0","0","0","","","0","","2","","40 19:17.331","","0","79 50:12.805","0","0","0","0","2469","0","0","0","N","0","0","0","2","02469","0","","1.0","","1","N","N","","0","","0","0","0","","0","","","2","0","0","0","0","0","0","2","0","2","","","","N","","","","","","","","","",""
"2016124856","","1","0","0","0","0","0","0","0","0","8","0","","02","11","2016","5","40.566063","-80.016464","","11","0","0","0","0","0","0","0","0","1","0","0","0","","","1","","2","","40 33:57.826","7","0","80 00:59.270","8","0","0","0","2108","1","0","0","","1","0","0","2","02108","0","","1.0","","9","N","N","","0","","0","0","0","","3","Y","","2","1","0","0","0","1","0","2","0","1","","","","N","","","","","","","","","",""
"2016116138","","2","0","0","0","0","0","0","0","0","4","0","","02","11","2016","2","40.442153","-80.033877","","11","0","0","0","0","0","0","0","1","2","0","0","0","","","1","","0","","40 26:31.750","6","0","80 02:01.957","4","0","0","0","2301","0","0","0","N","0","0","0","4","02301","1","","1.0","","1","N","N","","0","","0","0","0","","0","N","","2","1","0","0","0","0","0","2","0","2","","","","N","","","","","","","","","",""
"2016122565","","0","0","0","0","0","0","0","0","0","7","0","","02","11","2016","2","40.325694","-79.986556","","11","0","0","0","0","0","1","0","0","2","0","0","0","","","1","","0","","40 19:32.500","2","0","79 59:11.600","3","0","0","0","2219","0","0","0","N","0","0","0","1","02219","0","","3.0","","1","N","N","","0","","1","0","0","","0","N","","1","1","1","0","0","0","0","2","1","1","","","","N","","","","","","","","","",""
"2016116603","","1","0","0","0","0","0","0","0","0","4","0","","02","11","2016","3","40.478908","-80.043019","","11","0","0","0","0","0","1","0","0","","0","0","0","","","0","","1","","40 28:44.067","","0","80 02:34.868","0","0","0","0","2301","0","0","0","N","0","0","0","2","02301","0","","1.0","","1","N","N","","0","","0","0","1","","2","","","2","0","0","0","0","0","0","2","0","2","","","","N","","","","","","","","","",""
"2016138063","","0","0","0","0","0","0","0","0","0","1","0","","02","12","2016","3","40.506733","-80.006887","","11","0","0","0","0","0","0","0","0","","0","0","0","","","0","","1","","40 30:24.237","","6","80 00:24.793","0","0","0","0","2116","0","0","0","N","0","0","0","5","02116","0","","1.0","","1","N","N","","1","","0","0","2","","2","","","3","0","0","0","0","0","0","2","0","3","","","","N","","","","","","","","","",""
"2016122334","","1","0","0","0","0","0","0","0","0","7","0","","02","11","2016","2","","","","11","0","0","0","0","0","1","0","0","","0","0","0","","","0","","0","","40 25:03.1","","0","79 50:55.3","0","0","0","0","2431","0","0","0","N","0","0","0","2","02431","0","","5.0","","1","N","N","","0","","0","0","0","","0","","","1","0","0","0","0","0","0","2","0","1","","","","N","","","","","","","","","",""
"2016076703","","2","0","0","0","0","0","0","0","0","4","0","","02","8","2016","4","40.491568","-79.865668","","11","0","0","0","0","0","1","0","0","","0","0","0","","","0","","0","","40 29:29.644","","0","79 51:56.404","0","0","0","0","2408","0","0","0","N","0","0","0","2","02408","0","","1.0","","1","N","N","","0","","0","0","0","","0","","","2","0","0","0","0","0","0","2","0","2","","","","N","","","","","","","","","",""
"2016116877","","1","0","0","0","0","0","0","0","0","7","0","","02","11","2016","3","40.285947","-79.956275","","11","0","0","0","0","0","0","0","0","1","0","0","0","","","0","","0","","40 17:09.408","6","0","79 57:22.590","9","0","0","0","2440","0","0","0","N","0","0","0","1","02440","0","","5.0","","1","N","N","","0","","0","0","0","","0","Y","","1","0","0","0","0","0","1","2","0","1","","","","N","","","","","","","","","",""
"2016116181","","1","0","0","0","0","0","0","0","0","8","0","","02","11","2016","2","40.456567","-79.939714","","11","0","0","0","0","0","0","0","0","","0","0","0","","","1","","1","","40 27:23.642","","0","79 56:22.970","8","0","0","0","2301","1","0","0","N","1","0","0","2","02301","0","","1.0","","1","N","N","","0","","0","0","0","","2","","","2","1","0","0","0","1","0","2","0","1","","","","N","","","","","","","","","",""
"2016120345","","1","0","0","0","0","0","0","0","0","1","0","","02","11","2016","5","40.275487","-79.893033","","11","0","0","0","0","0","2","0","0","3","0","0","0","","","0","","0","","40 16:31.753","1","0","79 53:34.920","0","0","0","0","2440","0","0","0","N","0","0","0","2","02440","0","","1.0","","1","N","N","","0","","0","0","1","","0","N","","2","0","0","0","0","0","0","2","0","2","","","","N","","","","","","","","","",""
"2016135027","","0","0","0","0","0","0","0","0","0","8","0","90","02","12","2016","3","40.218798","-79.869589","","11","0","0","0","0","0","0","0","0","9","0","0","0","","","1","","0","","40 13:07.673","2","0","79 52:10.519","8","0","0","0","2204","1","0","0","N","1","0","0","2","02204","0","","1.0","","1","N","N","","1","","0","0","0","","7","N","","2","1","0","0","0","1","0","1","0","1","","","Y","Y","3","1","","Y","N","Y","Y","","",""
"2016122535","","0","0","0","0","0","0","0","0","0","7","0","","02","11","2016","2","40.607667","-79.782028","","11","0","0","0","0","0","0","0","1","2","0","0","0","","","1","","0","","40 36:27.600","7","0","79 46:55.300","8","0","0","0","2206","0","0","0","N","0","0","0","1","02206","0","","5.0","","1","N","N","","1","","0","0","0","","0","N","","1","1","0","0","0","1","0","1","0","1","","","","N","","","","","","","","","",""
"2016116574","","2","0","0","0","0","0","0","0","0","6","0","","02","11","2016","3","40.589885","-80.202502","","11","0","0","0","0","0","1","0","0","2","0","0","0","","","1","","1","","40 35:23.587","3","0","80 12:09.006","4","0","0","0","2480","0","0","0","N","0","0","0","2","02480","1","","1.0","","1","N","N","","0","","0","0","0","","3","N","","2","1","0","0","0","0","0","2","0","2","","","","N","","","","","","","","","",""
"2016118583","","1","0","0","0","0","0","0","0","0","1","0","","02","11","2016","2","40.361939","-79.989103","","11","0","0","0","0","0","0","0","0","1","0","0","0","","","3","","0","","40 21:42.980","2","0","79 59:20.770","3","0","0","0","2476","0","0","0","","0","0","0","3","02476","0","","1.0","","1","N","N","","0","","1","0","1","","0","N","","2","3","0","0","0","2","0","2","0","2","","","","N","","","","","","","","","",""
"2016129726","","0","0","0","0","0","0","0","0","0","4","0","","02","12","2016","5","40.648444","-79.8475","","11","0","0","0","0","0","0","0","0","1","0","0","0","","","0","","2","","40 38:54.400","3","0","79 50:51.000","0","0","0","0","2220","0","0","0","N","0","0","0","4","02220","0","","1.0","","1","N","N","","2","","0","0","0","","0","N","","2","0","0","0","0","0","0","1","0","2","","","","N","","","","","","","","","",""
"2016122306","","1","0","0","0","0","0","0","0","0","1","0","","02","11","2016","2","40.391956","-79.996951","","11","0","0","0","0","0","0","0","0","2","0","0","0","","","1","","0","","40 23:31.042","1","0","79 59:49.025","3","0","0","0","2301","0","0","0","N","0","0","0","2","02301","0","","1.0","","1","N","N","","0","","1","0","1","","0","N","","2","1","0","0","0","0","0","2","0","2","","","","N","","","","","","","","","",""
"2016138006","","1","0","0","0","0","0","0","0","0","1","0","","02","12","2016","3","40.505458","-80.207549","","11","0","0","0","0","0","0","0","1","","0","0","0","","","0","","2","","40 30:19.650","","0","80 12:27.175","0","0","0","0","2213","0","0","0","","0","0","0","3","02213","0","","1.0","","1","N","N","","0","","0","0","1","","0","","","2","0","0","0","0","0","0","2","0","2","","","","N","","","","","","","","","",""
"2016136002","","1","0","0","0","0","0","0","0","0","4","0","","02","12","2016","5","40.468925","-80.09793","","11","0","0","1","0","0","0","0","0","","0","0","0","","","0","","1","","40 28:08.130","","0","80 05:52.548","0","0","0","0","2126","0","0","0","N","0","0","0","2","02126","0","","1.0","","1","N","N","","1","","0","0","0","","1","","","2","0","0","0","0","0","0","2","0","2","","","","N","","","","","","","","","",""
"2016122037","","2","0","0","0","0","0","0","0","0","1","0","","02","11","2016","2","40.463581","-79.977131","","11","0","0","0","0","0","0","0","0","1","0","0","0","","","1","","0","","40 27:48.892","4","3","79 58:37.672","4","0","0","0","2301","0","0","0","N","0","0","0","2","02301","1","","1.0","","1","N","N","","0","","0","0","0","","0","N","","2","1","0","0","0","0","0","2","0","2","","","","N","","","","","","","","","",""
"2016117339","","2","0","0","0","0","0","0","0","0","2","0","","02","11","2016","4","40.41599","-79.93848","","11","0","0","0","0","0","0","1","0","2","0","0","0","","","1","","0","","40 24:57.564","2","0","79 56:18.528","4","0","0","0","2301","0","0","0","N","0","0","0","3","02301","1","","1.0","","1","N","N","","1","","0","0","0","","0","Y","","3","1","0","0","0","0","0","2","0","3","","","","N","","","","","","","","","",""
"2016116150","","1","0","0","0","0","0","0","0","0","7","0","","02","11","2016","2","40.394645","-80.168569","","11","0","0","0","0","0","0","0","0","2","0","0","0","","","0","","0","","40 23:40.722","3","0","80 10:06.848","0","0","0","0","2102","0","0","0","N","0","0","0","1","02102","0","","5.0","","1","N","N","","0","","0","0","0","","0","N","","1","0","0","0","0","0","0","2","0","1","","","","N","","","","","","","","","",""
"2016122290","","2","0","0","0","0","0","0","0","0","1","0","","02","11","2016","2","40.630116","-80.0571","","11","0","1","0","0","0","0","1","0","","0","0","0","","","1","","0","","40 37:48.417","","0","80 03:25.560","4","0","0","0","2216","0","0","0","N","0","0","0","3","02505","1","","1.0","","1","N","N","","1","","0","0","0","","0","","","3","1","0","0","0","0","0","2","0","3","","","","N","","","","","","","","","",""
"2016127481","","1","0","0","0","0","0","0","0","0","4","0","","02","12","2016","2","40.366164","-80.106969","","11","0","0","0","0","0","0","0","0","","0","0","0","","","0","","1","","40 21:58.192","","0","80 06:25.090","0","0","0","0","2102","0","0","0","N","0","0","0","5","02102","0","","1.0","","1","N","N","","0","","0","0","1","","2","","","2","0","0","0","0","0","0","2","0","2","","","","N","","","","","","","","","",""
"2016138376","","0","0","0","0","0","0","0","0","0","99","0","","02","12","2016","2","40.594259","-79.901828","","11","0","0","0","0","0","0","0","0","","0","0","0","","","0","","0","","40 35:39.333","","0","79 54:06.579","0","0","0","0","2209","0","0","0","","0","0","0","2","68T02","0","","1.0","","9","N","N","","0","","0","0","1","","0","","","1","0","0","0","0","0","0","1","0","1","","","","N","","","","","","","","","",""
"2016119108","","1","0","0","0","0","0","0","0","0","7","0","","02","11","2016","1","40.521972","-80.045694","","11","0","0","0","0","0","0","1","0","","0","0","0","","","2","","10","","40 31:19.100","","0","80 02:44.500","8","0","0","0","2116","0","0","0","N","0","0","0","2","02116","0","","1.0","","3","N","N","","0","","0","0","0","","0","","","1","2","0","0","0","2","0","2","0","1","","","","N","","","","","","","","","",""
"2016116906","","0","0","0","0","0","0","0","0","0","4","0","","02","11","2016","3","40.438568","-79.985087","","11","0","0","0","0","0","1","0","0","","0","0","0","","","1","","1","","40 26:18.844","","0","79 59:06.313","4","0","0","0","2301","0","0","0","N","0","0","0","3","02301","1","","1.0","","1","N","N","","1","","0","0","0","","1","","","2","1","1","0","0","0","0","2","1","2","","","","N","","","","","","","","","",""
"2016129793","","2","0","0","0","0","0","0","0","0","6","0","","02","11","2016","1","40.407336","-79.911401","","11","0","0","0","0","0","0","0","0","2","0","0","0","","","0","","0","","40 24:26.409","4","0","79 54:41.042","9","0","0","0","2438","0","0","0","N","0","0","0","2","02438","0","","1.0","","1","N","N","","0","","0","0","0","","0","N","","2","0","1","0","0","0","1","2","0","2","","","","N","","","","","","","","","",""
"2016136586","","2","0","0","0","0","0","0","0","0","4","0","","02","12","2016","3","40.396086","-79.803101","","11","0","1","0","0","0","1","0","0","","0","0","0","","","1","","1","","40 23:45.911","","0","79 48:11.165","4","0","0","0","2446","0","0","0","N","0","0","0","2","02446","1","","1.0","","1","N","N","","0","","0","0","0","","2","","","2","1","0","0","0","0","0","2","0","2","","","","N","","","","","","","","","",""
"2016127400","","1","0","0","0","0","0","0","0","0","1","0","","02","12","2016","2","40.328611","-79.945","","11","0","0","0","0","0","0","0","0","2","0","0","0","","","0","","2","","40 19:43.000","2","0","79 56:42.000","0","0","0","0","2454","0","0","0","N","0","0","0","2","02454","0","","1.0","","1","N","N","","0","","0","0","1","","2","N","","2","0","0","0","0","0","0","2","0","2","","","","N","","","","","","","","","",""
"2016128472","","2","0","0","0","0","0","0","0","0","2","0","","02","12","2016","4","40.324775","-80.065515","","11","0","0","0","0","0","1","0","1","2","0","0","0","","","2","","10","","40 19:29.191","5","0","80 03:55.855","4","0","0","0","2123","0","0","0","N","0","0","0","2","02123","2","","1.0","","1","N","N","","0","","0","0","0","","0","Y","","2","2","0","0","0","0","0","2","0","2","","","","N","","","","","","","","","",""
"2016117222","","2","0","0","0","0","0","0","0","0","2","0","","02","11","2016","4","40.398803","-80.065519","","11","0","0","0","0","0","1","0","1","1","0","0","0","","","0","","2","","40 23:55.690","2","0","80 03:55.870","0","0","0","0","2117","0","0","0","N","0","0","0","2","02117","0","","1.0","","1","N","N","","0","","0","0","0","","0","N","","2","0","0","0","0","0","0","2","0","2","","","","N","","","","","","","","","",""
"2016126805","","1","0","0","0","0","0","0","0","0","7","0","","02","12","2016","6","","","","11","0","0","0","0","0","0","0","0","","0","0","0","","","2","","0","","","","0","","2","0","0","0","2214","0","0","0","N","0","0","0","2","02501","0","","5.0","","1","N","N","","0","","1","1","0","","0","","","1","2","0","0","0","0","0","1","0","1","","","","N","","","","","","","","","",""
"2016116874","","1","0","0","0","0","0","0","0","0","99","0","","02","11","2016","3","40.515148","-80.271344","","11","0","0","0","0","0","0","0","0","","0","0","0","","","0","","7","","40 30:54.532","","2","80 16:16.839","0","0","0","0","2203","0","0","0","N","0","0","0","1","02203","0","","1.0","","9","N","N","","0","","0","0","0","","0","","","1","0","0","0","0","0","0","2","0","1","","","","N","","","","","","","","","",""
"2016118052","","0","0","0","0","0","0","0","0","0","2","0","","02","11","2016","2","40.327151","-79.911164","","11","1","0","0","0","0","1","0","0","2","0","0","0","","","2","","2","","40 19:37.745","5","0","79 54:40.189","3","0","0","0","2473","0","0","0","N","0","0","0","2","02473","0","","1.0","","1","N","N","","0","","2","0","2","","0","Y","","2","2","0","0","0","0","0","2","0","2","","","","N","","","","","","","","","",""
"2016136846","","1","0","0","0","0","0","0","0","0","4","0","","02","12","2016","6","40.438806","-79.77475","","11","0","0","0","0","0","1","0","0","","0","0","0","","","0","","0","","40 26:19.700","","7","79 46:29.100","0","0","0","0","2446","0","0","0","N","0","0","0","3","02446","0","","1.0","","1","N","N","","0","","0","0","1","","0","","","2","0","0","0","0","0","0","2","0","2","","","","N","","","","","","","","","",""
"2016123522","","1","0","0","0","0","0","0","0","0","0","0","","02","11","2016","4","40.37895","-79.923001","","11","0","0","0","0","0","0","0","0","3","0","0","0","","","0","","0","","40 22:44.221","3","0","79 55:22.803","0","0","0","0","2301","0","0","0","","0","0","0","1","02301","0","","1.0","","1","","","","0","","0","0","0","","0","Y","","1","0","0","0","0","0","0","2","0","1","","","","N","","","","","","","","","",""
"2016132965","","2","0","0","0","0","0","0","0","0","4","0","","02","12","2016","2","40.43531","-79.91899","","11","0","0","0","0","0","2","0","0","","0","0","0","","","1","","1","","40 26:07.116","","0","79 55:08.364","8","0","0","0","2301","0","0","0","N","0","0","0","2","02301","0","","1.0","","1","N","N","","0","","0","0","0","","2","","","2","1","0","0","0","1","0","2","0","2","","","","N","","","","","","","","","",""
"2016127394","","1","0","0","0","0","0","0","0","0","7","0","","02","12","2016","3","40.517239","-79.843998","","11","0","0","0","0","0","0","0","0","2","0","0","0","","","0","","0","","40 31:02.060","5","0","79 50:38.392","0","0","0","0","2451","0","0","0","N","0","0","0","1","02451","0","","2.0","","1","N","N","","0","","0","0","0","","0","Y","","1","0","0","0","0","0","0","2","0","1","","","","N","","","","","","","","","",""
"2016122262","","3","0","0","0","0","0","0","0","0","1","0","","02","11","2016","2","40.42977","-79.838726","","11","0","0","0","0","0","1","0","1","1","0","0","0","","","0","","0","","40 25:47.172","1","7","79 50:19.414","0","0","0","0","2419","0","0","0","N","0","0","0","4","02419","0","","1.0","","1","N","N","","0","","0","0","0","","0","Y","","3","0","0","0","0","0","0","2","0","3","","","","N","","","","","","","","","",""
"2016116572","","0","0","0","0","0","0","0","0","0","1","0","","02","11","2016","3","40.460512","-79.823793","","11","0","0","0","0","0","1","1","0","","0","0","0","","","0","","0","","40 27:37.842","","0","79 49:25.656","0","0","0","0","2113","0","0","0","N","0","0","0","2","02113","0","","1.0","","1","N","N","","0","","0","0","2","","0","","","2","0","0","0","0","0","0","2","0","2","","","","N","","","","","","","","","",""
"2016112693","","1","0","0","0","0","0","0","0","0","1","0","","02","10","2016","6","40.419582","-80.050686","","11","0","0","0","0","0","1","0","0","","0","0","0","","","0","","0","","40 25:10.496","","2","80 03:02.470","0","0","0","0","2435","0","0","0","","0","0","0","2","68B03","0","","1.0","","1","N","N","","1","","0","0","0","","3","","","2","0","0","0","0","0","0","2","0","2","","","","N","","","","","","","","","",""
"2016138921","","0","0","0","0","0","0","1","0","0","4","1","","02","12","2016","5","40.438248","-79.977603","","11","0","1","0","0","0","1","0","0","","0","0","0","","","0","","3","","40 26:17.692","","0","79 58:39.370","0","0","0","0","2301","0","0","0","N","0","0","0","2","02503","0","","1.0","","1","N","N","","1","","0","0","0","","2","","","2","0","0","0","0","0","0","2","0","2","","","","N","","","","","","","","","",""
"2016117215","","2","0","0","0","0","0","0","0","0","4","0","","02","11","2016","4","40.487484","-79.918227","","11","0","0","0","0","0","0","0","0","","0","0","0","","","0","","2","","40 29:14.942","","0","79 55:05.618","0","0","0","0","2301","0","0","0","N","0","0","0","2","02301","0","","1.0","","1","N","N","","0","","0","0","0","","2","","","2","0","0","0","0","0","0","2","0","2","","","","N","","","","","","","","","",""
"2016122523","","1","0","0","0","0","0","0","0","0","0","0","","02","11","2016","2","40.389356","-79.881283","","11","0","0","0","0","0","1","0","0","","0","0","0","","","0","","0","","40 23:21.680","","0","79 52:52.620","0","0","0","0","2473","0","0","0","N","0","0","0","1","02473","0","","5.0","","1","N","N","","0","","0","0","0","","0","","","1","0","0","0","0","0","0","2","0","1","","","","N","","","","","","","","","",""