"CRN","ARRIVAL_TM","AUTOMOBILE_COUNT","BELTED_DEATH_COUNT","BELTED_SUSP_SERIOUS_INJ_COUNT","BICYCLE_COUNT","BICYCLE_DEATH_COUNT","BICYCLE_SUSP_SERIOUS_INJ_COUNT","BUS_COUNT","CHLDPAS_DEATH_COUNT","CHLDPAS_SUSP_SERIOUS_INJ_COUNT","COLLISION_TYPE","COMM_VEH_COUNT","CONS_ZONE_SPD_LIM","COUNTY","CRASH_MONTH","CRASH_YEAR","DAY_OF_WEEK","DEC_LATITUDE","DEC_LONGITUDE","DISPATCH_TM","DISTRICT","DRIVER_COUNT_16YR","DRIVER_COUNT_17YR","DRIVER_COUNT_18YR","DRIVER_COUNT_19YR","DRIVER_COUNT_20YR","DRIVER_COUNT_50_64YR","DRIVER_COUNT_65_74YR","DRIVER_COUNT_75PLUS","EST_HRS_CLOSED","FATAL_COUNT","HEAVY_TRUCK_COUNT","HORSE_BUGGY_COUNT","HOUR_OF_DAY","ILLUMINATION","INJURY_COUNT","INTERSECTION_RELATED","INTERSECT_TYPE","LANE_CLOSED","LATITUDE","LN_CLOSE_DIR","LOCATION_TYPE","LONGITUDE","MAX_SEVERITY_LEVEL","MCYCLE_DEATH_COUNT","MCYCLE_SUSP_SERIOUS_INJ_COUNT","MOTORCYCLE_COUNT","MUNICIPALITY","NONMOTR_COUNT","NONMOTR_DEATH_COUNT","NONMOTR_SUSP_SERIOUS_INJ_COUNT","NTFY_HIWY_MAINT","PED_COUNT","PED_DEATH_COUNT","PED_SUSP_SERIOUS_INJ_COUNT","PERSON_COUNT","POLICE_AGCY","POSSIBLE_INJ_COUNT","RDWY_SURF_TYPE_CD","RELATION_TO_ROAD","ROADWAY_CLEARED","ROAD_CONDITION","SCH_BUS_IND","SCH_ZONE_IND","SECONDARY_CRASH","SMALL_TRUCK_COUNT","SPEC_JURIS_CD","SUSP_MINOR_INJ_COUNT","SUSP_SERIOUS_INJ_COUNT","SUV_COUNT","TCD_FUNC_CD","TCD_TYPE","TFC_DETOUR_IND","TIME_OF_DAY","TOTAL_UNITS","TOT_INJ_COUNT","UNBELTED_OCC_COUNT","UNB_DEATH_COUNT","UNB_SUSP_SERIOUS_INJ_COUNT","UNK_INJ_DEG_COUNT","UNK_INJ_PER_COUNT","URBAN_RURAL","VAN_COUNT","VEHICLE_COUNT","WEATHER1","WEATHER2","WORKERS_PRES","WORK_ZONE_IND","WORK_ZONE_LOC","WORK_ZONE_TYPE","WZ_CLOSE_DETOUR","WZ_FLAGGER","WZ_LAW_OFFCR_IND","WZ_LN_CLOSURE","WZ_MOVING","WZ_OTHER","WZ_SHLDER_MDN","WZ_WORKERS_INJ_KILLED"
"2016123761","","0","0","0","0","0","0","0","0","0","8","0","","02","11","2016","6","40.437737","-79.986557","","11","0","0","0","0","0","0","0","0","1","0","0","0","","","1","","1","","40 26:15.853","3","0","79 59:11.605","8","0","0","0","2301","1","0","0","N","1","0","0","1","02301","0","","1.0","","1","N","N","","1","","0","0","0","","2","N","","2","1","0","0","0","1","0","2","0","1","","","","N","","","","","","","","","",""
"2016137894","","2","0","0","0","0","0","0","0","0","4","0","","02","12","2016","3","40.408856","-80.081097","","11","0","0","0","0","0","0","0","1","2","0","0","0","","","0","","1","","40 24:31.883","3","0","80 04:51.949","0","0","0","0","2415","0","0","0","N","0","0","0","3","02415","0","","1.0","","1","N","N","","0","","0","0","0","","2","N","","2","0","0","0","0","0","0","2","0","2","","","","N","","","","","","","","","",""
"2016124224","","1","0","0","0","0","0","0","0","0","4","0","","02","11","2016","5","40.328053","-80.03045","","11","0","0","0","0","0","0","0","1","1","0","0","0","","","1","","1","","40 19:40.991","3","0","80 01:49.620","8","0","0","0","2407","0","0","0","","0","0","0","4","02407","0","","1.0","","9","N","N","","0","","0","0","1","","2","N","","2","1","0","0","0","1","0","2","0","2","","","","N","","","","","","","","","",""
"2016134225","","0","0","0","0","0","0","0","0","0","7","0","","02","12","2016","1","40.351223","-79.829446","","11","0","0","0","0","0","0","0","0","","0","0","0","","","0","","0","","40 21:04.402","","0","79 49:46.005","0","0","0","0","2477","0","0","0","N","0","0","0","1","02477","0","","9.0","","9","N","N","","1","","0","0","0","","0","","","1","0","0","0","0","0","0","2","0","1","","","","N","","","","","","","","","",""
"2016123896","","1","0","0","0","0","0","0","0","0","7","0","","02","11","2016","4","40.348443","-79.927039","","11","0","0","0","0","0","0","0","0","","0","0","0","","","0","","0","","40 20:54.396","","7","79 55:37.341","0","0","0","0","2473","0","0","0","N","0","0","0","4","02473","0","","5.0","","1","N","N","","0","","0","0","0","","0","","","1","0","0","0","0","0","0","2","0","1","","","","N","","","","","","","","","",""
"2016123041","","1","0","0","0","0","0","0","0","0","4","0","","02","11","2016","4","40.419224","-79.882252","","11","0","0","0","0","0","0","0","0","2","0","0","0","","","1","","2","","40 25:09.206","7","0","79 52:56.107","8","0","0","0","2463","0","0","0","N","0","0","0","3","02463","0","","1.0","","1","N","N","","1","","0","0","1","","3","Y","","3","1","0","0","0","1","0","2","0","3","","","","N","","","","","","","","","",""
"2016116568","","0","0","0","0","0","0","0","0","0","1","0","","02","11","2016","3","40.448359","-79.959684","","11","0","0","0","0","0","1","0","0","1","0","0","0","","","0","","0","","40 26:54.091","3","0","79 57:34.864","0","0","0","0","2301","0","0","0","N","0","0","0","1","02506","0","","1.0","","1","N","N","","0","","0","0","2","","0","N","","2","0","0","0","0","0","0","2","0","2","","","","N","","","","","","","","","",""
"2016123978","","0","0","0","0","0","0","0","0","0","8","0","","02","11","2016","7","40.45573","-79.922826","","11","0","0","0","0","0","0","0","0","","0","1","0","","","1","","0","","40 27:20.628","","0","79 55:22.175","3","0","0","0","2301","1","0","0","N","1","0","0","2","02301","0","","5.0","","1","N","N","","0","","1","0","0","","0","","","2","1","0","0","0","0","0","2","0","1","","","","N","","","","","","","","","",""
"2016122010","","1","0","0","0","0","0","0","0","0","5","0","","02","11","2016","2","40.417557","-79.879422","","11","0","0","0","0","0","1","0","0","1","0","0","0","","","0","","0","","40 25:03.204","5","0","79 52:45.920","0","0","0","0","2463","0","0","0","N","0","0","0","1","02463","0","","2.0","","1","N","N","","1","","0","0","2","","0","Y","","4","0","0","0","0","0","0","2","0","4","","","","N","","","","","","","","","",""
"2016112631","","2","0","0","0","0","0","0","0","0","4","0","","02","10","2016","6","40.372913","-79.792734","","11","0","1","0","0","0","0","0","0","2","0","0","0","","","1","","2","","40 22:22.485","3","0","79 47:33.844","3","0","0","0","2111","0","0","0","N","0","0","0","5","02111","0","","1.0","","1","N","N","","0","","1","0","0","","0","Y","","2","1","0","0","0","0","0","2","0","2","","","","N","","","","","","","","","",""
"2016122829","","1","0","0","0","0","0","0","0","0","1","0","","02","11","2016","3","40.502021","-80.076452","","11","0","0","0","0","0","0","1","0","1","0","0","0","","","0","","0","","40 30:07.276","1","0","80 04:35.226","0","0","0","0","2405","0","0","0","N","0","0","0","5","02215","0","","1.0","","1","N","N","","0","","0","0","1","","0","Y","","2","0","0","0","0","0","0","2","0","2","","","","N","","","","","","","","","",""
"2016131845","","3","0","0","0","0","0","0","0","0","1","0","","02","12","2016","2","40.519827","-80.060023","","11","0","0","0","0","0","2","0","0","","0","0","0","","","0","","0","","40 31:11.378","","0","80 03:36.081","0","0","0","0","2116","0","0","0","","0","0","0","6","68B03","0","","1.0","","1","N","N","","2","","0","0","1","","0","","","6","0","0","0","0","0","0","2","0","6","","","","N","","","","","","","","","",""
"2016127109","","1","0","0","0","0","0","0","0","0","4","0","","02","12","2016","7","40.456682","-79.939508","","11","0","0","0","0","0","0","0","0","2","0","0","0","","","0","","5","","40 27:24.054","1","0","79 56:22.230","0","0","0","0","2301","0","0","0","N","0","0","0","6","02301","0","","1.0","","1","N","N","","0","","0","0","1","","2","Y","","2","0","0","0","0","0","0","2","0","2","","","","N","","","","","","","","","",""
"2016116137","","2","0","0","0","0","0","0","0","0","4","0","","02","11","2016","2","40.487278","-79.895543","","11","0","0","0","0","0","0","1","0","","0","0","0","","","0","","2","","40 29:14.200","","0","79 53:43.955","0","0","0","0","2301","0","0","0","N","0","0","0","4","02301","0","","1.0","","1","N","N","","0","","0","0","1","","0","","","3","0","0","0","0","0","0","2","0","3","","","","N","","","","","","","","","",""
"2016116563","","1","0","0","0","0","0","0","0","0","1","0","","02","11","2016","3","40.430162","-79.734556","","11","0","0","0","0","0","2","0","0","2","0","0","0","","","1","","0","","40 25:48.582","4","0","79 44:04.403","8","0","0","0","2446","0","0","0","N","0","0","0","2","02446","0","","1.0","","1","N","N","","1","","0","0","0","","0","N","","2","1","0","0","0","1","0","2","0","2","","","","N","","","","","","","","","",""
"2016122003","","1","0","0","0","0","0","0","0","0","4","0","","02","11","2016","2","40.442442","-80.00323","","11","0","0","0","0","0","0","1","0","2","0","0","0","","","0","","2","","40 26:32.791","2","0","80 00:11.628","0","0","0","0","2301","0","0","0","N","0","0","0","3","02301","0","","1.0","","1","N","Y","","0","","0","0","1","","2","N","","2","0","0","0","0","0","0","2","0","2","","","","N","","","","","","","","","",""
"2016116851","","1","0","0","0","0","0","0","0","0","4","0","","02","11","2016","3","40.449819","-79.929656","","11","0","0","0","0","0","1","1","0","","0","0","0","","","0","","1","","40 26:59.348","","0","79 55:46.761","0","0","0","0","2301","0","0","0","N","0","0","0","3","02301","0","","1.0","","1","N","N","","0","","0","0","1","","2","","","2","0","0","0","0","0","0","2","0","2","","","","N","","","","","","","","","",""
"2016138622","","0","0","0","0","0","0","0","0","0","7","0","","02","12","2016","4","40.489896","-80.109062","","11","0","0","0","0","0","0","0","0","1","0","0","0","","","0","","2","","40 29:23.625","1","0","80 06:32.623","0","0","0","0","2126","0","0","0","N","0","0","0","1","02126","0","","5.0","","1","N","N","","0","","0","0","1","","0","N","","1","0","0","0","0","0","0","2","0","1","","","","N","","","","","","","","","",""
"2016137935","","2","0","0","0","0","0","0","0","0","4","0","","02","12","2016","6","40.442442","-80.00323","","11","0","0","0","0","0","0","0","0","3","0","0","0","","","1","","1","","40 26:32.791","7","0","80 00:11.628","3","0","0","0","2301","0","0","0","N","0","0","0","2","02301","0","","1.0","","1","N","N","","0","","1","0","0","","2","N","","2","1","0","0","0","0","1","2","0","2","","","","N","","","","","","","","","",""
"2016137470","","1","0","0","0","0","0","0","0","0","4","0","","02","12","2016","1","40.345863","-79.986626","","11","0","0","0","0","0","2","0","0","2","0","0","0","","","1","","2","","40 20:45.106","1","0","79 59:11.853","3","0","0","0","2403","0","0","0","N","0","0","0","2","02403","0","","1.0","","1","N","N","","0","","1","0","1","","0","N","","2","1","1","0","0","0","0","2","0","2","","","","N","","","","","","","","","",""
"2016117227","","2","0","0","0","0","0","0","0","0","5","0","","02","11","2016","2","40.367997","-80.033767","","11","0","0","0","0","0","0","0","1","1","0","0","0","","","0","","0","","40 22:04.790","5","0","80 02:01.560","0","0","0","0","2416","0","0","0","","0","0","0","1","02416","0","","1.0","","1","N","N","","0","","0","0","0","","0","Y","","2","0","0","0","0","0","0","2","0","2","","","","N","","","","","","","","","",""
"2016123757","","1","0","0","0","0","0","0","0","0","0","0","","02","11","2016","6","40.414163","-80.009994","","11","0","0","0","0","0","0","0","0","","0","0","0","","","0","","6","","40 24:50.986","","2","80 00:35.977","0","0","0","0","2301","0","0","0","N","0","0","0","2","02301","0","","1.0","","1","N","N","","0","","0","0","0","","0","","","1","0","0","0","0","0","0","2","0","1","","","","N","","","","","","","","","",""
"2016127193","","2","0","0","0","0","0","0","0","0","4","0","","02","12","2016","1","40.457444","-80.028444","","11","0","0","0","0","0","0","0","0","2","0","0","0","","","0","","0","","40 27:26.800","6","0","80 01:42.400","0","0","0","0","2301","0","0","0","N","0","0","0","1","02301","0","","1.0","","9","N","N","","0","","0","0","0","","0","Y","","2","0","0","0","0","0","0","2","0","2","","","","N","","","","","","","","","",""
"2016124022","","2","0","0","0","0","0","0","0","0","5","0","","02","11","2016","1","40.458583","-79.894639","","11","0","0","0","0","0","0","0","0","3","0","0","0","","","1","","0","","40 27:30.900","3","0","79 53:40.700","8","0","0","0","2301","0","0","0","N","0","0","0","2","02301","0","","5.0","","1","N","N","","0","","0","0","1","","0","Y","","4","1","0","0","0","1","0","2","1","4","","","","N","","","","","","","","","",""
"2016123815","","1","0","0","0","0","0","0","0","0","7","0","","02","11","2016","7","40.478328","-79.967673","","11","0","0","0","0","0","0","0","0","1","0","0","0","","","0","","0","","40 28:41.982","1","0","79 58:03.624","0","0","0","0","2118","0","0","0","N","0","0","0","1","02118","0","","1.0","","9","N","N","","0","","0","0","0","","0","N","","1","0","0","0","0","0","0","2","0","1","","","","N","","","","","","","","","",""
"2016125314","","1","0","0","0","0","0","0","0","0","4","0","","02","11","2016","3","40.327822","-80.032981","","11","0","0","0","0","0","1","1","0","","0","0","0","","","1","","2","","40 19:40.159","","0","80 01:58.732","3","0","0","0","2407","0","0","0","","0","0","0","7","02407","0","","1.0","","1","N","N","","0","","1","0","2","","3","","","3","1","0","0","0","0","0","2","0","3","","","","N","","","","","","","","","",""
"2016136901","","0","0","0","0","0","0","0","0","0","1","0","","02","12","2016","7","40.435277","-79.980541","","11","0","0","0","0","0","0","1","0","1","0","0","0","","","2","","0","","40 26:06.996","3","0","79 58:49.949","8","0","0","0","2301","0","0","0","","0","0","0","3","68B03","0","","1.0","","1","N","N","","0","","0","0","2","","0","N","","2","2","2","0","0","2","0","2","0","2","","","","N","","","","","","","","","",""
"2016137572","","2","0","0","0","0","0","0","0","0","4","0","","02","12","2016","2","40.368886","-80.049311","","11","0","1","0","0","0","0","0","0","","0","0","0","","","0","","2","","40 22:07.988","","0","80 02:57.519","0","0","0","0","2109","0","0","0","","0","0","0","6","02109","0","","1.0","","9","N","N","","0","","0","0","0","","3","","","2","0","0","0","0","0","0","2","0","2","","","","N","","","","","","","","","",""
"2016122835","","2","0","0","0","0","0","0","0","0","1","0","","02","11","2016","3","40.427263","-80.016876","","11","0","0","0","0","0","1","0","0","1","0","0","0","","","1","","0","","40 25:38.147","1","0","80 01:00.752","4","0","0","0","2301","0","0","0","N","0","0","0","3","02301","1","","1.0","","1","N","N","","0","","0","0","0","","0","N","","2","1","0","0","0","0","0","2","0","2","","","","N","","","","","","","","","",""
"2016137428","","0","0","0","0","0","0","0","0","0","7","0","","02","11","2016","5","40.52369","-79.819223","","11","0","0","0","0","0","0","0","0","","0","0","0","","","4","","0","","40 31:25.283","","0","79 49:09.203","3","0","0","0","2466","0","0","0","","0","0","0","4","68T02","1","","2.0","","9","N","N","","0","","3","0","1","","0","","","1","4","0","0","0","0","0","2","0","1","","","","N","","","","","","","","","",""
"2016083743","","1","0","0","0","0","0","0","0","0","5","0","","02","8","2016","1","40.587164","-79.999377","","11","0","0","0","0","0","0","0","0","","0","0","0","","","0","","3","","40 35:13.791","","0","79 59:57.758","9","0","0","0","2108","0","0","0","N","0","0","0","5","02501","0","","1.0","","1","N","N","","0","","0","0","1","","0","","","2","0","0","0","0","0","1","2","0","2","","","","N","","","","","","","","","",""
"2016124091","","0","0","0","0","0","0","0","0","0","99","0","","02","11","2016","7","","","","11","0","0","0","0","0","0","0","1","","0","0","0","","","0","","0","","40 39:43.7","","0","80 05:39.0","0","0","0","0","2212","0","0","0","N","0","0","0","1","02505","0","","1.0","","1","N","N","","0","","0","0","1","","0","","","1","0","0","0","0","0","0","2","0","1","","","","N","","","","","","","","","",""
"2016129204","","1","0","0","0","0","0","0","0","0","99","0","","02","12","2016","4","40.624628","-79.978369","","11","0","0","1","0","0","0","0","0","","0","0","0","","","0","","0","","40 37:28.661","","0","79 58:42.130","0","0","0","0","2217","0","0","0","N","0","0","0","1","02505","0","","1.0","","1","N","N","","0","","0","0","0","","0","","","1","0","0","0","0","0","0","2","0","1","","","","N","","","","","","","","","",""
"2016121057","","0","0","0","0","0","0","0","0","0","99","0","","02","11","2016","6","40.311911","-79.997251","","11","0","0","0","0","0","1","0","0","1","0","0","0","","","0","","0","","40 18:42.880","1","0","79 59:50.102","0","0","0","0","2219","0","0","0","N","0","0","0","1","02501","0","","1.0","","1","N","N","","0","","0","0","0","","0","N","","1","0","0","0","0","0","0","2","1","1","","","","N","","","","","","","","","",""
"2016097940","","1","0","0","0","0","0","0","0","0","7","0","","02","9","2016","6","40.311911","-79.997251","","11","0","0","0","0","0","0","0","0","2","0","0","0","","","0","","0","","40 18:42.880","5","0","79 59:50.102","0","0","0","0","2219","0","0","0","N","0","0","0","1","02501","0","","5.0","","1","N","N","","0","","0","0","0","","0","Y","","1","0","1","0","0","0","0","2","0","1","","","","N","","","","","","","","","",""
"2016138951","","0","0","0","0","0","0","0","0","0","5","0","","02","12","2016","5","40.419918","-79.932072","","11","0","0","0","0","0","0","0","0","1","0","0","0","","","0","","0","","40 25:11.704","3","0","79 55:55.459","0","0","0","0","2301","0","0","0","N","0","0","0","2","02301","0","","1.0","","1","N","N","","0","","0","0","1","","0","N","","2","0","2","0","0","0","0","2","1","2","","","","N","","","","","","","","","",""
"2016103012","","1","0","0","0","0","0","0","0","0","7","0","","02","10","2016","5","40.311833","-79.997222","","11","0","0","0","0","0","0","0","0","","0","0","0","","","0","","0","","40 18:42.600","","0","79 59:50.000","0","0","0","0","2219","0","0","0","N","0","0","0","2","02501","0","","2.0","","1","N","N","","0","","0","0","0","","0","","","1","0","0","0","0","0","0","2","0","1","","","","N","","","","","","","","","",""
"2016116650","","2","0","0","0","0","0","0","0","0","4","0","","02","11","2016","3","40.38963","-79.990228","","11","0","0","0","0","0","1","0","0","","0","0","0","","","0","","2","","40 23:22.668","","0","79 59:24.820","0","0","0","0","2301","0","0","0","N","0","0","0","2","02301","0","","1.0","","1","N","N","","0","","0","0","0","","0","","","2","0","0","0","0","0","0","2","0","2","","","","N","","","","","","","","","",""
"2016123781","","1","0","0","0","0","0","0","0","0","7","0","","02","11","2016","6","40.529919","-79.771404","","11","0","0","1","0","0","0","0","0","1","0","0","0","","","0","","2","","40 31:47.709","6","0","79 46:17.054","0","0","0","0","2466","0","0","0","N","0","0","0","1","02466","0","","5.0","","1","N","N","","0","","0","0","0","","3","N","","1","0","1","0","0","0","0","1","0","1","","","","N","","","","","","","","","",""
"2016120430","","0","0","0","0","0","0","0","0","0","7","0","","02","11","2016","5","40.464892","-79.828441","","11","0","0","0","0","0","1","0","0","","0","0","0","","","0","","0","","40 27:53.611","","7","79 49:42.386","0","0","0","0","2113","0","0","0","N","0","0","0","1","02113","0","","4.0","","1","N","N","","0","","0","0","1","","0","","","1","0","0","0","0","0","0","2","0","1","","","","N","","","","","","","","","",""
"2016127652","","2","0","0","0","0","0","0","0","0","4","0","","02","12","2016","3","40.385444","-79.821833","","11","0","0","0","0","0","2","0","0","","0","0","0","","","1","","0","","40 23:07.600","","7","79 49:18.600","4","0","0","0","2111","0","0","0","N","0","0","0","2","02111","1","","1.0","","1","N","N","","0","","0","0","0","","3","","","2","1","0","0","0","0","0","2","0","2","","","","N","","","","","","","","","",""
"2016138326","","1","0","0","0","0","0","0","0","0","7","0","","02","12","2016","3","40.439533","-80.009555","","11","0","0","0","0","0","0","0","0","1","0","0","0","","","0","","0","","40 26:22.319","4","3","80 00:34.399","0","0","0","0","2301","0","0","0","","0","0","0","1","68B03","0","","4.0","","9","N","N","","0","","0","0","0","","0","Y","","1","0","0","0","0","0","0","2","0","1","","","","N","","","","","","","","","",""
"2016129903","","2","0","0","0","0","0","0","0","0","6","0","","02","11","2016","5","40.37181","-80.213801","","11","0","0","0","0","0","0","0","0","1","0","0","0","","","0","","0","","40 22:18.515","5","0","80 12:49.684","9","0","0","0","2490","0","0","0","N","0","0","0","2","62422","0","","1.0","","1","N","N","","0","","0","0","0","","0","N","","2","0","0","0","0","0","1","1","0","2","","","","N","","","","","","","","","",""
"2016125938","","0","0","0","0","0","0","0","0","0","8","0","","02","12","2016","5","40.461415","-79.924821","","11","0","0","0","0","0","0","0","0","","0","0","0","","","1","","1","","40 27:41.094","","0","79 55:29.355","4","0","0","0","2301","1","0","0","N","1","0","0","2","02301","1","","1.0","","1","N","N","","0","","0","0","1","","2","","","2","1","0","0","0","0","1","2","0","1","","","","N","","","","","","","","","",""
"2016118535","","1","0","0","0","0","0","0","0","0","4","0","","02","11","2016","6","40.347434","-79.950514","","11","0","0","0","0","0","1","0","0","","0","0","0","","","0","","5","","40 20:50.762","","0","79 57:01.850","0","0","0","0","2473","0","0","0","N","0","0","0","6","02473","0","","1.0","","1","N","N","","0","","0","0","1","","3","","","2","0","0","0","0","0","0","2","0","2","","","","N","","","","","","","","","",""
"2016125982","","1","0","0","0","0","0","0","0","0","4","0","","02","12","2016","5","40.528662","-79.984662","","11","0","0","0","0","0","0","0","2","","0","0","0","","","0","","1","","40 31:43.183","","0","79 59:04.783","0","0","0","0","2118","0","0","0","N","0","0","0","2","02118","0","","1.0","","1","N","N","","0","","0","0","1","","3","","","2","0","0","0","0","0","0","2","0","2","","","","N","","","","","","","","","",""
"2016125925","","1","0","0","0","0","0","0","0","0","8","0","","02","12","2016","5","40.461142","-79.94808","","11","0","0","0","0","0","0","0","0","","0","0","0","","","1","","1","","40 27:40.111","","0","79 56:53.088","3","0","0","0","2301","1","0","0","N","1","0","0","2","02301","0","","1.0","","1","N","N","","0","","1","0","0","","0","","","2","1","0","0","0","0","0","2","0","1","","","","N","","","","","","","","","",""
"2016123541","","1","0","0","0","0","0","0","0","0","7","0","","02","11","2016","5","40.386839","-80.044675","","11","0","0","0","0","0","0","0","0","1","0","0","0","","","0","","2","","40 23:12.620","3","0","80 02:40.830","9","0","0","0","2109","0","0","0","","0","0","0","1","02109","0","","4.0","","9","N","N","","0","","0","0","0","","0","N","","1","0","0","0","0","0","1","2","0","1","","","","N","","","","","","","","","",""
"2016123188","","0","0","0","0","0","0","0","0","0","1","0","","02","11","2016","3","40.432094","-80.024218","","11","0","0","0","0","0","3","0","0","","0","0","0","","","0","","0","","40 25:55.540","","0","80 01:27.184","0","0","0","0","2301","0","0","0","","0","0","0","5","68B03","0","","1.0","","1","N","N","","1","","0","0","2","","0","","","3","0","0","0","0","0","0","2","0","3","","","","N","","","","","","","","","",""
"2016127393","","1","0","0","0","0","0","0","0","0","7","0","","02","12","2016","3","40.412904","-80.010144","","11","0","0","0","0","0","0","0","0","2","0","0","0","","","0","","1","","40 24:46.456","3","0","80 00:36.518","0","0","0","0","2301","0","0","0","N","0","0","0","1","02301","0","","2.0","","1","N","N","","0","","0","0","0","","2","N","","1","0","0","0","0","0","0","2","0","1","","","","N","","","","","","","","","",""
"2016125150","","0","0","0","0","0","0","0","0","0","6","0","","02","11","2016","7","40.475234","-79.776647","","11","0","0","0","0","0","0","0","0","","0","0","0","","","1","","0","","40 28:30.843","","0","79 46:35.930","3","0","0","0","2466","0","0","0","N","0","0","0","3","02466","0","","1.0","","1","N","N","","0","","1","0","2","","0","","","2","1","0","0","0","0","0","2","0","2","","","","N","","","","","","","","","",""
"2016120788","","0","0","0","0","0","0","0","0","0","1","0","","02","11","2016","5","40.632123","-79.879117","","11","0","0","0","0","0","1","0","0","","0","0","0","","","1","","0","","40 37:55.642","","0","79 52:44.821","8","0","0","0","2220","0","0","0","N","0","0","0","2","02220","0","","1.0","","1","N","N","","1","","0","0","0","","0","","","2","1","1","0","0","1","0","2","1","2","","","","N","","","","","","","","","",""
"2016116889","","1","0","0","0","0","0","0","0","0","4","0","","02","11","2016","4","40.47152","-79.926282","","11","0","0","0","0","0","0","0","0","","0","0","0","","","0","","1","","40 28:17.472","","0","79 55:34.615","9","0","0","0","2301","0","0","0","N","0","0","0","2","02301","0","","1.0","","9","N","N","","0","","0","0","1","","2","","","2","0","0","0","0","0","1","2","0","2","","","","N","","","","","","","","","",""
"2016138331","","0","0","0","0","0","0","0","0","0","1","0","","02","11","2016","6","40.417474","-80.05629","","11","0","0","0","0","0","0","0","1","2","0","0","0","","","2","","0","","40 25:02.906","4","0","80 03:22.643","8","0","0","0","2435","0","0","0","","0","0","0","4","68B03","0","","1.0","","1","N","N","","0","","0","0","2","","0","N","","2","2","0","0","0","2","0","2","0","2","","","","N","","","","","","","","","",""
"2016127312","","1","0","0","0","0","0","0","0","0","1","0","","02","12","2016","2","40.465069","-79.70535","","11","0","0","0","0","0","1","0","0","1","0","0","0","","","1","","0","","40 27:54.248","1","0","79 42:19.260","4","0","0","0","2466","0","0","0","N","0","0","0","2","02466","1","","1.0","","1","N","N","","1","","0","0","0","","0","N","","2","1","0","0","0","0","0","2","0","2","","","","N","","","","","","","","","",""
"2016123829","","1","0","0","0","0","0","0","0","0","4","0","","02","11","2016","6","40.495099","-79.932656","","11","0","0","0","0","0","0","0","0","","0","0","0","","","0","","1","","40 29:42.356","","0","79 55:57.561","0","0","0","0","2461","0","0","0","N","0","0","0","2","02461","0","","1.0","","1","N","N","","0","","0","0","1","","3","","","2","0","0","0","0","0","0","2","0","2","","","","N","","","","","","","","","",""
"2016136964","","1","0","0","0","0","0","0","0","0","7","0","","02","12","2016","7","40.433621","-79.801455","","11","0","0","0","0","0","1","0","0","","0","0","0","","","0","","0","","40 26:01.037","","0","79 48:05.239","0","0","0","0","2446","0","0","0","N","0","0","0","1","02446","0","","5.0","","2","N","N","","0","","0","0","0","","0","","","1","0","0","0","0","0","0","2","0","1","","","","N","","","","","","","","","",""
"2016138385","","0","0","0","0","0","0","0","0","0","1","0","","02","12","2016","3","40.590924","-80.097654","","11","0","0","0","0","0","0","0","0","1","0","0","0","","","0","","0","","40 35:27.326","2","0","80 05:51.553","0","0","0","0","2481","0","0","0","","0","0","0","3","68B03","0","","1.0","","1","N","N","","1","","0","0","1","","0","N","","2","0","0","0","0","0","0","2","0","2","","","","N","","","","","","","","","",""
"2016117065","","2","0","0","0","0","0","0","0","0","4","0","","02","11","2016","4","40.459214","-79.927463","","11","0","0","0","0","0","0","0","0","2","0","0","0","","","0","","2","","40 27:33.170","1","0","79 55:38.866","0","0","0","0","2301","0","0","0","N","0","0","0","2","02301","0","","1.0","","9","N","N","","0","","0","0","0","","3","Y","","2","0","0","0","0","0","0","2","0","2","","","","N","","","","","","","","","",""
"2016123994","","1","0","0","0","0","0","0","0","0","7","0","","02","11","2016","7","40.422083","-79.978611","","11","0","0","0","0","0","0","1","0","","0","0","0","","","1","","0","","40 25:19.500","","0","79 58:43.000","3","0","0","0","2301","0","0","0","N","0","0","0","1","02301","0","","4.0","","1","N","N","","0","","1","0","0","","0","","","1","1","0","0","0","0","0","2","0","1","","","","N","","","","","","","","","",""
"2016128998","","2","0","0","0","0","0","0","0","0","4","0","","02","12","2016","3","40.447528","-79.896259","","11","0","0","0","0","0","2","0","0","2","0","0","0","","","0","","0","","40 26:51.099","4","0","79 53:46.532","0","0","0","0","2301","0","0","0","N","0","0","0","3","02301","0","","1.0","","9","N","N","","0","","0","0","0","","0","N","","2","0","0","0","0","0","0","2","0","2","","","","N","","","","","","","","","",""
"2016127570","","1","0","0","0","0","0","0","0","0","0","0","","02","12","2016","3","40.413481","-79.939501","","11","0","0","0","0","0","1","0","0","2","0","0","0","","","0","","2","","40 24:48.531","1","0","79 56:22.203","0","0","0","0","2301","0","0","0","N","0","0","0","2","02301","0","","5.0","","9","N","N","","0","","0","0","0","","0","N","","1","0","0","0","0","0","0","2","0","1","","","","N","","","","","","","","","",""
"2016137110","","1","0","0","0","0","0","0","0","0","7","0","","02","12","2016","6","40.427499","-79.751215","","11","0","0","0","0","0","0","0","0","1","0","0","0","","","1","","2","","40 25:38.996","5","0","79 45:04.374","8","0","0","0","2446","0","0","0","N","0","0","0","1","02446","0","","5.0","","1","N","N","","0","","0","0","0","","0","Y","","1","1","0","0","0","1","0","2","0","1","","","","N","","","","","","","","","",""