"CRN","ARRIVAL_TM","AUTOMOBILE_COUNT","BELTED_DEATH_COUNT","BELTED_SUSP_SERIOUS_INJ_COUNT","BICYCLE_COUNT","BICYCLE_DEATH_COUNT","BICYCLE_SUSP_SERIOUS_INJ_COUNT","BUS_COUNT","CHLDPAS_DEATH_COUNT","CHLDPAS_SUSP_SERIOUS_INJ_COUNT","COLLISION_TYPE","COMM_VEH_COUNT","CONS_ZONE_SPD_LIM","COUNTY","CRASH_MONTH","CRASH_YEAR","DAY_OF_WEEK","DEC_LATITUDE","DEC_LONGITUDE","DISPATCH_TM","DISTRICT","DRIVER_COUNT_16YR","DRIVER_COUNT_17YR","DRIVER_COUNT_18YR","DRIVER_COUNT_19YR","DRIVER_COUNT_20YR","DRIVER_COUNT_50_64YR","DRIVER_COUNT_65_74YR","DRIVER_COUNT_75PLUS","EST_HRS_CLOSED","FATAL_COUNT","HEAVY_TRUCK_COUNT","HORSE_BUGGY_COUNT","HOUR_OF_DAY","ILLUMINATION","INJURY_COUNT","INTERSECTION_RELATED","INTERSECT_TYPE","LANE_CLOSED","LATITUDE","LN_CLOSE_DIR","LOCATION_TYPE","LONGITUDE","MAX_SEVERITY_LEVEL","MCYCLE_DEATH_COUNT","MCYCLE_SUSP_SERIOUS_INJ_COUNT","MOTORCYCLE_COUNT","MUNICIPALITY","NONMOTR_COUNT","NONMOTR_DEATH_COUNT","NONMOTR_SUSP_SERIOUS_INJ_COUNT","NTFY_HIWY_MAINT","PED_COUNT","PED_DEATH_COUNT","PED_SUSP_SERIOUS_INJ_COUNT","PERSON_COUNT","POLICE_AGCY","POSSIBLE_INJ_COUNT","RDWY_SURF_TYPE_CD","RELATION_TO_ROAD","ROADWAY_CLEARED","ROAD_CONDITION","SCH_BUS_IND","SCH_ZONE_IND","SECONDARY_CRASH","SMALL_TRUCK_COUNT","SPEC_JURIS_CD","SUSP_MINOR_INJ_COUNT","SUSP_SERIOUS_INJ_COUNT","SUV_COUNT","TCD_FUNC_CD","TCD_TYPE","TFC_DETOUR_IND","TIME_OF_DAY","TOTAL_UNITS","TOT_INJ_COUNT","UNBELTED_OCC_COUNT","UNB_DEATH_COUNT","UNB_SUSP_SERIOUS_INJ_COUNT","UNK_INJ_DEG_COUNT","UNK_INJ_PER_COUNT","URBAN_RURAL","VAN_COUNT","VEHICLE_COUNT","WEATHER1","WEATHER2","WORKERS_PRES","WORK_ZONE_IND","WORK_ZONE_LOC","WORK_ZONE_TYPE","WZ_CLOSE_DETOUR","WZ_FLAGGER","WZ_LAW_OFFCR_IND","WZ_LN_CLOSURE","WZ_MOVING","WZ_OTHER","WZ_SHLDER_MDN","WZ_WORKERS_INJ_KILLED"
"2016114717","","0","0","0","0","0","0","0","0","0","4","0","","02","11","2016","5","40.375464","-79.796798","","11","0","0","0","0","0","0","0","0","","0","0","0","","","0","","1","","40 22:31.671","","0","79 47:48.472","0","0","0","0","2111","0","0","0","N","0","0","0","5","02111","0","","1.0","","9","N","N","","1","","0","0","1","","2","","","2","0","0","0","0","0","0","2","0","2","","","","N","","","","","","","","","",""
"2016122888","","1","0","0","0","0","0","0","0","0","1","0","","02","11","2016","3","40.388211","-80.028111","","11","0","0","0","0","0","0","1","0","2","0","0","0","","","0","","0","","40 23:17.560","4","0","80 01:41.200","0","0","0","0","2109","0","0","0","","0","0","0","2","02109","0","","1.0","","1","N","N","","0","","0","0","1","","0","N","","2","0","0","0","0","0","0","2","0","2","","","","N","","","","","","","","","",""
"2016124135","","4","0","0","0","0","0","0","0","0","1","0","","02","11","2016","7","40.438029","-79.740528","","11","0","1","0","0","0","1","0","0","1","0","0","0","","","0","","0","","40 26:16.904","3","0","79 44:25.901","0","0","0","0","2446","0","0","0","N","0","0","0","4","02446","0","","1.0","","1","N","N","","0","","0","0","0","","0","N","","4","0","0","0","0","0","0","2","0","4","","","","N","","","","","","","","","",""
"2016137155","","2","0","0","0","0","0","0","0","0","4","0","","02","12","2016","7","40.434803","-79.791151","","11","0","0","0","0","0","1","0","0","1","0","0","0","","","2","","0","","40 26:05.292","3","0","79 47:28.145","3","0","0","0","2446","0","0","0","N","0","0","0","2","02446","1","","1.0","","9","N","N","","0","","1","0","0","","0","N","","2","2","0","0","0","0","0","2","0","2","","","","N","","","","","","","","","",""
"2016127585","","1","0","0","0","0","0","0","0","0","4","0","","02","12","2016","3","40.496757","-80.007763","","11","0","0","0","0","0","0","0","0","","0","0","0","","","0","","0","","40 29:48.324","","0","80 00:27.945","0","0","0","0","2301","0","0","0","N","0","0","0","1","02301","0","","6.0","","9","N","N","","0","","0","0","1","","0","","","2","0","0","0","0","0","0","2","0","2","","","","N","","","","","","","","","",""
"2016127349","","0","0","0","0","0","0","0","0","0","4","0","","02","12","2016","2","40.410135","-80.082507","","11","0","0","0","0","0","2","0","0","","0","0","0","","","0","","1","","40 24:36.487","","0","80 04:57.026","0","0","0","0","2415","0","0","0","N","0","0","0","2","02415","0","","1.0","","1","N","N","","1","","0","0","1","","2","","","2","0","0","0","0","0","0","2","0","2","","","","N","","","","","","","","","",""
"2016138337","","1","0","0","0","0","0","0","0","0","7","0","","02","12","2016","2","40.471201","-80.004256","","11","0","0","0","0","0","0","1","0","1","0","0","0","","","1","","0","","40 28:16.323","2","0","80 00:15.320","3","0","0","0","2301","0","0","0","","0","0","0","1","68B03","0","","4.0","","1","N","N","","0","","1","0","0","","0","N","","1","1","0","0","0","0","0","2","0","1","","","","N","","","","","","","","","",""
"2016126599","","2","0","0","0","0","0","0","0","0","6","0","","02","12","2016","6","40.356215","-80.130847","","11","0","0","0","0","0","0","0","0","","0","0","0","","","1","","0","","40 21:22.374","","0","80 07:51.050","8","0","0","0","2119","0","0","0","N","0","0","0","3","02119","0","","1.0","","1","N","N","","0","","0","0","0","","0","","","2","1","0","0","0","1","0","2","0","2","","","","N","","","","","","","","","",""
"2016137164","","2","0","0","0","0","0","0","0","0","1","0","","02","12","2016","7","40.436032","-79.785156","","11","0","0","0","0","0","1","0","0","2","0","0","0","","","1","","0","","40 26:09.716","3","0","79 47:06.563","3","0","0","0","2446","0","0","0","N","0","0","0","7","02446","0","","1.0","","1","N","N","","0","","1","0","1","","0","Y","","3","1","2","0","0","0","0","2","0","3","","","","N","","","","","","","","","",""
"2016127232","","0","0","0","0","0","0","0","0","0","1","0","","02","12","2016","1","40.428061","-80.000085","","11","0","0","0","0","0","0","0","0","","0","0","0","","","0","","0","","40 25:41.021","","4","80 00:00.306","0","0","0","0","2301","0","0","0","N","0","0","0","2","02301","0","","1.0","","1","N","N","","0","","0","0","2","","0","","","2","0","0","0","0","0","0","2","0","2","","","","N","","","","","","","","","",""
"2016094405","","1","0","0","0","0","0","0","0","0","7","0","","02","9","2016","1","40.493877","-79.949676","","11","0","0","0","0","0","0","0","1","3","0","0","0","","","1","","0","","40 29:37.957","6","0","79 56:58.833","4","0","0","0","2430","0","0","0","","0","0","0","1","02430","1","","4.0","","1","N","N","","0","","0","0","0","","0","Y","","1","1","0","0","0","0","0","2","0","1","","","","N","","","","","","","","","",""
"2016128988","","1","0","0","0","0","0","0","0","0","1","0","","02","12","2016","4","40.407194","-79.941556","","11","0","0","0","0","0","0","0","0","","0","0","0","","","1","","0","","40 24:25.900","","0","79 56:29.600","3","0","0","0","2301","0","0","0","","0","0","0","1","02301","0","","1.0","","1","","","","0","","1","0","0","","0","","","2","1","1","0","0","0","0","2","1","2","","","","N","","","","","","","","","",""
"2016121855","","1","0","0","0","0","0","0","0","0","1","0","","02","11","2016","6","40.613593","-80.095403","","11","0","0","0","0","0","0","0","1","3","0","0","0","","","0","","0","","40 36:48.935","2","0","80 05:43.452","0","0","0","0","2481","0","0","0","","0","0","0","4","68B03","0","","1.0","","1","N","N","","1","","0","0","1","","0","N","","3","0","0","0","0","0","0","2","0","3","","","","N","","","","","","","","","",""
"2016108077","","1","0","0","0","0","0","0","0","0","7","0","","02","10","2016","4","40.455062","-80.05615","","11","0","0","0","0","0","0","0","1","","0","0","0","","","0","","0","","40 27:18.223","","7","80 03:22.140","0","0","0","0","2301","0","0","0","N","0","0","0","1","02301","0","","5.0","","1","N","N","","0","","0","0","0","","0","","","1","0","0","0","0","0","0","2","0","1","","","","N","","","","","","","","","",""
"2016110260","","0","0","0","0","0","0","0","0","0","7","0","","02","10","2016","1","40.48827","-79.780222","","11","0","0","0","0","0","0","0","0","2","0","0","0","","","1","","0","","40 29:17.773","3","0","79 46:48.798","3","0","0","0","2466","0","0","0","","0","0","0","1","68T02","0","","4.0","","1","N","N","","0","","1","0","1","","0","N","","1","1","0","0","0","0","0","2","0","1","","","","N","","","","","","","","","",""
"2016131632","","2","0","0","0","0","0","0","0","0","1","0","","02","12","2016","6","40.362518","-79.907608","","11","0","0","0","0","0","0","0","0","1","0","0","0","","","0","","0","","40 21:45.065","1","0","79 54:27.387","0","0","0","0","2473","0","0","0","N","0","0","0","4","02473","0","","1.0","","1","N","N","","0","","0","0","0","","0","N","","2","0","0","0","0","0","0","2","0","2","","","","N","","","","","","","","","",""
"2016125924","","2","0","0","0","0","0","0","0","0","4","0","","02","11","2016","1","40.423223","-79.928693","","11","0","0","0","0","0","0","1","0","","0","0","0","","","2","","1","","40 25:23.602","","0","79 55:43.294","8","0","0","0","2301","0","0","0","N","0","0","0","2","02301","0","","1.0","","1","N","N","","0","","0","0","0","","2","","","2","2","0","0","0","2","0","2","0","2","","","","N","","","","","","","","","",""
"2016118367","","2","0","0","0","0","0","0","0","0","4","0","","02","11","2016","6","40.273081","-79.885326","","11","0","0","0","0","0","1","0","1","2","0","0","0","","","1","","0","","40 16:23.092","3","0","79 53:07.175","3","0","0","0","2428","0","0","0","N","0","0","0","3","02428","0","","1.0","","1","N","N","","0","","1","0","0","","3","N","","2","1","0","0","0","0","0","2","0","2","","","","N","","","","","","","","","",""
"2016127166","","4","0","0","0","0","0","0","0","0","1","0","","02","12","2016","1","40.434033","-80.029883","","11","0","0","0","0","0","2","1","0","2","0","0","0","","","0","","0","","40 26:02.518","2","0","80 01:47.579","9","0","0","0","2301","0","0","0","N","0","0","0","12","02301","0","","1.0","","9","N","N","","1","","0","0","0","","0","N","","6","0","0","0","0","0","1","2","0","6","","","","N","","","","","","","","","",""
"2016109694","","2","0","0","0","0","0","0","0","0","4","0","","02","10","2016","6","40.398327","-80.026313","","11","0","0","0","0","0","0","1","0","","0","0","0","","","1","","1","","40 23:53.978","","7","80 01:34.725","8","0","0","0","2301","0","0","0","N","0","0","0","4","02301","0","","1.0","","9","N","N","","0","","0","0","0","","0","","","2","1","0","0","0","1","0","2","0","2","","","","N","","","","","","","","","",""
"2016116082","","2","0","0","0","0","0","0","0","0","4","0","","02","11","2016","1","40.401814","-80.067748","","11","0","0","0","0","0","0","0","1","1","0","0","0","","","0","","1","","40 24:06.530","4","0","80 04:03.893","0","0","0","0","2415","0","0","0","N","0","0","0","3","02415","0","","1.0","","1","N","N","","0","","0","0","0","","0","N","","2","0","0","0","0","0","0","2","0","2","","","","N","","","","","","","","","",""
"2016111047","","2","0","0","0","0","0","0","0","0","4","0","","02","10","2016","4","40.441997","-80.034535","","11","0","0","1","0","0","1","0","0","","0","0","0","","","1","","2","","40 26:31.189","","0","80 02:04.326","8","0","0","0","2301","0","0","0","N","0","0","0","3","02301","0","","1.0","","1","N","N","","0","","0","0","0","","2","","","2","1","0","0","0","1","0","2","0","2","","","","N","","","","","","","","","",""
"2016116555","","2","0","0","0","0","0","0","0","0","5","0","","02","11","2016","3","40.435094","-80.002005","","11","0","0","0","1","0","0","0","0","2","0","0","0","","","0","","0","","40 26:06.337","2","3","80 00:07.219","0","0","0","0","2301","0","0","0","N","0","0","0","5","02301","0","","1.0","","1","N","N","","0","","0","0","0","","8","N","","2","0","1","0","0","0","0","2","0","2","","","","N","","","","","","","","","",""
"2016139018","","0","0","0","0","0","0","0","0","0","5","0","","02","12","2016","4","40.507881","-79.856882","","11","0","0","0","0","0","0","0","0","3","0","0","0","","","1","","0","","40 30:28.370","2","0","79 51:24.776","3","0","0","0","2112","0","0","0","","0","0","0","2","68D02","0","","1.0","","1","N","N","","0","","1","0","2","","0","N","","3","1","0","0","0","0","0","2","0","2","","","","N","","","","","","","","","",""
"2016120815","","2","0","0","0","0","0","0","0","0","1","0","","02","11","2016","5","40.264274","-79.878436","","11","0","0","0","0","0","0","0","0","2","0","0","0","","","0","","0","","40 15:51.388","1","3","79 52:42.368","0","0","0","0","2428","0","0","0","N","0","0","0","3","02428","0","","1.0","","1","N","N","","0","","0","0","1","","0","N","","3","0","0","0","0","0","0","1","0","3","","","","N","","","","","","","","","",""
"2016116095","","2","0","0","0","0","0","0","0","0","6","0","","02","11","2016","2","40.321148","-79.942158","","11","0","0","0","0","0","2","1","0","2","0","0","0","","","7","","1","","40 19:16.133","1","0","79 56:31.769","3","0","0","0","2454","0","0","0","N","0","0","0","7","02454","0","","1.0","","1","N","N","","0","","5","0","2","","0","N","","5","7","0","0","0","2","0","2","1","5","","","","N","","","","","","","","","",""
"2016134107","","2","0","0","0","0","0","0","0","0","1","0","","02","12","2016","4","40.332075","-79.997657","","11","0","0","0","0","0","1","0","0","","0","0","0","","","0","","0","","40 19:55.469","","0","79 59:51.565","0","0","0","0","2219","0","0","0","N","0","0","0","2","02219","0","","1.0","","1","N","N","","0","","0","0","0","","0","","","2","0","0","0","0","0","0","2","0","2","","","","N","","","","","","","","","",""
"2016090568","","1","0","0","0","0","0","0","0","0","1","0","","02","9","2016","6","40.443472","-79.990845","","11","0","0","0","0","0","0","0","0","2","0","0","0","","","0","","10","","40 26:36.499","2","0","79 59:27.041","0","0","0","0","2301","0","0","0","N","0","0","0","2","02301","0","","1.0","","1","N","N","","0","","0","0","1","","0","N","","2","0","0","0","0","0","0","2","0","2","","","","N","","","","","","","","","",""
"2016127483","","1","0","0","0","0","0","0","0","0","8","0","","02","12","2016","3","40.427155","-79.976389","","11","0","0","0","0","0","0","0","0","","0","0","0","","","1","","1","","40 25:37.758","","0","79 58:35.000","8","0","0","0","2301","1","0","0","N","1","0","0","2","02301","0","","1.0","","9","N","N","","0","","0","0","0","","0","","","2","1","0","0","0","1","0","2","0","1","","","","N","","","","","","","","","",""
"2016127324","","0","0","0","0","0","0","0","0","0","1","0","","02","12","2016","2","40.429286","-79.999241","","11","0","0","0","1","0","1","0","0","","0","0","0","","","1","","2","","40 25:45.428","","4","79 59:57.266","8","0","0","0","2301","0","0","0","N","0","0","0","3","02301","0","","1.0","","1","N","N","","1","","0","0","1","","0","","","2","1","0","0","0","1","0","2","0","2","","","","N","","","","","","","","","",""
"2016116072","","1","0","0","0","0","0","0","0","0","1","0","","02","11","2016","2","40.499826","-80.064815","","11","0","0","0","0","0","0","0","0","","0","0","0","","","0","","0","","40 29:59.373","","0","80 03:53.334","0","0","0","0","2402","0","0","0","N","0","0","0","2","02402","0","","1.0","","1","N","N","","0","","0","0","1","","0","","","2","0","0","0","0","0","0","2","0","2","","","","N","","","","","","","","","",""
"2016138905","","1","0","0","0","0","0","0","0","0","1","0","","02","12","2016","3","40.496723","-79.86764","","11","0","0","0","0","0","0","1","0","2","0","0","0","","","0","","0","","40 29:48.204","2","0","79 52:03.505","0","0","0","0","2112","0","0","0","","0","0","0","3","68D02","0","","1.0","","1","N","N","","0","","0","0","1","","0","N","","2","0","0","0","0","0","0","2","0","2","","","","N","","","","","","","","","",""
"2016127866","","0","0","0","0","0","0","0","0","0","7","0","","02","11","2016","1","40.496111","-79.945778","","11","0","0","0","0","0","0","1","0","2","0","0","0","","","0","","0","","40 29:46.000","5","0","79 56:44.800","0","0","0","0","2430","0","0","0","","0","0","0","1","02430","0","","5.0","","1","N","N","","1","","0","0","0","","0","N","","1","0","0","0","0","0","0","2","0","1","","","","N","","","","","","","","","",""
"2016092446","","2","0","0","0","0","0","0","0","0","4","0","","02","9","2016","5","40.425326","-79.923862","","11","0","0","0","0","0","0","1","0","1","0","0","0","","","2","","1","","40 25:31.173","3","0","79 55:25.903","8","0","0","0","2301","0","0","0","N","0","0","0","2","02301","0","","1.0","","1","N","N","","0","","0","0","0","","2","N","","2","2","0","0","0","2","0","2","0","2","","","","N","","","","","","","","","",""
"2016127009","","0","0","0","0","0","0","0","0","0","8","0","","02","12","2016","7","40.455407","-80.006604","","11","0","0","0","0","0","0","0","0","","0","0","0","","","1","","1","","40 27:19.465","","0","80 00:23.774","8","0","0","0","2301","1","0","0","N","1","0","0","2","02301","0","","1.0","","1","N","N","","0","","0","0","1","","2","","","2","1","0","0","0","1","0","2","0","1","","","","N","","","","","","","","","",""
"2016125312","","1","0","0","0","0","0","0","0","0","4","0","","02","11","2016","6","40.447687","-80.164319","","11","0","1","0","0","0","1","0","0","","0","0","0","","","0","","2","","40 26:51.672","","2","80 09:51.547","0","0","0","0","2115","0","0","0","","0","0","0","3","02115","0","","1.0","","1","N","N","","1","","0","0","0","","2","","","2","0","0","0","0","0","0","2","0","2","","","","N","","","","","","","","","",""
"2016130124","","1","0","0","0","0","0","0","0","0","1","0","","02","12","2016","4","40.493979","-79.902874","","11","0","0","0","0","0","0","0","0","2","0","0","0","","","0","","0","","40 29:38.325","2","0","79 54:10.347","0","0","0","0","2401","0","0","0","","0","0","0","2","68D02","0","","1.0","","1","N","N","","1","","0","0","0","","0","N","","2","0","0","0","0","0","0","2","0","2","","","","N","","","","","","","","","",""
"2016128415","","1","0","0","0","0","0","0","0","0","1","0","","02","12","2016","6","40.435973","-79.974082","","11","0","0","0","0","1","0","0","0","","0","0","0","","","0","","0","","40 26:09.502","","0","79 58:26.694","0","0","0","0","2301","0","0","0","","0","0","0","2","68B03","0","","1.0","","1","N","N","","0","","0","0","0","","0","","","2","0","0","0","0","0","0","2","1","2","","","","N","","","","","","","","","",""
"2016121983","","3","0","0","0","0","0","0","0","0","1","0","","02","11","2016","2","40.478829","-80.04312","","11","0","0","0","0","0","0","1","0","2","0","0","0","","","0","","1","","40 28:43.784","2","0","80 02:35.231","9","0","0","0","2301","0","0","0","N","0","0","0","4","02301","0","","1.0","","1","N","N","","1","","0","0","0","","2","N","","4","0","0","0","0","0","1","2","0","4","","","","N","","","","","","","","","",""
"2016127379","","2","0","0","0","0","0","0","0","0","1","0","","02","12","2016","2","40.382938","-79.857483","","11","0","0","0","1","0","0","0","0","2","0","0","0","","","3","","1","","40 22:58.576","7","0","79 51:26.939","2","0","0","0","2303","0","0","0","","0","0","0","4","02303","0","","1.0","","1","N","N","","1","","2","1","0","","2","Y","","3","3","0","0","0","0","0","2","0","3","","","","N","","","","","","","","","",""
"2016121276","","1","0","0","0","0","0","0","0","0","1","0","","02","11","2016","6","40.384648","-79.99507","","11","0","0","0","0","0","1","0","1","","0","0","0","","","1","","2","","40 23:04.731","","0","79 59:42.252","4","0","0","0","2301","0","0","0","N","0","0","0","3","02301","1","","1.0","","1","N","N","","1","","0","0","0","","0","","","2","1","1","0","0","0","0","2","0","2","","","","N","","","","","","","","","",""
"2016117413","","1","0","0","0","0","0","0","0","0","7","0","","02","11","2016","2","40.388343","-79.829771","","11","0","0","0","0","0","0","0","0","1","0","0","0","","","0","","0","","40 23:18.034","4","0","79 49:47.175","0","0","0","0","2111","0","0","0","Y","0","0","0","1","02111","0","","2.0","","1","N","N","","0","","0","0","0","","0","N","","1","0","0","0","0","0","0","2","0","1","","","","N","","","","","","","","","",""
"2016104361","","1","0","0","0","0","0","0","0","0","7","0","","02","10","2016","7","40.622952","-80.064433","","11","0","0","0","0","0","0","0","0","2","0","0","0","","","1","","0","","40 37:22.627","4","0","80 03:51.960","4","0","0","0","2216","0","0","0","N","0","0","0","1","02505","1","","5.0","","1","N","N","","0","","0","0","0","","0","Y","","1","1","0","0","0","0","0","2","0","1","","","","N","","","","","","","","","",""
"2016116053","","0","0","0","0","0","0","0","0","0","4","0","","02","11","2016","2","40.348259","-79.947345","","11","0","0","0","0","0","1","0","0","","0","0","0","","","0","","1","","40 20:53.731","","0","79 56:50.441","0","0","0","0","2473","0","0","0","N","0","0","0","2","02473","0","","1.0","","1","N","N","","0","","0","0","2","","2","","","2","0","0","0","0","0","0","2","0","2","","","","N","","","","","","","","","",""
"2016137091","","2","0","0","0","0","0","0","0","0","5","0","","02","12","2016","7","40.436043","-80.051865","","11","0","0","0","0","0","0","0","0","","0","0","0","","","0","","2","","40 26:09.756","","0","80 03:06.715","0","0","0","0","2301","0","0","0","N","0","0","0","2","02301","0","","4.0","","1","N","N","","0","","0","0","0","","0","","","2","0","0","0","0","0","0","2","0","2","","","","N","","","","","","","","","",""
"2016114967","","1","0","0","0","0","0","0","0","0","7","0","","02","10","2016","6","40.38219","-79.819148","","11","0","0","0","0","0","0","0","0","1","0","0","0","","","0","","1","","40 22:55.883","4","0","79 49:08.932","0","0","0","0","2111","0","0","0","N","0","0","0","1","02111","0","","5.0","","9","N","N","","0","","0","0","0","","0","N","","1","0","0","0","0","0","0","2","0","1","","","","N","","","","","","","","","",""
"2016138486","","0","0","0","0","0","0","0","0","0","7","0","","02","12","2016","4","40.449706","-80.025099","","11","0","0","0","0","0","1","0","0","","0","0","0","","","1","","1","","40 26:58.940","","3","80 01:30.356","8","0","0","0","2301","0","0","0","N","0","0","0","1","02301","0","","1.0","","1","N","N","","0","","0","0","1","","2","","","1","1","0","0","0","1","0","2","0","1","","","","N","","","","","","","","","",""
"2016107400","","2","0","0","0","0","0","0","0","0","1","0","","02","10","2016","2","40.450823","-80.036836","","11","0","0","0","0","0","1","0","0","2","0","0","0","","","0","","0","","40 27:02.964","3","0","80 02:12.608","0","0","0","0","2301","0","0","0","N","0","0","0","5","02301","0","","2.0","","1","N","N","","0","","0","0","0","","2","N","","2","0","0","0","0","0","0","2","0","2","","","","N","","","","","","","","","",""
"2016130274","","1","0","0","0","0","0","0","0","0","7","0","","02","12","2016","3","40.493856","-79.746005","","11","0","0","0","0","0","0","0","0","1","0","0","0","","","0","","0","","40 29:37.880","2","0","79 44:45.619","0","0","0","0","2466","0","0","0","N","0","0","0","1","02466","0","","5.0","","9","N","N","","0","","0","0","0","","0","N","","1","0","0","0","0","0","0","2","0","1","","","","N","","","","","","","","","",""
"2016092539","","1","0","0","0","0","0","0","0","0","6","0","","02","9","2016","5","40.380844","-80.084387","","11","0","0","0","0","0","1","0","0","1","0","0","0","","","0","","0","","40 22:51.039","3","0","80 05:03.793","0","0","0","0","2117","0","0","0","N","0","0","0","3","02117","0","","1.0","","1","N","N","","0","","0","0","1","","0","N","","2","0","0","0","0","0","0","2","0","2","","","","N","","","","","","","","","",""
"2016126221","","2","0","0","0","0","0","0","0","0","1","0","","02","12","2016","5","40.481158","-79.822044","","11","0","0","1","0","0","0","0","0","","0","0","0","","","0","","0","","40 28:52.167","","7","79 49:19.359","0","0","0","0","2113","0","0","0","N","0","0","0","2","02113","0","","1.0","","1","N","N","","0","","0","0","0","","0","","","2","0","1","0","0","0","0","2","0","2","","","","N","","","","","","","","","",""
"2016138924","","1","0","0","0","0","0","0","0","0","2","0","","02","12","2016","5","40.437984","-80.049649","","11","0","0","0","0","0","0","0","0","","0","0","0","","","1","","0","","40 26:16.744","","0","80 02:58.735","3","0","0","0","2301","0","0","0","N","0","0","0","4","02301","0","","1.0","","1","N","N","","2","","1","0","0","","0","","","3","1","0","0","0","0","0","2","0","3","","","","N","","","","","","","","","",""
"2016132086","","3","0","0","0","0","0","0","0","0","1","0","","02","12","2016","6","40.371841","-79.843777","","11","0","0","0","0","0","0","1","0","","0","0","0","","","1","","2","","40 22:18.629","","0","79 50:37.598","4","0","0","0","2303","0","0","0","N","0","0","0","3","02303","1","","1.0","","1","N","N","","0","","0","0","0","","2","","","3","1","0","0","0","0","0","2","0","3","","","","N","","","","","","","","","",""
"2016126920","","2","0","0","0","0","0","0","0","0","4","0","","02","12","2016","7","40.395818","-80.027031","","11","0","0","0","0","0","0","1","0","","0","0","0","","","0","","2","","40 23:44.944","","0","80 01:37.311","0","0","0","0","2301","0","0","0","N","0","0","0","1","02301","0","","1.0","","1","N","N","","0","","0","0","1","","0","","","3","0","1","0","0","0","0","2","0","3","","","","N","","","","","","","","","",""
"2016119126","","2","0","0","0","0","0","0","0","0","4","0","","02","11","2016","4","40.431856","-79.777069","","11","0","0","0","0","0","1","0","0","","0","0","0","","","0","","2","","40 25:54.680","","0","79 46:37.450","0","0","0","0","2446","0","0","0","N","0","0","0","2","02446","0","","1.0","","1","N","N","","0","","0","0","0","","3","","","2","0","0","0","0","0","0","2","0","2","","","","N","","","","","","","","","",""
"2016137740","","1","0","0","0","0","0","0","0","0","4","0","","02","12","2016","6","40.516638","-80.22108","","11","0","0","0","0","0","0","0","1","","0","0","0","","","0","","0","","40 30:59.897","","0","80 13:15.887","0","0","0","0","2213","0","0","0","","0","0","0","2","02213","0","","1.0","","1","N","N","","0","","0","0","1","","0","","","2","0","1","0","0","0","0","2","0","2","","","","N","","","","","","","","","",""
"2016115965","","1","0","0","0","0","0","0","0","0","7","0","","02","11","2016","2","40.481111","-80.042806","","11","0","0","0","0","0","0","0","0","","0","0","0","","","0","","0","","40 28:52.000","","0","80 02:34.100","9","0","0","0","2301","0","0","0","N","0","0","0","1","02301","0","","5.0","","1","N","N","","0","","0","0","0","","0","","","1","0","0","0","0","0","1","2","0","1","","","","N","","","","","","","","","",""
"2016131068","","1","0","0","0","0","0","0","0","0","1","0","","02","12","2016","6","40.594502","-79.947756","","11","0","0","0","0","0","1","0","0","2","0","0","0","","","1","","2","","40 35:40.206","1","0","79 56:51.922","8","0","0","0","2207","0","0","0","N","0","0","0","4","02207","0","","1.0","","1","N","N","","0","","0","0","1","","0","Y","","2","1","0","0","0","1","0","2","0","2","","","","N","","","","","","","","","",""
"2016117349","","2","0","0","0","0","0","0","0","0","1","0","","02","11","2016","4","40.400204","-80.000391","","11","0","0","0","0","0","0","0","0","","0","0","0","","","1","","0","","40 24:00.736","","0","80 00:01.409","3","0","0","0","2301","0","0","0","N","0","0","0","4","02301","0","","1.0","","1","N","N","","0","","1","0","0","","0","","","3","1","0","0","0","0","0","2","1","3","","","","N","","","","","","","","","",""
"2016133812","","0","0","0","0","0","0","0","0","0","7","0","","02","12","2016","7","40.661589","-79.728637","","11","0","0","0","0","0","0","0","0","1","0","0","0","","","1","","0","","40 39:41.722","5","0","79 43:43.093","4","0","0","0","2202","0","0","0","N","0","0","0","1","02202","1","","4.0","","2","N","N","","1","","0","0","0","","0","N","","1","1","0","0","0","0","0","2","0","1","","","","N","","","","","","","","","",""
"2016126632","","2","0","0","0","0","0","0","0","0","4","0","","02","11","2016","3","40.568006","-80.049508","","11","0","0","0","0","0","0","0","2","1","0","0","0","","","1","","1","","40 34:04.821","2","0","80 02:58.228","8","0","0","0","2108","0","0","0","","0","0","0","2","02108","0","","1.0","","1","N","N","","0","","0","0","0","","3","N","","2","1","0","0","0","1","0","2","0","2","","","","N","","","","","","","","","",""
"2016115555","","0","0","0","0","0","0","0","0","0","4","0","","02","10","2016","7","40.351426","-80.02366","","11","0","0","0","0","0","0","0","0","","0","0","0","","","0","","2","","40 21:05.132","","0","80 01:25.175","0","0","0","0","2407","0","0","0","","0","0","0","7","02407","0","","1.0","","1","N","N","","1","","0","0","0","","2","","","2","0","0","0","0","0","0","2","1","2","","","","N","","","","","","","","","",""
"2016127355","","1","0","0","0","0","0","0","0","0","7","0","","02","12","2016","1","40.534083","-80.071472","","11","0","0","0","1","0","0","0","0","1","0","0","0","","","0","","0","","40 32:02.700","5","0","80 04:17.300","0","0","0","0","2215","0","0","0","N","0","0","0","1","02215","0","","5.0","","9","N","N","","0","","0","0","0","","2","N","","1","0","0","0","0","0","0","2","0","1","","","","N","","","","","","","","","",""