"CRN","ARRIVAL_TM","AUTOMOBILE_COUNT","BELTED_DEATH_COUNT","BELTED_SUSP_SERIOUS_INJ_COUNT","BICYCLE_COUNT","BICYCLE_DEATH_COUNT","BICYCLE_SUSP_SERIOUS_INJ_COUNT","BUS_COUNT","CHLDPAS_DEATH_COUNT","CHLDPAS_SUSP_SERIOUS_INJ_COUNT","COLLISION_TYPE","COMM_VEH_COUNT","CONS_ZONE_SPD_LIM","COUNTY","CRASH_MONTH","CRASH_YEAR","DAY_OF_WEEK","DEC_LATITUDE","DEC_LONGITUDE","DISPATCH_TM","DISTRICT","DRIVER_COUNT_16YR","DRIVER_COUNT_17YR","DRIVER_COUNT_18YR","DRIVER_COUNT_19YR","DRIVER_COUNT_20YR","DRIVER_COUNT_50_64YR","DRIVER_COUNT_65_74YR","DRIVER_COUNT_75PLUS","EST_HRS_CLOSED","FATAL_COUNT","HEAVY_TRUCK_COUNT","HORSE_BUGGY_COUNT","HOUR_OF_DAY","ILLUMINATION","INJURY_COUNT","INTERSECTION_RELATED","INTERSECT_TYPE","LANE_CLOSED","LATITUDE","LN_CLOSE_DIR","LOCATION_TYPE","LONGITUDE","MAX_SEVERITY_LEVEL","MCYCLE_DEATH_COUNT","MCYCLE_SUSP_SERIOUS_INJ_COUNT","MOTORCYCLE_COUNT","MUNICIPALITY","NONMOTR_COUNT","NONMOTR_DEATH_COUNT","NONMOTR_SUSP_SERIOUS_INJ_COUNT","NTFY_HIWY_MAINT","PED_COUNT","PED_DEATH_COUNT","PED_SUSP_SERIOUS_INJ_COUNT","PERSON_COUNT","POLICE_AGCY","POSSIBLE_INJ_COUNT","RDWY_SURF_TYPE_CD","RELATION_TO_ROAD","ROADWAY_CLEARED","ROAD_CONDITION","SCH_BUS_IND","SCH_ZONE_IND","SECONDARY_CRASH","SMALL_TRUCK_COUNT","SPEC_JURIS_CD","SUSP_MINOR_INJ_COUNT","SUSP_SERIOUS_INJ_COUNT","SUV_COUNT","TCD_FUNC_CD","TCD_TYPE","TFC_DETOUR_IND","TIME_OF_DAY","TOTAL_UNITS","TOT_INJ_COUNT","UNBELTED_OCC_COUNT","UNB_DEATH_COUNT","UNB_SUSP_SERIOUS_INJ_COUNT","UNK_INJ_DEG_COUNT","UNK_INJ_PER_COUNT","URBAN_RURAL","VAN_COUNT","VEHICLE_COUNT","WEATHER1","WEATHER2","WORKERS_PRES","WORK_ZONE_IND","WORK_ZONE_LOC","WORK_ZONE_TYPE","WZ_CLOSE_DETOUR","WZ_FLAGGER","WZ_LAW_OFFCR_IND","WZ_LN_CLOSURE","WZ_MOVING","WZ_OTHER","WZ_SHLDER_MDN","WZ_WORKERS_INJ_KILLED"
"2016092702","","1","0","0","0","0","0","0","0","0","4","0","","02","9","2016","6","40.350192","-79.886592","","11","0","0","0","0","0","0","0","0","3","0","0","0","","","0","","9","","40 21:00.690","7","0","79 53:11.730","0","0","0","0","2423","0","0","0","N","0","0","0","0","02304","0","","4.0","","9","N","N","","0","","0","0","0","","0","Y","","2","0","0","0","0","0","0","2","0","1","","","","N","","","","","","","","","",""
"2016110488","","0","0","0","0","0","0","0","0","0","4","0","","02","10","2016","6","40.410424","-80.084214","","11","0","0","0","0","0","1","0","0","2","0","0","0","","","0","","2","","40 24:37.525","3","0","80 05:03.171","0","0","0","0","2415","0","0","0","N","0","0","0","8","02415","0","","1.0","","9","N","N","","0","","0","0","1","","0","N","","3","0","0","0","0","0","0","2","2","3","","","","N","","","","","","","","","",""
"2016121955","","3","0","0","0","0","0","0","0","0","1","0","","02","11","2016","2","40.42835","-79.973357","","11","0","0","0","0","0","0","2","0","1","0","0","0","","","0","","0","","40 25:42.061","4","0","79 58:24.085","0","0","0","0","2301","0","0","0","N","0","0","0","5","02301","0","","1.0","","1","N","N","","0","","0","0","0","","0","N","","3","0","0","0","0","0","0","2","0","3","","","","N","","","","","","","","","",""
"2016138595","","1","0","0","0","0","0","0","0","0","1","0","","02","12","2016","2","40.550681","-79.818396","","11","0","0","0","0","0","0","0","0","","0","0","0","","","0","","0","","40 33:02.451","","0","79 49:06.224","0","0","0","0","2208","0","0","0","","0","0","0","2","68D02","0","","1.0","","1","N","N","","0","","0","0","1","","0","","","2","0","0","0","0","0","0","2","0","2","","","","N","","","","","","","","","",""
"2016134782","","1","0","0","0","0","0","0","0","0","99","0","","02","12","2016","2","40.487857","-80.011758","","11","0","0","0","0","0","0","0","0","","0","0","0","","","0","","0","","40 29:16.285","","0","80 00:42.328","0","0","0","0","2301","0","0","0","N","0","0","0","1","02301","0","","1.0","","1","N","N","","0","","0","0","0","","0","","","1","0","0","0","0","0","0","2","0","1","","","","N","","","","","","","","","",""
"2016136757","","1","0","0","0","0","0","0","0","0","7","0","","02","12","2016","7","40.655315","-79.726919","","11","0","0","1","0","0","0","0","0","","0","0","0","","","1","","2","","40 39:19.133","","0","79 43:36.910","4","0","0","0","2202","0","0","0","N","0","0","0","1","02202","1","","5.0","","2","N","N","","0","","0","0","0","","3","","","1","1","0","0","0","0","0","1","0","1","","","","N","","","","","","","","","",""
"2016109524","","2","0","0","0","0","0","0","0","0","4","0","","02","10","2016","7","40.449706","-80.025099","","11","0","0","0","0","0","0","1","0","1","0","0","0","","","3","","5","","40 26:58.940","2","0","80 01:30.356","4","0","0","0","2301","0","0","0","N","0","0","0","6","02301","2","","1.0","","1","N","N","","0","","0","0","0","","2","N","","2","3","0","0","0","1","0","2","0","2","","","","N","","","","","","","","","",""
"2016103407","","1","0","0","0","0","0","0","0","0","4","1","","02","10","2016","6","40.498948","-80.071124","","11","0","0","0","0","0","0","0","0","1","0","1","0","","","0","","0","","40 29:56.213","1","0","80 04:16.047","0","0","0","0","2458","0","0","0","N","0","0","0","2","02458","0","","1.0","","1","N","N","","0","","0","0","0","","0","N","","2","0","0","0","0","0","0","2","0","2","","","","N","","","","","","","","","",""
"2016092472","","2","0","0","0","0","0","0","0","0","4","0","","02","9","2016","6","40.40731","-80.076446","","11","0","0","0","0","0","1","0","0","","0","0","0","","","1","","2","","40 24:26.317","","0","80 04:35.207","8","0","0","0","2415","0","0","0","N","0","0","0","2","02415","0","","1.0","","1","N","N","","0","","0","0","0","","3","","","2","1","0","0","0","1","0","2","0","2","","","","N","","","","","","","","","",""
"2016121325","","0","0","0","0","0","0","0","0","0","7","0","","02","11","2016","7","40.377921","-79.813474","","11","0","0","1","0","0","0","0","0","1","0","0","0","","","0","","2","","40 22:40.516","1","0","79 48:48.506","0","0","0","0","2111","0","0","0","N","0","0","0","1","02111","0","","2.0","","9","N","N","","0","","0","0","1","","0","Y","","1","0","0","0","0","0","0","2","0","1","","","","N","","","","","","","","","",""
"2016136378","","1","0","0","0","0","0","0","0","0","8","0","","02","12","2016","5","40.452412","-80.014017","","11","0","0","0","0","0","0","0","0","","0","0","0","","","1","","1","","40 27:08.682","","0","80 00:50.461","3","0","0","0","2301","1","0","0","N","1","0","0","2","02301","0","","1.0","","1","N","N","","0","","1","0","0","","2","","","2","1","0","0","0","0","0","2","0","1","","","","N","","","","","","","","","",""
"2016137357","","0","0","0","0","0","0","0","0","0","7","0","","02","12","2016","7","40.657343","-79.726993","","11","0","0","0","0","0","1","0","0","","0","0","0","","","0","","0","","40 39:26.435","","0","79 43:37.173","0","0","0","0","2202","0","0","0","N","0","0","0","2","02202","0","","2.0","","2","N","N","","1","","0","0","0","","0","","","1","0","0","0","0","0","0","1","0","1","","","","N","","","","","","","","","",""
"2016122990","","1","0","0","0","0","0","0","0","0","4","0","","02","11","2016","4","40.448639","-80.025626","","11","0","0","0","0","0","0","0","0","1","0","0","0","","","1","","0","","40 26:55.101","1","3","80 01:32.252","8","0","0","0","2301","0","0","0","N","0","0","0","2","02301","0","","1.0","","1","N","N","","0","","0","0","1","","0","N","","2","1","0","0","0","1","0","2","0","2","","","","N","","","","","","","","","",""
"2016121929","","1","0","0","0","0","0","0","0","0","4","0","","02","11","2016","2","40.430914","-80.010701","","11","0","0","0","0","0","0","0","0","","0","0","0","","","0","","2","","40 25:51.290","","0","80 00:38.523","0","0","0","0","2301","0","0","0","N","0","0","0","2","02301","0","","1.0","","1","N","N","","1","","0","0","0","","3","","","2","0","0","0","0","0","0","2","0","2","","","","N","","","","","","","","","",""
"2016133604","","0","0","0","0","0","0","0","0","0","7","0","","02","12","2016","7","40.273094","-79.872619","","11","0","0","1","0","0","0","0","0","","0","0","0","","","2","","0","","40 16:23.140","","0","79 52:21.430","3","0","0","0","2105","0","0","0","N","0","0","0","2","02105","0","","4.0","","2","N","N","","0","","2","0","1","","0","","","1","2","0","0","0","0","0","2","0","1","","","","N","","","","","","","","","",""
"2016136619","","3","0","0","0","0","0","0","0","0","4","0","","02","12","2016","6","40.485177","-80.034583","","11","0","0","0","0","0","0","1","0","2","0","0","0","","","3","","2","","40 29:06.637","6","0","80 02:04.498","8","0","0","0","2301","0","0","0","N","0","0","0","3","02301","0","","1.0","","1","N","N","","0","","0","0","0","","0","Y","","3","3","0","0","0","3","0","2","0","3","","","","N","","","","","","","","","",""
"2016128982","","1","0","0","0","0","0","0","0","0","4","0","","02","12","2016","5","40.45881","-79.907867","","11","0","0","0","0","0","1","0","0","","0","0","0","","","0","","0","","40 27:31.716","","7","79 54:28.322","0","0","0","0","2301","0","0","0","N","0","0","0","2","02301","0","","1.0","","1","N","N","","0","","0","0","1","","0","","","2","0","0","0","0","0","0","2","0","2","","","","N","","","","","","","","","",""
"2016121526","","1","0","0","0","0","0","0","0","0","2","0","","02","11","2016","1","40.377872","-79.851426","","11","0","0","0","0","0","1","0","0","2","0","0","0","","","2","","0","","40 22:40.339","5","3","79 51:05.135","8","0","0","0","2303","0","0","0","N","0","0","0","2","02303","0","","1.0","","2","N","N","","0","","0","0","1","","0","Y","","2","2","0","0","0","2","0","2","0","2","","","","N","","","","","","","","","",""
"2016118563","","1","0","0","0","0","0","0","0","0","7","0","","02","11","2016","7","40.448944","-79.980972","","11","0","0","0","0","0","0","0","0","","0","0","0","","","1","","0","","40 26:56.200","","0","79 58:51.500","4","0","0","0","2301","0","0","0","N","0","0","0","2","02301","1","","2.0","","1","N","N","","0","","0","0","0","","0","","","1","1","2","0","0","0","1","2","0","1","","","","N","","","","","","","","","",""
"2016136869","","1","0","0","0","0","0","0","0","0","7","0","","02","12","2016","7","40.457246","-79.997838","","11","0","0","0","0","0","0","0","0","","0","0","0","","","0","","10","","40 27:26.085","","0","79 59:52.216","0","0","0","0","2301","0","0","0","N","0","0","0","1","02301","0","","2.0","","9","N","N","","0","","0","0","0","","0","","","1","0","0","0","0","0","0","2","0","1","","","","N","","","","","","","","","",""
"2016112701","","2","0","0","0","0","0","0","0","0","4","0","","02","10","2016","7","40.4512","-79.925784","","11","0","0","0","0","1","1","0","0","1","0","0","0","","","1","","2","","40 27:04.320","3","0","79 55:32.822","8","0","0","0","2301","0","0","0","N","0","0","0","3","02301","0","","1.0","","1","N","N","","0","","0","0","0","","3","N","","2","1","0","0","0","1","0","2","0","2","","","","N","","","","","","","","","",""
"2016136813","","2","0","0","0","0","0","0","0","0","1","0","","02","12","2016","6","40.471608","-80.003457","","11","0","0","0","0","0","2","0","0","","0","0","0","","","0","","0","","40 28:17.788","","0","80 00:12.445","0","0","0","0","2301","0","0","0","N","0","0","0","2","02301","0","","1.0","","1","N","N","","0","","0","0","0","","0","","","2","0","0","0","0","0","0","2","0","2","","","","N","","","","","","","","","",""
"2016127499","","2","0","0","0","0","0","0","0","0","1","0","","02","12","2016","3","40.403446","-79.868826","","11","0","0","0","1","0","0","0","0","","0","0","0","","","2","","0","","40 24:12.406","","0","79 52:07.775","3","0","0","0","2410","0","0","0","N","0","0","0","3","02410","0","","1.0","","9","N","N","","0","","2","0","0","","0","","","3","2","0","0","0","0","0","2","1","3","","","","N","","","","","","","","","",""
"2016112979","","0","0","0","0","0","0","0","0","0","4","0","","02","10","2016","7","40.379782","-80.037153","","11","0","0","0","0","0","0","0","0","2","0","0","0","","","2","","2","","40 22:47.215","1","0","80 02:13.749","8","0","0","1","2109","0","0","0","","0","0","0","4","02109","0","","1.0","","1","N","N","","0","","0","0","1","","0","Y","","2","2","0","0","0","2","0","2","0","2","","","","N","","","","","","","","","",""
"2016112646","","4","0","0","0","0","0","0","0","0","1","0","","02","10","2016","7","40.42636","-80.009189","","11","0","0","0","0","1","0","0","0","2","0","0","0","","","0","","0","","40 25:34.896","7","0","80 00:33.080","9","0","0","0","2301","0","0","0","N","0","0","0","2","02301","0","","4.0","","1","N","N","","0","","0","0","0","","0","Y","","4","0","0","0","0","0","2","2","0","4","","","","N","","","","","","","","","",""
"2016121943","","1","0","0","0","0","0","0","0","0","4","0","","02","11","2016","7","40.455944","-80.161139","","11","0","0","0","0","1","1","0","0","1","0","0","0","","","1","","2","","40 27:21.400","7","0","80 09:40.100","8","0","0","0","2115","0","0","0","","0","0","0","3","02115","0","","1.0","","1","N","N","","0","","0","0","1","","2","N","","2","1","0","0","0","1","0","2","0","2","","","","N","","","","","","","","","",""
"2016120703","","1","0","0","0","0","0","0","0","0","1","0","","02","11","2016","7","40.366692","-80.014402","","11","0","0","0","0","0","0","0","0","1","0","0","0","","","0","","1","","40 22:00.090","1","0","80 00:51.847","0","0","0","0","2416","0","0","0","","0","0","0","3","02416","0","","1.0","","1","N","N","","0","","0","0","1","","2","N","","2","0","0","0","0","0","0","2","0","2","","","","N","","","","","","","","","",""
"2016112732","","2","0","0","0","0","0","0","0","0","5","0","","02","10","2016","7","40.469805","-80.026408","","11","0","0","0","0","0","0","0","0","","0","0","0","","","0","","1","","40 28:11.298","","0","80 01:35.068","0","0","0","0","2301","0","0","0","N","0","0","0","1","02301","0","","2.0","","1","N","N","","0","","0","0","0","","0","","","2","0","0","0","0","0","0","2","0","2","","","","N","","","","","","","","","",""
"2016122300","","1","0","0","0","0","0","0","0","0","4","0","","02","11","2016","1","40.602408","-79.754516","","11","0","0","0","0","0","0","0","0","","0","0","0","","","0","","1","","40 36:08.668","","0","79 45:16.257","0","0","0","0","2464","0","0","0","N","0","0","0","2","02464","0","","1.0","","1","N","N","","0","","0","0","1","","3","","","2","0","0","0","0","0","0","2","0","2","","","","N","","","","","","","","","",""
"2016116537","","1","0","0","0","0","0","0","0","0","1","0","","02","11","2016","3","40.340476","-79.967006","","11","0","0","0","0","0","1","0","0","2","0","0","0","","","0","","0","","40 20:25.712","3","0","79 58:01.222","0","0","0","0","2454","0","0","0","Y","0","0","0","2","02454","0","","1.0","","1","N","N","","0","","0","0","1","","0","N","","2","0","0","0","0","0","0","2","0","2","","","","N","","","","","","","","","",""
"2016124125","","1","0","0","0","0","0","0","0","0","8","0","","02","11","2016","1","40.444011","-79.950159","","11","0","0","0","0","0","1","0","0","","0","0","0","","","1","","2","","40 26:38.439","","0","79 57:00.573","4","0","0","0","2301","1","0","0","N","1","0","0","2","02301","1","","1.0","","1","N","N","","0","","0","0","0","","0","","","2","1","0","0","0","0","0","2","0","1","","","","N","","","","","","","","","",""
"2016127646","","1","0","0","0","0","0","0","0","0","1","0","","02","12","2016","4","40.4695","-79.929639","","11","0","0","0","0","0","0","0","0","","0","0","0","","","2","","0","","40 28:10.200","","0","79 55:46.700","4","0","0","0","2301","0","0","0","N","0","0","0","3","02301","2","","6.0","","9","N","N","","0","","0","0","1","","0","","","2","2","2","0","0","0","0","2","0","2","","","","N","","","","","","","","","",""
"2016127283","","0","0","0","0","0","0","0","0","0","7","0","","02","12","2016","2","40.451396","-79.817103","","11","0","0","0","0","0","0","0","0","3","0","0","0","","","1","","0","","40 27:05.025","5","0","79 49:01.570","3","0","0","0","2113","0","0","0","N","0","0","0","1","02113","0","","5.0","","1","N","N","","1","","1","0","0","","0","Y","","1","1","1","0","0","0","0","2","0","1","","","","N","","","","","","","","","",""
"2016128934","","2","0","0","0","0","0","0","0","0","1","0","","02","12","2016","6","40.500025","-80.215908","","11","0","0","0","0","0","1","0","0","2","0","0","0","","","2","","3","","40 30:00.091","4","0","80 12:57.267","3","0","0","0","2213","0","0","0","","0","0","0","4","02213","1","","1.0","","1","N","N","","0","","1","0","0","","0","N","","2","2","0","0","0","0","0","2","0","2","","","","N","","","","","","","","","",""
"2016127475","","1","0","0","0","0","0","0","0","0","7","0","","02","12","2016","3","40.39025","-79.982667","","11","0","0","0","0","0","1","0","0","1","0","0","0","","","0","","0","","40 23:24.900","1","0","79 58:57.600","0","0","0","0","2301","0","0","0","N","0","0","0","1","02301","0","","4.0","","1","N","N","","0","","0","0","0","","0","N","","1","0","0","0","0","0","0","2","0","1","","","","N","","","","","","","","","",""
"2016125775","","2","0","0","0","0","0","0","0","0","4","0","","02","12","2016","5","40.355191","-79.835211","","11","0","0","1","0","0","0","0","0","","0","0","0","","","0","","2","","40 21:18.687","","0","79 50:06.758","0","0","0","0","2304","0","0","0","N","0","0","0","2","02304","0","","1.0","","9","N","N","","0","","0","0","0","","2","","","2","0","0","0","0","0","0","2","0","2","","","","N","","","","","","","","","",""
"2016134288","","1","0","0","0","0","0","0","0","0","4","0","","02","12","2016","4","40.435605","-80.146137","","11","0","0","0","0","0","0","1","0","","0","0","0","","","1","","3","","40 26:08.179","","0","80 08:46.093","8","0","0","0","2115","0","0","0","","0","0","0","2","68B03","0","","1.0","","1","N","N","","0","","0","0","1","","4","","","2","1","0","0","0","1","0","2","0","2","","","","N","","","","","","","","","",""
"2016118871","","3","0","0","0","0","0","0","0","0","1","0","","02","11","2016","1","40.428795","-79.999489","","11","0","0","0","0","0","0","0","0","","0","0","0","","","0","","0","","40 25:43.662","","4","79 59:58.160","0","0","0","0","2301","0","0","0","","0","0","0","3","02301","0","","1.0","","1","","","","0","","0","0","0","","0","","","3","0","0","0","0","0","0","2","0","3","","","","N","","","","","","","","","",""
"2016092460","","1","0","0","0","0","0","0","0","0","4","0","","02","9","2016","6","","","","11","0","0","0","0","0","1","0","0","","0","0","0","","","1","","0","","40 26:04.7","","4","79 59:23.7","3","0","0","0","2301","0","0","0","N","0","0","0","4","02301","0","","1.0","","1","N","N","","0","","1","0","0","","0","","","2","1","0","0","0","0","0","1","1","2","","","","N","","","","","","","","","",""
"2016121928","","1","0","0","0","0","0","0","0","0","7","0","","02","11","2016","2","40.450972","-79.942556","","11","0","0","0","0","0","1","0","0","1","0","0","0","","","1","","0","","40 27:03.500","3","0","79 56:33.200","4","0","0","0","2301","0","0","0","N","0","0","0","1","02301","1","","1.0","","1","N","N","","0","","0","0","1","","0","N","","2","1","0","0","0","0","0","2","0","2","","","","N","","","","","","","","","",""
"2016119811","","1","0","0","0","0","0","0","0","0","7","0","","02","11","2016","3","40.437022","-80.039623","","11","0","0","1","0","0","0","0","0","","0","0","0","","","0","","0","","40 26:13.278","","0","80 02:22.641","0","0","0","0","2301","0","0","0","N","0","0","0","2","02301","0","","4.0","","1","N","N","","0","","0","0","0","","0","","","1","0","0","0","0","0","0","2","0","1","","","","N","","","","","","","","","",""
"2016126794","","4","0","0","0","0","0","0","0","0","1","0","","02","11","2016","1","40.34487","-79.961188","","11","0","0","0","0","0","0","0","0","1","0","0","0","","","1","","1","","40 20:41.532","3","0","79 57:40.277","8","0","0","0","2473","0","0","0","N","0","0","0","4","02473","0","","1.0","","1","N","N","","0","","0","0","0","","0","N","","4","1","0","0","0","1","0","2","0","4","","","","N","","","","","","","","","",""
"2016136706","","0","0","0","0","0","0","0","0","0","7","1","","02","12","2016","6","40.471733","-80.037637","","11","0","0","0","0","0","0","0","0","3","0","1","0","","","0","","10","","40 28:18.240","3","1","80 02:15.492","0","0","0","0","2301","0","0","0","Y","0","0","0","1","02301","0","","5.0","","1","N","N","","0","","0","0","0","","8","N","","1","0","0","0","0","0","0","2","0","1","","","","N","","","","","","","","","",""
"2016127210","","2","0","0","0","0","0","0","0","0","2","0","","02","12","2016","7","40.355171","-79.83524","","11","0","0","0","0","0","0","0","0","2","0","0","0","","","0","","2","","40 21:18.617","7","0","79 50:06.865","0","0","0","0","2304","0","0","0","N","0","0","0","3","02304","0","","1.0","","1","N","N","","0","","0","0","0","","2","Y","","2","0","0","0","0","0","0","2","0","2","","","","N","","","","","","","","","",""
"2016112714","","1","0","0","0","0","0","0","0","0","1","0","","02","10","2016","7","40.355962","-79.817295","","11","0","0","0","0","0","1","0","0","2","0","0","0","","","2","","0","","40 21:21.462","6","0","79 49:02.261","4","0","0","0","2477","0","0","0","N","0","0","0","3","02477","1","","1.0","","1","N","N","","0","","0","0","1","","2","N","","2","2","1","0","0","1","0","2","0","2","","","","N","","","","","","","","","",""
"2016092469","","2","0","0","0","0","0","0","0","0","4","0","","02","9","2016","6","40.470393","-79.9231","","11","0","0","0","0","0","0","0","2","","0","0","0","","","0","","1","","40 28:13.414","","0","79 55:23.160","0","0","0","0","2301","0","0","0","N","0","0","0","2","02301","0","","1.0","","9","N","N","","0","","0","0","0","","3","","","2","0","0","0","0","0","0","2","0","2","","","","N","","","","","","","","","",""
"2016127036","","2","0","0","0","0","0","0","0","0","2","0","","02","12","2016","7","40.402611","-80.099722","","11","0","1","0","0","0","0","0","0","","0","0","0","","","0","","0","","40 24:09.400","","0","80 05:59.000","0","0","0","0","2102","0","0","0","N","0","0","0","1","02102","0","","1.0","","1","N","N","","0","","0","0","0","","0","","","2","0","0","0","0","0","0","2","0","2","","","","N","","","","","","","","","",""
"2016129738","","0","0","0","0","0","0","0","0","0","7","0","","02","12","2016","5","40.413776","-80.010778","","11","0","0","0","1","0","0","0","0","","0","0","0","","","0","","0","","40 24:49.592","","2","80 00:38.800","0","0","0","0","2301","0","0","0","N","0","0","0","1","02301","0","","2.0","","1","N","N","","0","","0","0","1","","0","","","1","0","0","0","0","0","0","2","0","1","","","","N","","","","","","","","","",""
"2016137356","","2","0","0","0","0","0","0","0","0","6","0","","02","12","2016","3","40.374563","-80.092855","","11","0","0","0","0","0","1","0","0","1","0","0","0","","","0","","0","","40 22:28.426","3","0","80 05:34.278","0","0","0","0","2117","0","0","0","N","0","0","0","2","02117","0","","1.0","","1","N","N","","0","","0","0","0","","0","N","","2","0","0","0","0","0","0","2","0","2","","","","N","","","","","","","","","",""
"2016129737","","2","0","0","0","0","0","0","0","0","1","0","","02","12","2016","5","40.480672","-79.930356","","11","0","0","0","0","0","2","0","0","","0","0","0","","","0","","0","","40 28:50.420","","0","79 55:49.281","0","0","0","0","2301","0","0","0","N","0","0","0","2","02301","0","","1.0","","1","N","N","","0","","0","0","0","","0","","","2","0","2","0","0","0","0","2","0","2","","","","N","","","","","","","","","",""
"2016127446","","0","0","0","0","0","0","0","0","0","6","0","","02","6","2016","3","40.459644","-79.873996","","11","0","0","0","0","0","0","0","1","2","0","0","0","","","1","","2","","40 27:34.719","3","0","79 52:26.386","8","0","0","1","2301","0","0","0","N","0","0","0","2","02301","0","","1.0","","1","N","N","","1","","0","0","0","","0","N","","2","1","1","0","0","1","0","2","0","2","","","","N","","","","","","","","","",""
"2016112640","","1","0","0","0","0","0","0","0","0","7","0","","02","10","2016","7","40.415555","-80.013508","","11","0","0","0","0","0","0","0","0","","0","0","0","","","0","","7","","40 24:55.997","","2","80 00:48.627","0","0","0","0","2301","0","0","0","N","0","0","0","1","02301","0","","2.0","","1","N","N","","0","","0","0","0","","0","","","1","0","0","0","0","0","0","2","0","1","","","","N","","","","","","","","","",""
"2016138116","","2","0","0","0","0","0","0","0","0","6","0","","02","12","2016","3","40.353576","-79.956236","","11","0","1","0","0","0","1","0","0","1","0","0","0","","","0","","0","","40 21:12.875","2","0","79 57:22.451","0","0","0","0","2473","0","0","0","N","0","0","0","2","02473","0","","1.0","","1","N","N","","0","","0","0","0","","0","N","","2","0","0","0","0","0","0","2","0","2","","","","N","","","","","","","","","",""
"2016121920","","2","0","0","0","0","0","0","0","0","4","0","","02","11","2016","2","40.455738","-79.910484","","11","0","0","0","0","0","0","1","0","1","0","0","0","","","0","","2","","40 27:20.655","1","7","79 54:37.741","0","0","0","0","2301","0","0","0","N","0","0","0","2","02301","0","","1.0","","1","N","N","","0","","0","0","0","","2","N","","2","0","0","0","0","0","0","2","0","2","","","","N","","","","","","","","","",""
"2016120802","","1","0","0","0","0","0","0","0","0","7","0","","02","11","2016","5","40.382426","-79.960549","","11","0","0","0","0","0","1","0","0","","0","0","0","","","0","","0","","40 22:56.733","","0","79 57:37.976","0","0","0","0","2403","0","0","0","N","0","0","0","2","02403","0","","5.0","","1","N","N","","0","","0","0","0","","0","","","1","0","0","0","0","0","0","2","0","1","","","","N","","","","","","","","","",""
"2016119467","","2","0","0","0","0","0","0","0","0","4","0","","02","11","2016","3","40.347556","-79.948694","","11","0","0","0","0","0","2","0","0","","0","0","0","","","1","","0","","40 20:51.200","","0","79 56:55.300","8","0","0","0","2473","0","0","0","N","0","0","0","4","02473","0","","1.0","","1","N","N","","0","","0","0","0","","0","","","2","1","0","0","0","1","0","2","0","2","","","","N","","","","","","","","","",""
"2016060615","","2","0","0","0","0","0","0","0","0","7","0","","02","6","2016","3","40.363686","-80.109957","","11","0","0","0","0","0","0","0","0","2","0","0","0","","","2","","0","","40 21:49.269","2","0","80 06:35.845","8","0","0","0","2414","0","0","0","N","0","0","0","2","02414","0","","5.0","","1","N","N","","0","","0","0","0","","0","N","","2","2","1","0","0","2","0","2","0","2","","","","N","","","","","","","","","",""
"2016092441","","1","0","0","0","0","0","0","0","0","1","0","","02","9","2016","6","40.40725","-80.076404","","11","0","0","0","0","0","0","0","0","","0","0","0","","","0","","0","","40 24:26.101","","0","80 04:35.055","0","0","0","0","2415","0","0","0","N","0","0","0","3","02415","0","","1.0","","1","N","N","","0","","0","0","1","","0","","","2","0","0","0","0","0","0","2","0","2","","","","N","","","","","","","","","",""
"2016137468","","1","0","0","0","0","0","0","0","0","7","0","","02","12","2016","1","40.513811","-79.951536","","11","0","0","0","0","0","0","0","1","1","0","0","0","","","0","","2","","40 30:49.721","2","0","79 57:05.529","0","0","0","0","2118","0","0","0","N","0","0","0","1","02118","0","","5.0","","1","N","N","","0","","0","0","0","","0","N","","1","0","0","0","0","0","0","2","0","1","","","","N","","","","","","","","","",""
"2016118707","","2","0","0","0","0","0","0","0","0","4","0","","02","11","2016","7","40.460664","-79.932397","","11","0","0","0","0","0","0","0","0","2","0","0","0","","","0","","1","","40 27:38.390","7","0","79 55:56.629","0","0","0","0","2301","0","0","0","N","0","0","0","3","02301","0","","1.0","","1","N","N","","0","","0","0","0","","2","N","","2","0","1","0","0","0","0","2","0","2","","","","N","","","","","","","","","",""
"2016111218","","0","0","0","0","0","0","0","0","0","99","0","","02","10","2016","1","40.445088","-80.110849","","11","0","0","0","0","0","1","0","0","","0","0","0","","","0","","0","","40 26:42.316","","0","80 06:39.055","0","0","0","0","2115","0","0","0","","0","0","0","1","68B03","0","","1.0","","1","N","N","","0","","0","0","1","","0","","","1","0","0","0","0","0","0","2","0","1","","","","N","","","","","","","","","",""
"2016112606","","2","0","0","0","0","0","0","0","0","4","0","","02","10","2016","7","40.462344","-79.888516","","11","0","0","0","0","0","0","0","0","2","0","0","0","","","2","","1","","40 27:44.438","7","0","79 53:18.657","3","0","0","0","2113","0","0","0","N","0","0","0","5","02113","0","","1.0","","1","N","N","","0","","2","0","0","","0","Y","","2","2","3","0","0","0","0","2","0","2","","","","N","","","","","","","","","",""
"2016124850","","1","0","0","0","0","0","0","0","0","7","0","","02","11","2016","4","40.560072","-80.007873","","11","0","1","0","0","0","0","0","0","","0","0","0","","","1","","2","","40 33:36.259","","0","80 00:28.342","4","0","0","0","2108","0","0","0","","0","0","0","1","02108","1","","4.0","","9","N","N","","0","","0","0","0","","0","","","1","1","0","0","0","0","0","2","0","1","","","","N","","","","","","","","","",""