"CRN","ARRIVAL_TM","AUTOMOBILE_COUNT","BELTED_DEATH_COUNT","BELTED_SUSP_SERIOUS_INJ_COUNT","BICYCLE_COUNT","BICYCLE_DEATH_COUNT","BICYCLE_SUSP_SERIOUS_INJ_COUNT","BUS_COUNT","CHLDPAS_DEATH_COUNT","CHLDPAS_SUSP_SERIOUS_INJ_COUNT","COLLISION_TYPE","COMM_VEH_COUNT","CONS_ZONE_SPD_LIM","COUNTY","CRASH_MONTH","CRASH_YEAR","DAY_OF_WEEK","DEC_LATITUDE","DEC_LONGITUDE","DISPATCH_TM","DISTRICT","DRIVER_COUNT_16YR","DRIVER_COUNT_17YR","DRIVER_COUNT_18YR","DRIVER_COUNT_19YR","DRIVER_COUNT_20YR","DRIVER_COUNT_50_64YR","DRIVER_COUNT_65_74YR","DRIVER_COUNT_75PLUS","EST_HRS_CLOSED","FATAL_COUNT","HEAVY_TRUCK_COUNT","HORSE_BUGGY_COUNT","HOUR_OF_DAY","ILLUMINATION","INJURY_COUNT","INTERSECTION_RELATED","INTERSECT_TYPE","LANE_CLOSED","LATITUDE","LN_CLOSE_DIR","LOCATION_TYPE","LONGITUDE","MAX_SEVERITY_LEVEL","MCYCLE_DEATH_COUNT","MCYCLE_SUSP_SERIOUS_INJ_COUNT","MOTORCYCLE_COUNT","MUNICIPALITY","NONMOTR_COUNT","NONMOTR_DEATH_COUNT","NONMOTR_SUSP_SERIOUS_INJ_COUNT","NTFY_HIWY_MAINT","PED_COUNT","PED_DEATH_COUNT","PED_SUSP_SERIOUS_INJ_COUNT","PERSON_COUNT","POLICE_AGCY","POSSIBLE_INJ_COUNT","RDWY_SURF_TYPE_CD","RELATION_TO_ROAD","ROADWAY_CLEARED","ROAD_CONDITION","SCH_BUS_IND","SCH_ZONE_IND","SECONDARY_CRASH","SMALL_TRUCK_COUNT","SPEC_JURIS_CD","SUSP_MINOR_INJ_COUNT","SUSP_SERIOUS_INJ_COUNT","SUV_COUNT","TCD_FUNC_CD","TCD_TYPE","TFC_DETOUR_IND","TIME_OF_DAY","TOTAL_UNITS","TOT_INJ_COUNT","UNBELTED_OCC_COUNT","UNB_DEATH_COUNT","UNB_SUSP_SERIOUS_INJ_COUNT","UNK_INJ_DEG_COUNT","UNK_INJ_PER_COUNT","URBAN_RURAL","VAN_COUNT","VEHICLE_COUNT","WEATHER1","WEATHER2","WORKERS_PRES","WORK_ZONE_IND","WORK_ZONE_LOC","WORK_ZONE_TYPE","WZ_CLOSE_DETOUR","WZ_FLAGGER","WZ_LAW_OFFCR_IND","WZ_LN_CLOSURE","WZ_MOVING","WZ_OTHER","WZ_SHLDER_MDN","WZ_WORKERS_INJ_KILLED"
"2016125313","","0","0","0","0","0","0","0","0","0","1","0","","02","11","2016","3","40.449144","-80.119344","","11","0","0","0","1","0","1","0","0","2","0","0","0","","","0","","0","","40 26:56.919","3","0","80 07:09.640","0","0","0","0","2115","0","0","0","","0","0","0","2","02115","0","","1.0","","9","N","N","","0","","0","0","1","","0","N","","2","0","0","0","0","0","0","2","1","2","","","","N","","","","","","","","","",""
"2016127208","","0","0","0","0","0","0","0","0","0","7","0","","02","12","2016","6","40.336491","-80.131873","","11","0","0","0","0","0","0","0","0","1","0","0","0","","","0","","0","","40 20:11.367","2","0","80 07:54.744","9","0","0","0","2119","0","0","0","N","0","0","0","1","02119","0","","4.0","","1","N","N","","1","","0","0","0","","0","N","","1","0","0","0","0","0","1","2","0","1","","","","N","","","","","","","","","",""
"2016105205","","1","0","0","0","0","0","0","0","0","4","0","","02","10","2016","4","40.356643","-79.994722","","11","0","0","0","0","0","0","0","1","2","0","0","0","","","1","","2","","40 21:23.914","3","0","79 59:40.999","8","0","0","0","2476","0","0","0","N","0","0","0","2","02476","0","","1.0","","1","N","N","","1","","0","0","0","","3","N","","2","1","0","0","0","1","0","2","0","2","","","","N","","","","","","","","","",""
"2016135846","","2","0","0","0","0","0","0","0","0","4","0","","02","12","2016","3","40.383157","-79.827797","","11","0","0","0","0","0","0","0","0","1","0","0","0","","","0","","1","","40 22:59.366","1","0","79 49:40.068","0","0","0","0","2111","0","0","0","N","0","0","0","3","02111","0","","1.0","","1","N","N","","0","","0","0","0","","2","N","","2","0","0","0","0","0","0","2","0","2","","","","N","","","","","","","","","",""
"2016127190","","1","0","0","0","0","0","0","0","0","6","0","","02","12","2016","1","40.403417","-79.990944","","11","0","0","0","0","0","0","0","0","","0","0","0","","","0","","0","","40 24:12.300","","0","79 59:27.400","9","0","0","0","2301","0","0","0","N","0","0","0","1","02301","0","","2.0","","1","N","N","","0","","0","0","0","","0","","","2","0","0","0","0","0","1","2","1","2","","","","N","","","","","","","","","",""
"2016127381","","0","0","0","0","0","0","0","0","0","7","0","","02","12","2016","1","40.425221","-79.987136","","11","0","0","0","0","0","0","0","0","","0","0","0","","","0","","0","","40 25:30.795","","0","79 59:13.689","9","0","0","0","2301","0","0","0","N","0","0","0","1","02301","0","","5.0","","1","N","N","","1","","0","0","0","","0","","","1","0","0","0","0","0","1","2","0","1","","","","N","","","","","","","","","",""
"2016106510","","0","0","0","0","0","0","0","0","0","7","0","","02","10","2016","6","40.341086","-79.827551","","11","0","0","0","0","0","0","0","0","1","0","0","0","","","0","","0","","40 20:27.911","5","0","79 49:39.184","0","0","0","0","2304","0","0","0","Y","0","0","0","1","02304","0","","2.0","","1","N","N","","0","","0","0","1","","0","N","","1","0","0","0","0","0","0","2","0","1","","","","N","","","","","","","","","",""
"2016126573","","1","0","0","0","0","0","0","0","0","1","0","","02","12","2016","6","40.371261","-79.927266","","11","0","0","0","0","0","0","0","0","1","0","0","0","","","0","","0","","40 22:16.540","5","0","79 55:38.159","0","0","0","0","2473","0","0","0","N","0","0","0","2","02473","0","","1.0","","1","N","N","","1","","0","0","0","","0","N","","2","0","0","0","0","0","0","2","0","2","","","","N","","","","","","","","","",""
"2016131108","","0","0","0","1","0","0","0","0","0","8","0","","02","12","2016","4","40.37784","-80.031675","","11","0","0","0","0","0","0","0","0","1","0","0","0","","","1","","1","","40 22:40.224","2","0","80 01:54.030","3","0","0","0","2109","1","0","0","","0","0","0","2","02109","0","","1.0","","1","N","N","","0","","1","0","0","","3","N","","2","1","0","0","0","0","0","2","1","1","","","","N","","","","","","","","","",""
"2016129212","","2","0","0","0","0","0","0","0","0","4","0","","02","12","2016","5","40.380779","-79.812126","","11","0","0","0","0","1","0","1","0","","0","0","0","","","0","","0","","40 22:50.805","","7","79 48:43.652","0","0","0","0","2424","0","0","0","N","0","0","0","2","02424","0","","1.0","","1","N","N","","0","","0","0","0","","0","","","2","0","0","0","0","0","0","2","0","2","","","","N","","","","","","","","","",""
"2016090547","","3","0","0","0","0","0","0","0","0","1","0","","02","9","2016","6","40.455636","-80.029702","","11","0","0","0","0","0","0","0","0","1","0","0","0","","","0","","0","","40 27:20.289","2","0","80 01:46.927","0","0","0","0","2301","0","0","0","N","0","0","0","5","02301","0","","1.0","","1","N","N","","0","","0","0","0","","2","N","","3","0","0","0","0","0","0","2","0","3","","","","N","","","","","","","","","",""
"2016129120","","1","0","0","0","0","0","0","0","0","4","0","","02","12","2016","5","40.660861","-80.119389","","11","0","0","0","0","0","1","0","0","","0","0","0","","","1","","0","","40 39:39.099","","0","80 07:09.800","4","0","0","0","2212","0","0","0","N","0","0","0","2","02505","1","","1.0","","1","N","N","","0","","0","0","0","","3","","","2","1","0","0","0","0","0","2","0","2","","","","N","","","","","","","","","",""
"2016094053","","0","0","0","0","0","0","0","0","0","7","0","","02","9","2016","4","40.489169","-79.780815","","11","0","0","0","0","0","1","0","0","1","0","0","0","","","1","","0","","40 29:21.007","4","0","79 46:50.934","8","0","0","1","2466","0","0","0","","0","0","0","1","68T02","0","","4.0","","9","N","N","","0","","0","0","0","","0","N","","1","1","0","0","0","1","0","2","0","1","","","","N","","","","","","","","","",""
"2016118544","","2","0","0","0","0","0","0","0","0","4","0","","02","11","2016","7","40.487278","-79.895543","","11","0","0","0","0","0","1","0","1","","0","0","0","","","0","","2","","40 29:14.200","","0","79 53:43.955","0","0","0","0","2301","0","0","0","N","0","0","0","3","02301","0","","4.0","","1","N","N","","0","","0","0","0","","0","","","2","0","0","0","0","0","0","2","0","2","","","","N","","","","","","","","","",""
"2016121613","","0","0","0","0","0","0","0","0","0","1","0","","02","11","2016","6","40.564457","-79.957691","","11","0","0","0","0","0","0","0","1","2","0","0","0","","","0","","0","","40 33:52.046","2","0","79 57:27.686","0","0","0","0","2207","0","0","0","N","0","0","0","2","02207","0","","1.0","","1","N","N","","0","","0","0","2","","0","N","","2","0","0","0","0","0","0","2","0","2","","","","N","","","","","","","","","",""
"2016092332","","0","0","0","0","0","0","0","0","0","7","0","","02","9","2016","5","40.436818","-79.99469","","11","0","0","0","0","0","0","0","0","","0","0","0","","","0","","0","","40 26:12.543","","2","79 59:40.884","0","0","0","0","2301","0","0","0","N","0","0","0","1","02301","0","","2.0","","1","N","N","","0","","0","0","1","","0","","","1","0","1","0","0","0","0","2","0","1","","","","N","","","","","","","","","",""
"2016109545","","0","0","0","0","0","0","0","0","0","1","0","","02","10","2016","7","40.328094","-79.836525","","11","0","0","0","0","0","1","0","0","","0","0","0","","","1","","0","","40 19:41.138","","0","79 50:11.490","8","0","0","0","2304","0","0","0","N","0","0","0","5","02304","0","","1.0","","1","N","N","","1","","0","0","1","","0","","","2","1","0","0","0","1","0","2","0","2","","","","N","","","","","","","","","",""
"2016124839","","2","0","0","0","0","0","0","0","0","4","0","","02","10","2016","6","40.567176","-80.016471","","11","0","1","0","0","0","0","0","1","","0","0","0","","","1","","1","","40 34:01.833","","0","80 00:59.294","4","0","0","0","2108","0","0","0","","0","0","0","4","02108","1","","1.0","","1","N","N","","0","","0","0","0","","2","","","2","1","0","0","0","0","0","2","0","2","","","","N","","","","","","","","","",""
"2016136115","","2","0","0","0","0","0","0","0","0","5","0","","02","12","2016","3","40.427376","-79.953183","","11","0","0","0","0","0","0","0","0","","0","0","0","","","0","","0","","40 25:38.554","","0","79 57:11.459","0","0","0","0","2425","0","0","0","","0","0","0","2","68B03","0","","1.0","","9","N","N","","0","","0","0","0","","0","","","2","0","0","0","0","0","0","2","0","2","","","","N","","","","","","","","","",""
"2016096507","","0","0","0","0","0","0","0","0","0","7","0","","02","9","2016","2","40.515163","-80.155143","","11","0","0","0","0","0","0","0","0","2","0","0","0","","","0","","0","","40 30:54.587","4","0","80 09:18.516","0","0","0","0","2420","0","0","0","","0","0","0","1","02420","0","","5.0","","1","N","N","","1","","0","0","0","","0","N","","1","0","1","0","0","0","0","2","0","1","","","","N","","","","","","","","","",""
"2016104716","","1","0","0","0","0","0","1","0","0","1","1","","02","10","2016","3","40.414224","-80.009629","","11","1","0","0","0","0","1","0","0","2","0","0","0","","","0","","6","","40 24:51.207","2","2","80 00:34.663","0","0","0","0","2301","0","0","0","N","0","0","0","27","02301","0","","1.0","","1","Y","N","","0","","0","0","0","","0","N","","2","0","0","0","0","0","0","2","0","2","","","","N","","","","","","","","","",""
"2016133053","","0","0","0","0","0","0","0","0","0","8","0","","02","12","2016","6","40.479955","-80.085375","","11","0","0","0","0","0","0","0","0","1","0","0","0","","","1","","2","","40 28:47.838","7","0","80 05:07.350","8","0","0","0","2126","1","0","0","N","1","0","0","2","02126","0","","1.0","","1","N","N","","0","","0","0","1","","0","N","","2","1","0","0","0","1","0","2","0","1","","","","N","","","","","","","","","",""
"2016127854","","1","0","0","0","0","0","0","0","0","1","0","","02","12","2016","4","40.438187","-80.005108","","11","0","0","0","0","0","0","0","0","","0","0","0","","","1","","10","","40 26:17.474","","4","80 00:18.387","4","0","0","0","2301","0","0","0","N","0","0","0","2","02301","1","","1.0","","1","N","N","","1","","0","0","0","","0","","","2","1","0","0","0","0","0","2","0","2","","","","N","","","","","","","","","",""
"2016126985","","0","0","0","0","0","0","0","0","0","1","0","","02","12","2016","6","40.382225","-79.871737","","11","0","0","0","0","0","0","0","0","1","0","0","0","","","0","","0","","40 22:56.010","1","0","79 52:18.252","0","0","0","0","2473","0","0","0","N","0","0","0","2","02473","0","","1.0","","1","N","N","","1","","0","0","1","","0","N","","2","0","0","0","0","0","0","2","0","2","","","","N","","","","","","","","","",""
"2016126403","","2","0","0","0","0","0","0","0","0","1","0","","02","12","2016","5","40.419583","-80.009167","","11","0","0","0","0","0","1","0","0","1","0","0","0","","","1","","0","","40 25:10.500","1","0","80 00:33.000","3","0","0","0","2301","0","0","0","N","0","0","0","1","02301","0","","6.0","","1","N","N","","0","","1","0","0","","0","N","","2","1","0","0","0","0","0","2","0","2","","","","N","","","","","","","","","",""
"2016088933","","0","0","0","0","0","0","0","0","0","4","0","","02","8","2016","1","40.557078","-80.018276","","11","1","0","0","0","0","0","0","0","1","0","0","0","","","1","","0","","40 33:25.481","4","7","80 01:05.792","8","0","0","0","2108","0","0","0","","0","0","0","5","02108","0","","1.0","","1","N","N","","0","","0","0","2","","2","N","","2","1","0","0","0","1","0","2","0","2","","","","N","","","","","","","","","",""
"2016124840","","1","0","0","0","0","0","0","0","0","1","0","","02","10","2016","6","40.568448","-80.023831","","11","0","0","0","0","0","0","0","0","","0","0","0","","","0","","2","","40 34:06.411","","0","80 01:25.791","0","0","0","0","2108","0","0","0","","0","0","0","2","02108","0","","1.0","","1","N","N","","0","","0","0","1","","0","","","2","0","0","0","0","0","0","2","0","2","","","","N","","","","","","","","","",""
"2016107141","","1","0","0","1","0","0","0","0","0","8","0","","02","10","2016","7","40.456455","-79.896613","","11","0","0","0","0","0","0","0","0","1","0","0","0","","","1","","0","","40 27:23.239","2","0","79 53:47.808","8","0","0","0","2301","1","0","0","N","0","0","0","2","02301","0","","1.0","","1","N","N","","0","","0","0","0","","0","N","","2","1","0","0","0","1","0","2","0","1","","","","N","","","","","","","","","",""
"2016129894","","1","0","0","0","0","0","0","0","0","4","0","","02","12","2016","5","40.573457","-80.024127","","11","0","0","0","0","0","0","0","0","1","0","0","0","","","0","","0","","40 34:24.446","2","0","80 01:26.856","0","0","0","0","2108","0","0","0","","0","0","0","4","02108","0","","1.0","","9","N","N","","0","","0","0","1","","0","N","","2","0","0","0","0","0","0","2","0","2","","","","N","","","","","","","","","",""
"2016127857","","1","0","0","0","0","0","0","0","0","4","0","","02","11","2016","4","","","","11","0","0","0","0","0","0","0","1","","0","0","0","","","0","","2","","40 33:29.7","","0","80 01:22.8","0","0","0","0","2108","0","0","0","","0","0","0","2","02108","0","","7.0","","9","N","N","","0","","0","0","1","","4","","","2","0","0","0","0","0","0","1","0","2","","","","N","","","","","","","","","",""
"2016111193","","1","0","0","0","0","0","0","0","0","7","0","","02","8","2016","7","40.429311","-79.931491","","11","0","0","0","0","0","0","0","0","1","0","0","0","","","0","","0","","40 25:45.520","4","2","79 55:53.369","0","0","0","0","2301","0","0","0","","0","0","0","1","68B03","0","","4.0","","9","N","N","","0","","0","0","0","","0","N","","1","0","0","0","0","0","0","2","0","1","","","","N","","","","","","","","","",""
"2016115298","","2","0","0","0","0","0","0","0","0","1","0","","02","11","2016","6","40.378604","-79.804988","","11","0","0","0","0","0","0","2","0","","0","0","0","","","0","","0","","40 22:42.976","","0","79 48:17.955","0","0","0","0","2111","0","0","0","N","0","0","0","2","02111","0","","1.0","","1","N","N","","0","","0","0","0","","0","","","2","0","0","0","0","0","0","2","0","2","","","","N","","","","","","","","","",""
"2016128597","","0","0","0","0","0","0","0","0","0","7","0","","02","12","2016","4","40.380757","-79.999662","","11","0","0","0","0","0","1","0","0","1","0","0","0","","","1","","0","","40 22:50.724","2","0","79 59:58.783","4","0","0","0","2301","0","0","0","N","0","0","0","1","02301","1","","5.0","","1","N","N","","0","","0","0","1","","0","Y","","1","1","0","0","0","0","0","2","0","1","","","","N","","","","","","","","","",""
"2016120227","","0","0","0","0","0","0","0","0","0","1","0","","02","11","2016","5","40.454805","-80.041186","","11","0","0","0","0","0","0","0","0","1","0","0","0","","","1","","2","","40 27:17.298","3","0","80 02:28.271","3","0","0","0","2301","0","0","0","N","0","0","0","2","02301","0","","1.0","","1","N","N","","0","","1","0","2","","3","N","","2","1","0","0","0","0","0","2","0","2","","","","N","","","","","","","","","",""
"2016088384","","1","0","0","0","0","0","0","0","0","4","0","","02","8","2016","1","40.311324","-80.107289","","11","0","0","0","0","0","1","1","0","","0","0","0","","","1","","1","","40 18:40.766","","0","80 06:26.240","4","0","0","0","2123","0","0","0","N","0","0","0","5","02123","1","","1.0","","1","N","N","","0","","0","0","1","","3","","","2","1","0","0","0","0","0","2","0","2","","","","N","","","","","","","","","",""
"2016109628","","1","0","0","0","0","0","0","0","0","7","0","","02","10","2016","6","40.524595","-79.819934","","11","0","0","0","0","0","0","0","0","","0","0","0","","","0","","0","","40 31:28.541","","0","79 49:11.763","0","0","0","0","2466","0","0","0","","0","0","0","1","68T02","0","","3.0","","9","N","N","","0","","0","0","0","","0","","","1","0","0","0","0","0","0","2","0","1","","","","N","","","","","","","","","",""
"2016130258","","1","0","0","0","0","0","0","0","0","1","0","","02","12","2016","4","40.622899","-80.068013","","11","0","0","0","0","0","1","0","0","","0","0","0","","","0","","0","","40 37:22.436","","0","80 04:04.847","0","0","0","0","2216","0","0","0","N","0","0","0","2","02505","0","","1.0","","1","N","N","","0","","0","0","1","","0","","","2","0","0","0","0","0","0","2","0","2","","","","N","","","","","","","","","",""
"2016104487","","2","0","0","0","0","0","0","0","0","4","0","","02","10","2016","3","40.472678","-79.935709","","11","0","0","0","0","0","2","0","0","","0","0","0","","","1","","0","","40 28:21.640","","0","79 56:08.551","4","0","0","0","2301","0","0","0","N","0","0","0","3","02301","1","","1.0","","9","N","N","","0","","0","0","0","","3","","","2","1","0","0","0","0","0","2","0","2","","","","N","","","","","","","","","",""
"2016131112","","1","0","0","0","0","0","0","0","0","1","0","","02","12","2016","4","40.505458","-80.207549","","11","0","0","0","0","0","1","0","0","1","0","0","0","","","0","","1","","40 30:19.650","1","0","80 12:27.175","0","0","0","0","2213","0","0","0","","0","0","0","2","02213","0","","1.0","","1","N","N","","1","","0","0","0","","2","N","","2","0","0","0","0","0","0","2","0","2","","","","N","","","","","","","","","",""
"2016126812","","0","0","0","0","0","0","0","0","0","7","0","","02","12","2016","6","40.465505","-79.877443","","11","0","0","0","0","0","0","0","0","4","0","0","0","","","2","","0","","40 27:55.817","7","0","79 52:38.795","3","0","0","0","2113","0","0","0","N","0","0","0","2","02113","1","","5.0","","1","N","N","","0","","1","0","1","","0","Y","","1","2","0","0","0","0","0","2","0","1","","","","N","","","","","","","","","",""
"2016127482","","1","0","0","0","0","0","0","0","0","7","0","","02","12","2016","3","40.620917","-79.968333","","11","0","0","0","0","0","1","0","0","2","0","0","0","","","0","","0","","40 37:15.300","2","0","79 58:06.000","0","0","0","0","2217","0","0","0","N","0","0","0","1","02505","0","","5.0","","9","N","N","","0","","0","0","0","","0","N","","1","0","0","0","0","0","0","2","0","1","","","","N","","","","","","","","","",""
"2016125769","","1","0","0","0","0","0","0","0","0","5","0","","02","12","2016","5","40.450505","-79.920534","","11","0","0","0","0","1","0","0","0","","0","0","0","","","2","","0","","40 27:01.818","","0","79 55:13.922","8","0","0","0","2301","0","0","0","N","0","0","0","3","02301","0","","6.0","","1","N","N","","0","","0","0","2","","0","","","3","2","0","0","0","2","0","2","0","3","","","","N","","","","","","","","","",""
"2016127181","","2","0","0","0","0","0","0","0","0","1","0","","02","12","2016","1","40.396242","-79.998126","","11","0","0","0","0","0","0","0","0","","0","0","0","","","1","","1","","40 23:46.470","","0","79 59:53.254","3","0","0","0","2301","0","0","0","N","0","0","0","2","02301","0","","1.0","","9","N","N","","0","","1","0","0","","2","","","2","1","0","0","0","0","1","2","0","2","","","","N","","","","","","","","","",""
"2016131759","","1","0","0","0","0","0","0","0","0","4","0","","02","12","2016","6","40.456922","-79.894133","","11","0","0","0","0","0","0","0","0","2","0","0","0","","","0","","1","","40 27:24.919","7","0","79 53:38.878","9","0","0","0","2301","0","0","0","","0","0","0","4","02301","0","","1.0","","1","","","","1","","0","0","0","","0","Y","","2","0","1","0","0","0","3","2","0","2","","","","N","","","","","","","","","",""
"2016125920","","1","0","0","0","0","0","0","0","0","1","0","","02","12","2016","5","40.35197","-79.852903","","11","0","0","0","0","0","0","0","0","2","0","0","0","","","0","","0","","40 21:07.093","6","0","79 51:10.449","0","0","0","0","2304","0","0","0","N","0","0","0","1","02304","0","","6.0","","1","Y","Y","","1","","0","0","0","","0","N","","2","0","0","0","0","0","0","2","0","2","","","","N","","","","","","","","","",""
"2016131110","","1","0","0","0","0","0","0","0","0","7","0","","02","11","2016","4","40.524142","-80.188522","","11","0","0","0","0","0","1","0","0","","0","0","0","","","0","","0","","40 31:26.910","","0","80 11:18.680","0","0","0","0","2213","0","0","0","","0","0","0","1","02213","0","","4.0","","9","N","N","","0","","0","0","0","","0","","","1","0","0","0","0","0","0","2","0","1","","","","N","","","","","","","","","",""
"2016109633","","0","0","0","0","0","0","0","0","0","99","0","","02","10","2016","7","40.644774","-80.03216","","11","0","0","0","0","0","0","0","0","","0","0","0","","","0","","0","","40 38:41.185","","0","80 01:55.775","0","0","0","0","2216","0","0","0","","0","0","0","2","68T02","0","","1.0","","9","N","N","","0","","0","0","0","","0","","","1","0","0","0","0","0","0","2","1","1","","","","N","","","","","","","","","",""
"2016081850","","1","0","0","0","0","0","0","0","0","1","0","","02","8","2016","4","40.408028","-79.965333","","11","0","0","0","0","0","0","0","0","","0","0","0","","","0","","3","","40 24:28.900","","0","79 57:55.200","9","0","0","0","2403","0","0","0","N","0","0","0","2","02403","0","","1.0","","1","N","N","","0","","0","0","1","","0","","","2","0","0","0","0","0","2","2","0","2","","","","N","","","","","","","","","",""
"2016092292","","1","0","0","0","0","0","0","0","0","1","0","","02","9","2016","5","40.460004","-80.03036","","11","0","0","0","0","0","0","0","0","","0","0","0","","","0","","0","","40 27:36.015","","2","80 01:49.297","0","0","0","0","2301","0","0","0","N","0","0","0","2","02301","0","","1.0","","1","N","N","","1","","0","0","0","","0","","","2","0","0","0","0","0","0","2","0","2","","","","N","","","","","","","","","",""
"2016130013","","0","0","0","0","0","0","0","0","0","7","0","","02","12","2016","2","40.49158","-79.86564","","11","0","0","0","0","0","0","0","0","","0","0","0","","","0","","0","","40 29:29.689","","0","79 51:56.305","0","0","0","0","2408","0","0","0","N","0","0","0","1","02408","0","","4.0","","1","N","N","","0","","0","0","1","","0","","","1","0","0","0","0","0","0","2","0","1","","","","N","","","","","","","","","",""
"2016059645","","1","0","0","0","0","0","0","0","0","7","0","","02","6","2016","1","40.380696","-79.812164","","11","0","0","0","0","0","0","1","0","","0","0","0","","","0","","0","","40 22:50.505","","0","79 48:43.792","0","0","0","0","2424","0","0","0","N","0","0","0","1","02424","0","","5.0","","1","N","N","","0","","0","0","0","","0","","","1","0","0","0","0","0","0","2","0","1","","","","N","","","","","","","","","",""
"2016111154","","1","0","0","0","0","0","0","0","0","7","0","","02","10","2016","1","40.501065","-80.183069","","11","0","0","0","0","0","0","0","0","","0","0","0","","","0","","3","","40 30:03.833","","0","80 10:59.047","9","0","0","0","2213","0","0","0","","0","0","0","1","02213","0","","4.0","","1","N","N","","0","","0","0","0","","0","","","1","0","1","0","0","0","1","2","0","1","","","","N","","","","","","","","","",""
"2016110165","","1","0","0","0","0","0","0","0","0","7","0","","02","10","2016","6","40.502933","-80.184968","","11","0","0","0","1","0","0","0","0","1","0","0","0","","","2","","10","","40 30:10.560","7","0","80 11:05.883","3","0","0","0","2213","0","0","0","","0","0","0","2","02213","0","","5.0","","9","N","N","","0","","2","0","0","","0","N","","1","2","0","0","0","0","0","2","0","1","","","","N","","","","","","","","","",""
"2016131111","","1","0","0","0","0","0","0","0","0","4","0","","02","12","2016","2","40.489936","-80.196914","","11","0","0","0","0","0","0","0","0","1","0","0","0","","","1","","0","","40 29:23.770","3","0","80 11:48.890","3","0","0","0","2213","0","0","0","","0","0","0","2","02213","0","","1.0","","1","N","N","","0","","1","0","1","","3","N","","2","1","0","0","0","0","0","2","0","2","","","","N","","","","","","","","","",""
"2016139098","","2","0","0","0","0","0","0","0","0","4","0","","02","12","2016","6","40.424767","-79.927013","","11","0","0","0","0","0","0","0","0","","0","0","0","","","0","","2","","40 25:29.160","","0","79 55:37.246","0","0","0","0","2301","0","0","0","N","0","0","0","2","02301","0","","1.0","","9","N","N","","0","","0","0","0","","0","","","2","0","0","0","0","0","0","2","0","2","","","","N","","","","","","","","","",""
"2016132100","","2","0","0","0","0","0","0","0","0","1","0","","02","12","2016","6","40.432071","-79.931752","","11","0","0","0","0","0","0","0","0","","0","0","0","","","0","","0","","40 25:55.455","","0","79 55:54.307","0","0","0","0","2301","0","0","0","N","0","0","0","1","02301","0","","6.0","","1","N","N","","0","","0","0","0","","0","","","2","0","1","0","0","0","0","2","0","2","","","","N","","","","","","","","","",""
"2016109944","","0","0","0","0","0","0","0","0","0","1","0","","02","10","2016","1","40.429378","-79.956524","","11","0","0","0","0","0","1","0","0","","0","0","0","","","0","","6","","40 25:45.760","","2","79 57:23.485","0","0","0","0","2301","0","0","0","","0","0","0","2","68B03","0","","1.0","","1","N","N","","0","","0","0","2","","4","","","2","0","0","0","0","0","0","2","0","2","","","","N","","","","","","","","","",""
"2016090195","","1","0","0","0","0","0","0","0","0","7","0","","02","9","2016","6","40.412694","-79.997861","","11","0","0","0","0","0","0","0","0","","0","0","0","","","0","","0","","40 24:45.700","","0","79 59:52.300","0","0","0","0","2301","0","0","0","N","0","0","0","1","02301","0","","2.0","","1","N","N","","0","","0","0","0","","0","","","1","0","0","0","0","0","0","2","0","1","","","","N","","","","","","","","","",""
"2016139265","","0","0","0","0","0","0","0","0","0","2","1","","02","12","2016","6","40.428698","-79.988591","","11","0","0","0","0","0","0","0","0","","0","1","0","","","0","","1","","40 25:43.313","","0","79 59:18.929","0","0","0","0","2301","0","0","0","N","0","0","0","3","02301","0","","1.0","","1","N","N","","0","","0","0","1","","2","","","2","0","0","0","0","0","0","2","0","2","","","","N","","","","","","","","","",""
"2016110030","","2","0","0","0","0","0","0","0","0","4","0","","02","10","2016","2","40.449679","-79.968017","","11","0","0","0","0","0","0","1","0","","0","0","0","","","0","","1","","40 26:58.844","","0","79 58:04.861","0","0","0","0","2301","0","0","0","N","0","0","0","3","02301","0","","1.0","","1","N","N","","0","","0","0","0","","3","","","2","0","0","0","0","0","0","2","0","2","","","","N","","","","","","","","","",""
"2016130583","","2","0","0","0","0","0","0","0","0","4","0","","02","12","2016","6","40.465928","-79.949505","","11","0","0","0","0","0","1","0","0","","0","0","0","","","0","","2","","40 27:57.340","","0","79 56:58.218","0","0","0","0","2301","0","0","0","N","0","0","0","2","02301","0","","1.0","","1","N","N","","0","","0","0","1","","3","","","3","0","0","0","0","0","0","2","0","3","","","","N","","","","","","","","","",""
"2016090377","","0","0","0","0","0","0","0","0","0","0","0","","02","9","2016","7","40.389432","-79.934781","","11","0","0","0","0","0","0","0","0","2","0","0","0","","","1","","0","","40 23:21.956","3","2","79 56:05.211","8","0","0","1","2301","0","0","0","N","0","0","0","1","02301","0","","1.0","","1","N","N","","0","","0","0","0","","0","Y","","1","1","0","0","0","1","0","2","0","1","","","","N","","","","","","","","","",""
"2016090084","","2","0","0","0","0","0","0","0","0","7","0","","02","9","2016","6","40.516382","-80.027279","","11","0","0","0","0","1","0","0","0","1","0","0","0","","","0","","0","","40 30:58.975","6","0","80 01:38.204","0","0","0","0","2474","0","0","0","N","0","0","0","1","02474","0","","5.0","","1","N","N","","1","","0","0","2","","0","Y","","5","0","0","0","0","0","0","2","0","5","","","","N","","","","","","","","","",""