"CRN","ARRIVAL_TM","AUTOMOBILE_COUNT","BELTED_DEATH_COUNT","BELTED_SUSP_SERIOUS_INJ_COUNT","BICYCLE_COUNT","BICYCLE_DEATH_COUNT","BICYCLE_SUSP_SERIOUS_INJ_COUNT","BUS_COUNT","CHLDPAS_DEATH_COUNT","CHLDPAS_SUSP_SERIOUS_INJ_COUNT","COLLISION_TYPE","COMM_VEH_COUNT","CONS_ZONE_SPD_LIM","COUNTY","CRASH_MONTH","CRASH_YEAR","DAY_OF_WEEK","DEC_LATITUDE","DEC_LONGITUDE","DISPATCH_TM","DISTRICT","DRIVER_COUNT_16YR","DRIVER_COUNT_17YR","DRIVER_COUNT_18YR","DRIVER_COUNT_19YR","DRIVER_COUNT_20YR","DRIVER_COUNT_50_64YR","DRIVER_COUNT_65_74YR","DRIVER_COUNT_75PLUS","EST_HRS_CLOSED","FATAL_COUNT","HEAVY_TRUCK_COUNT","HORSE_BUGGY_COUNT","HOUR_OF_DAY","ILLUMINATION","INJURY_COUNT","INTERSECTION_RELATED","INTERSECT_TYPE","LANE_CLOSED","LATITUDE","LN_CLOSE_DIR","LOCATION_TYPE","LONGITUDE","MAX_SEVERITY_LEVEL","MCYCLE_DEATH_COUNT","MCYCLE_SUSP_SERIOUS_INJ_COUNT","MOTORCYCLE_COUNT","MUNICIPALITY","NONMOTR_COUNT","NONMOTR_DEATH_COUNT","NONMOTR_SUSP_SERIOUS_INJ_COUNT","NTFY_HIWY_MAINT","PED_COUNT","PED_DEATH_COUNT","PED_SUSP_SERIOUS_INJ_COUNT","PERSON_COUNT","POLICE_AGCY","POSSIBLE_INJ_COUNT","RDWY_SURF_TYPE_CD","RELATION_TO_ROAD","ROADWAY_CLEARED","ROAD_CONDITION","SCH_BUS_IND","SCH_ZONE_IND","SECONDARY_CRASH","SMALL_TRUCK_COUNT","SPEC_JURIS_CD","SUSP_MINOR_INJ_COUNT","SUSP_SERIOUS_INJ_COUNT","SUV_COUNT","TCD_FUNC_CD","TCD_TYPE","TFC_DETOUR_IND","TIME_OF_DAY","TOTAL_UNITS","TOT_INJ_COUNT","UNBELTED_OCC_COUNT","UNB_DEATH_COUNT","UNB_SUSP_SERIOUS_INJ_COUNT","UNK_INJ_DEG_COUNT","UNK_INJ_PER_COUNT","URBAN_RURAL","VAN_COUNT","VEHICLE_COUNT","WEATHER1","WEATHER2","WORKERS_PRES","WORK_ZONE_IND","WORK_ZONE_LOC","WORK_ZONE_TYPE","WZ_CLOSE_DETOUR","WZ_FLAGGER","WZ_LAW_OFFCR_IND","WZ_LN_CLOSURE","WZ_MOVING","WZ_OTHER","WZ_SHLDER_MDN","WZ_WORKERS_INJ_KILLED"
"2016090703","","3","0","0","0","0","0","0","0","0","2","0","","02","9","2016","1","40.485194","-80.025194","","11","0","0","0","0","0","0","0","0","1","0","0","0","","","0","","3","","40 29:06.700","5","0","80 01:30.700","0","0","0","0","2301","0","0","0","N","0","0","0","3","02301","0","","4.0","","1","N","N","","0","","0","0","0","","0","N","","3","0","0","0","0","0","0","2","0","3","","","","N","","","","","","","","","",""
"2016127987","","2","0","0","0","0","0","0","0","0","4","0","","02","12","2016","4","40.451384","-79.945422","","11","0","0","0","0","0","1","0","0","1","0","0","0","","","2","","1","","40 27:04.982","4","0","79 56:43.519","4","0","0","0","2301","0","0","0","N","0","0","0","4","02301","2","","1.0","","1","N","N","","0","","0","0","0","","3","Y","","2","2","0","0","0","0","1","2","0","2","","","","N","","","","","","","","","",""
"2016091534","","0","0","0","0","0","0","0","0","0","7","0","","02","9","2016","6","40.536509","-79.759235","","11","0","0","0","0","0","1","0","0","1","0","0","0","","","1","","0","","40 32:11.433","1","0","79 45:33.245","8","0","0","0","2466","0","0","0","N","0","0","0","1","02466","0","","5.0","","1","N","N","","1","","0","0","0","","0","N","","1","1","1","0","0","1","0","2","0","1","","","","N","","","","","","","","","",""
"2016139394","","2","0","0","0","0","0","0","0","0","1","0","","02","12","2016","6","40.374549","-80.093117","","11","0","0","0","0","0","1","0","0","","0","0","0","","","0","","2","","40 22:28.375","","0","80 05:35.222","0","0","0","0","2117","0","0","0","N","0","0","0","2","02117","0","","1.0","","1","N","N","","0","","0","0","0","","3","","","2","0","0","0","0","0","0","2","0","2","","","","N","","","","","","","","","",""
"2016090566","","1","0","0","0","0","0","0","0","0","8","0","","02","9","2016","7","40.352088","-79.851079","","11","0","0","0","0","0","0","0","0","","0","0","0","","","1","","0","","40 21:07.515","","0","79 51:03.885","8","0","0","0","2304","1","0","0","N","1","0","0","2","02304","0","","1.0","","1","N","N","","0","","0","0","0","","0","","","2","1","0","0","0","1","0","2","0","1","","","","N","","","","","","","","","",""
"2016112539","","1","0","0","0","0","0","0","0","0","4","0","","02","10","2016","6","40.384124","-80.052913","","11","0","0","0","0","0","0","1","0","","0","0","0","","","0","","2","","40 23:02.848","","0","80 03:10.487","0","0","0","0","2109","0","0","0","","0","0","0","2","02109","0","","1.0","","1","N","N","","1","","0","0","0","","0","","","2","0","0","0","0","0","0","2","0","2","","","","N","","","","","","","","","",""
"2016090574","","1","0","0","0","0","0","0","0","0","1","0","","02","9","2016","7","40.446046","-79.713861","","11","0","0","0","0","0","0","0","0","","0","0","0","","","1","","0","","40 26:45.767","","0","79 42:49.898","8","0","0","0","2466","0","0","0","N","0","0","0","3","02466","0","","1.0","","1","N","N","","1","","0","0","0","","0","","","2","1","0","0","0","1","0","2","0","2","","","","N","","","","","","","","","",""
"2016092444","","0","0","0","0","0","0","0","0","0","4","0","","02","9","2016","4","40.273542","-79.885194","","11","0","0","0","0","0","1","0","0","","0","0","0","","","1","","2","","40 16:24.750","","0","79 53:06.700","8","0","0","0","2428","0","0","0","N","0","0","0","2","02428","0","","1.0","","1","N","N","","0","","0","0","2","","3","","","2","1","0","0","0","1","0","2","0","2","","","","N","","","","","","","","","",""
"2016118294","","1","0","0","0","0","0","0","0","0","0","0","","02","11","2016","6","40.406301","-79.992394","","11","1","0","0","0","0","0","0","0","","0","0","0","","","1","","0","","40 24:22.683","","0","79 59:32.618","4","0","0","0","2301","0","0","0","N","0","0","0","1","02301","1","","5.0","","1","N","N","","0","","0","0","0","","0","","","1","1","1","0","0","0","0","2","0","1","","","","N","","","","","","","","","",""
"2016100677","","1","0","0","0","0","0","0","0","0","8","0","","02","9","2016","1","40.469052","-79.918738","","11","0","0","0","0","0","0","0","0","","0","0","0","","","1","","1","","40 28:08.587","","0","79 55:07.456","8","0","0","0","2301","1","0","0","N","1","0","0","2","02301","0","","1.0","","1","N","N","","0","","0","0","0","","3","","","2","1","0","0","0","1","0","2","0","1","","","","N","","","","","","","","","",""
"2016129074","","0","0","0","0","0","0","0","0","0","7","0","","02","12","2016","5","40.439222","-80.021361","","11","0","0","0","0","0","0","0","0","5","0","0","0","","","1","","0","","40 26:21.200","7","0","80 01:16.900","4","0","0","0","2301","0","0","0","N","0","0","0","1","02301","1","","5.0","","1","N","N","","0","","0","0","1","","0","Y","","1","1","0","0","0","0","0","2","0","1","","","","N","","","","","","","","","",""
"2016090581","","1","0","0","0","0","0","0","0","0","4","0","","02","9","2016","7","40.328531","-79.945291","","11","0","0","0","0","0","0","0","0","1","0","0","0","","","1","","0","","40 19:42.711","4","7","79 56:43.047","2","0","1","1","2454","0","0","0","N","0","0","0","2","02454","0","","1.0","","1","N","N","","0","","0","1","0","","0","N","","2","1","0","0","0","0","0","2","0","2","","","","N","","","","","","","","","",""
"2016120909","","0","0","0","0","0","0","0","0","0","7","0","","02","11","2016","5","40.427499","-79.751215","","11","0","0","0","0","0","0","0","0","3","0","0","0","","","0","","2","","40 25:38.996","4","0","79 45:04.374","0","0","0","0","2446","0","0","0","N","0","0","0","2","02446","0","","1.0","","1","N","N","","0","","0","0","2","","2","N","","2","0","0","0","0","0","0","2","0","2","","","","N","","","","","","","","","",""
"2016109960","","0","0","0","0","0","0","0","0","0","7","0","","02","10","2016","1","40.374768","-80.048082","","11","0","0","0","0","0","0","0","0","1","0","0","0","","","1","","0","","40 22:29.165","1","0","80 02:53.094","8","0","0","0","2109","0","0","0","","0","0","0","1","02109","0","","4.0","","1","N","N","","0","","0","0","1","","0","N","","1","1","0","0","0","1","0","2","0","1","","","","N","","","","","","","","","",""
"2016090517","","2","0","0","0","0","0","0","0","0","1","0","","02","9","2016","7","40.456047","-79.991701","","11","0","0","0","0","0","0","0","0","","0","0","0","","","3","","7","","40 27:21.770","","2","79 59:30.122","4","0","0","0","2301","0","0","0","N","0","0","0","5","02301","3","","1.0","","1","N","N","","0","","0","0","0","","0","","","2","3","0","0","0","0","0","2","0","2","","","","N","","","","","","","","","",""
"2016124968","","1","0","0","0","0","0","0","0","0","7","0","","02","11","2016","1","40.579513","-79.993848","","11","0","0","0","0","0","0","0","0","","0","0","0","","","0","","2","","40 34:46.246","","0","79 59:37.852","0","0","0","0","2108","0","0","0","","0","0","0","1","02108","0","","4.0","","1","N","N","","0","","0","0","0","","0","","","1","0","0","0","0","0","0","2","0","1","","","","N","","","","","","","","","",""
"2016127383","","0","0","0","0","0","0","0","0","0","7","0","","02","12","2016","3","40.447764","-80.020239","","11","0","0","0","0","0","1","0","0","1","0","0","0","","","0","","0","","40 26:51.949","4","0","80 01:12.862","0","0","0","0","2301","0","0","0","N","0","0","0","1","02301","0","","5.0","","1","N","N","","0","","0","0","1","","0","N","","1","0","0","0","0","0","0","2","0","1","","","","N","","","","","","","","","",""
"2016127346","","1","0","0","0","0","0","0","0","0","1","0","","02","12","2016","2","40.429936","-80.028684","","11","0","0","0","0","0","0","0","0","","0","0","0","","","0","","3","","40 25:47.769","","2","80 01:43.261","0","0","0","0","2301","0","0","0","N","0","0","0","2","02301","0","","1.0","","1","N","N","","0","","0","0","1","","4","","","2","0","0","0","0","0","0","2","0","2","","","","N","","","","","","","","","",""
"2016121793","","1","0","0","0","0","0","0","0","0","4","0","","02","11","2016","1","40.466618","-79.925386","","11","0","0","0","0","0","0","0","0","","0","0","0","","","0","","1","","40 27:59.824","","0","79 55:31.389","0","0","0","0","2301","0","0","0","N","0","0","0","3","02301","0","","1.0","","9","N","N","","0","","0","0","1","","2","","","2","0","0","0","0","0","0","2","0","2","","","","N","","","","","","","","","",""
"2016091958","","0","0","0","0","0","0","0","0","0","4","0","30","02","9","2016","4","40.586853","-80.041629","","11","0","0","0","0","0","1","0","1","","0","0","0","","","0","","5","","40 35:12.669","","0","80 02:29.866","0","0","0","0","2108","0","0","0","","0","0","0","2","02108","0","","1.0","","1","N","N","","0","","0","0","2","","2","","","2","0","0","0","0","0","0","2","0","2","","","N","Y","3","1","N","N","N","N","Y","N","Y",""
"2016090490","","2","0","0","0","0","0","0","0","0","7","0","","02","9","2016","7","40.37778","-79.851293","","11","0","0","0","1","0","0","0","0","2","0","0","0","","","4","","0","","40 22:40.008","5","3","79 51:04.655","8","0","0","0","2303","0","0","0","N","0","0","0","4","02303","0","","3.0","","1","N","N","","0","","0","0","0","","0","Y","","2","4","0","0","0","4","0","2","0","2","","","","N","","","","","","","","","",""
"2016109703","","0","0","0","0","0","0","0","0","0","7","0","","02","10","2016","1","40.504225","-80.022963","","11","0","0","0","0","0","0","0","0","2","0","0","0","","","0","","0","","40 30:15.210","4","0","80 01:22.666","0","0","0","0","2116","0","0","0","N","0","0","0","3","02116","0","","2.0","","1","N","N","","0","","0","0","2","","0","N","","3","0","0","0","0","0","0","2","1","3","","","","N","","","","","","","","","",""
"2016134607","","1","0","0","0","0","0","0","0","0","1","0","","02","12","2016","1","40.425703","-79.90232","","11","0","0","0","0","0","1","0","0","1","0","0","0","","","0","","0","","40 25:32.531","3","4","79 54:08.351","0","0","0","0","2425","0","0","0","","0","0","0","4","68B03","0","","1.0","","1","N","N","","0","","0","0","2","","0","N","","3","0","0","0","0","0","0","2","0","3","","","","N","","","","","","","","","",""
"2016120761","","2","0","0","0","0","0","0","0","0","1","0","","02","11","2016","5","40.442889","-79.937817","","11","0","0","0","0","0","0","0","1","","0","0","0","","","1","","0","","40 26:34.401","","0","79 56:16.142","3","0","0","0","2301","0","0","0","N","0","0","0","1","02301","0","","6.0","","1","N","N","","0","","1","0","0","","0","","","2","1","0","0","0","0","0","2","0","2","","","","N","","","","","","","","","",""
"2016116055","","2","0","0","0","0","0","0","0","0","4","0","","02","11","2016","6","40.412561","-79.818437","","11","0","0","0","0","0","0","1","0","","0","0","0","","","0","","2","","40 24:45.219","","0","79 49:06.373","9","0","0","0","2467","0","0","0","N","0","0","0","3","02467","0","","1.0","","1","N","N","","0","","0","0","0","","3","","","2","0","0","0","0","0","1","2","0","2","","","","N","","","","","","","","","",""
"2016112470","","1","0","0","0","0","0","0","0","0","1","0","","02","10","2016","7","40.444904","-79.993896","","11","0","0","0","0","0","0","0","0","1","0","0","0","","","1","","1","","40 26:41.654","4","0","79 59:38.025","3","0","0","0","2301","0","0","0","N","0","0","0","4","02301","0","","1.0","","1","N","N","","0","","1","0","2","","2","N","","3","1","0","0","0","0","0","2","0","3","","","","N","","","","","","","","","",""
"2016109827","","1","0","0","0","0","0","0","0","0","4","0","","02","10","2016","7","40.521875","-80.048203","","11","0","0","0","0","0","1","0","0","","0","0","0","","","2","","2","","40 31:18.751","","0","80 02:53.531","4","0","0","0","2116","0","0","0","N","0","0","0","2","02116","2","","1.0","","1","N","N","","0","","0","0","1","","0","","","2","2","0","0","0","0","0","2","0","2","","","","N","","","","","","","","","",""
"2016124841","","1","0","0","0","0","0","0","0","0","4","0","","02","10","2016","7","40.604794","-80.050851","","11","0","0","0","0","0","0","0","0","1","0","0","0","","","3","","0","","40 36:17.257","2","0","80 03:03.064","8","0","0","0","2108","0","0","0","","0","0","0","4","02108","0","","1.0","","1","N","N","","0","","0","0","1","","2","N","","2","3","0","0","0","3","0","2","0","2","","","","N","","","","","","","","","",""
"2016127452","","2","0","0","0","0","0","0","0","0","1","0","","02","12","2016","2","40.447425","-79.942471","","11","0","0","0","0","0","1","0","0","2","0","0","0","","","2","","1","","40 26:50.730","3","0","79 56:32.895","8","0","0","0","2301","0","0","0","N","0","0","0","4","02301","0","","1.0","","1","N","N","","0","","0","0","1","","2","N","","3","2","0","0","0","2","0","2","0","3","","","","N","","","","","","","","","",""
"2016090450","","2","0","0","0","0","0","0","0","0","1","0","","02","9","2016","7","40.451774","-79.826511","","11","0","0","0","0","0","2","0","0","2","0","0","0","","","0","","0","","40 27:06.387","1","0","79 49:35.440","0","0","0","0","2113","0","0","0","N","0","0","0","3","02113","0","","1.0","","1","N","N","","0","","0","0","1","","0","N","","3","0","0","0","0","0","0","2","0","3","","","","N","","","","","","","","","",""
"2016127247","","1","0","0","0","0","0","0","0","0","99","0","","02","12","2016","2","40.354267","-79.912645","","11","0","0","0","0","0","0","0","0","1","0","0","0","","","1","","0","","40 21:15.360","4","0","79 54:45.521","3","0","0","0","2473","0","0","0","N","0","0","0","1","02473","0","","1.0","","1","N","N","","0","","1","0","0","","0","N","","1","1","0","0","0","0","0","2","0","1","","","","N","","","","","","","","","",""
"2016092461","","1","0","0","0","0","0","0","0","0","5","0","","02","9","2016","6","40.274598","-79.893617","","11","0","0","0","0","0","1","0","0","","0","0","0","","","0","","0","","40 16:28.552","","0","79 53:37.021","0","0","0","0","2440","0","0","0","N","0","0","0","3","02428","0","","1.0","","1","N","N","","0","","0","0","1","","0","","","2","0","0","0","0","0","0","2","0","2","","","","N","","","","","","","","","",""
"2016120411","","2","0","0","0","0","0","0","0","0","4","0","","02","11","2016","5","40.459609","-79.911376","","11","0","0","0","0","0","0","0","0","","0","0","0","","","1","","2","","40 27:34.592","","0","79 54:40.953","8","0","0","0","2301","0","0","0","N","0","0","0","2","02301","0","","1.0","","1","N","N","","0","","0","0","0","","0","","","2","1","0","0","0","1","0","2","0","2","","","","N","","","","","","","","","",""
"2016126584","","0","0","0","0","0","0","0","0","0","8","0","","02","12","2016","6","40.442444","-79.982639","","11","0","0","0","0","0","0","0","0","","0","0","0","","","1","","0","","40 26:32.800","","0","79 58:57.500","3","0","0","0","2301","1","0","0","N","1","0","0","2","02301","0","","1.0","","1","N","N","","0","","1","0","0","","0","","","2","1","0","0","0","0","0","2","0","1","","","","N","","","","","","","","","",""
"2016127162","","1","0","0","0","0","0","0","0","0","1","0","","02","12","2016","1","40.448039","-80.017839","","11","0","0","0","0","0","0","0","0","2","0","0","0","","","0","","1","","40 26:52.940","2","0","80 01:04.220","0","0","0","0","2301","0","0","0","N","0","0","0","3","02301","0","","1.0","","9","N","N","","0","","0","0","1","","2","N","","2","0","0","0","0","0","0","2","0","2","","","","N","","","","","","","","","",""
"2016133868","","1","0","0","0","0","0","0","0","0","7","0","","02","12","2016","7","40.311253","-79.876303","","11","0","0","0","0","0","0","0","0","1","0","0","0","","","0","","0","","40 18:40.510","2","0","79 52:34.689","0","0","0","0","2443","0","0","0","N","0","0","0","1","02443","0","","4.0","","2","N","N","","0","","0","0","0","","0","N","","1","0","0","0","0","0","0","1","0","1","","","","N","","","","","","","","","",""
"2016092683","","0","0","0","0","0","0","0","0","0","7","0","","02","9","2016","1","40.506616","-80.007171","","11","0","0","0","0","0","0","0","0","","0","0","0","","","0","","0","","40 30:23.819","","0","80 00:25.815","0","0","0","0","2116","0","0","0","N","0","0","0","3","02116","0","","3.0","","1","N","N","","0","","0","0","1","","0","","","1","0","0","0","0","0","0","2","0","1","","","","N","","","","","","","","","",""
"2016129129","","0","0","0","0","0","0","0","0","0","7","0","","02","12","2016","4","40.587502","-80.054295","","11","0","0","0","0","0","1","0","0","1","0","0","0","","","0","","0","","40 35:15.007","1","0","80 03:15.462","0","0","0","0","2108","0","0","0","","0","0","0","1","02108","0","","5.0","","1","N","N","","0","","0","0","1","","0","N","","1","0","0","0","0","0","0","2","0","1","","","","N","","","","","","","","","",""
"2016127055","","1","0","0","0","0","0","0","0","0","4","0","","02","12","2016","1","40.348946","-79.830416","","11","0","0","0","0","0","0","0","0","2","0","0","0","","","1","","0","","40 20:56.207","1","0","79 49:49.496","4","0","0","0","2477","0","0","0","N","0","0","0","2","02477","1","","4.0","","1","N","N","","1","","0","0","0","","0","Y","","2","1","0","0","0","0","0","2","0","2","","","","N","","","","","","","","","",""
"2016124998","","1","0","0","0","0","0","0","0","0","7","0","","02","11","2016","7","40.534637","-80.202184","","11","0","1","0","0","0","0","0","0","","0","0","0","","","0","","0","","40 32:04.694","","0","80 12:07.861","0","0","0","0","2213","0","0","0","","0","0","0","1","02213","0","","3.0","","1","N","N","","0","","0","0","0","","0","","","1","0","0","0","0","0","0","2","0","1","","","","N","","","","","","","","","",""
"2016109335","","1","0","0","0","0","0","0","0","0","7","0","","02","10","2016","5","40.415291","-79.730303","","11","0","0","0","0","0","1","0","0","","0","0","0","","","0","","0","","40 24:55.048","","0","79 43:49.092","0","0","0","0","2446","0","0","0","","0","0","0","1","68T09","0","","2.0","","8","N","N","","0","","0","0","0","","0","","","1","0","0","0","0","0","0","2","0","1","","05","","N","","","","","","","","","",""
"2016090580","","1","0","0","0","0","0","0","0","0","4","0","","02","9","2016","7","40.485363","-80.009545","","11","0","0","0","0","0","0","0","0","","0","0","0","","","1","","1","","40 29:07.307","","2","80 00:34.363","8","0","0","0","2301","0","0","0","N","0","0","0","3","02301","0","","1.0","","1","N","N","","1","","0","0","0","","0","","","2","1","0","0","0","1","0","2","0","2","","","","N","","","","","","","","","",""
"2016092284","","1","0","0","0","0","0","0","0","0","7","0","","02","9","2016","5","40.40317","-80.020274","","11","0","0","0","0","0","0","0","0","1","0","0","0","","","1","","0","","40 24:11.411","2","0","80 01:12.985","8","0","0","0","2301","0","0","0","N","0","0","0","1","02301","0","","5.0","","1","N","N","","0","","0","0","0","","0","N","","1","1","0","0","0","1","0","2","0","1","","","","N","","","","","","","","","",""
"2016128962","","1","0","0","0","0","0","0","0","0","7","0","","02","12","2016","4","40.44307","-80.031802","","11","0","0","0","0","0","0","1","0","","0","0","0","","","0","","0","","40 26:35.052","","0","80 01:54.487","0","0","0","0","2301","0","0","0","N","0","0","0","1","02301","0","","3.0","","1","N","N","","0","","0","0","0","","0","","","1","0","0","0","0","0","0","2","0","1","","","","N","","","","","","","","","",""
"2016091917","","1","0","0","0","0","0","0","0","0","4","0","","02","9","2016","7","40.459997","-79.945927","","11","0","0","0","0","0","0","1","0","","0","0","0","","","0","","1","","40 27:35.989","","0","79 56:45.337","0","0","0","0","2301","0","0","0","N","0","0","0","4","02301","0","","1.0","","1","N","N","","0","","0","0","1","","2","","","2","0","0","0","0","0","0","2","0","2","","","","N","","","","","","","","","",""
"2016111777","","1","0","0","0","0","0","0","0","0","4","0","","02","10","2016","6","40.476543","-80.030351","","11","0","0","0","0","0","0","0","0","","0","0","0","","","0","","0","","40 28:35.554","","0","80 01:49.263","0","0","0","0","2301","0","0","0","N","0","0","0","0","02301","0","","2.0","","1","N","N","","0","","0","0","0","","0","","","2","0","0","0","0","0","0","2","0","2","","","","N","","","","","","","","","",""
"2016090388","","3","0","0","0","0","0","0","0","0","5","0","","02","9","2016","7","40.386213","-79.991001","","11","0","0","0","0","0","0","0","0","","0","0","0","","","0","","0","","40 23:10.366","","0","79 59:27.603","0","0","0","0","2301","0","0","0","N","0","0","0","2","02301","0","","4.0","","1","N","N","","0","","0","0","0","","0","","","3","0","0","0","0","0","0","2","0","3","","","","N","","","","","","","","","",""
"2016120354","","2","0","0","0","0","0","0","0","0","4","0","","02","11","2016","5","40.443155","-80.057911","","11","0","0","0","0","0","0","0","0","","0","0","0","","","0","","1","","40 26:35.358","","0","80 03:28.479","0","0","0","0","2439","0","0","0","N","0","0","0","2","02439","0","","1.0","","1","N","N","","0","","0","0","0","","3","","","2","0","0","0","0","0","0","2","0","2","","","","N","","","","","","","","","",""
"2016118302","","0","0","0","0","0","0","0","0","0","7","0","","02","11","2016","3","40.373133","-79.800793","","11","0","0","0","0","0","0","0","0","","0","0","0","","","0","","0","","40 22:23.278","","0","79 48:02.854","0","0","0","0","2111","0","0","0","N","0","0","0","1","02111","0","","2.0","","1","N","N","","0","","0","0","1","","0","","","1","0","0","0","0","0","0","2","0","1","","","","N","","","","","","","","","",""
"2016126332","","3","0","0","0","0","0","0","0","0","4","0","","02","12","2016","5","40.459505","-79.930045","","11","0","0","0","0","0","1","0","0","2","0","0","0","","","1","","0","","40 27:34.217","4","0","79 55:48.162","3","0","0","0","2301","0","0","0","N","0","0","0","1","02301","0","","6.0","","1","N","N","","0","","1","0","0","","0","Y","","3","1","1","0","0","0","0","2","0","3","","","","N","","","","","","","","","",""
"2016124373","","1","0","0","0","0","0","0","0","0","1","0","","02","11","2016","7","40.42591","-79.911442","","11","0","0","0","0","0","0","0","0","","0","0","0","","","0","","0","","40 25:33.277","","0","79 54:41.192","0","0","0","0","2301","0","0","0","","0","0","0","4","68B03","0","","1.0","","1","N","N","","0","","0","0","3","","0","","","4","0","0","0","0","0","0","2","0","4","","","","N","","","","","","","","","",""
"2016133128","","1","0","0","0","0","0","1","0","0","2","1","","02","12","2016","6","40.401478","-80.002987","","11","0","0","0","0","0","1","0","0","","0","0","0","","","3","","0","","40 24:05.322","","0","80 00:10.753","8","0","0","0","2301","0","0","0","N","0","0","0","22","02301","0","","1.0","","1","Y","N","","0","","0","0","0","","0","","","2","3","0","0","0","3","1","2","0","2","","","","N","","","","","","","","","",""
"2016090896","","1","0","0","0","0","0","0","0","0","4","0","","02","9","2016","7","40.445214","-79.991855","","11","0","0","0","0","0","0","0","0","1","0","0","0","","","2","","2","","40 26:42.770","6","0","79 59:30.678","4","0","0","0","2301","0","0","0","N","0","0","0","4","02301","2","","1.0","","1","N","N","","0","","0","0","1","","3","Y","","2","2","0","0","0","0","0","2","0","2","","","","N","","","","","","","","","",""
"2016111820","","1","0","0","0","0","0","0","0","0","0","0","","02","8","2016","2","40.429161","-79.943571","","11","0","0","0","0","0","0","0","0","","0","0","0","","","0","","0","","40 25:44.978","","0","79 56:36.854","0","0","0","0","2301","0","0","0","","0","0","0","1","68B03","0","","2.0","","9","N","N","","0","","0","0","0","","0","","","1","0","0","0","0","0","0","2","0","1","","","","N","","","","","","","","","",""
"2016090688","","1","0","0","0","0","0","0","0","0","4","0","","02","9","2016","1","40.437428","-79.979527","","11","0","0","0","0","0","0","0","0","1","0","0","0","","","0","","1","","40 26:14.740","3","0","79 58:46.297","0","0","0","0","2301","0","0","0","N","0","0","0","2","02301","0","","1.0","","1","N","N","","0","","0","0","1","","3","N","","2","0","0","0","0","0","0","2","0","2","","","","N","","","","","","","","","",""
"2016127200","","2","0","0","0","0","0","0","0","0","5","0","","02","12","2016","2","40.458972","-80.008944","","11","0","0","0","0","0","0","0","0","3","0","0","0","","","0","","0","","40 27:32.300","7","0","80 00:32.200","9","0","0","0","2301","0","0","0","N","0","0","0","1","02301","0","","6.0","","9","N","N","","0","","0","0","0","","0","N","","2","0","0","0","0","0","1","2","0","2","","","","N","","","","","","","","","",""
"2016127542","","2","0","0","0","0","0","0","0","0","5","0","","02","12","2016","3","40.434543","-80.008098","","11","0","0","0","0","0","0","0","0","2","0","0","0","","","0","","0","","40 26:04.355","4","7","80 00:29.154","0","0","0","0","2301","0","0","0","N","0","0","0","3","02301","0","","1.0","","9","N","N","","1","","0","0","0","","0","N","","3","0","0","0","0","0","0","2","0","3","","","","N","","","","","","","","","",""
"2016124173","","3","0","0","0","0","0","0","0","0","1","0","","02","11","2016","7","40.54108","-79.782592","","11","0","0","0","0","0","0","0","0","2","0","0","0","","","0","","0","","40 32:27.889","4","0","79 46:57.331","0","0","0","0","2462","0","0","0","N","0","0","0","3","02462","0","","6.0","","1","N","N","","0","","0","0","0","","0","N","","3","0","0","0","0","0","0","2","0","3","","","","N","","","","","","","","","",""
"2016093594","","2","0","0","0","0","0","0","0","0","1","0","","02","9","2016","7","40.441616","-79.836196","","11","0","0","0","1","0","1","1","0","","0","0","0","","","2","","6","","40 26:29.817","","2","79 50:10.307","4","0","0","0","2419","0","0","0","","0","0","0","15","68B03","2","","1.0","","1","N","N","","0","","0","0","1","","4","","","3","2","0","0","0","0","0","2","0","3","","","","N","","","","","","","","","",""
"2016109084","","0","0","0","0","0","0","0","0","0","6","0","","02","10","2016","2","40.441878","-79.760284","","11","0","0","0","0","0","0","1","0","2","0","0","0","","","1","","0","","40 26:30.762","1","0","79 45:37.024","3","0","0","0","2446","0","0","0","N","0","0","0","4","02446","0","","1.0","","1","N","N","","0","","1","0","1","","0","N","","2","1","0","0","0","0","0","2","0","2","","","","N","","","","","","","","","",""
"2016126819","","1","0","0","0","0","0","0","0","0","4","0","","02","12","2016","6","40.464978","-79.942836","","11","0","0","0","0","0","1","0","0","2","0","0","0","","","0","","1","","40 27:53.920","4","0","79 56:34.209","0","0","0","0","2301","0","0","0","N","0","0","0","2","02301","0","","1.0","","1","N","N","","0","","0","0","1","","0","Y","","2","0","0","0","0","0","0","2","0","2","","","","N","","","","","","","","","",""
"2016011892","","0","0","0","0","0","0","0","0","0","2","0","","02","1","2016","7","40.385278","-79.802667","","11","0","0","0","0","0","1","0","0","","0","0","0","","","0","","2","","40 23:07.000","","0","79 48:09.600","0","0","0","0","2424","0","0","0","N","0","0","0","2","02424","0","","1.0","","1","N","N","","2","","0","0","0","","0","","","2","0","0","0","0","0","0","2","0","2","","","","N","","","","","","","","","",""
"2016090877","","0","0","0","0","0","0","0","0","0","7","0","","02","9","2016","7","40.426231","-79.862101","","11","0","0","0","0","0","0","0","0","2","0","0","0","","","1","","0","","40 25:34.430","6","0","79 51:43.565","8","0","0","0","2431","0","0","0","Y","0","0","0","1","02431","0","","3.0","","1","N","N","","1","","0","0","0","","0","N","","1","1","0","0","0","1","0","2","0","1","","","","N","","","","","","","","","",""