"CRN","ARRIVAL_TM","AUTOMOBILE_COUNT","BELTED_DEATH_COUNT","BELTED_SUSP_SERIOUS_INJ_COUNT","BICYCLE_COUNT","BICYCLE_DEATH_COUNT","BICYCLE_SUSP_SERIOUS_INJ_COUNT","BUS_COUNT","CHLDPAS_DEATH_COUNT","CHLDPAS_SUSP_SERIOUS_INJ_COUNT","COLLISION_TYPE","COMM_VEH_COUNT","CONS_ZONE_SPD_LIM","COUNTY","CRASH_MONTH","CRASH_YEAR","DAY_OF_WEEK","DEC_LATITUDE","DEC_LONGITUDE","DISPATCH_TM","DISTRICT","DRIVER_COUNT_16YR","DRIVER_COUNT_17YR","DRIVER_COUNT_18YR","DRIVER_COUNT_19YR","DRIVER_COUNT_20YR","DRIVER_COUNT_50_64YR","DRIVER_COUNT_65_74YR","DRIVER_COUNT_75PLUS","EST_HRS_CLOSED","FATAL_COUNT","HEAVY_TRUCK_COUNT","HORSE_BUGGY_COUNT","HOUR_OF_DAY","ILLUMINATION","INJURY_COUNT","INTERSECTION_RELATED","INTERSECT_TYPE","LANE_CLOSED","LATITUDE","LN_CLOSE_DIR","LOCATION_TYPE","LONGITUDE","MAX_SEVERITY_LEVEL","MCYCLE_DEATH_COUNT","MCYCLE_SUSP_SERIOUS_INJ_COUNT","MOTORCYCLE_COUNT","MUNICIPALITY","NONMOTR_COUNT","NONMOTR_DEATH_COUNT","NONMOTR_SUSP_SERIOUS_INJ_COUNT","NTFY_HIWY_MAINT","PED_COUNT","PED_DEATH_COUNT","PED_SUSP_SERIOUS_INJ_COUNT","PERSON_COUNT","POLICE_AGCY","POSSIBLE_INJ_COUNT","RDWY_SURF_TYPE_CD","RELATION_TO_ROAD","ROADWAY_CLEARED","ROAD_CONDITION","SCH_BUS_IND","SCH_ZONE_IND","SECONDARY_CRASH","SMALL_TRUCK_COUNT","SPEC_JURIS_CD","SUSP_MINOR_INJ_COUNT","SUSP_SERIOUS_INJ_COUNT","SUV_COUNT","TCD_FUNC_CD","TCD_TYPE","TFC_DETOUR_IND","TIME_OF_DAY","TOTAL_UNITS","TOT_INJ_COUNT","UNBELTED_OCC_COUNT","UNB_DEATH_COUNT","UNB_SUSP_SERIOUS_INJ_COUNT","UNK_INJ_DEG_COUNT","UNK_INJ_PER_COUNT","URBAN_RURAL","VAN_COUNT","VEHICLE_COUNT","WEATHER1","WEATHER2","WORKERS_PRES","WORK_ZONE_IND","WORK_ZONE_LOC","WORK_ZONE_TYPE","WZ_CLOSE_DETOUR","WZ_FLAGGER","WZ_LAW_OFFCR_IND","WZ_LN_CLOSURE","WZ_MOVING","WZ_OTHER","WZ_SHLDER_MDN","WZ_WORKERS_INJ_KILLED"
"2016127236","","2","0","0","0","0","0","0","0","0","1","0","","02","12","2016","2","40.419735","-79.957684","","11","0","0","0","0","0","1","0","0","2","0","0","0","","","0","","0","","40 25:11.045","1","0","79 57:27.662","0","0","0","0","2301","0","0","0","N","0","0","0","2","02301","0","","1.0","","1","N","N","","0","","0","0","0","","0","N","","2","0","0","0","0","0","0","2","0","2","","","","N","","","","","","","","","",""
"2016124165","","1","0","0","0","0","0","0","0","0","4","0","","02","11","2016","1","40.346389","-79.946778","","11","0","0","0","0","0","2","0","0","","0","0","0","","","0","","2","","40 20:47.000","","0","79 56:48.400","0","0","0","0","2473","0","0","0","N","0","0","0","4","02473","0","","1.0","","9","N","N","","0","","0","0","1","","3","","","2","0","0","0","0","0","0","2","0","2","","","","N","","","","","","","","","",""
"2016135083","","0","0","0","0","0","0","0","0","0","7","0","","02","12","2016","7","40.222957","-79.912059","","11","0","0","0","0","0","0","0","0","","0","1","0","","","0","","0","","40 13:22.645","","0","79 54:43.412","9","0","0","0","2204","0","0","0","N","0","0","0","1","02204","0","","5.0","","2","N","N","","0","","0","0","0","","0","","","1","0","0","0","0","0","1","1","0","1","","","","N","","","","","","","","","",""
"2016127681","","1","0","0","0","0","0","0","0","0","1","0","","02","12","2016","4","40.439889","-79.995139","","11","0","0","0","0","0","0","0","0","","0","0","0","","","2","","0","","40 26:23.600","","0","79 59:42.500","8","0","0","0","2301","0","0","0","N","0","0","0","3","02301","0","","1.0","","1","N","N","","0","","0","0","0","","0","","","2","2","0","0","0","2","0","2","1","2","","","","N","","","","","","","","","",""
"2016090416","","1","0","0","0","0","0","0","0","0","7","0","","02","9","2016","7","40.452016","-79.877089","","11","0","0","0","0","0","0","0","0","1","0","0","0","","","0","","0","","40 27:07.257","2","0","79 52:37.520","9","0","0","0","2301","0","0","0","N","0","0","0","1","02301","0","","5.0","","1","N","N","","0","","0","0","0","","0","Y","","1","0","0","0","0","0","1","2","0","1","","","","N","","","","","","","","","",""
"2016127436","","1","0","0","0","0","0","0","0","0","1","0","","02","12","2016","3","40.381026","-79.976048","","11","0","0","0","0","0","0","1","0","","0","0","0","","","0","","0","","40 22:51.693","","0","79 58:33.774","0","0","0","0","2413","0","0","0","N","0","0","0","2","02413","0","","1.0","","1","N","N","","0","","0","0","1","","0","","","2","0","0","0","0","0","0","2","0","2","","","","N","","","","","","","","","",""
"2016127003","","1","0","0","0","0","0","0","0","0","7","0","","02","12","2016","7","40.437308","-80.000723","","11","0","0","0","0","0","0","0","0","1","0","0","0","","","0","","0","","40 26:14.309","4","0","80 00:02.602","0","0","0","0","2301","0","0","0","N","0","0","0","1","02301","0","","5.0","","1","N","N","","0","","0","0","0","","0","N","","1","0","0","0","0","0","0","2","0","1","","","","N","","","","","","","","","",""
"2016089643","","1","0","0","0","0","0","0","0","0","2","0","","02","8","2016","4","40.331814","-79.986078","","11","0","0","0","0","0","0","0","0","","0","0","0","","","0","","2","","40 19:54.532","","0","79 59:09.879","0","0","0","0","2403","0","0","0","N","0","0","0","2","02403","0","","1.0","","9","N","N","","0","","0","0","1","","2","","","2","0","0","0","0","0","0","2","0","2","","","","N","","","","","","","","","",""
"2016092897","","1","0","0","0","0","0","0","0","0","7","0","","02","9","2016","4","40.570406","-79.800741","","11","0","0","0","0","0","0","0","0","","0","0","0","","","0","","2","","40 34:13.461","","0","79 48:02.667","0","0","0","0","2206","0","0","0","N","0","0","0","1","02206","0","","3.0","","1","N","N","","0","","0","0","0","","2","","","1","0","0","0","0","0","0","2","0","1","","","","N","","","","","","","","","",""
"2016093746","","2","0","0","0","0","0","0","0","0","4","0","","02","9","2016","1","40.376816","-79.827648","","11","0","0","0","0","0","0","0","0","1","0","0","0","","","2","","0","","40 22:36.536","4","0","79 49:39.532","8","0","0","0","2111","0","0","0","N","0","0","0","2","02111","0","","1.0","","1","N","N","","0","","0","0","0","","0","N","","2","2","0","0","0","2","0","2","0","2","","","","N","","","","","","","","","",""
"2016129784","","2","0","0","0","0","0","0","0","0","5","0","","02","12","2016","6","40.418","-80.012472","","11","0","0","0","0","0","0","0","0","1","0","0","0","","","1","","0","","40 25:04.800","5","0","80 00:44.900","2","0","0","0","2301","0","0","0","N","0","0","0","2","02301","0","","6.0","","9","N","N","","0","","0","1","0","","0","N","","2","1","0","0","0","0","0","2","0","2","","","","N","","","","","","","","","",""
"2016129722","","0","0","0","0","0","0","0","0","0","99","0","","02","12","2016","5","40.43963","-79.898384","","11","0","0","0","0","0","0","1","0","","0","0","0","","","0","","0","","40 26:22.668","","0","79 53:54.184","0","0","0","0","2301","0","0","0","N","0","0","0","2","02301","0","","1.0","","1","N","N","","0","","0","0","1","","0","","","1","0","0","0","0","0","0","2","0","1","","","","N","","","","","","","","","",""
"2016108403","","1","0","0","0","0","0","0","0","0","99","0","","02","10","2016","5","40.483183","-80.049086","","11","0","0","0","0","0","0","0","0","","0","0","0","","","0","","0","","40 28:59.460","","0","80 02:56.709","0","0","0","0","2301","0","0","0","N","0","0","0","1","02301","0","","1.0","","1","N","N","","0","","0","0","0","","0","","","1","0","0","0","0","0","0","2","0","1","","","","N","","","","","","","","","",""
"2016110069","","2","0","0","0","0","0","0","0","0","4","0","","02","10","2016","2","40.416826","-80.029827","","11","0","0","0","0","0","0","0","0","","0","0","0","","","1","","1","","40 25:00.574","","0","80 01:47.376","3","0","0","0","2301","0","0","0","N","0","0","0","2","02301","0","","1.0","","1","Y","N","","0","","1","0","0","","2","","","2","1","0","0","0","0","0","2","0","2","","","","N","","","","","","","","","",""
"2016092717","","3","0","0","0","0","0","0","0","0","7","0","","02","9","2016","4","40.467709","-79.934583","","11","0","0","0","0","0","0","0","0","","0","0","0","","","0","","1","","40 28:03.752","","0","79 56:04.498","0","0","0","0","2301","0","0","0","N","0","0","0","1","02301","0","","5.0","","1","N","N","","0","","0","0","0","","3","","","3","0","1","0","0","0","0","2","0","3","","","","N","","","","","","","","","",""
"2016131106","","1","0","0","0","0","0","0","0","0","1","0","","02","12","2016","4","40.371025","-80.049451","","11","0","0","0","0","0","1","0","0","","0","0","0","","","0","","0","","40 22:15.691","","0","80 02:58.023","0","0","0","0","2109","0","0","0","","0","0","0","2","02109","0","","1.0","","1","N","N","","0","","0","0","1","","0","","","2","0","0","0","0","0","0","2","0","2","","","","N","","","","","","","","","",""
"2016094077","","0","0","0","0","0","0","0","0","0","99","0","","02","9","2016","6","40.286755","-79.997386","","11","0","0","0","0","0","1","0","0","1","0","0","0","","","2","","0","","40 17:12.317","1","0","79 59:50.588","3","0","0","1","2219","0","0","0","N","0","0","0","2","02219","0","","1.0","","1","N","N","","0","","2","0","0","","0","N","","1","2","0","0","0","0","0","2","0","1","","","","N","","","","","","","","","",""
"2016127191","","2","0","0","0","0","0","0","0","0","5","0","","02","12","2016","5","40.529663","-79.952416","","11","0","0","0","0","0","0","0","0","1","0","0","0","","","0","","1","","40 31:46.788","1","0","79 57:08.699","0","0","0","0","2118","0","0","0","N","0","0","0","2","02118","0","","1.0","","9","N","N","","0","","0","0","0","","2","N","","2","0","0","0","0","0","0","2","0","2","","","","N","","","","","","","","","",""
"2016127365","","0","0","0","0","0","0","0","0","0","8","0","","02","12","2016","2","40.422003","-79.932066","","11","0","0","0","0","0","0","1","0","","0","0","0","","","1","","0","","40 25:19.210","","0","79 55:55.437","4","0","0","0","2301","1","0","0","N","1","0","0","2","02301","1","","1.0","","1","N","N","","0","","0","0","1","","0","","","2","1","0","0","0","0","0","2","0","1","","","","N","","","","","","","","","",""
"2016105090","","1","0","0","0","0","0","0","0","0","1","0","","02","9","2016","7","","","","11","0","0","0","0","0","1","0","0","2","0","0","0","","","1","","0","","40 26:56.5","2","0","80 00:22.0","8","0","0","0","2301","0","0","0","","0","0","0","3","68B03","0","","1.0","","1","N","N","","1","","0","0","1","","0","N","","3","1","0","0","0","1","0","2","0","3","","","","N","","","","","","","","","",""
"2016111141","","0","0","0","0","0","0","0","0","0","1","0","","02","10","2016","1","40.43832","-79.862921","","11","0","0","0","0","0","1","0","0","","0","0","0","","","0","","0","","40 26:17.952","","0","79 51:46.515","0","0","0","0","2419","0","0","0","","0","0","0","3","68B03","0","","1.0","","1","N","N","","1","","0","0","1","","0","","","2","0","0","0","0","0","0","2","0","2","","","","N","","","","","","","","","",""
"2016128755","","0","0","0","0","0","0","0","0","0","5","0","","02","12","2016","4","40.520275","-79.833487","","11","0","0","0","0","0","0","0","0","2","0","0","0","","","0","","0","","40 31:12.989","1","0","79 50:00.552","0","0","0","0","2451","0","0","0","N","0","0","0","1","02451","0","","2.0","","1","N","N","","1","","0","0","2","","0","N","","3","0","0","0","0","0","0","2","0","3","","","","N","","","","","","","","","",""
"2016092466","","2","0","0","0","0","0","0","0","0","5","0","","02","9","2016","4","40.394064","-79.885726","","11","0","0","0","0","0","0","0","0","","0","0","0","","","0","","0","","40 23:38.630","","0","79 53:08.613","9","0","0","0","2473","0","0","0","N","0","0","0","1","02473","0","","2.0","","1","N","N","","0","","0","0","0","","0","","","2","0","0","0","0","0","1","2","0","2","","","","N","","","","","","","","","",""
"2016091085","","1","0","0","0","0","0","0","0","0","7","0","","02","9","2016","7","40.5665","-80.043639","","11","0","0","0","0","0","0","0","0","3","0","0","0","","","1","","0","","40 33:59.400","5","0","80 02:37.100","8","0","0","0","2108","0","0","0","","0","0","0","1","02108","0","","5.0","","1","N","N","","0","","0","0","0","","0","Y","","1","1","0","0","0","1","0","2","0","1","","","","N","","","","","","","","","",""
"2016126995","","1","0","0","0","0","0","0","0","0","4","0","","02","11","2016","5","40.407165","-79.906092","","11","0","0","0","0","0","1","0","0","","0","0","0","","","1","","2","","40 24:25.794","","0","79 54:21.931","8","0","0","0","2438","0","0","0","N","0","0","0","1","02438","0","","1.0","","1","N","N","","0","","0","0","0","","0","","","2","1","0","0","0","1","0","2","1","2","","","","N","","","","","","","","","",""
"2016125895","","1","0","0","0","0","0","0","0","0","7","0","","02","12","2016","5","40.398856","-79.788146","","11","0","0","0","0","0","0","0","0","2","0","0","0","","","1","","0","","40 23:55.883","3","0","79 47:17.327","8","0","0","0","2446","0","0","0","N","0","0","0","1","02446","0","","2.0","","1","N","N","","0","","0","0","0","","0","N","","1","1","0","0","0","1","0","2","0","1","","","","N","","","","","","","","","",""
"2016110043","","0","0","0","0","0","0","0","0","0","8","0","","02","10","2016","6","40.465908","-79.953611","","11","0","0","0","0","0","0","0","0","","0","0","0","","","1","","2","","40 27:57.268","","0","79 57:12.999","4","0","0","0","2301","1","0","0","N","1","0","0","2","02301","1","","1.0","","1","N","N","","1","","0","0","0","","2","","","2","1","1","0","0","0","0","2","0","1","","","","N","","","","","","","","","",""
"2016121294","","1","0","0","0","0","0","0","0","0","4","0","","02","11","2016","5","40.40317","-80.020274","","11","0","0","0","0","0","0","0","0","1","0","0","0","","","0","","0","","40 24:11.411","2","7","80 01:12.985","0","0","0","0","2301","0","0","0","","0","0","0","2","02301","0","","1.0","","1","N","N","","1","","0","0","0","","0","N","","2","0","0","0","0","0","0","2","0","2","","","","N","","","","","","","","","",""
"2016111149","","0","0","0","0","0","0","0","0","0","7","1","55","02","10","2016","2","40.506885","-80.281304","","11","0","0","0","0","0","0","0","0","2","0","1","0","","","0","","3","","40 30:24.785","3","0","80 16:52.693","0","0","0","0","2203","0","0","0","","0","0","0","1","68B03","0","","3.0","","1","N","N","","0","","0","0","0","","0","Y","","1","0","0","0","0","0","0","1","0","1","","","Y","Y","3","1","N","N","N","Y","N","N","N",""
"2016090796","","2","0","0","0","0","0","0","0","0","2","0","","02","9","2016","1","40.383157","-79.827797","","11","0","0","0","0","0","0","1","0","1","0","0","0","","","1","","1","","40 22:59.366","2","0","79 49:40.068","8","0","0","0","2111","0","0","0","N","0","0","0","3","02111","0","","1.0","","1","N","N","","0","","0","0","0","","0","Y","","2","1","0","0","0","1","0","2","0","2","","","","N","","","","","","","","","",""
"2016110164","","1","0","0","0","0","0","0","0","0","99","0","","02","10","2016","4","40.490241","-80.204976","","11","0","0","0","0","0","0","0","0","1","0","0","0","","","0","","0","","40 29:24.868","3","0","80 12:17.914","0","0","0","0","2213","0","0","0","","0","0","0","1","02213","0","","1.0","","1","N","N","","0","","0","0","0","","0","N","","1","0","0","0","0","0","0","2","0","1","","","","N","","","","","","","","","",""
"2016123752","","1","0","0","0","0","0","0","0","0","7","0","","02","11","2016","5","40.429033","-79.944735","","11","0","0","0","0","0","0","0","0","","0","0","0","","","0","","0","","40 25:44.517","","0","79 56:41.045","9","0","0","0","2301","0","0","0","","0","0","0","1","68B03","0","","5.0","","9","N","N","","0","","0","0","0","","0","","","1","0","0","0","0","0","1","2","0","1","","","","N","","","","","","","","","",""
"2017020208","","1","0","0","0","0","0","0","0","0","2","0","","02","12","2016","3","40.545611","-80.082917","","11","0","0","0","0","0","0","2","0","","0","0","0","","","1","","0","","40 32:44.200","","0","80 04:58.500","4","0","0","0","2215","0","0","0","N","0","0","0","2","02215","1","","1.0","","1","N","N","","0","","0","0","1","","0","","","2","1","0","0","0","0","0","2","0","2","","","","N","","","","","","","","","",""
"2017031631","","0","0","0","0","0","0","0","0","0","7","0","","02","12","2016","7","40.427071","-80.105921","","11","0","0","0","0","0","0","0","0","","0","0","0","","","0","","0","","40 25:37.456","","0","80 06:21.315","0","0","0","0","2115","0","0","0","","0","0","0","1","68B03","0","","2.0","","1","N","N","","1","","0","0","0","","0","","","1","0","0","0","0","0","0","2","0","1","","","","N","","","","","","","","","",""
"2017001946","1834","1","0","0","0","0","0","0","0","0","1","0","","02","12","2016","5","40.497325","-79.924597","1824","11","0","0","0","0","0","0","0","1","2","0","0","0","","","0","","0","","40 29:50.371","1","0","79 55:28.550","0","0","0","0","2112","0","0","0","","0","0","0","2","68D02","0","","1.0","","1","N","N","","1","","0","0","0","","0","N","","2","0","0","0","0","0","0","2","0","2","","","","N","","","","","","","","","",""
"2017000494","1959","2","0","0","0","0","0","0","0","0","1","0","","02","12","2016","3","40.36166","-80.069894","1953","11","0","0","0","0","0","1","1","0","","0","0","0","","","1","","2","","40 21:41.975","","0","80 04:11.617","3","0","0","0","2123","0","0","0","N","0","0","0","3","02123","0","","1.0","","1","N","N","","0","","1","0","0","","0","","","2","1","0","0","0","0","0","2","0","2","","","","N","","","","","","","","","",""
"2017006070","0533","1","0","0","0","0","0","0","0","0","7","0","","02","12","2016","7","40.445064","-80.059314","0533","11","0","0","0","0","0","0","0","0","","0","0","0","","","1","","0","","40 26:42.230","","0","80 03:33.530","3","0","0","0","2439","0","0","0","N","0","0","0","1","02439","0","","5.0","","1","N","N","","0","","1","0","0","","0","","","1","1","0","0","0","0","0","2","0","1","","","","N","","","","","","","","","",""
"2017000986","0715","1","0","0","0","0","0","0","0","0","7","0","","02","12","2016","6","40.450727","-80.16856","0709","11","0","0","0","0","0","0","0","0","1","0","0","0","","","0","","7","","40 27:02.618","4","2","80 10:06.816","0","0","0","0","2115","0","0","0","","0","0","0","1","68B03","0","","4.0","","9","N","N","","0","","0","0","0","","0","N","","1","0","0","0","0","0","0","2","0","1","","","","N","","","","","","","","","",""
"2017001040","1340","1","0","0","0","0","0","0","0","0","1","0","","02","12","2016","6","40.425946","-79.912891","1340","11","0","0","0","0","0","0","0","0","","0","0","0","","","0","","0","","40 25:33.405","","0","79 54:46.408","0","0","0","0","2301","0","0","0","","0","0","0","2","68B03","0","","1.0","","1","N","N","","0","","0","0","0","","0","","","2","0","0","0","0","0","0","2","1","2","","","","N","","","","","","","","","",""
"2017004293","2156","1","0","0","0","0","0","0","0","0","1","0","","02","11","2016","2","40.426629","-79.892387","2136","11","0","0","0","0","0","0","0","0","","0","0","0","","","2","","0","","40 25:35.866","","0","79 53:32.593","8","0","0","0","2301","0","0","0","N","0","0","0","3","68B03","0","","1.0","","1","N","N","","0","","0","0","1","","0","","","2","2","0","0","0","2","1","2","0","2","","","","N","","","","","","","","","",""
"2017011248","1545","2","0","0","0","0","0","0","0","0","1","0","","02","11","2016","1","40.426233","-79.914829","1500","11","0","0","0","0","0","0","0","0","","0","0","0","","","0","","0","","40 25:34.440","","4","79 54:53.383","0","0","0","0","2301","0","0","0","","0","0","0","3","68B03","0","","1.0","","1","N","N","","0","","0","0","0","","0","","","2","0","0","0","0","0","0","2","0","2","","","","N","","","","","","","","","",""
"2017000309","1701","3","0","0","0","0","0","0","0","0","1","0","","02","12","2016","4","40.36157","-79.827424","1657","11","0","0","0","0","0","1","1","0","","0","0","0","","","0","","0","","40 21:41.651","","0","79 49:38.728","0","0","0","0","2111","0","0","0","N","0","0","0","3","02111","0","","1.0","","1","N","N","","0","","0","0","0","","0","","","3","0","0","0","0","0","0","2","0","3","","","","N","","","","","","","","","",""
"2017004792","2053","1","0","0","0","0","0","0","0","0","1","0","","02","12","2016","6","40.452019","-80.172619","2053","11","0","0","0","0","0","0","0","0","1","0","0","0","","","0","","0","","40 27:07.270","3","1","80 10:21.430","0","0","0","0","2214","0","0","0","","0","0","0","2","68B03","0","","1.0","","7","N","N","","1","","0","0","0","","0","N","","2","0","0","0","0","0","0","2","0","2","","","","N","","","","","","","","","",""
"2017005881","2129","2","0","0","0","0","0","0","0","0","1","0","","02","11","2016","3","40.443868","-80.004728","2126","11","0","0","0","0","1","1","0","0","2","0","0","0","","","0","","6","","40 26:37.926","1","8","80 00:17.021","0","0","0","0","2301","0","0","0","","0","0","0","4","68B03","0","","1.0","","1","N","N","","0","","0","0","1","","4","N","","3","0","0","0","0","0","0","2","0","3","","","","N","","","","","","","","","",""
"2017012325","2251","1","0","0","0","0","0","0","0","0","0","0","","02","9","2016","6","40.497067","-79.934289","2227","11","0","0","0","0","0","0","0","0","1","0","0","0","","","0","","0","","40 29:49.442","1","0","79 56:03.440","0","0","0","0","2461","0","0","0","","0","0","0","1","68D02","0","","1.0","","1","N","N","","0","","0","0","0","","0","Y","","1","0","0","0","0","0","0","2","0","1","","","","N","","","","","","","","","",""
"2017009404","1620","2","0","0","0","0","0","0","0","0","1","0","","02","12","2016","4","40.416119","-80.058905","1605","11","0","0","0","0","0","1","0","0","","0","0","0","","","0","","0","","40 24:58.027","","0","80 03:32.057","0","0","0","0","2435","0","0","0","","0","0","0","2","68B03","0","","1.0","","1","N","N","","0","","0","0","0","","0","","","2","0","0","0","0","0","0","2","0","2","","","","N","","","","","","","","","",""
"2017000014","2301","0","0","0","0","0","0","0","0","0","7","0","","02","12","2016","1","40.360702","-79.812299","2255","11","0","0","0","0","0","0","0","0","1","0","0","0","","","0","","3","","40 21:38.527","2","0","79 48:44.276","0","0","0","0","2111","0","0","0","N","0","0","0","1","02111","0","","2.0","","9","N","N","","0","","0","0","1","","0","N","","1","0","0","0","0","0","0","2","0","1","","","","N","","","","","","","","","",""
"2017000439","0356","1","0","0","0","0","0","0","0","0","7","0","","02","12","2016","6","40.328933","-79.988098","0349","11","0","0","0","0","0","0","0","0","","0","0","0","","","0","","2","","40 19:44.158","","0","79 59:17.152","0","0","0","0","2219","0","0","0","N","0","0","0","1","02219","0","","4.0","","7","N","N","","0","","0","0","0","","3","","","1","0","0","0","0","0","0","2","0","1","","","","N","","","","","","","","","",""
"2017000535","0736","1","0","0","0","0","0","0","0","0","4","0","","02","12","2016","6","40.488364","-80.136326","0726","11","0","0","0","0","0","1","0","0","1","0","0","0","","","0","","2","","40 29:18.111","2","0","80 08:10.774","0","0","0","0","2115","0","0","0","","0","0","0","2","02115","0","","1.0","","9","N","N","","1","","0","0","0","","3","N","","2","0","0","0","0","0","0","2","0","2","","","","N","","","","","","","","","",""
"2017001892","1227","1","0","0","0","0","0","0","0","0","1","1","","02","10","2016","1","40.407846","-80.107529","1218","11","0","0","0","0","0","1","1","0","3","0","1","0","","","2","","0","","40 24:28.246","1","0","80 06:27.105","8","0","0","0","2102","0","0","0","","0","0","0","4","68B03","0","","1.0","","1","N","N","","1","","0","0","0","","0","N","","3","2","0","0","0","2","0","2","0","3","","","","N","","","","","","","","","",""
"2017004236","1712","0","0","0","0","0","0","0","0","0","1","0","","02","12","2016","7","40.421605","-80.09659","1704","11","0","0","0","0","0","1","0","0","1","0","0","0","","","0","","0","","40 25:17.777","3","0","80 05:47.725","0","0","0","0","2115","0","0","0","","0","0","0","4","68B03","0","","1.0","","9","N","N","","0","","0","0","2","","0","N","","2","0","0","0","0","0","0","2","0","2","","","","N","","","","","","","","","",""
"2017003814","1735","3","0","0","0","0","0","0","0","0","1","0","","02","12","2016","5","40.425129","-80.119698","1727","11","0","0","0","0","0","0","0","0","2","0","0","0","","","0","","0","","40 25:30.464","4","0","80 07:10.913","0","0","0","0","2102","0","0","0","","0","0","0","3","68B03","0","","1.0","","1","N","N","","0","","0","0","0","","0","N","","3","0","0","0","0","0","0","2","0","3","","","","N","","","","","","","","","",""
"2017000252","1413","1","0","0","0","0","0","0","0","0","1","0","","02","12","2016","2","40.327835","-80.033606","1409","11","0","0","0","0","0","0","0","1","","0","0","0","","","0","","2","","40 19:40.207","","7","80 02:00.981","0","0","0","0","2407","0","0","0","","0","0","0","3","02407","0","","1.0","","9","N","N","","0","","0","0","1","","3","","","2","0","1","0","0","0","0","2","0","2","","","","N","","","","","","","","","",""
"2017003212","2206","1","0","0","0","0","0","0","0","0","6","0","","02","11","2016","4","40.496569","-80.018288","2139","11","0","0","0","0","0","1","0","0","","0","0","0","","","0","","0","","40 29:47.648","","0","80 01:05.837","0","0","0","0","2301","0","0","0","","0","0","0","2","68B03","0","","1.0","","9","N","N","","0","","0","0","1","","0","","","2","0","0","0","0","0","0","2","0","2","","","","N","","","","","","","","","",""
"2017006000","1838","0","0","0","0","0","0","0","0","0","1","0","","02","12","2016","7","40.431042","-80.025816","1830","11","0","0","0","0","0","1","0","0","1","0","0","0","","","1","","0","","40 25:51.751","3","0","80 01:32.937","3","0","0","0","2301","0","0","0","","0","0","0","7","68B03","0","","1.0","","9","N","N","","0","","1","0","3","","0","N","","3","1","0","0","0","0","0","2","0","3","","","","N","","","","","","","","","",""
"2017001618","2154","1","0","0","0","0","0","0","0","0","99","0","","02","10","2016","7","40.548735","-79.993473","2150","11","0","0","0","0","0","0","0","0","","0","0","0","","","1","","0","","40 32:55.446","","99","79 59:36.502","2","0","0","0","2116","0","0","0","N","0","0","0","1","02116","0","","4.0","","1","N","N","","0","","0","1","0","","0","","","1","1","1","0","1","0","0","2","0","1","","","","N","","","","","","","","","",""
"2017001277","2031","0","0","0","0","0","0","0","0","0","7","0","","02","11","2016","3","40.476983","-80.007771","2017","11","0","0","0","0","0","0","0","0","1","0","0","0","","","0","","0","","40 28:37.137","2","0","80 00:27.977","0","0","0","0","2301","0","0","0","","0","0","0","1","68B03","0","","2.0","","1","N","N","","0","","0","0","1","","0","N","","1","0","0","0","0","0","0","2","0","1","","","","N","","","","","","","","","",""
"2017006001","1838","2","0","0","0","0","0","0","0","0","1","0","","02","12","2016","7","40.431042","-80.025816","1829","11","0","0","1","0","0","0","0","0","1","0","0","0","","","1","","0","","40 25:51.751","3","4","80 01:32.937","4","0","0","0","2301","0","0","0","","0","0","0","4","68B03","1","","1.0","","9","N","N","","0","","0","0","1","","0","N","","3","1","0","0","0","0","0","2","0","3","","","","N","","","","","","","","","",""
"2017001039","1245","3","0","0","0","0","0","0","0","0","4","0","","02","12","2016","6","40.428002","-79.890157","1220","11","0","0","0","0","0","1","0","0","","0","0","0","","","0","","0","","40 25:40.806","","0","79 53:24.565","0","0","0","0","2463","0","0","0","","0","0","0","3","68B03","0","","1.0","","1","N","N","","0","","0","0","0","","0","","","3","0","0","0","0","0","0","2","0","3","","","","N","","","","","","","","","",""
"2017006004","1246","0","0","0","0","0","0","0","0","0","7","0","","02","11","2016","2","40.439913","-79.755864","1225","11","0","0","0","0","0","0","0","0","","0","0","0","","","1","","0","","40 26:23.686","","0","79 45:21.109","3","0","0","0","2446","0","0","0","","0","0","0","1","68B03","0","","2.0","","1","N","N","","0","","1","0","1","","0","","","1","1","0","0","0","0","0","2","0","1","","","","N","","","","","","","","","",""
"2017005166","2055","1","0","0","0","0","0","0","0","0","4","0","","02","12","2016","7","40.381283","-79.812414","2050","11","0","0","0","0","0","0","1","0","1","0","0","0","","","0","","1","","40 22:52.617","4","0","79 48:44.690","0","0","0","0","2424","0","0","0","N","0","0","0","2","02424","0","","1.0","","1","N","N","","0","","0","0","1","","2","N","","2","0","0","0","0","0","0","2","0","2","","","","N","","","","","","","","","",""
"2017002762","0900","1","0","0","0","0","0","0","0","0","7","0","","02","12","2016","6","40.444652","-80.163519","0850","11","0","0","0","0","0","0","0","0","1","0","0","0","","","0","","0","","40 26:40.747","4","0","80 09:48.669","0","0","0","0","2115","0","0","0","","0","0","0","1","68B03","0","","4.0","","1","N","N","","0","","0","0","0","","0","N","","1","0","0","0","0","0","0","2","0","1","","","","N","","","","","","","","","",""
"2017001020","1755","1","0","0","0","0","0","0","0","0","1","0","","02","11","2016","7","40.426688","-80.030806","1745","11","0","0","0","0","0","0","0","0","","0","0","0","","","1","","0","","40 25:36.078","","0","80 01:50.900","4","0","0","0","2301","0","0","0","","0","0","0","4","68B03","1","","1.0","","1","N","N","","0","","0","0","1","","0","","","2","1","0","0","0","0","1","2","0","2","","","","N","","","","","","","","","",""